lab_code,lab_name,is_standard_no,product
BNBL,BIS Bengaluru Branch Laboratory,IS 1417 (2016),"Gold and gold alloys, jewellery/ artefacts - Fineness and marking - Specification (Fourth Revision)"
BNBL,BIS Bengaluru Branch Laboratory,IS 15410 (2025),PLASTIC BOTTLES/CONTAINERS FOR PACKAGING OF NATURAL MINERAL WATER AND PACKAGED DRINKING WATER - SPECIFICATION (first revision)
BNBL,BIS Bengaluru Branch Laboratory,IS 2012 (2006),Red phosphorus - Specification (First Revision)
BNBL,BIS Bengaluru Branch Laboratory,IS 9537 : Part 3 (1983),Specification for conduits for electrical installations: Part 3 rigid plain conduits of insulating meterials
BNBL,BIS Bengaluru Branch Laboratory,IS 13487 (2024),Irrigation Equipment — Emitters — Specification
BNBL,BIS Bengaluru Branch Laboratory,IS 5347 : Part 1 (1986),Requirements for orthopaedic implants: Part 1 general requirements (Second Revision)
BNBL,BIS Bengaluru Branch Laboratory,IS 1061 (2017),"Disinfectant fluids, phenolic type - Specification (Fifth Revision)"
BNBL,BIS Bengaluru Branch Laboratory,IS 710 (2024),MARINE PLYWOOD - SPECIFICATION (Third Revision)
BNBL,BIS Bengaluru Branch Laboratory,IS 303 (2024),Plywood for General Purposes — Specification (Fourth Revision)
BNBL,BIS Bengaluru Branch Laboratory,IS 302 : Part 1 (2024),Household and Similar Electrical Appliances — Safety Part 1 General Requirements (Seventh Revision)
BNBL,BIS Bengaluru Branch Laboratory,IS 1660 (2024),Wrought and Cast Aluminium Utensils — Specification ( Second Revision )
BNBL,BIS Bengaluru Branch Laboratory,IS 13422 (2024),Single-use Sterile Rubber Surgical Gloves - Specification (First Revision)
BNBL,BIS Bengaluru Branch Laboratory,IS 260 (2024),"Aluminium Sulphate, Non - Ferric - Specification (Third Revision)"
BNBL,BIS Bengaluru Branch Laboratory,IS 15848 (2025),"ZINC SULPHATE, MONOHYDRATE, AGRICULTURAL GRADE - SPECIFICATION ( First Revision)"
BNBL,BIS Bengaluru Branch Laboratory,IS 330 (2023),CHROMIUM TRIOXIDE - SPECIFICATION Third Revision
BNBL,BIS Bengaluru Branch Laboratory,IS 249 (2022),SODIUM BICHROMATE TECHNICAL SPECIFICATION
BNBL,BIS Bengaluru Branch Laboratory,IS 398 : Part 6 (2021),Aluminium Conductors For Overhead Transmission Purposes Part 6: High conductivity aluminium alloy stranded conductors
BNBL,BIS Bengaluru Branch Laboratory,IS 7224 (2006),"Iodized salt, vacuum evaporated iodized salt and refined iodized salt - Specification (Second Revision)"
BNBL,BIS Bengaluru Branch Laboratory,IS 14756 (2024),Stainless Steel Utensils - Specification (THIRD REVISION)
BNBL,BIS Bengaluru Branch Laboratory,IS 17787 (2021),Medical Textiles Nonwoven Wipes Specification
BNBL,BIS Bengaluru Branch Laboratory,IS 14543 (2024),Packaged Drinking Water Other than Packaged Natural Mineral Water Specification Third Revision
BNBL,BIS Bengaluru Branch Laboratory,IS 17569 (2021),Insulated Containers for Food Storage — Specification
BNBL,BIS Bengaluru Branch Laboratory,IS 17526 (2021),STAINLESS STEEL VACUUM FLASKS - SPECIFICATION
BNBL,BIS Bengaluru Branch Laboratory,IS 14756 (2022),Draft Indian Standard STAINLESS STEEL COOKWARE SPECIFICATION Second Revision of IS 14756
BNBL,BIS Bengaluru Branch Laboratory,IS 17790 (2022),INSULATED FLASK FOR DOMESTIC USE SPECIFICATION
BNBL,BIS Bengaluru Branch Laboratory,IS 12786 (2024),Irrigation equipment - Polyethylene pipes for irrigation laterals - Specification (first revision)
BNBL,BIS Bengaluru Branch Laboratory,IS 3319 (1995),"Blades, surgical, detachable (Bard Parker Type) and handles - Specification (Fourth Revision)"
BNBL,BIS Bengaluru Branch Laboratory,IS 302 : Part 2 : Sec 15 (2009),Safety of household and similar electrical appliances: Part 2 particular requirements: Sec 15 appliances for heating liquids (First Revision)
BNBL,BIS Bengaluru Branch Laboratory,IS 261 (2023),COPPER SULPHATE SPECIFICATION
BNBL,BIS Bengaluru Branch Laboratory,IS 1165 (2022),WHOLE MILK POWDER - SPECIFICATION (Sixth Revision of IS 1165)
BNBL,BIS Bengaluru Branch Laboratory,IS 2347 (2023),DOMESTIC PRESSURE COOKER - SPECIFICATION
BNBL,BIS Bengaluru Branch Laboratory,IS 333 (2023),POTASSIUM PERMANGANATE SPECIFICATION
BNBL,BIS Bengaluru Branch Laboratory,IS 14781 (2000),Sodium thiosulphate - Specification
BNBL,BIS Bengaluru Branch Laboratory,IS 4408 (1979),"Specification for sodium chloride, analytical reagent (First Revision)"
BNBL,BIS Bengaluru Branch Laboratory,IS 2052 (2023),Compounded feeds for cattle - Specification
BNBL,BIS Bengaluru Branch Laboratory,IS 1659 (2004),Block boards - Specification (Fourth Revision)
BNBL,BIS Bengaluru Branch Laboratory,IS 13488 (2008),Irrigation equipment - Emitting pipe systems - Specification (First Revision)
BNBL,BIS Bengaluru Branch Laboratory,IS 6614 (2021),SPECIFICATION FOR ALUMINIUM CHLORIDE ANHYDROUS TECHNICAL First revision of IS 6614
BNBL,BIS Bengaluru Branch Laboratory,IS 248 (2023),SODIUM BISULPHITE TECHNICAL SODIUM METABISULPHITE SPECIFICATION
BNBL,BIS Bengaluru Branch Laboratory,IS 10523 (2014),Baby toilet soap - Specification (First Revision)
BNBL,BIS Bengaluru Branch Laboratory,IS 15500 : Part 1 to 8 (2021),Deepwell Handpumps Components and Special Tools Specification
BNBL,BIS Bengaluru Branch Laboratory,IS 15500 : PART 2 (2021),"Deepwell Handpumps, Components and Secial Tools — Specification Part 2 Handpumps"
BNBL,BIS Bengaluru Branch Laboratory,IS 8249 (2019),"Zinc sulphate heptahydrate, agricultural grade - Specification (First Revision)"
BNBL,BIS Bengaluru Branch Laboratory,IS 711 (1970),"Specification for ferric choride, technical (First Revision)"
BNBL,BIS Bengaluru Branch Laboratory,IS 2802 (1964),Specification for ice-cream
BNBL,BIS Bengaluru Branch Laboratory,IS 694 (2010),Polyvinyl chloride insulated unsheathed and sheathed cables/cords with rigid and flexible conductor for rated voltages up to and including 450/750 v (Fourth Revision)
BNBL,BIS Bengaluru Branch Laboratory,IS 2785 (1979),"Specification for natural cheese (Hard Variety), processed cheese, processed cheese spread and soft cheese (First Revision)"
BNBL,BIS Bengaluru Branch Laboratory,IS 16232 (2014),Iron fortified iodized salt (Double Fortified Salt) - Food grade - Specification
BNBL,BIS Bengaluru Branch Laboratory,IS 16333 : Part 3 (2022),Mobile phone handsets: Part 3 Indian language support for mobile phone handsets - Specific requirements(Second Revision)
BNBL,BIS Bengaluru Branch Laboratory,IS 10086 (2021),Specificaton for moulds for use in tests of cement and concrete First Revision
BNBL,BIS Bengaluru Branch Laboratory,IS 15500 : PART 6 (2021),"Deepwell Handpumps, Components and Secial Tools — Specification Part 6 Handpumps"
BNBL,BIS Bengaluru Branch Laboratory,IS 15500 : PART 5 (2021),"Deepwell Handpumps, Components and Secial Tools — Specification Part 5 Handpumps"
BNBL,BIS Bengaluru Branch Laboratory,IS 9873 : Part 3 (2020),Safety of Toys Part 3 Migration of Certain Elements ( Third Revision )
BNBL,BIS Bengaluru Branch Laboratory,IS 9585 (2021),Lactometers - Specification
BNBL,BIS Bengaluru Branch Laboratory,IS 15644 (2006),Safety of electric toys
BNBL,BIS Bengaluru Branch Laboratory,IS 2888 (2004),Toilet soap - Specification (Third Revision)
BNBL,BIS Bengaluru Branch Laboratory,IS 261 (1982),Specification for copper sulphate (Second Revision)
BNBL,BIS Bengaluru Branch Laboratory,IS 15500 : Part 1 to 8 (2004),"Deepwell handpumps, components and special tools - Specification"
BNBL,BIS Bengaluru Branch Laboratory,IS 915 (2012),Laboratory glassware - One - Mark volumetric flasks (Third Revision)
BNBL,BIS Bengaluru Branch Laboratory,IS 3802 (2019),Roasted coffee - Chicory powder - Specification (Second Revision)
BNBL,BIS Bengaluru Branch Laboratory,IS 10116 (2015),Boric acid - Specification (First Revision)
BNBL,BIS Bengaluru Branch Laboratory,IS 252 (2013),Caustic soda - Specification (Fourth Revision)
BNBL,BIS Bengaluru Branch Laboratory,IS 1065 : Part 1 (2019),Stable bleaching powder - Specification: Part 1 household and industrial use (Third Revision)
BNBL,BIS Bengaluru Branch Laboratory,IS 15410 (2003),Containers for packaging of natural mineral water and packaged drinking water - Specification
BNBL,BIS Bengaluru Branch Laboratory,IS 16415 (2015),Composite cement - Specification
BNBL,BIS Bengaluru Branch Laboratory,IS 3104 : Part 1 (1982),Specification for density hydrometers: Part 1 requirements (First Revision)
BNBL,BIS Bengaluru Branch Laboratory,IS 3309 (2022),SOLUBLE COFFEE-CHICORY POWDER - SPECIFICATION (THIRD REVISION OF IS 3309)
BNBL,BIS Bengaluru Branch Laboratory,IS 2791 (1992),Soluble coffee powder - Specification (Third Revision)
BNBL,BIS Bengaluru Branch Laboratory,IS 612 (1992),Roasted chicory powder - Specification (Third Revision)
BNBL,BIS Bengaluru Branch Laboratory,IS 4964 (2013),"Textiles – Vests, cotton, plain (Single jersey) knitted – Specification (fifth revision)"
BNBL,BIS Bengaluru Branch Laboratory,IS 10322 : Part 5 : Sec 8 (2013),Luminaires: Part 5 particular requirements: Sec 8 emergency lighting
BNBL,BIS Bengaluru Branch Laboratory,IS 10322 : Part 5 : Sec 7 (2017),Luminaires: Part 5 particular requirements: Sec 7 lighting chains (First Revision)
BNBL,BIS Bengaluru Branch Laboratory,IS 10322 : Part 5 : Sec 6 (2013),Luminaires: Part 5 particular requirements: Sec 6 handlamps
BNBL,BIS Bengaluru Branch Laboratory,IS 10322 : Part 5 : Sec 5 (2013),Luminaires: Part 5 particular requirements: Sec 5 floodlights (First Revision)
BNBL,BIS Bengaluru Branch Laboratory,IS 10322 : PART 5 : SEC 3 (2012),Luminaires: Part 5 particular requirements: Sec 3 luminaires for road and street lighting (First Revision)
BNBL,BIS Bengaluru Branch Laboratory,IS 10322 : Part 5 : Sec 2 (2012),Luminaires: Part 5 particular requirements: Sec 2 recessed luminaires (First Revision)
BNBL,BIS Bengaluru Branch Laboratory,IS 10322 : Part 5 : Sec 1 (2012),Luminaires: Part 5 particular requirements: Sec 1 fixed general purpose luminaires (First Revision)
BNBL,BIS Bengaluru Branch Laboratory,IS 15885 : Part 2 : Sec 13 (2012),Safety of lamp controlgear: Part 2 particular requirements: Sec 13 d.c. or a.c. supplied electronic controlgear for led modules
BNBL,BIS Bengaluru Branch Laboratory,IS 16102 : Part 1 (2012),Self - Ballasted led lamps for general lighting services: Part 1 safety requirements
BNBL,BIS Bengaluru Branch Laboratory,IS 9825 (2003),Chlorine tablets - Specification (Second Revision)
BNBL,BIS Bengaluru Branch Laboratory,IS 5346 (1994),Synthetic food colour - Preparations and mixtures - Specification (Second Revision)
BNBL,BIS Bengaluru Branch Laboratory,IS 15111 : Part 2 (2002),Self ballasted lamps for general lighting services: Part 2 performance requirements
BNBL,BIS Bengaluru Branch Laboratory,IS 15111 : PART 1 AND PART 2 (2002),Self ballasted lamps for general lighting services: Part 1 safety requirements
BNBL,BIS Bengaluru Branch Laboratory,IS 11673 : Part 2 (2019),Sodium hypochlorite solution - Specification: Part 2 water treatment use (Second Revision)
BNBL,BIS Bengaluru Branch Laboratory,IS 398 : Part 4 (1994),Aluminium conductors for overhead transmission purposes: Part 4 aluminium alloy stranded conductors (Aluminium - Magnesium - Silicon Type) - Specification (Third Revision)
BNBL,BIS Bengaluru Branch Laboratory,IS 11673 : Part 1 (2019),Sodium hypochlorite solution - Specification: Part 1 household and industrial use (Second Revision)
BNBL,BIS Bengaluru Branch Laboratory,IS 398 : Part 2 (2025),Aluminium Conductor for Overhead Transmission Purposes - Specification Part 2 Aluminium Conductors Galvanized Steel Reinforced (Fourth Revision)
BNBL,BIS Bengaluru Branch Laboratory,IS 13334 : Part 2 (2014),Skimmed milk powder - Specification: Part 2 extra grade (First Revision)
BNBL,BIS Bengaluru Branch Laboratory,IS 3466 (1988),Specification For Masonry Cement
BNBL,BIS Bengaluru Branch Laboratory,IS 13428 (2005),Packaged natural mineral water specification (Second Revision)
BNBL,BIS Bengaluru Branch Laboratory,IS 5514 (1996),Specification Apparatus Used in `Le-chatelier' Test
BNBL,BIS Bengaluru Branch Laboratory,IS 5312 : Part 1 (2004),Swing Check Type Reflux (Non-Return] Valves for Water Works Purposes - Part 1 : Single-Door Pattern
BNBL,BIS Bengaluru Branch Laboratory,IS 459 (1992),Corrugated and semi - Corrugated asbestos cement sheets - Specification (Third Revision)
BNBL,BIS Bengaluru Branch Laboratory,IS 3575 (1993),Bitumen drums - Specification (Third Revision)
BNBL,BIS Bengaluru Branch Laboratory,IS 205 (1992),Non - Ferrous metal butt specification (Fourth Revision)
BNBL,BIS Bengaluru Branch Laboratory,IS 204 : Part 2 (1992),Tower bolts - Specification: Part 2 non - Ferrous metals (Fifth Revision)
BNBL,BIS Bengaluru Branch Laboratory,IS 204 : Part 1 (1991),Tower bolts - Specification: Part 1 ferrous metals (Fifth Revision)
BNBL,BIS Bengaluru Branch Laboratory,IS 1783 : Part 2 (2014),"Drums large, fixed ends - Specification: Part 2 grade B drums (Fourth Revision)"
BNBL,BIS Bengaluru Branch Laboratory,IS 1783 : Part 1 (2014),"Drums large, fixed ends - Specification: Part 1 grade A drums (Fourth Revision)"
BNBL,BIS Bengaluru Branch Laboratory,IS 14846 (2000),Sluice valve for water works purposes (50 To 1200 mm size) - specification
BNBL,BIS Bengaluru Branch Laboratory,IS 13334 : Part 1 (2014),Skimmed milk powder - Specification: Part 1 standard grade (Second Revision)
BNBL,BIS Bengaluru Branch Laboratory,IS 1341 (2018),Steel Butt Hinges - Specification (Sixth Revision)
BNBL,BIS Bengaluru Branch Laboratory,IS 10325 (2000),"Square tins - 15 kg/litre for ghee, vanaspati, edible oils and bakery shortenings - Specification (Second Revision)"
BNBL,BIS Bengaluru Branch Laboratory,IS 12330 (1988),Specificatioon for sulphate resisting Portland cement
BNBL,BIS Bengaluru Branch Laboratory,IS 398 : Part 1 (1996),Aluminium conductors for overhead transmission purposes - Specification: Part 1 aluminium stranded conductors (Third Revision)
BNBL,BIS Bengaluru Branch Laboratory,IS 1507 (1977),Specification for copper oxychloride water dispersible powder concentrates
BNBL,BIS Bengaluru Branch Laboratory,IS 1011 (2002),Biscuits - Specification (Fourth Revision)
BNBL,BIS Bengaluru Branch Laboratory,IS 12701 (1996),Rotational moulded polyethylene water storage tanks - specification (First Revision)
BNBL,BIS Bengaluru Branch Laboratory,IS 455 (2015),Portland slag cement - Specification
BNBL,BIS Bengaluru Branch Laboratory,IS 1489 (Part 1) (2015),Portland pozzolana cement - Specification: Part 1 fly Ash Based
BNBL,BIS Bengaluru Branch Laboratory,IS 269 (2015),Ordinary portland cement - Specification (Sixth Revision)
CL,BIS Central Laboratory,IS 1417 (2016),"Gold and gold alloys, jewellery/ artefacts - Fineness and marking - Specification (Fourth Revision)"
CL,BIS Central Laboratory,IS 14927 : Part 2 : Sec 1 (2023),Cable trunking systems and cable ducting Systems for electrical installations Part 2-1: particular requirements cable trunking systems and cable Ducting systems intended for mounting on walls and ceilings first revision
CL,BIS Central Laboratory,IS 17150 (2025),MINI DOMESTIC WATER HEATER FOR USE WITH PIPED NATURAL GAS PNG - SPECIFICATION ( First Revision )
CL,BIS Central Laboratory,IS 1363 : Part 1 (2023),"Hexagon head bolts, screws and nuts of product grade C Part 1 Hexagon head bolts (Size range M5 to M64) (sixth revision)"
CL,BIS Central Laboratory,IS 6603 (2024),"Stainless Steel Semi-Finished Products, Bars, Wire Rods and Bright Bars — Specification (Second Revision)"
CL,BIS Central Laboratory,IS 1061 (2025),"Disinfectant Fluids, Phenolic Type - Specification ( Sixth Revision )"
CL,BIS Central Laboratory,IS 8086 (2024),"Rehabilitation Equipment — Wheelchairs, Folding, Junior Size — Specification (Second Revision)"
CL,BIS Central Laboratory,IS 7466 (2023),Rubber Gasket for Pressure Cooker - Specification ( Second Revision )
CL,BIS Central Laboratory,IS 5382 (2025),RUBBER SEALS JOINT RINGS FOR WATER SUPPLY DRAINAGE AND SEWERAGE PIPELINES SPECIFICATION FOR MATERIALS ( Third Revision )
CL,BIS Central Laboratory,IS 9550 (2024),Bright Steel Bars — Specification (Second Revision)
CL,BIS Central Laboratory,IS 8088 (2025),Tricycle Hand Propelled - Specification (Second revision)
CL,BIS Central Laboratory,IS 302 : Part 2 : Sec 35 (2017),Safety of household and similar electrical appliances: Part 2 particular requirements: Sec 35 electric instantaneous water heaters (Second Revision)
CL,BIS Central Laboratory,IS 302 : Part 2 : Sec 21 (2018),Safety of household and similar electrical appliances: Part 2 particular requirements: Sec 21 stationary storage type electric water heaters (Second Revision)
CL,BIS Central Laboratory,IS 16444 : Part 2 (2017),"AC static transformer operated watthour and var - Hour smart meters, class 0.2 S, 0.5 S and 1.0 S: Part 2 specification transformer operated smart meters"
CL,BIS Central Laboratory,IS 302 : Part 2 : Sec 9 (2009),"Safety of household and similar electrical appliances: Part 2 particular requirements: Sec 9 toasters, grills, roasters and similar appliances (First Revision)"
CL,BIS Central Laboratory,IS 9873 : Part 1 (2025),SAFETY OF TOYS PART 1: SAFETY ASPECTS RELATED TO MECHANICAL AND PHYSICAL PROPERTIES (Fifth Revision)
CL,BIS Central Laboratory,IS 302 : Part 1 (2024),Household and Similar Electrical Appliances — Safety Part 1 General Requirements (Seventh Revision)
CL,BIS Central Laboratory,IS 7142 (2025),Welded Low Carbon Steel Cylinders for Low Pressure Liquefiable Gases not exceeding 5 Litre Water Capacity - Specification ( Second Revision )
CL,BIS Central Laboratory,IS 797 (2023),COMMON SALT FOR CHEMICAL INDUSTRIES SPECIFICATION
CL,BIS Central Laboratory,IS 7454 (2024),"Rehabilitation Equipment — Wheelchairs, Folding, Adult Size — Specification (Second Revision)"
CL,BIS Central Laboratory,IS 16014 (2024),MECHANICALLY WOVEN DOUBLE-TWISTED HEXAGONAL WIRE MESH GABIONS REVET MATTRESSES ROCK FALL NETTING AND OTHER PRODUCTS FOR CIVIL ENGINEERING PURPOSES GALVANIZED STEEL WIRE OR GALVANIZED STEEL WIRE WITH POLYMER COATING SPECIFICATION ( Second Revision )
CL,BIS Central Laboratory,IS 2556 : Part 3 (2024),Vitreous China Sanitary Appliances - Specification Part 3 Specific Requirements of Squatting Pans (sixth revision)
CL,BIS Central Laboratory,IS 11169 : Part 1 (2022),Specification for steels for cold heading cold extrusion applications: Part 1 wrought carbon and low alloy steels
CL,BIS Central Laboratory,IS 14490 (2024),Plain Copier Paper — Specification (Second Revision)
CL,BIS Central Laboratory,IS 4990 (2024),PLYWOOD FOR CONCRETE SHUTTERING WORKS SPECIFICATION (Fourth Revision)
CL,BIS Central Laboratory,IS 9360 (2024),"Carbofuran granules, encapsulated - Specification (first revision)"
CL,BIS Central Laboratory,IS 14756 (2024),Stainless Steel Utensils - Specification (THIRD REVISION)
CL,BIS Central Laboratory,IS 12786 (2024),Irrigation equipment - Polyethylene pipes for irrigation laterals - Specification (first revision)
CL,BIS Central Laboratory,IS 164 (2023),Ready mixed paint for road marking-Specification
CL,BIS Central Laboratory,IS 9295 (2024),STEEL TUBES FOR IDLERS FOR BELT CONVEYORS - SPECIFICATION (second revision)
CL,BIS Central Laboratory,IS 6406 (2024),"Brilliant blue FCF, food grade - Specification (Third Revision)"
CL,BIS Central Laboratory,IS 15298 : part 4 (2024),"Personal Protective Equipment Part 4 Occupational Footwear (ISO 20347 : 2021, MOD) (Third Revision)"
CL,BIS Central Laboratory,IS 15298 : Part 3 (2024),"Personal Protective Equipment Part 3 Protective Footwear (ISO 20346 : 2021, MOD) (Third Revision)"
CL,BIS Central Laboratory,IS 15844 : Part 3 (2024),Sports Footwear Part 3 Professional Sports Footwear
CL,BIS Central Laboratory,IS 14544 (2022),LEATHER SAFETY AND PROTECTIVE FOOTWEAR WITH DIRECT MOULDED POLYVINYL CHLORIDE PVC SOLE - SPECIFICATION First Revision
CL,BIS Central Laboratory,IS 4246 (2025),DOMESTIC GAS STOVE AND BUILT IN HOB FOR USE WITH LPG SPECIFICATION (Sixth Revision )
CL,BIS Central Laboratory,IS 14166 (2024),Respiratory protective devices full - Face masks - Specification (First Revision)
CL,BIS Central Laboratory,IS 11569 (2023),Specification for Cervical Collar (First Revision)
CL,BIS Central Laboratory,IS 8749 (2024),Biogas Stove — Specification (Third Revision)
CL,BIS Central Laboratory,IS 3623 (2024),GUIDE AND RUBBING ROPES — SPECIFICATION (Second Revision )
CL,BIS Central Laboratory,IS 3745 (2024),Yoke Type Medical Cylinder Valve with Pin Index Connection ( Third Revision )
CL,BIS Central Laboratory,IS 9471 : Part 7 (2024),"Modular Lower Limb Orthotic Components — Specification Part 7 Orthotic Joint Bars, Ankle and Knee (Upper and Lower) (First Revision)"
CL,BIS Central Laboratory,IS 9471 : Part 6 (2024),"Modular Lower Limb Orthotic Components — Specification Part 6 Orthotic Hip Joint (Joint Unit, Hip Drop Lock) (First Revision)"
CL,BIS Central Laboratory,IS 9471 : Part 4 (2024),"Modular Lower Limb Orthotic Components — Specification Part 4 Joint Unit, Ankle (First Revision)"
CL,BIS Central Laboratory,IS 9471 : Part 3 (2024),Modular Lower Limb Orthotic Components — Specification Part 3 Stirrup Plates (First Revision)
CL,BIS Central Laboratory,IS 64 (2023),Barium sulphate pigments for paints - Specification (Second Revision)
CL,BIS Central Laboratory,IS 4581 (2021),PHOSPHORUS TRICHLORIDE PURE AND ANALYTICAL REAGENT-SPECIFICATION Second Revision IS 4581
CL,BIS Central Laboratory,IS 6046 (2023),Gypsum for agricultural use - Specification (second revision)
CL,BIS Central Laboratory,IS 2923 (2024),"Carmoisine, food grade - Specification (Third Revision)"
CL,BIS Central Laboratory,IS 5405 (2025),Disposable Sanitary Napkin/Panty Liner/Maternity Pad/Period Panty - Specification ( Third Revision )
CL,BIS Central Laboratory,IS 15354 : Part 1 (2023),Single-use medical examination gloves Part 1 Specification for gloves made from rubber latex or rubber solution Second Revision
CL,BIS Central Laboratory,IS 5290 (2025),Landing Valves - Specification (Fourth Revision)
CL,BIS Central Laboratory,IS 903 (2025),"Fire Hose Delivery Couplings, Branch Pipe, Nozzles and Nozzle Spanner - Specification (Fifth Revision)"
CL,BIS Central Laboratory,IS 12492 (2025),Thermoplastics Hoses (Textile Reinforced) for Compressed Air — Specification (Second Revision)
CL,BIS Central Laboratory,IS 573 (2023),TRISODIUM PHOSPHATE SPECIFICATION
CL,BIS Central Laboratory,IS 1285 (2023),WROUGHT ALUMINIUM AND ALUMINIUM ALLOYS EXTRUDED ROUND TUBE AND HOLLOW SECTIONS FOR GENERAL ENGINEERINGPURPOSES SPECIFICATION
CL,BIS Central Laboratory,IS 8877 (2023),Acetoacetic methyl ester - Specification (Third Revision)
CL,BIS Central Laboratory,IS 12640 : Part 1 (2024),Residual current operated circuitBreakers without integral overcurrent protection for household and similar uses Rccbs: Part 1 general rules (Third Revision)
CL,BIS Central Laboratory,IS 2692 (1989),Ferrules for water services ? specification
CL,BIS Central Laboratory,IS 3521 : Part 4 (2021),Personal Fall Arrest Systems Specification Part 4 Vertical rails and vertical lifelines incorporating a sliding-type fall arrester
CL,BIS Central Laboratory,IS 17569 (2021),Insulated Containers for Food Storage — Specification
CL,BIS Central Laboratory,IS 4250 (2025),Electric Food-Mixers (Liquidizers and Grinders) and Centrifugal Juicers - Specification ( Second Revision )
CL,BIS Central Laboratory,IS 14569 (1999),Commutators for electrical machines - Specification
CL,BIS Central Laboratory,IS 2041 (2024),Steel Plates and Strips for Pressure Vessels Used at Moderate and Low Temperature — Specification (Fourth Revision)
CL,BIS Central Laboratory,IS 17153 (2019),Domestic gas stoves for use with piped natural gas (PNG) - Specification
CL,BIS Central Laboratory,IS 11805 (2007),Polyethylene pouches for packaging liquid milk - Specification - (Second Revision)
CL,BIS Central Laboratory,IS 14787 (2000),Unplasticized pvc pipes (Ducts) and fittings for underground telecommunications cable installation - Specification
CL,BIS Central Laboratory,IS 12232 : Part 2 (1995),Irrigation equipment - Rotating sprinkler: Part 2 test method for uniformity of distribution (First Revision)
CL,BIS Central Laboratory,IS 12232 : Part 1 (1996),Irrigation equipment - Rotating sprinkler: Part 1 design and operational requirements (First Revision)
CL,BIS Central Laboratory,IS 12785 (1994),Irrigation equipment - Strainer - Type filters - Specification (first revision)
CL,BIS Central Laboratory,IS 13487 (2024),Irrigation Equipment — Emitters — Specification
CL,BIS Central Laboratory,IS 10124 : Part 13 (2009),Fabricated PVC-U Fittings for Potable Water Supplies - Specification Part 13 Specific Requirements for 11¼oBends PART 12 SPECIFIC REQUIREMENTS FOR 22 ½o BENDS
CL,BIS Central Laboratory,IS 10124 : Part 12 (2009),Fabricated pvc - U fittings for potable water supplies - Specification: Part 12 specific requirements for 22½ degree bends (Second Revision)
CL,BIS Central Laboratory,IS 10124 : Part 11 (2009),Fabricated pvc - U fittings for potable water supplies - Specification: Part 11 specific requirements for 40 degree bends (Second Revision)
CL,BIS Central Laboratory,IS 10124 : Part 10 (2009),Fabricated pvc - U fittings for potable water supplies - Specification: Part 10 specific requirements for 45 degree bends (Second Revision)
CL,BIS Central Laboratory,IS 10124 : Part 9 (2009),Fabricated pvc - U fittings for potable water supplies - Specification: Part 9 specific requirements for 60 degree bends (Second Revision)
CL,BIS Central Laboratory,IS 10124 : Part 8 (2009),Fabricated pvc - U fittings for potable water supplies - Specification: Part 8 specific requirements for 90 degree bends (Second Revision)
CL,BIS Central Laboratory,IS 10124 : Part 7 (2009),Fabricated pvc - U fittings for potable water supplies - Specification: Part 7 specific requirements for threaded adaptors (Second Revision)
CL,BIS Central Laboratory,IS 10124 : Part 6 (2009),Fabricated pvc - U fittings for potable water supplies - Specification: Part 6 specific requirements for flanged tail pieces with metallic flanges (Second Revision)
CL,BIS Central Laboratory,IS 10124 : Part 5 (2009),Fabricated pvc - U fittings for potable water supplies - Specification: Part 5 specific requirements for equal tees (Second Revision)
CL,BIS Central Laboratory,IS 10124 : Part 4 (2009),Fabricated pvc - U fittings for potable water supplies - Specification: Part 4 specific requirements for caps (Second Revision)
CL,BIS Central Laboratory,IS 10124 : Part 3 (2009),Fabricated PVC-U Fittings for Potable Water Supplies - Specification Part 3 Specific Requirements for Straight Reducers
CL,BIS Central Laboratory,IS 7834 : Part 8 (1987),injection moulded PVC socket fittings with solvent cement joints for water supplies: Part 8 Specific requirements for caps
CL,BIS Central Laboratory,IS 7834 : Part 7 (1987),injection moulded PVC socket fittings with solvent cement joints for water supplies: Part 7 Specific requirements for unions
CL,BIS Central Laboratory,IS 7834 : Part 6 (1987),injection moulded PVC socket fittings with solvent cement joints for water supplies: Part 6 Specific requirements for sockets
CL,BIS Central Laboratory,IS 7834 : Part 5 (1987),Injection Moulded PVC Socket Fittings With Solvent Cement Joints for Water Supplies - Part 5 : Specific Requirements for 45 degree Tees
CL,BIS Central Laboratory,IS 7834 : Part 4 (1987),injection moulded PVC socket fittings with solvent cement joints for water supplies: Part 4 Specific requirements for 90 degree tees
CL,BIS Central Laboratory,IS 7834 : Part 2 (1987),injection moulded PVC socket fittings with solvent cement joints for water supplies: Part 2 Specific requirements for 45 degrees elbows
CL,BIS Central Laboratory,IS 10508 (2020),"Phosphoric Acid, Food Grade - Specification ( Second Revision )"
CL,BIS Central Laboratory,IS 16098 Part 2 (2013),"Structured-Wall Plastics Piping Systems for Non-Pressure Drainage and Sewerage Part 2 Pipes and Fittings with Non-Smooth External Surface, Type B"
CL,BIS Central Laboratory,IS 16098 Part 1 (2013),"Structured-Wall Plastics Piping Systems for Non-Pressure Drainage and Sewerage Part 1 Pipes and Fittings With Smooth External Surface, Type A"
CL,BIS Central Laboratory,IS 14885 (2022),Polyethylene Pipes for the Supply of Gaseous Fuels - Specification (First Revision)
CL,BIS Central Laboratory,IS 17546 (2021),Chlorinated polyvinyl chloride CPVC fittings for potable hot and cold water distribution supplies Specification
CL,BIS Central Laboratory,IS 13488 (2008),Irrigation equipment - Emitting pipe systems - Specification (First Revision)
CL,BIS Central Laboratory,IS 711 (2023),FERRIC CHLORIDE TECHNICAL SPECIFICATION
CL,BIS Central Laboratory,IS 21 (2025),Wrought Aluminium and Aluminium Alloys for Manufacture of Utensils - Specification (Fifth Revision)
CL,BIS Central Laboratory,IS 4351 (2024),Steel Frames for Doors - Specification (Third Revision)
CL,BIS Central Laboratory,IS 266 (2024),Sulphuric Acid —Specification (Fourth Revision)
CL,BIS Central Laboratory,IS 2558 (2024),"Ponceau 4R, food grade - Specification (Third Revision)"
CL,BIS Central Laboratory,IS 2124 (2023),SODIUM BICARBONATE SPECIFICATION
CL,BIS Central Laboratory,IS 1855 (2024),STRANDED STEEL WIRE ROPES FOR WINDING AND MAN-RIDING HAULAGES IN MINES - SPECIFICATION ( Fourth Revision)
CL,BIS Central Laboratory,IS 1698 (2024),"Indigo carmine, food grade - Specification (Third Revision)"
CL,BIS Central Laboratory,IS 1697 (2024),"Erythrosine, food grade - Specification (Third Revision)"
CL,BIS Central Laboratory,IS 1695 (2024),"Sunset yellow FCF, food grade - Specification (Fourth Revision)"
CL,BIS Central Laboratory,IS 1694 (2024),"Tartrazine, food grade - Specification (Third Revision)"
CL,BIS Central Laboratory,IS 15219 (2024),Aluminium phosphide powder formulation - Specification (first revision)
CL,BIS Central Laboratory,IS 12300 (2024),Gas Cylinder Valves for Small Refrigerant Cylinders -Specification (First Revision)
CL,BIS Central Laboratory,IS 249 (2022),SODIUM BICHROMATE TECHNICAL SPECIFICATION
CL,BIS Central Laboratory,IS 15489 (2024),"Paint, Plastic Emulsion —Specification"
CL,BIS Central Laboratory,IS 17803 (2022),"POTABLE WATER BOTTLES (COPPER, STAINLESS STEEL, ALUMINIUM) — SPECIFICATION"
CL,BIS Central Laboratory,IS 2556 : Part 2 (2024),Vitreous China Sanitary Appliances —Specification Part 2 Specific Requirements of Washdown Water Closets (Sixth Revision)
CL,BIS Central Laboratory,IS 251 (2024),"SODA ASH, TECHNICAL — SPECIFICATION (fifth revision)"
CL,BIS Central Laboratory,IS 2365 (2024),STEEL WIRE ROPES FOR LIFTS - MINIMUM REQUIREMENTS (Third revision)
CL,BIS Central Laboratory,IS 15558 (2024),INSTANTANEOUS DOMESTIC WATER HEATER FOR USE WITH LPG SPECIFICATION First Revision of IS 15558
CL,BIS Central Laboratory,IS 879 (2024),Sodium Nitrite — Specification (Second Revision)
CL,BIS Central Laboratory,IS 11782 (2024),"Sodium Cyanide, Technical - Specification (First Revision)"
CL,BIS Central Laboratory,IS 4320 (2024),Thiram technical - Specification Second Revision
CL,BIS Central Laboratory,IS 1538 (1993),"Cast iron fittings for pressure pipes for water, gas and sewage - Specification (Third Revision)"
CL,BIS Central Laboratory,IS 2508 (2024),Polyethylene Films and Sheets — Specification (Fourth Revision)
CL,BIS Central Laboratory,IS 10116 (2015),Boric acid - Specification (First Revision)
CL,BIS Central Laboratory,IS 2002 (2024),Steel Plate for Pressure Vessel for Intermediate and High Temperature Service Including Boilers — Specification (Fourth Revision)
CL,BIS Central Laboratory,IS 14186 (2024),Diflubenzuron wettable powder WP - Specification First Revision
CL,BIS Central Laboratory,IS 16440 (2016),Stainless steel milk cans - Specification
CL,BIS Central Laboratory,IS 11010 (2024),Ziram suspension concentrate (SC)- Specification (first revision)
CL,BIS Central Laboratory,IS 14929 (2022),Mixed polyolefin fibre ropes (first revision)
CL,BIS Central Laboratory,IS 17154 (2024),Battery Operated Motorized Tricycle — Specification
CL,BIS Central Laboratory,IS 1475 (2024),Drinking Water Coolers - Specification (Fourth Revision)
CL,BIS Central Laboratory,IS 398 : Part 6 (2021),Aluminium Conductors For Overhead Transmission Purposes Part 6: High conductivity aluminium alloy stranded conductors
CL,BIS Central Laboratory,IS 710 (2024),MARINE PLYWOOD - SPECIFICATION (Third Revision)
CL,BIS Central Laboratory,IS 4783 (2024),Thiram powder for dry seed treatment - Specification (second revision)
CL,BIS Central Laboratory,IS 17043 : Part 2 (2024),Shoes: Shoes for General Purpose
CL,BIS Central Laboratory,IS 17043 : Part 1 (2024),Shoes - Specification Part 1 Shoes for Services
CL,BIS Central Laboratory,IS 13098 (2024),AUTOMOTIVE VEHICLES TUBES FOR PNEUMATIC TYRES — SPECIFICATION (second revision)
CL,BIS Central Laboratory,IS 5143 (2024),Adjustable Axillary Crutches — Specification (Third Revision)
CL,BIS Central Laboratory,IS 18663 (2024),Note Sorting Machines- Specifications
CL,BIS Central Laboratory,IS 3989 (2024),"CENTRIFUGALLY CAST (SPUN) IRON SPIGOT AND SOCKET PIPES, FITTINGS AND ACCESSORIES - SPECIFICATION (Fourth Revision)"
CL,BIS Central Laboratory,IS 1159 (2023),Baking Powder — Specification (Second Revision)
CL,BIS Central Laboratory,IS 2403 (2024),"Short-Pitch Transmission Precision Roller and Bush Chains, Attachments and Associated Chain Sprockets (Fourth Revision)"
CL,BIS Central Laboratory,IS 15298 : Part 2 (2024),"Personal Protective Equipment Part 2 Safety Footwear (ISO 20345 : 2021, MOD) (Third Revision)"
CL,BIS Central Laboratory,IS 9873 : Part 9 (2017),Safety of Toys Part 9 Certain Phthalates Esters in Toys and Children's Products
CL,BIS Central Laboratory,IS 1258 (2024),Bayonet lampholders (Fifth Revision)
CL,BIS Central Laboratory,IS 13428 (2024),PACKAGED NATURAL MINERAL WATER - SPECIFICATION Third Revision
CL,BIS Central Laboratory,IS 11536 (2022),Processed Cereal Based Complementary Foods ? Specification ( Third Revision )
CL,BIS Central Laboratory,IS/ISO 3183 (2019),Petroleum and Natural Gas Industries Steel Pipe for Pipeline Transportation Systems ( Second Revision )
CL,BIS Central Laboratory,IS 713 (1981),Specification for zinc base alloy ingots for die casting (Second Revision)
CL,BIS Central Laboratory,IS 367 (1993),Electric kettles and jugs for household and similar use - Specification (Fourth Revision)
CL,BIS Central Laboratory,IS 3993 (1993),"Trays, instruments - Specification (Second Revision)"
CL,BIS Central Laboratory,IS 14246 (2024),CONTINUOUSLY PRE-PAINTED GALVANIZED STEEL SHEETS AND STRIPS - SPECIFICATION Second Revision
CL,BIS Central Laboratory,IS 14587 (2023),Prelaminated Medium Density Fibre Board - Specification
CL,BIS Central Laboratory,IS 1367 : Part 5 (2018),Technical supply conditions for threaded steel fasteners: Part 5 mechanical properties of fasteners made of carbon steel and alloy steel - Set screws and similar threaded fasteners with specified hardness classes - Coarse thread and fine pitch thread (Fourth Revision)
CL,BIS Central Laboratory,IS 209 (2024),Refined Zinc - Specification (Fifth Revision)
CL,BIS Central Laboratory,IS 8521 : Part 1 (2022),Eye and Face Protection for Occupational Use Part 1 General Requirements (Second Revision)
CL,BIS Central Laboratory,IS 14203 (2023),FIRE RESISTING RECORD PROTECTION CABINETS SPECIFICATION Second Revision of IS 14203
CL,BIS Central Laboratory,IS 302 : Part 2 : Sec 15 (2009),Safety of household and similar electrical appliances: Part 2 particular requirements: Sec 15 appliances for heating liquids (First Revision)
CL,BIS Central Laboratory,IS 4766 (2024),Thiram water dispersible powder for slurry seed treatment - Specification (second revision)
CL,BIS Central Laboratory,IS 8028 (2023),QUINALPHOS EMULSIFIABLE CONCENTRATE SPECIFICATION second revision
CL,BIS Central Laboratory,IS 3854 (2023),Switches for Domestic and Similar Purposes - Specification (Third Revision)
CL,BIS Central Laboratory,IS 12866 (2021),Plastic Translucent Sheets made from Thermo-Setting Polyester Resin Glassfibre Reinforced - Specification
CL,BIS Central Laboratory,IS 14697 (2021),ac STATIC TRANSFORMER OPERATED WATTHOUR METERS CLASS 02 S AND 05 S AND VAR-HOUR METERS CLASS 02 S 05 S AND 10 S - SPECIFICATION First Revision
CL,BIS Central Laboratory,IS 617 (2024),Aluminium and Aluminium Alloys Ingots for Remelting and Castings for General Engineering Purposes — Specification (Fourth Revision)
CL,BIS Central Laboratory,IS 14543 (2024),Packaged Drinking Water Other than Packaged Natural Mineral Water Specification Third Revision
CL,BIS Central Laboratory,IS 1656 (2022),MILK-CEREAL BASED COMPLEMENTARY FOODS SPECIFICATION (Fifth Revision of IS 1656)
CL,BIS Central Laboratory,IS 899 (2022),TAPIOCA SAGO (SABOODANA) - SPECIFICATION (SECOND REVISION OF IS 899)
CL,BIS Central Laboratory,IS 302 : Part 2 : Sec 76 (1999),Safety of household and similar electrical appliances: Part 2 particular requirements: Sec 76 electric fence energizers
CL,BIS Central Laboratory,IS 9997 (1991),Aluminium alloy redraw rods for electrical purposes - Specification (First Revision)
CL,BIS Central Laboratory,IS 3309 (2022),SOLUBLE COFFEE-CHICORY POWDER - SPECIFICATION (THIRD REVISION OF IS 3309)
CL,BIS Central Laboratory,IS 1166 (2022),"SWEETENED CONDENSED MILK, SWEETENED CONDENSED PARTLY SKIMMED MILK, SWEETENED CONDENSED SKIMMED MILK AND SWEETENED CONDENSD HIGH FAT MILK- SPECIFICATION (Third Revision of IS 1166)"
CL,BIS Central Laboratory,IS 11740 (2014),Motorcycle chains - Characteristics and test methods (First Revision)
CL,BIS Central Laboratory,IS 742 (1981),Specification for zinc bash alloy dih castings (Second Revision)
CL,BIS Central Laboratory,IS 10805 (2022),"Foot-Valves, Reflux Valves or NonReturn Valves and Bore Valves to be Used in Suction Lines of Agricultural Pumping Systems ― Specification ( Second Revision )"
CL,BIS Central Laboratory,IS 12766 (2023),COMPUTER PAPER - SPECIFICATION
CL,BIS Central Laboratory,IS 12145 (1987),Specification for quenched and tempered alloy steel forgings for pressure vessels
CL,BIS Central Laboratory,IS 8496 (1977),"Specification for propoxur, technical"
CL,BIS Central Laboratory,IS 7975 : Part 2 (2018),Assembly tools for screws and nuts - Driving parts for hand - Operated square drive socket wrenches: Part 2 dimensions and tests (Second Revision)
CL,BIS Central Laboratory,IS 8360 (2022),Fabricated Polyethylene Fittings for Water Supply - Specification (First Revision)
CL,BIS Central Laboratory,IS 10238 (2001),Fasteners - Threaded steel fasteners - Step bolts for steel structures - Specification (First Revision)
CL,BIS Central Laboratory,IS 2202 : Part 2 (2022),WOODEN FLUSH DOOR SHUTTERS SOLID CORE TYPE SPECIFICATION PART 2 PARTICLE BOARD HIGH DENSITY FIBRE BOARD MEDIUM DENSITY FIBRE BOARD AND HARDBOARD FACE PANELS Fourth Revision
CL,BIS Central Laboratory,IS 17508 (2020),Disposable Adult Incontinence Diaper - Specification
CL,BIS Central Laboratory,IS 14650 (2023),UNALLOYED AND ALLOYED STEEL INGOT AND SEMI-FINISHED PRODUCTS FOR RE-ROLLING PURPOSES - SPECIFICATION (First Revision)
CL,BIS Central Laboratory,IS 1165 (2022),WHOLE MILK POWDER - SPECIFICATION (Sixth Revision of IS 1165)
CL,BIS Central Laboratory,IS 4026 (2023),ALUMINIUM INGOTS BILLETS AND WIRE BARS EC GRADE
CL,BIS Central Laboratory,IS 11890 (1987),Specification for high purity primary aluminium ingots for remelting for special applications
CL,BIS Central Laboratory,IS 2590 (1987),Specification for primary aluminium ingots for remelting for general engineering purposes (Second Revision)
CL,BIS Central Laboratory,IS 6754 (1972),Specification for aluminium alloy ingots for bearings
CL,BIS Central Laboratory,IS 2080 (2021),Specification for stabilized hydrogen peroxide First Revision
CL,BIS Central Laboratory,IS 15030 (2022),TEREPHTHALIC ACID - SPECIFICATION (First revision)
CL,BIS Central Laboratory,IS 15392 (2003),Aluminium and aluminium alloy bare foil for food packaging - Specification
CL,BIS Central Laboratory,IS/IEC 61331 : Part 3 (2014),"PROTECTIVE DEVICES AGAINST DIAGNOSTIC MEDICAL X-RADIATION PART 3: PROTECTIVE CLOTHING, EYEWEAR AND PROTECTIVE PATIENT SHIELDS"
CL,BIS Central Laboratory,IS 2095 : Part 2 (2022),Gypsum plaster boards - specification: Part 2 Coated laminated gypsum plaster boards Third Revision of IS 2095 Part 2
CL,BIS Central Laboratory,IS 14862 (2000),Fibre cement flat sheets - specification
CL,BIS Central Laboratory,IS 2925 (1984),Specification for industrial safety helmets (Second Revision)
CL,BIS Central Laboratory,IS 16651 (2017),High Strength Deformed Stainless Steel Bars and Wires for Concrete Reinforcement - Specification
CL,BIS Central Laboratory,IS 1069 (2021),QUALITY TOLERANCES FOR WATER FOR STORAGE BATTERIES - SPECIFICATION
CL,BIS Central Laboratory,IS 2785 (2022),CHEESE - SPECIFICATION (Second Revision of IS 2785)
CL,BIS Central Laboratory,IS 2347 (2023),DOMESTIC PRESSURE COOKER - SPECIFICATION
CL,BIS Central Laboratory,IS 17945 (2022),FOOD FOR SPECIAL MEDICAL PURPOSE INTENDED FOR INFANTS - SPECIFICATION
CL,BIS Central Laboratory,IS 2052 (2023),Compounded feeds for cattle - Specification
CL,BIS Central Laboratory,IS 12171 (2019),Cotton bales – Specification (third revision)
CL,BIS Central Laboratory,IS 9471 : Part 1 (1980),Specification for modular lower limb orthotic components: Part 1 stirrups
CL,BIS Central Laboratory,IS 16988 (2018),Compressed natural gas cylinder valve integrated with solenoid operation (Remotely Controlled) for automotive use - Specification
CL,BIS Central Laboratory,IS/ISO 22702 (2003),Uitility lighters - General consumer - Safety requirements
CL,BIS Central Laboratory,IS 3521 : Part 2 (2021),Personal Fall Arrest Systems Specification Part 2 Lanyards and Energy Absorbers
CL,BIS Central Laboratory,IS 648 (2022),Cold rolled non-oriented electrical steel sheet and strip - Fully processed type - Specification Sixth Revision
CL,BIS Central Laboratory,IS 5509 (2021),Fire Retardant Plywood - Specification ( Third Revision )
CL,BIS Central Laboratory,IS 3521 : Part 1 (2021),Personal Fall Arrest Systems Specification Part 1 Full Body Harness Fourth Revision
CL,BIS Central Laboratory,IS 12234 (2021),Plastic equilibrium float valves for cold water services - Specification (first revision)
CL,BIS Central Laboratory,IS 15450 (2022),Polyethylene-aluminium-polyethylene composite pressure pipes for hot and cold water supplies Specifications first revision of IS 15450
CL,BIS Central Laboratory,IS 15500 : Part 1 to 8 (2021),Deepwell Handpumps Components and Special Tools Specification
CL,BIS Central Laboratory,IS 4572 (2022),Fibre ropes - Polyamide 3- 4- 8- and 12- strand ropes (fifth revision)
CL,BIS Central Laboratory,IS 12406 (2021),Medium density fibre boards for general purpose - Specification
CL,BIS Central Laboratory,IS 17545 (2021),WHITE CEMENT BASED POLYMERIC PUTTY
CL,BIS Central Laboratory,IS 13095 (2020),Butterfly Valves for General Purposes ( First Revision )
CL,BIS Central Laboratory,IS 12795 (2020),Linear Alkyl Benzene — Specification ( First Revision )
CL,BIS Central Laboratory,IS 12299 (2021),DAIRY WHITENER - SPECIFICATION First Revision
CL,BIS Central Laboratory,IS 1989 : Part 2 (1986),Specification for leather safety boots and shoes: Part 2 for heavy metal industries (Fourth Revision)
CL,BIS Central Laboratory,IS 1989 : Part 1 (1986),Specification for leather safety boots and shoes: Part 1 for miners (Fourth Revision)
CL,BIS Central Laboratory,IS 11544 (1986),"Specification for slipper, rubber"
CL,BIS Central Laboratory,IS 5676 (1995),Moulded solid rubber soles and heels - SpecificatlOn (Second Revision)
CL,BIS Central Laboratory,IS 6664 (1992),Rubber microcellular sheets for soles and heels - Specification (First Revision)
CL,BIS Central Laboratory,IS 6719 (1972),Solid Pvc Soles And Heels
CL,BIS Central Laboratory,IS 13995 (1995),Unlined moulded rubber boots - Specification
CL,BIS Central Laboratory,IS 16645 (2018),"Moulded Plastics Footwear "" Lined or Unlined Polyurethane Boots for General Industrial use "" Specification"
CL,BIS Central Laboratory,IS 17012 (2018),High ankle tactical boots with pu - Rubber sole - Specification
CL,BIS Central Laboratory,IS 17037 (2018),Anti riot shoes - Specification
CL,BIS Central Laboratory,IS 12254 (2021),POLYVINYLCHLORIDE PVC INDUSTRIAL BOOTS - SPECIFICATION Second Revision
CL,BIS Central Laboratory,IS 3735 (1996),"Canvas Shoes, Rubber Sole"
CL,BIS Central Laboratory,IS 3736 (1995),"Canvas boots, rubber sole - Specification (Second Revision)"
CL,BIS Central Laboratory,IS 3976 (2018),Safety Rubber Canvas Boots for Miners † Specification ( Sixth Revision )
CL,BIS Central Laboratory,IS 11226 (1993),Leather safety footwear having direct moulded rubber sole specification (First Revision)
CL,BIS Central Laboratory,IS 17043 (2018),Derby shoes - Specification
CL,BIS Central Laboratory,IS 10702 (2023),Hawai Chappal-Specification
CL,BIS Central Laboratory,IS 6721 (2023),SANDAL AND SLIPPERS SPECIFICATION First revision
CL,BIS Central Laboratory,IS 15844 : Part 2 (2023),SPORTS FOOTWEAR PART -2 PERFORMANCE SPORTS FOOTWEAR
CL,BIS Central Laboratory,IS 15844 : Part 1 (2023),SPORTS FOOTWEAR PART -1 GENERAL PURPOSEFirst Revision
CL,BIS Central Laboratory,IS 16532 (2017),APP Modified Bituminous Waterproofing and Damp-Proofing Membrane with Polyester Reinforcement - Specification
CL,BIS Central Laboratory,IS 2556 : Part 6 (2021),Vitreous China sanitary appliances - Specification: Part 6 Specific requirements of urinal and partition plates (fifth revision)
CL,BIS Central Laboratory,IS 3748 (2022),Tool Steels - Specification
CL,BIS Central Laboratory,IS 13893 (1994),Polyurethane soles semirigid - specification
CL,BIS Central Laboratory,IS 15757 (2022),FOLLOW-UP FORMULA-COMPLEMENTARY FOODS - SPECIFICATION (First Revision of IS 15757)
CL,BIS Central Laboratory,IS 14433 (2022),INFANT MILK SUBSTITUTES - SPECIFICATION (Second Revision of IS 14433)
CL,BIS Central Laboratory,IS 14333 (2022),Polyethylene Pipes for Sewerage and Industrial Chemicals and Effluent - Specification (First Revision)
CL,BIS Central Laboratory,IS 15658 (2021),Concrete Paving Blocks - Specification ( First Revision )
CL,BIS Central Laboratory,IS 2791 (2022),SOLUBLE COFFEE POWDER - SPECIFICATION (FOURTH REVISION OF IS 2791)
CL,BIS Central Laboratory,IS 208 (2020),Door Handles - Specification ( Sixth Revision )
CL,BIS Central Laboratory,IS 5518 (1996),Steels for die blocks for drop forging - Specification (Second Revision)
CL,BIS Central Laboratory,IS 12817 (2020),Stainless Steel Butt Hinges - Specification ( Third Revision )
CL,BIS Central Laboratory,IS 15500 : PART 8 (2021),"Deepwell Handpumps, Components and Secial Tools — Specification Part 8 Handpumps"
CL,BIS Central Laboratory,IS 15500 : PART 7 (2021),"Deepwell Handpumps, Components and Secial Tools — Specification Part 7 Handpumps"
CL,BIS Central Laboratory,IS 15500 : PART 6 (2021),"Deepwell Handpumps, Components and Secial Tools — Specification Part 6 Handpumps"
CL,BIS Central Laboratory,IS 15500 : PART 5 (2021),"Deepwell Handpumps, Components and Secial Tools — Specification Part 5 Handpumps"
CL,BIS Central Laboratory,IS 15500 : PART 4 (2021),"Deepwell Handpumps, Components and Secial Tools — Specification Part 4 Handpumps"
CL,BIS Central Laboratory,IS 15500 : PART 3 (2021),"Deepwell Handpumps, Components and Secial Tools — Specification Part 3 Handpumps"
CL,BIS Central Laboratory,IS 15500 : PART 2 (2021),"Deepwell Handpumps, Components and Secial Tools — Specification Part 2 Handpumps"
CL,BIS Central Laboratory,IS 3419 (1988),Specification for fittings for rigid non - Metallic (Second Revision)
CL,BIS Central Laboratory,IS 4824 (2022),Bead wires for tyres - Specification
CL,BIS Central Laboratory,IS 3181 (1992),Conveyor belts - Fire resistant conveyor belting for underground mines and such other hazardous applications - Specification (Second Revision)
CL,BIS Central Laboratory,IS 8931 (2021),"Copper alloy single taps, combination tap assemblies, stop valves and single lever mixers for water services — Specification (second revision)"
CL,BIS Central Laboratory,IS 3224 (2021),VALVE FITTINGS FOR COMPRESSED GAS CYLINDERS EXCLUDING LIQUEFIED PETROLEUM GAS LPG CYLINDERS SPECIFICATION Fourth Revision of IS 3224
CL,BIS Central Laboratory,IS 4159 (2021),Mineral Filled Sheathed Heating Elements
CL,BIS Central Laboratory,IS 16131 (2015),Imidacloprid suspension concentrate (SC) - Specification
CL,BIS Central Laboratory,IS 10086 (2021),Specificaton for moulds for use in tests of cement and concrete First Revision
CL,BIS Central Laboratory,IS 10500 (2012),Drinking water - Specification (Second Revision)
CL,BIS Central Laboratory,IS 4566 (2020),Specification For Methylene Chloride ( Dichloromethane ) — Technical ( Second Revision
CL,BIS Central Laboratory,IS 5149 (2020),"Specification for Maleic Anhydride, Technical ( Second Revision )"
CL,BIS Central Laboratory,IS 1370 (1993),Transmission belting - Friction surface rubber belting specification (Third Revision)
CL,BIS Central Laboratory,IS 7129 (2021),POTASSIUM CARBONATE ANHYDROUS SPECIFICATION (Second Revision)
CL,BIS Central Laboratory,IS 1051 (1980),Specification for pyrethrum extracts
CL,BIS Central Laboratory,IS 302 : Part 2 : Sec 14 (2009),Safety of household and similar electrical appliances: Part 2 particular requirements: Sec 14 electric kitchen machines (First Revision)
CL,BIS Central Laboratory,IS 1363 : Part 2 (2018),"Hexagon Head Bolts, Screws and Nuts of Product Grade 'C' Part 2 Hexagon Head Screws ( Size Range M 5 to M 64 ) ( Fifth Revision )"
CL,BIS Central Laboratory,IS 411 (2020),"Titanium Dioxide, Anatase, for Paints — Specification ( Fourth Revision )"
CL,BIS Central Laboratory,IS 1919 (2024),Sodium Hydrosulphite - Specification (Second Revision)
CL,BIS Central Laboratory,IS 1269 : Part 1 (1997),Leagal metrology - Material measures of length: Part 1 woven metallic and glass fiber tape measures (Second Revision)
CL,BIS Central Laboratory,IS 2556 : Part 5 (1994),Vitreous sanitary appliances (Vitreous China) - Specification: Part 5 specific requirements of laboratory sinks
CL,BIS Central Laboratory,IS 9585 (2021),Lactometers - Specification
CL,BIS Central Laboratory,IS 15834 (2020),Stainless Steel Sliding Door Bolts ( Aldrops ) for Use With Padlocks - Specification ( First Revision )
CL,BIS Central Laboratory,IS 5342 (1996),"Ascorbic acid, food grade - Specification (First Revision)"
CL,BIS Central Laboratory,IS 1084 (2005),Textiles – Manila ropes – Specification (fifth revision)
CL,BIS Central Laboratory,IS 2548 : Part 2 (1996),Plastic seats and covers for water - Closets - Specification: Part 2 thermoplastic seats and covers (Fifth Revision)
CL,BIS Central Laboratory,IS 13779 (2020),ac STATIC WATTHOUR METERS CLASS 1 AND 2-Specefication
CL,BIS Central Laboratory,IS 553 (1984),Specification for rosin (Gum Rosin) (Second Revision)
CL,BIS Central Laboratory,IS 3119 (1978),Specification for hot air sterilizers (First Revision)
CL,BIS Central Laboratory,IS 14768 : Part 2 (2003),Conduit fittings for electrical installations - Specification: Part 2 metal conduit fittings
CL,BIS Central Laboratory,IS 16444 (2015),AC static direct connected watthour smart meter class 1 and 2 - Specification
CL,BIS Central Laboratory,IS 3118 (1978),Specification for electric bacteriological incubators (First Revision)
CL,BIS Central Laboratory,IS 1848 : Part 2 (2018),"Writing and printing papers - Specification: Part 2 air mail/manifold, cartridge drawing and cartridge white, duplicating absorbent and duplicating semi - Absorbent and poster machine glazed types (Fifth Revision)"
CL,BIS Central Laboratory,IS 6438 (1980),Specification for aluminium phosphide formulations (First Revision)
CL,BIS Central Laboratory,IS 1239 : Part 1 (2004),"Steel Tubes, Tubulars and Other Wrought Steel Fittings : Part 1 Steel Tubes (BI-LINGUAL)"
CL,BIS Central Laboratory,IS 15884 (2010),Alternating current direct connected static prepayment meters for active energy (Class 1 And 2) - Specification
CL,BIS Central Laboratory,IS 15603 (2005),"Alphacypermethrin, WP - Specification"
CL,BIS Central Laboratory,IS 427 (2013),"Distemper, dry, colour as required - Specification (Third Revision)"
CL,BIS Central Laboratory,IS 3450 (1994),Carbon papers - Handwriting - Specification (Second Revision)
CL,BIS Central Laboratory,IS 2339 (2013),Aluminium paints for general purposes - Specification (First Revision)
CL,BIS Central Laboratory,IS 2933 : Part 1 (2013),"Enamel, exterior: (A) undercoating (B) finishing - Specification: Part 1 for domestic and decorative applications (Second Revision)"
CL,BIS Central Laboratory,IS 265 (2021),HYDROCHLORIC ACID SPECIFICATION Fifth Revision
CL,BIS Central Laboratory,IS 13209 (1991),Indelible ink - Specification
CL,BIS Central Laboratory,IS 15573 (2018),Polyaluminium chloride (First Revision)
CL,BIS Central Laboratory,IS 9862 (2017),"Specification for ready mixed paint, brushing, bituminous, black, acid, alkali, water and chlorine resistlng (First Revision)"
CL,BIS Central Laboratory,IS 573 (1992),Trisodium phosphate - Specification (Fourth Revision)
CL,BIS Central Laboratory,IS 2730 (1977),Specification for magnesium sulphate (Epsom Salts) (First Revision)
CL,BIS Central Laboratory,IS 7021 (2017),Protein - Rich food supplements for infants and pre - School children - Specification (First Revision)
CL,BIS Central Laboratory,IS 6031 (1997),"Calcium propionate, food grade - Specification (First Revision)"
CL,BIS Central Laboratory,IS 5470 (2002),"Dicalcium phosphate, animal feed grade - Specification (First Revision)"
CL,BIS Central Laboratory,IS 2802 (1964),Specification for ice-cream
CL,BIS Central Laboratory,IS 4752 (1994),"Sodium metabisulphite, food grade - Specification (First Revision)"
CL,BIS Central Laboratory,IS 4684 (1975),Specification for edible groundnut flour (Expeller Pressed) (First Revision)
CL,BIS Central Laboratory,IS 9359 (1995),Pesticide - Phorate G encapsulated - Specification
CL,BIS Central Laboratory,IS 9356 (1980),Specification for butachlor emulsifiable concentrates
CL,BIS Central Laboratory,IS 4467 (1996),Caramel - Specification (Second Revision)
CL,BIS Central Laboratory,IS 8707 (2013),"Mancozeb, technical - Specification (First Revision)"
CL,BIS Central Laboratory,IS 8291 (1976),Specification for phenthoate emulsifiable concentrates
CL,BIS Central Laboratory,IS 5672 (1992),Mineral mtxtures for supplementing poultry feeds - Specification (First Revision)
CL,BIS Central Laboratory,IS 6014 (1978),"Specification for emulsifiable larvicidal oil, pyrethrum based (First Revision)"
CL,BIS Central Laboratory,IS 5719 (2017),"Gelatin, food grade - Specification (Second Revision)"
CL,BIS Central Laboratory,IS 1838 : Part 1 (1983),preformed fillers for expansion joint in concrete pavement and structures (non extruding and resilient type): Part 1 Bitumen impregnated fibre - Specification
CL,BIS Central Laboratory,IS 9537 : Part 4 (1983),Specification for conduits for electrical installations: Part 4 pliable self - Recovering conduits of insulating materials
CL,BIS Central Laboratory,IS 15559 (2004),Polyester strapping - Specification
CL,BIS Central Laboratory,IS 14928 (2001),Textiles - Composite synthetic fibre ropes - Specification
CL,BIS Central Laboratory,IS 5135 : Part 1 (1994),Specification for hand - Rotary duster: Part 1 belly - Mounted type (Second Revision)
CL,BIS Central Laboratory,IS 1422 (1983),Specification for cotton duck (third revision)
CL,BIS Central Laboratory,IS 2415 (2015),Cycle - Rubber tubes (Moulded/ Jointed) - Specification (Fourth Revision)
CL,BIS Central Laboratory,IS 5382 (2018),"Rubber seals - Joint rings for water supply, drainage and sewerage pipelines - Specification for materials (Second Revision)"
CL,BIS Central Laboratory,IS 5487 (1992),"Metal polish, liquid - Specification (First Revision)"
CL,BIS Central Laboratory,IS 878 (2008),Laboratory glassware - Graduated measuring cylinders (Second Revision)
CL,BIS Central Laboratory,IS 1237 (2012),Cement Concrete Flooring Tiles - Specification
CL,BIS Central Laboratory,IS 8471 (2003),Acetylene generators - Requirements (First Revision)
CL,BIS Central Laboratory,IS 4964 (2013),"Textiles – Vests, cotton, plain (Single jersey) knitted – Specification (fifth revision)"
CL,BIS Central Laboratory,IS 2888 (2004),Toilet soap - Specification (Third Revision)
CL,BIS Central Laboratory,IS 7098 : Part 3 (1993),Cross - Linked polyethylene insulated thermoplastic sheathed cables - Specification: Part 3 for working voltages from 66 kV up to and including 220 kV
CL,BIS Central Laboratory,IS 4355 (1977),Specification for fire-resistant brattice cloth (first revision)
CL,BIS Central Laboratory,IS 6444 (1979),Specification for sulphur dusting powders (First Revision)
CL,BIS Central Laboratory,IS 651 (2007),Glazed stoneware pipes and fittings - Specification (Sixth Revision)
CL,BIS Central Laboratory,IS 16333 : Part 3 (2017),Mobile phone handsets: Part 3 indian language support for mobile phone handsets - Specific requirements (First Revision)
CL,BIS Central Laboratory,IS 2980 (1999),Non - Pressure stoves - Specification (Third Revision)
CL,BIS Central Laboratory,IS 2039 : Part 1 to 3 (1991),Steel tubes for bicycle and cycle rickshaws - Specification (Second Revision)
CL,BIS Central Laboratory,IS 2257 (1989),"Paper adhesives, liquid gum and office paste type - Specification (Third Revision)"
CL,BIS Central Laboratory,IS 1891 : Part 1 (1994),Conveyor and elevator textile belting - Specification: Part 1 general purpose belting (Fourth Revision)
CL,BIS Central Laboratory,IS 539 (1974),Specification for naphthalene (Second Revision)
CL,BIS Central Laboratory,IS 2547 : Part 1 (1976),Specification for gypsum building plaster: Part 1 excluding premixed lightweight plasters
CL,BIS Central Laboratory,IS 15609 (2005),Polyethylene flexible pouches for the packing of natural mineral water and packaged drinking water - Specification
CL,BIS Central Laboratory,IS 15914 (2011),"High tensile strength flat rolled steel plate (Up To 6 Mm), sheet and strip for the manufacture of welded gas cylinder - Specification"
CL,BIS Central Laboratory,IS 7123 (2019),Hair oils - Specification (Third Revision)
CL,BIS Central Laboratory,IS 4457 (2007),Ceramic unglazed vitreous acid resisting tiles - Specification (Second Revision)
CL,BIS Central Laboratory,IS 3104 : Part 1 (1982),Specification for density hydrometers: Part 1 requirements (First Revision)
CL,BIS Central Laboratory,IS 13620 (1993),Fusion Bonded Epoxy Coated Reinforcing Bars -
CL,BIS Central Laboratory,IS 15801 (2008),Polypropylene - Random copolymer pipes for hot and cold water supplies - Specification
CL,BIS Central Laboratory,IS 12916 (1990),Acephate SP- Specification
CL,BIS Central Laboratory,IS 4521 (2001),Wire ropes used in oil wells and oil well drilling - Specification (Second Revision)
CL,BIS Central Laboratory,IS 1321 : Part 1 (2003),Sisal ropes – Specification Part 1 Untarred varieties (fourth revision)
CL,BIS Central Laboratory,IS 6760 (1972),Specification for slotted countersunk head wood screws
CL,BIS Central Laboratory,IS 12913 (1990),Bromadiolone CB - Specification
CL,BIS Central Laboratory,IS 2061 (1995),Bicycle - Front forks - Specification (First Revision)
CL,BIS Central Laboratory,IS 1912 (1984),Specification for country jute twine (second revision)
CL,BIS Central Laboratory,IS 623 (2008),Bicycle - Bicycle frames - Specification (Third Revision)
CL,BIS Central Laboratory,IS 6803 (1972),Specification for special proofed canvas and duck
CL,BIS Central Laboratory,IS 9271 (2004),Unplasticized polyvinyl chloride (UPVC) single wall corrugated pipes for drainage - Specification (First Revision)
CL,BIS Central Laboratory,IS 14106 (2018),Direct action hand pumps - Specification (First Revision)
CL,BIS Central Laboratory,IS 702 (1988),Specification for indusrial bitumen (Second Revision)
CL,BIS Central Laboratory,IS 7283 (1992),Hot - Rolled bars for the production of bright bars and machined parts for engineering applications specification (First Revision)
CL,BIS Central Laboratory,IS 16088 (2012),Chlorinated polyvinyl chloride (CPVC) pipes for automatic sprinkler fire extinguishing system - Specification
CL,BIS Central Laboratory,IS 14268 (2022),Uncoated stress relieved low relaxation seven-wire (ply) strand for prestressed concrete -Specification (Second Revision)
CL,BIS Central Laboratory,IS 916 (2000),Square tins for solid products - Specification (Fourth Revision)
CL,BIS Central Laboratory,IS 9282 (2002),Wire ropes and strands for suspension bridges - Specification (First Revision)
CL,BIS Central Laboratory,IS 4109 (1967),Specification for kadahies
CL,BIS Central Laboratory,IS 285 (1992),Laundry soaps - Specification (Third Revision)
CL,BIS Central Laboratory,IS 9165 : Part 2 (1992),"Surgical instruments - Needles, suture: Part 2 eyed needles - Sizes, shapes and dimensions"
CL,BIS Central Laboratory,IS 12650 (2018),Textiles – Jute bags for packing 50 kg foodgrains – Specification (third revision)
CL,BIS Central Laboratory,IS 12594 (1988),Hot - Dip zinc coating on structural steel bars for concrete reinforcement - Specification
CL,BIS Central Laboratory,IS 8074 (1990),Monocrotophossl - Specification (Second Revision)
CL,BIS Central Laboratory,IS 2414 (2005),Cycle and rickshaw pneumatic tyres - Specification (Fourth Revision)
CL,BIS Central Laboratory,IS 3903 (1984),Specification for dimethoate emulsifiable concentrates
CL,BIS Central Laboratory,IS 6956 (2001),Cover paper - Specification (First Revision)
CL,BIS Central Laboratory,IS 2566 (1993),Textiles – B-twill jute bags for packing foodgrains – Specification (third revision)
CL,BIS Central Laboratory,IS 5604 (1984),Specification for hand - Operated universal gearless pulling and lifting machines (First Revision)
CL,BIS Central Laboratory,IS 1943 (1995),Textiles – A-twill jute bags (second revision)
CL,BIS Central Laboratory,IS 3992 (1982),"Specification for trays, kidney (First Revision)"
CL,BIS Central Laboratory,IS 2932 (2013),"Enamel, synthetic, exterior: (a) Undercoating (b) Finishing - Specification (Fourth Revision)"
CL,BIS Central Laboratory,IS 10350 (2020),Powder Hair Dyes — Specification ( Third Revision )
CL,BIS Central Laboratory,IS 4003 : Part 2 (1986),Specification for pipe wrenches: Part 2 heavy duty (First Revision)
CL,BIS Central Laboratory,IS 9532 (1980),Specification for chakka and shrikhand
CL,BIS Central Laboratory,IS 14314 (1995),"Thtnner,general purpose,for synthetic paints and varnishes - Specification"
CL,BIS Central Laboratory,IS 1374 (2007),Poultry feeds - Specification
CL,BIS Central Laboratory,IS 14597 (1998),Synthetic tarpaulins(Heavy Duty Protective Covers) made from coated nylon or polyester fabrics specification
CL,BIS Central Laboratory,IS 6901 (2018),"Gas welding equipment - Pressure regulators and pressure regulators with flow - Metering devices for gas cylinders used in welding, cutting and allied processes up to 300 bar (30 MPA) (Third Revision)"
CL,BIS Central Laboratory,IS 612 (1992),Roasted chicory powder - Specification (Third Revision)
CL,BIS Central Laboratory,IS 5191 (1993),"Sodium alginate,food grade specification (First Revision)"
CL,BIS Central Laboratory,IS 5158 (1987),"Specification for phthalic anhydride,technical - (Second Revision)"
CL,BIS Central Laboratory,IS 252 (2013),Caustic soda - Specification (Fourth Revision)
CL,BIS Central Laboratory,IS 695 (2020),Acetic Acid — Specification ( Fourth Revision )
CL,BIS Central Laboratory,IS 4447 (1994),"Sodium benzoate, food grade - Specification (First Revision)"
CL,BIS Central Laboratory,IS 3383 (1982),Specification for wettable sulphur powder
CL,BIS Central Laboratory,IS 1507 (1977),Specification for copper oxychloride water dispersible powder concentrates
CL,BIS Central Laboratory,IS 13213 (2018),Polyurethane full gloss enamel (Two Pack) - Specification (First Revision)
CL,BIS Central Laboratory,IS 1221 (1991),Fountain pen ink - Dye based - Specification (Second Revision)
CL,BIS Central Laboratory,IS 4605 (1981),Specification for crepe bandage (First Revision)
CL,BIS Central Laboratory,IS 13714 (1993),Dunnage pallets - Warehousing - Specification
CL,BIS Central Laboratory,IS 868 (1990),Sealing wax - Specification (First Revision)
CL,BIS Central Laboratory,IS 12447 (1988),Specification for zinc wire for sprayed zinc coatings
CL,BIS Central Laboratory,IS 3549 (2017),Rubber hoses and hose assemblies for water suction and discharge - Specification (Second Revision)
CL,BIS Central Laboratory,IS 446 (2017),"Rubber hoses, textile - Reinforced, for compressed air - Specification (Fifth Revision)"
CL,BIS Central Laboratory,IS 16703 (2017),Textiles - High density polyethylene (HDPE) polypropylene (PP) woven sacks for packaging of 25 kg polymer materials - Specification
CL,BIS Central Laboratory,IS 9473 (2002),Respiratory protective devices - Filtering half masks to protect against particles - Specification (First Revision)
CL,BIS Central Laboratory,IS 1804 (2004),Steel wire ropes – Fibre main cores – Specification (fourth revision)
CL,BIS Central Laboratory,IS 17111 (2019),"Heat - Treated steels, alloy steels and free - Cutting steels - Ball and roller bearing steels"
CL,BIS Central Laboratory,IS 1993 (2018),Cold - Reduced tinmill products - Electrolytic tinplate (Fifth Revision)
CL,BIS Central Laboratory,IS 10080 (1982),Specification for vibration machine for casting standard cement mortar cubes
CL,BIS Central Laboratory,IS 4808 (1982),Specification for pyrethrum emulsifiable concentrates (First Revision)
CL,BIS Central Laboratory,IS 9665 (1981),Specification for propoxur emulsifiable concentrates
CL,BIS Central Laboratory,IS 5410 (2013),Cement paint - Specification (Second Revision)
CL,BIS Central Laboratory,IS 4199 (2001),"Toilet soap, liquid - Specification (Third Revision)"
CL,BIS Central Laboratory,IS 6047 (2009),Scouring products for utensil cleaning - Specification (First Revision)
CL,BIS Central Laboratory,IS 12744 : Part 1 (2013),"Ready mixed paint, air drying, red oxide - Zinc phosphate, priming - Specification: Part 1 for domestic and decorative applications (First Revision)"
CL,BIS Central Laboratory,IS 428 (2013),Washable distemper - Specification (Third Revision)
CL,BIS Central Laboratory,IS 2494 : Part 1 (1994),V - Belts - Endless V - Belts for industrial purposes: Part 1 general purpose - Specification (Second Revision)
CL,BIS Central Laboratory,IS 7904 (2018),High carbon steel wire rods - Specification (Second Revision)
CL,BIS Central Laboratory,IS 15410 (2003),Containers for packaging of natural mineral water and packaged drinking water - Specification
CL,BIS Central Laboratory,IS 1746 (1992),"Shoe polish, paste - Specification (Third Revision)"
CL,BIS Central Laboratory,IS 513 : Part 2 (2016),Cold reduced carbon steel sheet and strip: Part 2 high tensile and multi - Phase steel (Sixth Revision)
CL,BIS Central Laboratory,IS 13049 (1991),diaphragm type (plastic body) float operated valves for cold water services
CL,BIS Central Laboratory,IS 15058 (2002),PVC water - Stops at transverse contraction joints for use in masonry and concrete dams - Specification
CL,BIS Central Laboratory,IS 7834 : Part 3 (1987),injection moulded PVC socket fittings with solvent cement joints for water supplies: Part 3 Specific requirements for 90 degree elbows
CL,BIS Central Laboratory,IS 14587 (1998),Prelaminated Medium Density Fibre Board -specification
CL,BIS Central Laboratory,IS 15833 (2009),Stainless Steel Tower Bolts -specification
CL,BIS Central Laboratory,IS 4432 (1988),Specification for case hardening steels (First Revision)
CL,BIS Central Laboratory,IS 15644 (2006),Safety of electric toys
CL,BIS Central Laboratory,IS 2074 (2023),Ready Mixed Paint Air Drying Red Oxide Zinc Chrome Priming -Specification (Fourth Revision)
CL,BIS Central Laboratory,IS 14625 (2015),Plastics Feeding Bottles ( First Revision )
CL,BIS Central Laboratory,IS 44 (1991),Iron oxide pigments for paints - Specification (Second Revision)
CL,BIS Central Laboratory,IS 1664 (2002),Mineral mixtures for supplementing cattle feeds - Specification (Fourth Revision)
CL,BIS Central Laboratory,IS 9973 (1981),Specification for visor for scooter helmets
CL,BIS Central Laboratory,IS 4151 (2015),Protective helmets for motorcycle riders - Specification
CL,BIS Central Laboratory,IS 10908 (1991),Flexible rubber tubing for liquefied petroleum gas - Specification (First Revision)
CL,BIS Central Laboratory,IS 9573 : Part 2 (2017),Rubber hose for liquefied petroleum gas (Lpg) - Specification: Part 2 domestic and commercial application (Fourth Revision)
CL,BIS Central Laboratory,IS 7079 (2008),Automotive vehicles - Brake hose assemblies forhydraulicbraking systems used with non - Petroleum base brake fluid specification (Third Revision)
CL,BIS Central Laboratory,IS 5983 (1980),Specification for eye - Protectors (First Revision)
CL,BIS Central Laboratory,IS 14951 (2001),Fire extinguisher - 145 litres capacity mechanical foam type - Specification
CL,BIS Central Laboratory,IS 8391 : Part 1 (2019),"Rubberized coir sheets for cushioning "" Specification Part 1 Curled (third revision)"
CL,BIS Central Laboratory,IS 3196 : Part 1 (2013),Welded low carbon steel cylinders exceeding 5 litres water capacity for low pressure liquefiable gases: Part 1 cylinders for liquefied petroleum gases (Lpg) - Specification (Sixth Revision)
CL,BIS Central Laboratory,IS 170 (2020),Acetone — Specification ( Fifth Revision )
CL,BIS Central Laboratory,IS 12912 (1990),Bromadiolone RB - Specification
CL,BIS Central Laboratory,IS 7285 : Part 2 (2017),Refillable seamless steel gas cylinders - Specification: Part 2 quenched and tempered steel cylinders with tensile strength less than 1 100 mpa (112 Kgf/mm²) (Fourth Revision)
CL,BIS Central Laboratory,IS 4658 (2019),Specification for coated paper and board (Art And Chromo) (Second Revision)
CL,BIS Central Laboratory,IS 8654 (2019),"Automotive hydraulic brake fluid, heavy duty - Specification (Third Revision)"
CL,BIS Central Laboratory,IS 5852 : Part 1 (2019),Toe caps for protection of feet - Specification: Part 1 metallic toe caps (Fifth Revision)
CL,BIS Central Laboratory,IS 16714 (2018),"Ground granulated blast furnace slag for use in cement, mortar and concrete - Specification"
CL,BIS Central Laboratory,IS 14399 : Part 1 and 2 (1996),"Hot Press Moulded Thermosetting Glass Fibre Reinforced Polyester Resin (GRP) Sectional Water Storage Tanks : Part 1 palels, Part 2 Guidelines for assembly, installation and test"
CL,BIS Central Laboratory,IS 15391 (2003),Cold rolled non - Oriented electrical steel sheet and strip-semi-processed type - Specification
CL,BIS Central Laboratory,IS 7080 : Part 3 (1992),MTP suction apparatusspecification: Part 3 electrically operated
CL,BIS Central Laboratory,IS 5456 (2006),Testing of positive displacement type air compressors and exhausters - Code of practice (Second Revision)
CL,BIS Central Laboratory,IS 11037 (2019),Electronic Type Fan Regulators — Specification ( First Revision )
CL,BIS Central Laboratory,IS 6593 (1972),Specification for electric serological water - Baths
CL,BIS Central Laboratory,IS 17048 (2018),Halogen free flame retardant (HFFR) cables for working voltages up to and including 1 100 Volts - Specification
CL,BIS Central Laboratory,IS 3470 (2017),"Hexane, food grade - Specification (Second Revision)"
CL,BIS Central Laboratory,IS 4533 (1995),Suction apparatus - Specification (Second Revision)
CL,BIS Central Laboratory,IS 3899 (1981),"Specification for zineb, water dispersible powders"
CL,BIS Central Laboratory,IS 366 (1991),Electric iron - Specification (Fourth Revision)
CL,BIS Central Laboratory,IS 16415 (2015),Composite cement - Specification
CL,BIS Central Laboratory,IS 3601 (2006),Steel tubes for mechanical and general engineering purposes - Specification (Second Revision)
CL,BIS Central Laboratory,IS 513 : Part 1 (2016),Cold reduced carbon steel sheet and strip: Part 1 cold forming and drawing purpose (Sixth Revision)
CL,BIS Central Laboratory,IS 13502 (1992),Pig iron - Specification
CL,BIS Central Laboratory,IS 9890 (1981),Specification for general purpose ball valves
CL,BIS Central Laboratory,IS 7181 (1986),"Specification for horizontally cast iron double flanged pipes for water, gas and sewage (First Revision)"
CL,BIS Central Laboratory,IS 4123 (1982),Specification for chain pipe wrenches (First Revision)
CL,BIS Central Laboratory,IS 1537 (1976),"Specification for vertically cast iron pressure pipes for water, gas and sewage (First Revision)"
CL,BIS Central Laboratory,IS 11722 (1986),Specification for thin walled flexible quick coupling pipes
CL,BIS Central Laboratory,IS 9523 (2000),"Ductile iron fittings for pressure pipes for water, gas and sewage - Specification (First Revision)"
CL,BIS Central Laboratory,IS 704 (1984),Specification for crow - Bars and claw - Bars (Second Revision)
CL,BIS Central Laboratory,IS 884 (1985),Apecification for first - Aid hose - Reel for fire fighting (First Revision)
CL,BIS Central Laboratory,IS 12823 (2015),Prelaminated Particle Boards from Wood and other Lignocellulosic Material - Specification ( First Revision )
CL,BIS Central Laboratory,IS 8808 (2019),Burners for oil pressure stoves and oil pressure heaters - Specification (Third Revision)
CL,BIS Central Laboratory,IS 9762 (1994),Specification for polyethylene floats (Spherical) for float valves
CL,BIS Central Laboratory,IS 14494 (2019),Elastomer insulated flexible cables for use in mines - Specification (First Revision)
CL,BIS Central Laboratory,IS 14845 (2000),Resilient seated cast iron air relief valves for water works purposes - specification
CL,BIS Central Laboratory,IS 15905 (2011),"Hubless centrifugally cast (Spun) iron pipes, fittings and accessories - Spigot series - Specification"
CL,BIS Central Laboratory,IS 444 (2017),"Rubber hoses, textile - Reinforced, for general - Purpose water applications - Specification (Fifth Revision)"
CL,BIS Central Laboratory,IS 12701 (1996),Rotational moulded polyethylene water storage tanks - specification (First Revision)
CL,BIS Central Laboratory,IS 1626 : Part 3 (1994),"Asbestos Cement Building types and Pipe Fittings, Gutters and Gutter Fittings and Roofing Fittings - Part 3 : Roofing Fittings"
CL,BIS Central Laboratory,IS 5312 : Part 1 (2004),Swing Check Type Reflux (Non-Return] Valves for Water Works Purposes - Part 1 : Single-Door Pattern
CL,BIS Central Laboratory,IS 12330 (1988),Specificatioon for sulphate resisting Portland cement
CL,BIS Central Laboratory,IS 9763 (2000),"Plastics Bib Taps, Pillar Taps, Angle Valves and Stop Valves for Hot and Cold Water Services -"
CL,BIS Central Laboratory,IS 9857 (1990),Welding cables - Specification (First Revision)
CL,BIS Central Laboratory,IS 9758 (1981),Specification for flush valves and fittings for water closets and urinals
CL,BIS Central Laboratory,IS 1364 : Part 1 (2018),"Hexagon head bolts, screws and nuts of product grades A and B: Part 1 hexagon head bolts (Size Range M 1.6 To M 64) (Fifth Revision)"
CL,BIS Central Laboratory,IS 1363 : Part 3 (2018),"Hexagon Head Bolts, Screws and Nuts of Product Grade ˜C ™ Part 3 (Style 1) Hexagon Nuts ( Size Range M 5 to M 64 ) ( Fifth Revision )"
CL,BIS Central Laboratory,IS 13098 (2012),Automotive vehicles - Tubes for pneumatic tyres - Specification (First Revision)
CL,BIS Central Laboratory,IS 8329 (2000),"Centrifugally cast (Spun) ductile iron pressure pipes for water, gas and sewage - Specification (Third Revision)"
CL,BIS Central Laboratory,IS 10701 (2012),Structural plywood - Specification (First Revision)
CL,BIS Central Laboratory,IS 784 (2019),Prestressed concrete pipes (Including Specials) - Specification (Third Revision)
CL,BIS Central Laboratory,IS 8035 (1999),Handpump - Shallow well - Specification (First Revision)
CL,BIS Central Laboratory,IS 4003 : Part 1 (1978),Specification for pipe wrenches: Part 1 general purpose (First Revision)
CL,BIS Central Laboratory,IS 650 (1991),Standard sand for testing cement - Specification (Second Revision)
CL,BIS Central Laboratory,IS 9968 : Part 2 (2002),Specification for elastomer - Insulated cables: Part 2 for working voltages from 3.3 kV up to and including 33 kV (First Revision)
CL,BIS Central Laboratory,IS 7834 : Part 1 (1987),injection moulded PVC socket fittings with solvent cement joints for water supplies: Part 1 General requirements
CL,BIS Central Laboratory,IS 371 (1999),Ceiling roses - Specification (Third Revision)
CL,BIS Central Laboratory,IS 7652 (1988),"Specification for sphygmomanometer, aneroid type (First Revision)"
CL,BIS Central Laboratory,IS 4509 (1992),Ring slugging wrenches (Spanners) - specification (First Revision)
CL,BIS Central Laboratory,IS 624 (2003),Bicycles - Rims - Specification (Fourth Revision)
CL,BIS Central Laboratory,IS 3087 (2005),Practicle boards of wood and other lingnocellulosic materials (medium density) for general purposes -Specification
CL,BIS Central Laboratory,IS 2556 : Part 4 (2004),Vitreous sanitary appliances (Vitreous China) - specification: Part 4 specific requirements of wash basins
CL,BIS Central Laboratory,IS 8794 (1988),Specification for cast iron detachable joints for use with asbestos cement pressure pipes (First Revision)
CL,BIS Central Laboratory,IS 1328 (1996),Veneered Decorative Plywood -Specification
CL,BIS Central Laboratory,IS 9103 (1999),Specification for Concrete Admixtures -
CL,BIS Central Laboratory,IS 2641 (1989),Electric welding accessories - Specification (First Revision)
CL,BIS Central Laboratory,IS 11552 (2020),Liquid Nitrogen Vessels of Capacity up to 75 Litres — Specification ( Second Revision )
CL,BIS Central Laboratory,IS 2556 : Part 7 (1995),Vitreous sanitary appliances (Vitreous China) - specification: Part 7 specific requirements of accessories for sanitary appliances
CL,BIS Central Laboratory,IS 369 (2019),Household electric direct - Acting room heaters - Performance requirements (Fourth Revision)
CL,BIS Central Laboratory,IS 8462 (1977),"Specification for sterilizer, portable, vertical, pressure type"
CL,BIS Central Laboratory,IS 5022 (1989),"Sterilizer, instruments, table model (Third Revision)"
CL,BIS Central Laboratory,IS 2556 : Part 15 (2004),Vitreous sanitary appliances (Vitreous China) - Specification: Part 15 specific requirements of universal water closets
CL,BIS Central Laboratory,IS 7098 : Part 2 (2011),Crosslinked polyethylene insulated thermoplastic sheathed cables - Specification: Part 2 for working voltages from 3.3 kV up to and including 33 kV (Second Revision)
CL,BIS Central Laboratory,IS 3831 (1979),"Specification for sterilizer, shallow (Dressing Drum)"
CL,BIS Central Laboratory,IS 3575 (1993),Bitumen drums - Specification (Third Revision)
CL,BIS Central Laboratory,IS 1825 (1983),Specification for aluminium alloy milk cans (Second Revision)
CL,BIS Central Laboratory,IS 458 (2003),Precast concrete pipes(With And Without Reinforcement) - Specification (Fourth Revision)
CL,BIS Central Laboratory,IS 1784 (2020),Screwed Closures for Drums — Specification ( Fourth Revision )
CL,BIS Central Laboratory,IS 12640 : Part 2 (2016),Residual current operated circuit - Breakers with integral overcurrent protection for household and similar uses (Rcbos): Part 2 general rules
CL,BIS Central Laboratory,IS 10228 (1982),Specification for school bag
CL,BIS Central Laboratory,IS 2465 (1984),Specification for cables for motor vehicles (Second Revision)
CL,BIS Central Laboratory,IS 6149 (1984),Specification for single - Ended open - Jaw adjustable wrenches (First Revision)
CL,BIS Central Laboratory,IS 302 : Part 2 : Sec 201 (2008),Safety of household and similar electrical appliances: Part 2 particular requirements: Sec 201 electric immersion water heaters (First Revision)
CL,BIS Central Laboratory,IS 4508 (1992),Open ended slugging wrenches (Spanners) - specification (First Revision)
CL,BIS Central Laboratory,IS 14899 (2014),Liquefied petroleum gas (LPG) containers for automotive use - Specification (First Revision)
CL,BIS Central Laboratory,IS 8978 (1992),Specification for electric instantaneous water heaters (Second Revision)
CL,BIS Central Laboratory,IS 14846 (2000),Sluice valve for water works purposes (50 To 1200 mm size) - specification
CL,BIS Central Laboratory,IS 3725 (1966),"Specification for resistance wires, tapes and strips for heating flements"
CL,BIS Central Laboratory,IS 15652 (2006),Insulating mats for electrical purposes - Specification
CL,BIS Central Laboratory,IS 1879 (2010),Malleable cast iron pipe fittings - Specification (Third Revision)
CL,BIS Central Laboratory,IS 2082 (2018),Stationary storage type electric water heaters - Specification (Fifth Revision)
CL,BIS Central Laboratory,IS 3196 : Part 4 (2001),Welded low carbon steel cylinders exceeding 5 litre water capacity for low pressure liquefiable gases - Specification: Part 4 cylinders for toxic and corrosive gases
CL,BIS Central Laboratory,IS 1554 : Part 2 (1988),Specification for pvc insulated (Heavy Duty) electric cables: Part 2 for working voltages from 3.3 kV up to and including 11 kV (Second Revision)
CL,BIS Central Laboratory,IS 1536 (2001),"Centrifugally cast (Spun) iron pressure pipes for water, gas and sewage - Specification (Fourth Revision)"
CL,BIS Central Laboratory,IS 4250 (1980),Specification for domestic electric food - Mixers (Liquidizers And Grinders) (First Revision)
CL,BIS Central Laboratory,IS 362 (1991),Parliament Hinges -specification
CL,BIS Central Laboratory,IS 13997 (2014),"Drums, large open top - Specification (First Revision)"
CL,BIS Central Laboratory,IS 12664 : Part 1 (2003),Artificial limbs - Sach foot for lower extremity prostheses: Part 1 design and dimensions (First Revision)
CL,BIS Central Laboratory,IS 3196 : Part 2 (2006),Welded low carbon steel cylinders exceeding 5 litre water capacity for low pressure liquefiable gases: Part 2 cylinders for liquefiable non - Toxic gases other than lpg - Specification (First Revision)
CL,BIS Central Laboratory,IS 12585 (1988),Specification for thermoplastic hoses (Textile Reinforced) for water - General purpose
CL,BIS Central Laboratory,IS 8783 : Part 4 : Sec 3 (1995),Winding wires for submersible motors - Specification: Part 4 specification for individual wires: Sec 3 polyester and polypropylene insulated winding wires (First Revision)
CL,BIS Central Laboratory,IS 368 (2014),Electric immersion water heaters - Specification (Fifth Revision)
CL,BIS Central Laboratory,IS 10891 : Part 1 (2001),Steel wire ropes for aerial ropeways - Specification: Part 1 haulage ropes (First Revision)
CL,BIS Central Laboratory,IS 302 : Part 2 : Sec 30 (2007),Safety of household and similar electrical appliances: Part 2 particular requirements: Sec 30 room heaters (First Revision)
CL,BIS Central Laboratory,IS 8783 : Part 4 : Sec 1 (1995),Winding wires for submersible motors - Specification: Part 4 specification for indmdual wires: Sec 1 HR PVC insulated wires (First Revision)
CL,BIS Central Laboratory,IS 302 : Part 1 (2008),Safety of household and similar electrical appliances: Part 1 general requirements (Sixth Revision)
CL,BIS Central Laboratory,IS 15380 (2003),Moulded Raised High Density Fibre (HDF) Panel Doors -
CL,BIS Central Laboratory,IS 1551 (1991),Carbon papers - Typewriters - Specification (Second Revision)
CL,BIS Central Laboratory,IS 14490 (2018),Plain copier paper - Specification (First Revision)
CL,BIS Central Laboratory,IS 12928 (1990),Precipitated barium carbonate for ceramic and glass industry - Specification
CL,BIS Central Laboratory,IS 11744 (1986),"PecificatiOn for phosphorous pentachloride, technical"
CL,BIS Central Laboratory,IS 11673 : Part 2 (2019),Sodium hypochlorite solution - Specification: Part 2 water treatment use (Second Revision)
CL,BIS Central Laboratory,IS 11673 : Part 1 (2019),Sodium hypochlorite solution - Specification: Part 1 household and industrial use (Second Revision)
CL,BIS Central Laboratory,IS 11087 (1986),Specification for paper for magnetic ionk character recognition cheque printing (First Revision)
CL,BIS Central Laboratory,IS 8041 (1990),Rapid hardening portland cement - Specific4tion (Second Revision)
CL,BIS Central Laboratory,IS 14887 (2014),Textiles – High density polyethylene (HDPE)/ polypropylene (PP) woven sacks for packaging of 50 kg food grains – Specification (first revision)
CL,BIS Central Laboratory,IS 9873 : Part 3 (2017),Safety of toys: Part 3 migration of certain elements (Second Revision)
CL,BIS Central Laboratory,IS 7320 (1974),Specificaiton for concrete slump test apparatus
CL,BIS Central Laboratory,IS 9157 (1979),Specification for sodium nitrate and potassium nitrate for glass compositions
CL,BIS Central Laboratory,IS 1264 (1997),Brass gravity die castings - Specification (Fourth Revision)
CL,BIS Central Laboratory,IS 8887 (2018),Bitumen emulsion for roads (Cationic Type) - Specification (Third Revision)
CL,BIS Central Laboratory,IS 5950 (1984),Specification for shot firing cables (For Use Other Than In Shafts) (First Revision)
CL,BIS Central Laboratory,IS 5430 (2017),Ammonia preserved concentrated natural rubber latex (Second Revision)
CL,BIS Central Laboratory,IS 1856 (2005),Steel wire ropes for haulage purposes - Specification (Third Revision)
CL,BIS Central Laboratory,IS 4989 (2018),Foam concentrate for producing mechanical foam for fire fighting - Specification (Fourth Revision)
CL,BIS Central Laboratory,IS 4835 (1979),Specification Polyvinyl Acetate Dispersion Based Adhesives for Wood
CL,BIS Central Laboratory,IS 1759 (1986),Specification for powrahs (Second Revision)
CL,BIS Central Laboratory,IS 15155 (2002),Bar/wire wrapped steel cylinder pipes with mortar lining and coating (Including Specials) - Specification
CL,BIS Central Laboratory,IS 1729 (2002),Cast iron/ductile iron drainage pipes and pipe fittings for over ground non-pressure pipeline socket and spigot series (Second Revision)
CL,BIS Central Laboratory,IS 398 : Part 4 (1994),Aluminium conductors for overhead transmission purposes: Part 4 aluminium alloy stranded conductors (Aluminium - Magnesium - Silicon Type) - Specification (Third Revision)
CL,BIS Central Laboratory,IS 15683 (2018),Portable Fire Extinguishers — Performance and Construction — Specification ( First Revision )
CL,BIS Central Laboratory,IS 1223 (2001),Apparatus for determination of milk fat by gerber method - Specification (Third Revision)
CL,BIS Central Laboratory,IS 14927 : Part 2 (2001),Cable Trunking and Ducting Systems for Electrical Installations : Part 2 Cable Trunking and Ducting Systems Intended for Mounting on Walls or Ceiling
CL,BIS Central Laboratory,IS 3466 (1988),Specification For Masonry Cement
CL,BIS Central Laboratory,IS 2581 (2002),Round strand galvanized steel wire ropes for shipping purposes - Specification (Fourth Revision)
CL,BIS Central Laboratory,IS 2096 (1992),Asbestos cement flat sheets - Specification (First Revision)
CL,BIS Central Laboratory,IS 13382 (2018),"Cast iron specials for mechanical and push-on flexible joints for pressure pipes for water, gas and sewage - Specification (Second Revision)"
CL,BIS Central Laboratory,IS 1626 : Part 2 (1994),"Asbestos cement building pipes and pipe fittings, gutters and gutter fittings and roofing fittings: Part 2 gutter and gutter fittings) (Second Revision)"
CL,BIS Central Laboratory,IS 1592 (2003),Asbestos cement pressure pipes and joints - Specification (Fourth Revision)
CL,BIS Central Laboratory,IS 1269 : Part 2 (1997),Legal metrology - Material measures of length: Part 2 steel tape measures
CL,BIS Central Laboratory,IS 14709 (1999),N - Butyl acrylate - Specification
CL,BIS Central Laboratory,IS 398 : Part 2 (1996),"Aluminium conductors for overhead transmission purposes - Specification: Part 2 aluminium conuuctors, galvanized steel - Reinforced (Third Revision)"
CL,BIS Central Laboratory,IS 12592 (2002),Precast concrete manhole cover and frame - Specification (First Revision)
CL,BIS Central Laboratory,IS 1038 (1983),"Specification For Steel Doors, Windows And Ventilators"
CL,BIS Central Laboratory,IS 12427 (2001),Fasteners - Threaded steel fasteners - Hexagon head transmission tower bolts - Specification (First Revision)
CL,BIS Central Laboratory,IS 7452 (1990),"Hot rolled steel sections for doors, windows and ventilators - Specification"
CL,BIS Central Laboratory,IS 4454 : Part 2 (2001),Steel wire for mechanical springs - Specification february 2001: Part 2 oil hardened and tempered steel wire (Second Revision)
CL,BIS Central Laboratory,IS 398 : Part 1 (1996),Aluminium conductors for overhead transmission purposes - Specification: Part 1 aluminium stranded conductors (Third Revision)
CL,BIS Central Laboratory,IS 2721 (2003),Galvanized steel chain link fence fabric - Specification (Second Revision)
CL,BIS Central Laboratory,IS 9537 : Part 2 (1981),Specification for conduits for electrical installations: Part 2 rigid steel conduits
CL,BIS Central Laboratory,IS 4505 (2015),Sodium formaldehyde sulphoxylate - Specification (First Revision)
CL,BIS Central Laboratory,IS/IEC 60898 : PART 1 (2015),Electrical accessories - Circuit - Breakers for overcurrent protection for household and similar installations: Part 1 circuit - Breakers for a.c. operation (First Revision)
CL,BIS Central Laboratory,IS 17404 (2020),"Electrogalvanized Hot Rolled and Cold Reduced Carbon Steel Sheets and Strips "" Specification"
CL,BIS Central Laboratory,IS 16018 (2012),Wheeled fire extinguishers - Performance and construction - Specification
CL,BIS Central Laboratory,IS 15962 (2012),Structural steels for buildings and structures with improved seismic resistance
CL,BIS Central Laboratory,IS 15660 (2017),Refillable transportable seamless aluminium alloy gas cylinders - Specification (First Revision)
CL,BIS Central Laboratory,IS 9537 : Part 3 (1983),Specification for conduits for electrical installations: Part 3 rigid plain conduits of insulating meterials
CL,BIS Central Laboratory,IS 15542 (2005),Power - Operated chaff cutter - Safety requirements
CL,BIS Central Laboratory,IS 15490 (2017),Seamless steel cylinders for on - Board storage of compressed natural gas as a fuel for automotive vehicles - Specification (First Revision)
CL,BIS Central Laboratory,IS 14652 (1999),18 percent nickel maraging steel bars and rods - Specification
CL,BIS Central Laboratory,IS 14491 (1997),Low carbon high strength cold rolled steel sheets and coils for cold forming - Specification
CL,BIS Central Laboratory,IS 14331 (1995),Steels for high temperature bolting applications - Specification
CL,BIS Central Laboratory,IS 9968 : Part 1 (1988),Specification for elastomer insulatedcables: Part 1 for working voltages up to and including 1100 volts (First Revision)
CL,BIS Central Laboratory,IS 13114 (1991),"forged brass gate, globe and check valves for water works purposes"
CL,BIS Central Laboratory,IS 13983 (1994),Stainless Steel Sinks For Domestic Purposes
CL,BIS Central Laboratory,IS 7809 : Part 3 : Sec 1 (1986),Specification for pressure sensitive adhesive insulating tapes for electrical purposes: Part 3 requirements or individual materials: Sec 1 plasticized polyvinylchloride tapes with non - Thermosetting adhesive (First Revision)
CL,BIS Central Laboratory,IS 374 (2019),Specification for electric ceiling type fans and regulators (Third Revision)
CL,BIS Central Laboratory,IS 2745 (1983),Specification for non - Metal helmet for firemen and civil defence personnel (Second Revision)
CL,BIS Central Laboratory,IS 9562 (1980),Specification for non - Metal helmet for police force
CL,BIS Central Laboratory,IS 4308 (2019),"Dry Chemical Powders for Fire Fighting — BC, ABC and D Types — Specification ( Third Revision )"
CL,BIS Central Laboratory,IS 12367 (1988),Specification for cold - Rolled carbon steel strips/coils for manufacture of welded tubes
CL,BIS Central Laboratory,IS 12337 (1988),Specification for manually operated fertilizer broadcaster
CL,BIS Central Laboratory,IS 12146 (1987),Specification for carbon manganese steel forgings for pressure vessels
CL,BIS Central Laboratory,IS 4148 (1989),Surgical rubber gloves - Specification (First Revision)
CL,BIS Central Laboratory,IS 11946 (1987),Specification for soft magnetic iron strips
CL,BIS Central Laboratory,IS 11833 (1986),Specification For Dry Powder Fire Extinguisher For Metal Fires
CL,BIS Central Laboratory,IS 3205 (1984),"Specification for precipitated barium carbonate, technical (First Revision)"
CL,BIS Central Laboratory,IS 11587 (1986),Specification for structural weather resistant steels
CL,BIS Central Laboratory,IS 5516 (1996),Variable flow type air - Permeability apparatus (Blaine Type) - Specification
CL,BIS Central Laboratory,IS 280 (2006),Mild steel wire for general engineering purposes (Fourth Revision)
CL,BIS Central Laboratory,IS 11169 : Part 2 (1989),Steels for cold heading/cold extrusion applicationsspecification: Part 2 stainless steels
CL,BIS Central Laboratory,IS 8749 (2002),Biogas stove - Specification (Second Revision)
CL,BIS Central Laboratory,IS 10632 : Part 2 (1983),Specification for non magnetic stainless steels for electrical applications: Part 2 specific requirements for binding wires
CL,BIS Central Laboratory,IS 5514 (1996),Specification Apparatus Used in `Le-chatelier' Test
CL,BIS Central Laboratory,IS 10631 (1983),Specification for stainless steel for welding electrode core wire
CL,BIS Central Laboratory,IS 9516 (1980),Specification for heat resisting steels
CL,BIS Central Laboratory,IS 9476 (1980),Specification for cold-rolled steel strips for carbon steel razor blades
CL,BIS Central Laboratory,IS 10212 : Part 1 (1986),General requirements of packages for explosives: Part 1 coommercial high explosives (First Revision)
CL,BIS Central Laboratory,IS 5513 (1996),Specification for vicat apparatus
CL,BIS Central Laboratory,IS 2185 : Part 1 (2005),Concrete masonry units - Specification: Part 1 hollow and solid concrete blocks (Third Revision)
CL,BIS Central Laboratory,IS 2185 : Part 3 (1984),Concrete Masonry Units Part 3 Autoclaved Cellular Aerated Concrete Blocks
CL,BIS Central Laboratory,IS 2098 (1997),Asbestos cement building boards - Specification (First Revision)
CL,BIS Central Laboratory,IS 3832 (2005),Hand - Operated chain pulley block - Specification (Third Revision)
CL,BIS Central Laboratory,IS 1848 : Part 1 (2018),"Writing and printing papers - Specification: Part 1 account book, azure lead, bond, cream laid and cream wove/printing white/printing coloured/printing offset, printing maplitho, printing white super calendered and typewriting types (Fifth Revision)"
CL,BIS Central Laboratory,IS 2312 (1967),Specification for propeller type AC ventilating fans (First Revision)
CL,BIS Central Laboratory,IS 1322 (1993),Bitumen Felts for Water Proofing and Damp-proofing
CL,BIS Central Laboratory,IS 9295 (1983),Specification for steel tubes for idlers for belt conveyors (First Revision)
CL,BIS Central Laboratory,IS 9825 (2003),Chlorine tablets - Specification (Second Revision)
CL,BIS Central Laboratory,IS 8952 (1995),"Steel ingots, blooms and billets for production of mild steel wire rods for general engineering purposes - Specification (First Revision)"
CL,BIS Central Laboratory,IS 7454 (1991),"Rehabilitation equipment - Wheelchairs, folding, adult size - Specification (First Revision)"
CL,BIS Central Laboratory,IS 8951 (2001),"Steel cast billet ignots, billets and blooms for production of high carbon steel wire rods - Specification (First Revision)"
CL,BIS Central Laboratory,IS 1932 (1986),Specification for mustard and rape seed oilcake as livestock feed ingredient (Second Revision)
CL,BIS Central Laboratory,IS 2557 (1994),Annatto colour for food products - Specification (First Revision)
CL,BIS Central Laboratory,IS 5295 (1985),Specification for ethylene glycol (First Revision)
CL,BIS Central Laboratory,IS 5346 (1994),Synthetic food colour - Preparations and mixtures - Specification (Second Revision)
CL,BIS Central Laboratory,IS 7224 (2006),"Iodized salt, vacuum evaporated iodized salt and refined iodized salt - Specification (Second Revision)"
CL,BIS Central Laboratory,IS 1397 (2020),Kraft Paper for Packing and Wrapping — Specification ( Third Revision )
CL,BIS Central Laboratory,IS 7532 (2018),Soft soap - Specification (First RevisIon)
CL,BIS Central Laboratory,IS 8776 (1988),Specification for valve fittings for use with liquefied petroleum gas (LPG) cylinders up to and including 5 - Litre water capacity (First Revision)
CL,BIS Central Laboratory,IS 1875 (1992),"Carbon steel billets, blooms, slabs and bars for forgings - Specification (Fifth Revision)"
CL,BIS Central Laboratory,IS 1703 (2000),Water Fittings - Copper Alloy Float Valves (Horizontal Plunger Type) -
CL,BIS Central Laboratory,IS 1319 (1983),Specification for edible tapioca starch (Second Revision)
CL,BIS Central Laboratory,IS 10065 (1981),Specification for roasted groundnut (Peanut) kernels
CL,BIS Central Laboratory,IS 1109 (1980),Specification for borax (Second Revision)
CL,BIS Central Laboratory,IS 11657 (1986),"Specification for phosphorus oxychloride, technical"
CL,BIS Central Laboratory,IS 8052 (2006),"Steel ingots,billets and blooms for the production of springs, rivets and screws for general engineering applications - Specification (Second Revision)"
CL,BIS Central Laboratory,IS 7557 (1982),Specification for steel wire (Up To 20 Mm) for the manufacture of cold - Forged rivets (First Revision
CL,BIS Central Laboratory,IS 12923 (1990),Cane gur (Jaggery) - Specification
CL,BIS Central Laboratory,IS 863 (1988),"Specification for cotton bandage cloth, non-sterilized (second revision)"
CL,BIS Central Laboratory,IS 7494 (1981),Specification for steel for valves for internal combustion engines (First Revision)
CL,BIS Central Laboratory,IS 12931 (1990),Atrazine WP - Specification
CL,BIS Central Laboratory,IS 848 (2006),Synthetic resin adhesives for plywood (Phenolic And Aminoplastic) - Specification (Second Revision)
CL,BIS Central Laboratory,IS 5872 (1990),Cold rolled steel strips (Box Strappings) - Specification
CL,BIS Central Laboratory,IS 13801 (2013),Chequered Cement Concrete Tiles -
CL,BIS Central Laboratory,IS 15647 (2006),Hot rolled steel narrow width strip for welded tubes and pipes
CL,BIS Central Laboratory,IS 12981 (1991),Common salt - Iron fortified - Specification
CL,BIS Central Laboratory,IS 3829 : Part 2 (1978),"Specification for steam sterilizers: Part 2 horizontal cylindrical high speed steam sterilizers, pressure type (First Revision)"
CL,BIS Central Laboratory,IS 15558 (2005),Mini domestic water heater for use with LPG - Specification
CL,BIS Central Laboratory,IS 758 (1988),"Specification for cotton gauze, absorbent, non-sterilized (fourth revision)"
CL,BIS Central Laboratory,IS 3564 (1995),Hydraulically Regulated Door Closers -Specification
CL,BIS Central Laboratory,IS 3829 : Part 1 (1999),"Specification for steam sterilizers: Part 1 horizontal cylindrical and horizontal rectangular steam sterilizers, pressure type (For Hospital And Pharmaceutical Use) (Second Revision)"
CL,BIS Central Laboratory,IS 4368 (1967),"Specification for alloy steel billets, blooms and slabs for forging for general engineering purposes"
CL,BIS Central Laboratory,IS 14183 (1994),Pesticide - Cartap hydrochloride SP - Specification
CL,BIS Central Laboratory,IS 799 (1985),"Specification for ammonia, liquor (Second Revision)"
CL,BIS Central Laboratory,IS 15911 (2010),Structural steel (Ordinary Quality) - Specification
CL,BIS Central Laboratory,IS 14184 (1994),Pesticide - Cartap hydrochloride G - Specification
CL,BIS Central Laboratory,IS 1155 (1968),Specification for wheat aita (Second Revision)
CL,BIS Central Laboratory,IS 14300 (1995),Neem based EC containing azadirachtin - Specification
CL,BIS Central Laboratory,IS 7312 (2018),Welded and seamless steel dissolved acetylene gas cylinders - Specification (Third Revision)
CL,BIS Central Laboratory,IS 1239 : Part 2 (2011),"Steel tubes, tubulars and other steel fittings - Specification: Part 2 steel pipe fittings (Fifth Revision)"
CL,BIS Central Laboratory,IS 7291 (1981),Specification for high speed tool steels (First Revision)
CL,BIS Central Laboratory,IS 14411 (1996),Deltamethrin F - Specification
CL,BIS Central Laboratory,IS 1011 (2002),Biscuits - Specification (Fourth Revision)
CL,BIS Central Laboratory,IS 14510 (1997),Lambda - Cyhalothrin WP - Specification
CL,BIS Central Laboratory,IS 7285 : Part 1 (2018),Refillable seamless steel gas cylinders - Specification: Part 1 normalized steel cylinders (Fourth Revision)
CL,BIS Central Laboratory,IS 7226 (1974),"Specification for cold - Rolled medium, high carbon and low alloy steel strip for general engineering purposes"
CL,BIS Central Laboratory,IS 14550 (1998),"Hexaconazole, EC - Specification"
CL,BIS Central Laboratory,IS 16232 (2014),Iron fortified iodized salt (Double Fortified Salt) - Food grade - Specification
CL,BIS Central Laboratory,IS 15160 (2002),Pretilachlor emulsifiable concentrate - specification
CL,BIS Central Laboratory,IS 10325 (2000),"Square tins - 15 kg/litre for ghee, vanaspati, edible oils and bakery shortenings - Specification (Second Revision)"
CL,BIS Central Laboratory,IS 8737 (2017),Valve fittings for use with liquefied petroleum gas (LPG) cylinders for more than 5 litre water capacity - Specification (Second Revision)
CL,BIS Central Laboratory,IS 5986 (2017),"Hot rolled steel sheet, plate and strip for forming and flanging purposes - Specification (Fourth Revision)"
CL,BIS Central Laboratory,IS 15182 (2002),Propiconazole EC - Specification
CL,BIS Central Laboratory,IS 14158 (1994),Cyfluthrin WP - Specification
CL,BIS Central Laboratory,IS 6967 (1973),Specification for steels for electrically welded round link chains
CL,BIS Central Laboratory,IS 1660 (2009),Wrought aluminium utensils - Specification (First Revision)
CL,BIS Central Laboratory,IS 11513 (2017),Hot rolled carbon steel strip for cold rolling purposes - Specification (Second Revision)
CL,BIS Central Laboratory,IS 336 (1973),Specification for ether
CL,BIS Central Laboratory,IS 2028 (2004),Open jaw wrenches (Spanners) - Specification (Fijih Revision)
CL,BIS Central Laboratory,IS 6240 (2008),Hot rolled steel plate (Up To 6 Mm) sheet and strip for the manufacture of low pressure liquefiable gas cylinders (Fourth Revision)
CL,BIS Central Laboratory,IS 14276 (2016),Cement bonded particle boards - Specification (First Revision)
CL,BIS Central Laboratory,IS 2645 (2003),Integral waterproofing compounds for cement mortar and concrete - Specification (Second Revision)
CL,BIS Central Laboratory,IS 13785 (1993),Pesticide - Dodine WP - Specification
CL,BIS Central Laboratory,IS 13692 (1993),Metalaxyl mancqzeb WP - Specification
CL,BIS Central Laboratory,IS 15965 (2012),Pre - Painted aluminium zinc alloy metallic coated steel strip and sheet (Plain)
CL,BIS Central Laboratory,IS 8042 (2015),White portland cement - Specification (Third Revision)
CL,BIS Central Laboratory,IS 15961 (2012),Hot dip aluminium - Zinc alloy metallic coated steel strip and sheet (Plain)
CL,BIS Central Laboratory,IS 13457 (1992),Pesticide - Deltamethrin WP specification
CL,BIS Central Laboratory,IS 996 (2009),Single phase a.c. induction motors for general purpose (Third Revision)
CL,BIS Central Laboratory,IS 12751 (1989),Pesticides - Pendimethalin EC - Specification
CL,BIS Central Laboratory,IS 299 (2012),Alumino - Ferric - Specification (Fifth Revision)
CL,BIS Central Laboratory,IS 6006 (2014),Uncoated stress relieved strand for prestressed concrete - Specification (Second Revision)
CL,BIS Central Laboratory,IS 6527 (1995),Stainless steel wire rods - Specification (First Revision)
CL,BIS Central Laboratory,IS 12016 (1987),Specification for cypermethrin EC
CL,BIS Central Laboratory,IS 6003 (2010),"Indented Wire For--Prestressed Concrete """
CL,BIS Central Laboratory,IS 11997 (1987),Specification for fbnvaleratb AC
CL,BIS Central Laboratory,IS 1008 (2004),Sugar boiled confectionery - Specification (Second Revision)
CL,BIS Central Laboratory,IS 15997 (2012),Low nickel austenitic stainless steel sheet and strip for utensils and kitchen appliances - Specification
CL,BIS Central Laboratory,IS 3055 : Part 2 (2004),Clinical thermometers: Part 2 enclosed scale type - Specification (Third Revision)
CL,BIS Central Laboratory,IS 7466 (1994),Rubber gaskets for pressure cookers - Specifications (First Revison)
CL,BIS Central Laboratory,IS 6528 (1995),Stainless steel wire - Specification (First Revision)
CL,BIS Central Laboratory,IS 12681 (1989),Sodium nitrate for explosives and pyrotechnic industry - Specification
CL,BIS Central Laboratory,IS 7098 : Part 1 (1988),Specification for crosslinked polyethylene insulated pvc sheathed cables: Part 1 for working voltages up to and including 1100 volts (First Revision)
CL,BIS Central Laboratory,IS 3055 : Part 1 (1994),Clinical thermometers: Part 1 solid stem type - Specification (Second Revision)
CL,BIS Central Laboratory,IS 3390 (1988),"Specification for sphygmomanometers, mercurial (Second Revision)"
CL,BIS Central Laboratory,IS 14807 (2000),Phosphate solubilising bacterial inoculant (PSBI) - Specification
CL,BIS Central Laboratory,IS 16892 (2018),Sattu - Specification
CL,BIS Central Laboratory,IS 798 (2020),Orthophosphoric Acid — Specification ( Third Revision )
CL,BIS Central Laboratory,IS 1239 : Part 1 (2004),"Steel tubes, tubulars and other wrought steel fittings - Specification: Part 1 steel tubes (Sixth Revision)"
CL,BIS Central Laboratory,IS 1785 : Part 2 (1983),Specification for plain hard drawn steel wire for prestressed concrete: Part 2 as - Drawn wire (First Revision)
CL,BIS Central Laboratory,IS 11785 (1986),Specification for captan (Wettable Powder) WP
CL,BIS Central Laboratory,IS 1785 : Part 1 (1983),Specification for plain hard - Drawn steel wire for prestressed concrete: Part 1 cold drawn stress - Relieved wire (Second Revision)
CL,BIS Central Laboratory,IS 2879 (1998),Mild steel for metal arc welding electrodes - Specification (Third Revision)
CL,BIS Central Laboratory,IS 4270 (2001),Steel tubes used for water wells specification (Third Revision)
CL,BIS Central Laboratory,IS 7887 (1992),Mild steel wire rod for general engineering purposes - Specification (First Revision)
CL,BIS Central Laboratory,IS 6913 (1973),Specification for stainless steel tubes for the food and beverage industry
CL,BIS Central Laboratory,IS 10748 (2004),Hot - Rolled steel strip for welded tubes and pipes - Specification (Second Revision)
CL,BIS Central Laboratory,IS 6902 (1973),Specification for steel wire for spokes
CL,BIS Central Laboratory,IS 6649 (1985),Specification for hardened and tempered washers for high strength structural bolts and nuts (First Revision)
CL,BIS Central Laboratory,IS 15227 (2002),Deltamethrin ULV - Specification
CL,BIS Central Laboratory,IS 1161 (2014),Steel tubes for structural purposes - Specification (Fifth Revision)
CL,BIS Central Laboratory,IS 6529 (1996),"Stainless steel blooms, billets and slabs for forging - Specification (First Revision)"
CL,BIS Central Laboratory,IS 6911 (2017),"Stainless steel plate, sheet and strip - Specification (Second Revision)"
CL,BIS Central Laboratory,IS 432 : Part 2 (1982),Mild Steel and Medium Tensile Steel Bars and Hard-Drawn Steel Wire for Concrete Reinforcement: Part 2 Hard-Drawn Steel Wire
CL,BIS Central Laboratory,IS 15228 (2002),Cyfluthrin - Emulsion in water (EW) - Specification
CL,BIS Central Laboratory,IS 6392 (2020),Steel Pipes Flanges — Specification ( First Revision )
CL,BIS Central Laboratory,IS 5651 (1987),Specification for steels for pneumatic tools (First Revision)
CL,BIS Central Laboratory,IS 277 (2018),Galvanized steel strips and sheets (Plain And Corrugated) - Specification (Seventh Revision)
CL,BIS Central Laboratory,IS 432 : Part 1 (1982),Mild Steel and Medium Tensile Steel Bars and Hard-Drawn Steel Wire for Concrete Reinforcement: Part 1 Mild Steel and Medium Tensile Steel Bars
CL,BIS Central Laboratory,IS 15236 (2002),Profenofos + cypermethrin emulsifiable concentrate - Specification
CL,BIS Central Laboratory,IS 15240 (2002),Profenofos emulsifiable concentrate - Specification
CL,BIS Central Laboratory,IS 455 (2015),Portland slag cement - Specification
CL,BIS Central Laboratory,IS 15443 (2004),Imidacloprid technical - Specification
CL,BIS Central Laboratory,IS 5522 (2014),Stainless steel sheets and strips for utensils - Specification (Third Revision)
CL,BIS Central Laboratory,IS 5517 (1993),Steels for hardening and tempering - Speicification (Second Revision)
CL,BIS Central Laboratory,IS 5504 (1997),Specification for spiral welded pipes (First Revision)
CL,BIS Central Laboratory,IS 5489 (1975),Specification for carburizing steels for use in bearing industry (First Revision)
CL,BIS Central Laboratory,IS 17423 (2020),Medical textiles – Coveralls for COVID 19 – Specification
CL,BIS Central Laboratory,IS 5290 (1993),Landing valves - Specification (Third Revision)
CL,BIS Central Laboratory,IS 4947 (2006),Foam concentrate for producing mechanical foam for fire fighting - Specification (Fourth Revision)
CL,BIS Central Laboratory,IS 253 (2014),Specification for common salt (Fourth Revision)
CL,BIS Central Laboratory,IS 4923 (2017),Hollow steel sections for structural use - Specification (Third Revision)
CL,BIS Central Laboratory,IS 15692 (2006),"Hexaconazole, suspension concentrate (SC) - Specification"
CL,BIS Central Laboratory,IS 11708 (1986),"Specification for hand, mechanical"
CL,BIS Central Laboratory,IS 4882 (1979),Specification for low carbon steel wire for rivets for use in bearing industry (First Revision)
CL,BIS Central Laboratory,IS 15848 (2009),"Zinc sulphate, monohydrate, agricultural grade - Specification"
CL,BIS Central Laboratory,IS 4454 : Part 4 (2001),Steel wires for mechanical springs: Part 4 stainless steel wire (Second Revision)
CL,BIS Central Laboratory,IS 4398 (1994),"Carbon - Chromium steel for the manufacture of balls, rollers and bearing races - Specification (Second Revision)"
CL,BIS Central Laboratory,IS 10243 (1993),"2,4 - D ethyl ester EC- Specificationn (First Revision)"
CL,BIS Central Laboratory,IS 4397 (1999),Cold - Rolled carbon steel strips for ball and roller bearing cages retainers - Specification (Second Revision)
CL,BIS Central Laboratory,IS 4224 (1972),"Specification for steel wire for staples, pins and clips (First Revision)"
CL,BIS Central Laboratory,IS 4223 (1975),Steel Wire For Umbrella Ribs
CL,BIS Central Laboratory,IS 3975 (1999),"Low carbon galvanized steel wires, formed wires and tapes for armouring of cables - Specification (Third Revision)"
CL,BIS Central Laboratory,IS 11646 : Part 2 (1986),Specification for cane for visually handicapped: Part 2 folding type
CL,BIS Central Laboratory,IS 8708 (2006),Mancozeb wettable powder - Specification (First Revision)
CL,BIS Central Laboratory,IS 3885 : Part 2 (1992),Steel for the manufacture of laminated springs (Railway Rollingstock): Part 2 rib and groove sections (Second Revision)
CL,BIS Central Laboratory,IS 3885 : Part 1 (1992),Steel for the manufacture of laminated springs (Railway Rolling Stock): Part 1 flat sections - Specification (Second Revision)
CL,BIS Central Laboratory,IS 3829 : Part 3 (1985),"Specification for steam sterilizers: Part 3 pressure sterilizers, vertical cylindrical type"
CL,BIS Central Laboratory,IS 9471 : Part 5 (1980),"Specification for modular lower limb orthotic components: Part 5 joint unit, knee"
CL,BIS Central Laboratory,IS 3626 (2001),Locked coil winding ropes - Specification (Second Revision)
CL,BIS Central Laboratory,IS 16145 (2013),Fipronil suspension concentrate (SC) - Specification
CL,BIS Central Laboratory,IS 3589 (2001),Steel pipes for water and sewage (168.3 To 2540 Mm Outside Diameter) - Specification (Third Revision)
CL,BIS Central Laboratory,IS 16240 (2015),Reverse osmosis (RO) based point-of-use (POU) water treatment system - Specification
CL,BIS Central Laboratory,IS 3431 (1982),Specification for steel for the manufacture of volute helical and laminated springs for automotive suspension (Second Revision)
CL,BIS Central Laboratory,IS 1341 (2018),Steel Butt Hinges - Specification (Sixth Revision)
CL,BIS Central Laboratory,IS 3319 (1995),"Blades, surgical, detachable (Bard Parker Type) and handles - Specification (Fourth Revision)"
CL,BIS Central Laboratory,IS 302 : Part 2 : Sec 3 (2007),Safety of household and similar electrical appliances: Part 2 particular requirements: Sec 3 electric iron (First Revision)
CL,BIS Central Laboratory,IS 9471 : Part 2 (1980),"Specification for modular lower limb orthotic components: Part 2 stirrups, split"
CL,BIS Central Laboratory,IS 14255 (1995),Aertal bunched cables - For working voltages up to and including 1100 Volts - Specification
CL,BIS Central Laboratory,IS 8498 (2013),"Temephos, emulsifiable concentrate (EC) - Specification (First Revision)"
CL,BIS Central Laboratory,IS 3195 (1992),Steel for the manufacture of volute and helical springs (For Railway Rolling Stock) - Specification (Third Revision)
CL,BIS Central Laboratory,IS 8446 (1991),Pesticide - Carbendazim (MBC) WP - Specification (First Revision)
CL,BIS Central Laboratory,IS 3074 (2013),Steel tubes for automotive purposes - Specification (Third Revision)
CL,BIS Central Laboratory,IS 3039 (1988),Specification for structural steel for construction of hulls of ships (Second Revision)
CL,BIS Central Laboratory,IS 7231 (1994),plastic flushing cisterns for waterclosets and urinals
CL,BIS Central Laboratory,IS 8249 (2019),"Zinc sulphate heptahydrate, agricultural grade - Specification (First Revision)"
CL,BIS Central Laboratory,IS 2569 (1978),Specification for malathion water dispersible powder concentrates
CL,BIS Central Laboratory,IS 2681 (1993),Non - Ferrous metal sliding door bolts (Aldrops) for use with padlocks - Specification (Third Revision)
CL,BIS Central Laboratory,IS 5175 (2022),Fibre ropes - Polypropylene split film monofilament and multifilament PP 2 and polypropylene high tenacity multifilament PP 3 3- 4- 8- and 12- strand ropes (fourth revision)
CL,BIS Central Laboratory,IS 2546 (1974),Specification for galvanized mild steel fire bucket (First Revision)
CL,BIS Central Laboratory,IS 3502 (2009),Steel chequered plates (Third Revision)
CL,BIS Central Laboratory,IS 2385 (1977),Specification for hot - Rolled mild steel sheet and strip in coil form for cold - Reduced tinplate and cold - Reduced blackplate (First Revision)
CL,BIS Central Laboratory,IS 2266 (2019),Steel wire ropes for general engineering purpose - Specification (Fifth Revision)
CL,BIS Central Laboratory,IS 2255 (1977),Specification for mild steel wire rod for the manufacture of machine screws (By Cold Heading Process) (Second Revision)
CL,BIS Central Laboratory,IS 2141 (2000),Hot dip galvanized stay strand - Specification (Fourth Revision)
CL,BIS Central Laboratory,IS 2090 (1983),Specification for high tensile steel bars used in prestressed concrete (First Revision)
CL,BIS Central Laboratory,IS 2568 (1978),Specification for malathion dusting powders
CL,BIS Central Laboratory,IS 447 (1988),Specification for rubber hose for welding (Fourth Revision)
CL,BIS Central Laboratory,IS 1812 (1982),Specification for carbon steel wire for the manufacture of wood screws (Second Revision)
CL,BIS Central Laboratory,IS 1673 (1984),"Spectfication for mild steel wire, cold heading quality (Second Revision)"
CL,BIS Central Laboratory,IS 1253 (1992),Aluminium for use in iron and steel manufacture - Specification (Third Revision)
CL,BIS Central Laboratory,IS 2567 (1978),Specification for malathion emulsifiable concentrates
CL,BIS Central Laboratory,IS 1029 (1970),Specification for hot-rolled steel strip (Baling) (First Revision)
CL,BIS Central Laboratory,IS 1726 (1991),Cast iron manhole covers and frames - Specification (Third Revision)
CL,BIS Central Laboratory,IS 2142 (1992),"Bromine, technical - Specification (Second Revision)"
CL,BIS Central Laboratory,IS 963 (1958),Specification for chrome molybdenum steel bars and rods for aircraft purposes
CL,BIS Central Laboratory,IS 14724 (1999),Water purifiers with Ultra - Violet disinfection - Specification
CL,BIS Central Laboratory,IS 4454 : Part 1 (2001),Steel wire for mechanical springs - Specification: Part 1 cold drawn unalloyed steel wire (Third Revision)
CL,BIS Central Laboratory,IS 1832 (1978),"Specification for malathion, technical"
CL,BIS Central Laboratory,IS 14542 (1998),Partly skimmed milk powder specification
CL,BIS Central Laboratory,IS 1827 (1989),"Pesticides - Dimethyl amine SL salts of 2, 4 - D - Specification (Second Revision)"
CL,BIS Central Laboratory,IS 13422 (1992),Disposable surgical rubber gloves specification
CL,BIS Central Laboratory,IS 1824 (1978),Specification for insecticidal space spray
CL,BIS Central Laboratory,IS 1488 (1989),"Pesticides - 2, 4 - D sodium salt, technical - Specification"
CL,BIS Central Laboratory,IS 12176 (1987),Specification for sweetened ultra high temperature (UHT) treated condensed milk
CL,BIS Central Laboratory,IS 8183 (1993),Bonded mineral wool - Specification (First Revision)
CL,BIS Central Laboratory,IS 2404 (1993),Malt extract - Specification (Second Revision)
CL,BIS Central Laboratory,IS 5405 (2019),Sanitary napkins – Specification (second revision)
CL,BIS Central Laboratory,IS 1251 (1988),"Specification for zinc phosphide, technical"
CL,BIS Central Laboratory,IS 261 (1982),Specification for copper sulphate (Second Revision)
CL,BIS Central Laboratory,IS 1806 (2018),Malted milk foods - Specification (Second Revision)
CL,BIS Central Laboratory,IS 10758 (1983),Specification for de - Odourizing - Cum - Disinfectant fluids
CL,BIS Central Laboratory,IS 15328 (2003),Unplasticized Non-Pressure Polyvinyl Chloride ( PVC -U ) Pipes for use in Underground Drainage and Sewerage Systems -
CL,BIS Central Laboratory,IS 15778 (2007),Chlorinated polyvinyl chloride (Cpvc) pipes for potable hot and cold water distribution supplies - Specification
CL,BIS Central Laboratory,IS 781 (1984),Specification for cast copper alloy screw down bib taps and stop valves for water services (Third Revision)
CL,BIS Central Laboratory,IS 8088 (2019),"Tricycle, hand propelled ? specification (First Revision)"
CL,BIS Central Laboratory,IS 778 (1984),"Specification for 2010 copper alloy gate, globe and check valves for waterworks purposes (Fourth Revision)"
CL,BIS Central Laboratory,IS 1580 (1991),Bituminous compounds for waterproofing and caulking purposes - Specification (Second Revision)
CL,BIS Central Laboratory,IS 738 (1994),"Wrought aluminium alloys, drawn tube for general engineering purposes - Specification (Third Revision)"
CL,BIS Central Laboratory,IS 13334 : Part 2 (2014),Skimmed milk powder - Specification: Part 2 extra grade (First Revision)
CL,BIS Central Laboratory,IS 4246 (2002),Domestic gas stoves for use with liquefied petroleum gases - Specification (Fifth Revision)
CL,BIS Central Laboratory,IS 733 (1983),"Specification for wrought aluminium and aluminium alloy bars, rods and sections (For General Engineering Purposes) (Third Revision)"
CL,BIS Central Laboratory,IS 158 (2015),"Ready mixed paint, brushing, bituminous, black, acid, alkali and heat resisting - Specification (Fourth Revision)"
CL,BIS Central Laboratory,IS 14735 (1999),Unplasticized Polyvinyl Chloride (UPVC) Injection Moulded Fittings for Soil and Waste Discharge System for Inside and Outside Buildings Including Ventilation and Rain Water System -
CL,BIS Central Laboratory,IS 14151 : Part 1 (1999),Irrigation equipment - Sprinkler pipes - Specification: Part 1 polyethylene pipes (First Revision)
CL,BIS Central Laboratory,IS 281 (2009),Mild steel sliding door bolts for use with padlocks - Specification (Fourth Revision)
CL,BIS Central Laboratory,IS 278 (2009),Galvanized steel barbed wire for fencing - Specification (Fourth Revision)
CL,BIS Central Laboratory,IS 10124 : Part 2 (2009),Fabricated pvc - U fittings for potable water supplies - Specification: Part 2 specific requirements for sockets (Second Revision)
CL,BIS Central Laboratory,IS 10124 : Part 1 (2009),Fabricated PVC-U Fittings for Potable Water Supplies - Specification Part 1 General Requirements (Second Revision)
CL,BIS Central Laboratory,IS 276 (2000),Austenitic - Manganese steel castings - Specification (First Revision)
CL,BIS Central Laboratory,IS 210 (2009),Grey iron castings - Specification (First Revision)
CL,BIS Central Laboratory,IS 208 (1996),Door Handles - Specification ( Sixth Revision )
CL,BIS Central Laboratory,IS 205 (1992),Non - Ferrous metal butt specification (Fourth Revision)
CL,BIS Central Laboratory,IS 13592 (2013),Unplasticized Polyvinyl Chloride (PVC-U) Pipes for Soil and Waste Discharge System Inside and Outside Buiildings Including Ventilation and Rainwater System
CL,BIS Central Laboratory,IS 204 : Part 2 (1992),Tower bolts - Specification: Part 2 non - Ferrous metals (Fifth Revision)
CL,BIS Central Laboratory,IS 204 : Part 1 (1991),Tower bolts - Specification: Part 1 ferrous metals (Fifth Revision)
CL,BIS Central Laboratory,IS 1079 (2017),"Hot rolled carbon steel sheet, plate and strip - Specification (Seventh Revision)"
CL,BIS Central Laboratory,IS 3854 (1997),Switches for domestic and similar purposes - Specification (Second Revision)
CL,BIS Central Laboratory,IS 1489 : Part 2 (2015),Portland - Pozzolana cement - Specification: Part 2 calcined clay based
CL,BIS Central Laboratory,IS 1293 (2019),Plugs and socket - Outlets of rated Voltage up to and including 250 Volts and rated current up to and including 16 amperes - Specification (Third Revision)
CL,BIS Central Laboratory,IS 12818 (2010),Unplasticized polyvinyl chloride (Pvc - U) screen and casing pipes for bore/tubewells - Specification (Second Revision)
CL,BIS Central Laboratory,IS 2029 (1998),Ring wrenches (Spanners) - Specification (Fourth Revision)
CL,BIS Central Laboratory,IS 8944 (2005),"Chlorpyrifos, emulsifiable concentrates - Specification (First Revision)"
CL,BIS Central Laboratory,IS 9798 (2013),Low pressure regulators for use with liquefied petroleum gas (LPG) - Specification (Second Revision)
CL,BIS Central Laboratory,IS 1554 : Part 1 (1988),Specification for pvc insulated (Heavy Duty) electric cables: Part 1 for working voltages up to and including 1100 v (Third Revision)
CL,BIS Central Laboratory,IS 2062 (2011),Hot rolled medium and high tensile structural steel - Specification (Seventh Revision)
CL,BIS Central Laboratory,IS 1786 (2008),High strength deformed steel bars and wires for concretere inforcement - Specification (Fourth Revision)
CL,BIS Central Laboratory,IS 694 (2010),Polyvinyl chloride insulated unsheathed and sheathed cables/cords with rigid and flexible conductor for rated voltages up to and including 450/750 v (Fourth Revision)
CL,BIS Central Laboratory,IS 269 (2015),Ordinary portland cement - Specification (Sixth Revision)
CL,BIS Central Laboratory,IS 14151 : Part 2 (2008),Irrigation equipment - Sprinkler pipes - Specification: Part 2 quick coupled polyethylene pipes and fittings (Second Revision)
CL,BIS Central Laboratory,IS 1489 (Part 1) (2015),Portland pozzolana cement - Specification: Part 1 fly Ash Based
CL,BIS Central Laboratory,IS 4985 (2021),UNPLASTICIZED PVC PIPES FOR POTABLE WATER SUPPLIES SPECIFICATION Fourth Revision
CL,BIS Central Laboratory,IS 4984 (2016),Polyethylene pipes for water supply - Specification (Fifth Revision)
CL,BIS Central Laboratory,IS 2202 : Part 1 (2023),WOODEN FLUSH DOOR SHUTTERS SOLID CORE TYPE SPECIFICATION PART 1 PLYWOOD FACE PANELS Seventh Revision
CL,BIS Central Laboratory,IS 1659 (2004),Block boards - Specification (Fourth Revision)
CL,BIS Central Laboratory,IS 13334 : Part 1 (2014),Skimmed milk powder - Specification: Part 1 standard grade (Second Revision)
CL,BIS Central Laboratory,IS 303 (2024),Plywood for General Purposes — Specification (Fourth Revision)
ERL,BIS Eastern Regional Laboratory,IS 2062 (Part 2) (2026),"Structural Steel - Part 2 - Hot Rolled Quenched and Tempered Steel Plates, Sheets, Strips and Wide Flats"
ERL,BIS Eastern Regional Laboratory,IS 1875 (2025),"Steel Ingots, Billets, Blooms, Slabs and Bars For Forging - Specification (Sixth Revision)"
ERL,BIS Eastern Regional Laboratory,IS 15041 (2025),TEXTILES - FLAT WOVEN WEBBING SLINGS MADE FROM MANMADE FIBRES FOR GENERAL SERVICES - SPECIFICATION (FIRST REVISION)
ERL,BIS Eastern Regional Laboratory,IS 16984 (2024),Coated Folding Box Board for General Consumer Product Packaging — Specification (First Revision)
ERL,BIS Eastern Regional Laboratory,IS 5382 (2025),RUBBER SEALS JOINT RINGS FOR WATER SUPPLY DRAINAGE AND SEWERAGE PIPELINES SPECIFICATION FOR MATERIALS ( Third Revision )
ERL,BIS Eastern Regional Laboratory,IS 733 (1983),"Specification for wrought aluminium and aluminium alloy bars, rods and sections (For General Engineering Purposes) (Third Revision)"
ERL,BIS Eastern Regional Laboratory,IS 3196 : Part 1 (2013),Welded low carbon steel cylinders exceeding 5 litres water capacity for low pressure liquefiable gases: Part 1 cylinders for liquefied petroleum gases (Lpg) - Specification (Sixth Revision)
ERL,BIS Eastern Regional Laboratory,IS 10459 (2024),General Purpose Plug Valves - Specification (First Revision)
ERL,BIS Eastern Regional Laboratory,IS 14407 (2023),Aluminium cans for beverages -- Specification (first revision)
ERL,BIS Eastern Regional Laboratory,IS 18285 (2023),Aluminium cans for packaged natural mineral water and packaged drinking water -- Specification
ERL,BIS Eastern Regional Laboratory,IS 15961 (2025),Hot Dip Aluminium-Zinc Alloy Metallic Coated Steel Strip and Sheet - Specification (First Revision)
ERL,BIS Eastern Regional Laboratory,IS 736 (1986),Specification for wrought aluminium and aluminium alloy plate for general engineering purposes (Third Revision)
ERL,BIS Eastern Regional Laboratory,IS 4712 (1984),"Specification for forged steel, socket - Welding fittings (First Revision)"
ERL,BIS Eastern Regional Laboratory,IS 9550 (2024),Bright Steel Bars — Specification (Second Revision)
ERL,BIS Eastern Regional Laboratory,IS 14544 (2022),LEATHER SAFETY AND PROTECTIVE FOOTWEAR WITH DIRECT MOULDED POLYVINYL CHLORIDE PVC SOLE - SPECIFICATION First Revision
ERL,BIS Eastern Regional Laboratory,IS 17037 (2018),Anti riot shoes - Specification
ERL,BIS Eastern Regional Laboratory,IS 863 (1988),"Specification for cotton bandage cloth, non-sterilized (second revision)"
ERL,BIS Eastern Regional Laboratory,IS 9755 (2021),Textiles - High Density Polyethylene (HDPE) / Polypropylene (pp) Woven Sacks for Packing Fertilizers
ERL,BIS Eastern Regional Laboratory,IS 9685 (2002),Textiles – Sand bags – Specification (first revision)
ERL,BIS Eastern Regional Laboratory,IS 17043 : Part 1 (2024),Shoes - Specification Part 1 Shoes for Services
ERL,BIS Eastern Regional Laboratory,IS 15844 : Part 3 (2024),Sports Footwear Part 3 Professional Sports Footwear
ERL,BIS Eastern Regional Laboratory,IS 10951 (2020),Specification for Polypropylene ( PP ) Materials for Moulding and Extrusion ( Second Revision )
ERL,BIS Eastern Regional Laboratory,IS 17399 (2020),"Textiles - Polypropylene ( PP )/ High Density Polyethylene ( HDPE ) Laminated Woven Sacks for Mail Sorting, Storage, Transport and Distribution - Specification"
ERL,BIS Eastern Regional Laboratory,IS 16709 (2017),"Textiles - Polypropylene (PP) woven, laminated, block bottom valve sacks for packaging of 50 kg cement - Specification"
ERL,BIS Eastern Regional Laboratory,IS 17786 (2022),Medical Textiles Underpad Specification
ERL,BIS Eastern Regional Laboratory,IS 5405 (2025),Disposable Sanitary Napkin/Panty Liner/Maternity Pad/Period Panty - Specification ( Third Revision )
ERL,BIS Eastern Regional Laboratory,IS 19084 (2024),Plastic Containers and Closures for Homoeopathic Pharmaceutical Preparations - Specification
ERL,BIS Eastern Regional Laboratory,IS 18166 (2025),Unplasticized Polyvinyl Chloride PVC-U Threaded Column Pipes for Borewells/Tubewells - Specification
ERL,BIS Eastern Regional Laboratory,IS 15905 (2024),"Hubless Centrifugally Cast (Spun) Iron Pipes, Fittings and Accessories — Spigot Series —Specification"
ERL,BIS Eastern Regional Laboratory,IS 5950 (2024),Shot Firing Cables (for Use Other than in Shafts) - Specification (Second Revision)
ERL,BIS Eastern Regional Laboratory,IS 5290 (2025),Landing Valves - Specification (Fourth Revision)
ERL,BIS Eastern Regional Laboratory,IS 903 (2025),"Fire Hose Delivery Couplings, Branch Pipe, Nozzles and Nozzle Spanner - Specification (Fifth Revision)"
ERL,BIS Eastern Regional Laboratory,IS 444 (2025),"Rubber Hoses, Textile-Reinforced, for General-Purpose Water Applications - Specification (Sixth Revision)"
ERL,BIS Eastern Regional Laboratory,IS 4296 : Part 2 (2024),Tools for Pressing Punches Part 2 Punches with Cylindrical Head and Straight or Reduced Shank (second revision)
ERL,BIS Eastern Regional Laboratory,IS 9738 (2025),POLYETHYLENE BAGS FOR GENERAL PURPOSES - SPECIFICATION (third revision)
ERL,BIS Eastern Regional Laboratory,IS 21 (2025),Wrought Aluminium and Aluminium Alloys for Manufacture of Utensils - Specification (Fifth Revision)
ERL,BIS Eastern Regional Laboratory,IS 266 (2024),Sulphuric Acid —Specification (Fourth Revision)
ERL,BIS Eastern Regional Laboratory,IS 4109 (2023),KADAHI - SPECIFICATION
ERL,BIS Eastern Regional Laboratory,IS 2002 (2009),Steel plate for pressure vessel for intermediate and high temperature service including boilers (Third Revision)
ERL,BIS Eastern Regional Laboratory,IS 2041 (2024),Steel Plates and Strips for Pressure Vessels Used at Moderate and Low Temperature — Specification (Fourth Revision)
ERL,BIS Eastern Regional Laboratory,IS 1838 : Part 3 (2011),Preformed Fillers for Expansion Joints in Concrete Pavements and Structures(non-extruding and resilient type) Part 3 Polymer Based
ERL,BIS Eastern Regional Laboratory,IS 266 (1993),Sulphuric acid - Specification (Third Revision)
ERL,BIS Eastern Regional Laboratory,IS 15410 (2025),PLASTIC BOTTLES/CONTAINERS FOR PACKAGING OF NATURAL MINERAL WATER AND PACKAGED DRINKING WATER - SPECIFICATION (first revision)
ERL,BIS Eastern Regional Laboratory,IS 9294 (2023),COLD-ROLLED STAINLESS STEEL STRIPS FOR RAZOR BLADES - Specification (First Revision)
ERL,BIS Eastern Regional Laboratory,IS 16088 (2012),Chlorinated polyvinyl chloride (CPVC) pipes for automatic sprinkler fire extinguishing system - Specification
ERL,BIS Eastern Regional Laboratory,IS 5872 (2025),Steel strapping for packaging ( Third Revision)
ERL,BIS Eastern Regional Laboratory,IS 12679 (2023),By-Product Gypsum for Construction - Specification (Second Revision)
ERL,BIS Eastern Regional Laboratory,IS 18482 (2023),Textiles - Sandwich extrusion laminated polypropylene PP woven sacks for packaging bulk commodities - Specification
ERL,BIS Eastern Regional Laboratory,IS 15354 : Part 1 (2018),Single - Use medical examination gloves: Part 1 specification for gloves made from rubber latex or rubber solution (First Revision)
ERL,BIS Eastern Regional Laboratory,IS 3667 (1993),Textiles – B-twill jute cloth – Specification (second revision)
ERL,BIS Eastern Regional Laboratory,IS 2566 (1993),Textiles – B-twill jute bags for packing foodgrains – Specification (third revision)
ERL,BIS Eastern Regional Laboratory,IS 15138 (2024),Textiles - Jute Bags For Packing 50 Kg Sugar - Specification (second revision)
ERL,BIS Eastern Regional Laboratory,IS 10258 : Part 1 (2022),Sterile hypodermic syringes for single use Part 1: Syringes for manual use Third Revision
ERL,BIS Eastern Regional Laboratory,IS 2365 (2018),"Steel wire suspension ropes for lifts, elevators and hoists - Specification (Second Revision)"
ERL,BIS Eastern Regional Laboratory,IS 3626 (2001),Locked coil winding ropes - Specification (Second Revision)
ERL,BIS Eastern Regional Laboratory,IS 1363 : Part 3 (2018),"Hexagon Head Bolts, Screws and Nuts of Product Grade ˜C ™ Part 3 (Style 1) Hexagon Nuts ( Size Range M 5 to M 64 ) ( Fifth Revision )"
ERL,BIS Eastern Regional Laboratory,IS 8856 (1991),Hexagon weld nuts - Specification (First Revision)
ERL,BIS Eastern Regional Laboratory,IS 18809 (2024),Wear and abrasion resistant steel sheet and plate - Specification
ERL,BIS Eastern Regional Laboratory,IS 398 : Part 1 (1996),Aluminium conductors for overhead transmission purposes - Specification: Part 1 aluminium stranded conductors (Third Revision)
ERL,BIS Eastern Regional Laboratory,IS 17509 (2021),Disposable Baby Diaper Specification
ERL,BIS Eastern Regional Laboratory,IS 17508 (2020),Disposable Adult Incontinence Diaper - Specification
ERL,BIS Eastern Regional Laboratory,IS 5557 : Part 1 (2024),All Rubber Gum Boots and Ankle Boots Part 1 Safety and Protective
ERL,BIS Eastern Regional Laboratory,IS 13995 (1995),Unlined moulded rubber boots - Specification
ERL,BIS Eastern Regional Laboratory,IS 4759 (1996),Hot - Dip zinc coatings on structural steel and other allied products - Specification (Third Revision)
ERL,BIS Eastern Regional Laboratory,IS 7138 (1973),Specification for steel tubes for furniture purposes
ERL,BIS Eastern Regional Laboratory,IS 412 (1975),Specification for expanded metal steel sheets for general purposes (Second Revision)
ERL,BIS Eastern Regional Laboratory,IS 3954 (1991),Hot Rolled Steel Channel Sections for General Engineering Purposes - Dimensions
ERL,BIS Eastern Regional Laboratory,IS 2255 (1977),Specification for mild steel wire rod for the manufacture of machine screws (By Cold Heading Process) (Second Revision)
ERL,BIS Eastern Regional Laboratory,IS 3989 (2024),"CENTRIFUGALLY CAST (SPUN) IRON SPIGOT AND SOCKET PIPES, FITTINGS AND ACCESSORIES - SPECIFICATION (Fourth Revision)"
ERL,BIS Eastern Regional Laboratory,IS 18800 (2023),Stainless steel feeding bottle for infants -- Specification
ERL,BIS Eastern Regional Laboratory,IS 1029 (1970),Specification for hot-rolled steel strip (Baling) (First Revision)
ERL,BIS Eastern Regional Laboratory,IS 444 (2017),"Rubber hoses, textile - Reinforced, for general - Purpose water applications - Specification (Fifth Revision)"
ERL,BIS Eastern Regional Laboratory,IS 1783 : Part 2 (2014),"Drums large, fixed ends - Specification: Part 2 grade B drums (Fourth Revision)"
ERL,BIS Eastern Regional Laboratory,IS 16984 (2018),Folding box board for general consumer product packaging - Specification
ERL,BIS Eastern Regional Laboratory,IS 15030 (2022),TEREPHTHALIC ACID - SPECIFICATION (First revision)
ERL,BIS Eastern Regional Laboratory,IS 10116 (2015),Boric acid - Specification (First Revision)
ERL,BIS Eastern Regional Laboratory,IS 12146 (1987),Specification for carbon manganese steel forgings for pressure vessels
ERL,BIS Eastern Regional Laboratory,IS 5405 (2019),Sanitary napkins – Specification (second revision)
ERL,BIS Eastern Regional Laboratory,IS 863 (2023),Medical Textiles - Cotton bandage cloth - Specification third revision of IS 863
ERL,BIS Eastern Regional Laboratory,IS 13095 (2020),Butterfly Valves for General Purposes ( First Revision )
ERL,BIS Eastern Regional Laboratory,IS 758 (2023),MEDICAL TEXTILES - COTTON ABSORBENT GAUZE - SPECIFICATION ( Fifth Revision of IS 758 )
ERL,BIS Eastern Regional Laboratory,IS 7466 (1994),Rubber gaskets for pressure cookers - Specifications (First Revison)
ERL,BIS Eastern Regional Laboratory,IS 16581 (2018),High density polyethylene (HDPE)/polypropylene (PP) woven sacks for packing of solid ammonium nitrate for explosives - Specification
ERL,BIS Eastern Regional Laboratory,IS 14650 (2023),UNALLOYED AND ALLOYED STEEL INGOT AND SEMI-FINISHED PRODUCTS FOR RE-ROLLING PURPOSES - SPECIFICATION (First Revision)
ERL,BIS Eastern Regional Laboratory,IS 14735 (1999),Unplasticized Polyvinyl Chloride (UPVC) Injection Moulded Fittings for Soil and Waste Discharge System for Inside and Outside Buildings Including Ventilation and Rain Water System -
ERL,BIS Eastern Regional Laboratory,IS 5082 (1998),"Wrought aluminium and aluminium alloy bars, rods, tubes, sections, plates and sheets for electrical applications (Second Revision)"
ERL,BIS Eastern Regional Laboratory,IS 15844 : Part 2 (2023),SPORTS FOOTWEAR PART -2 PERFORMANCE SPORTS FOOTWEAR
ERL,BIS Eastern Regional Laboratory,IS 15844 : Part 1 (2023),SPORTS FOOTWEAR PART -1 GENERAL PURPOSEFirst Revision
ERL,BIS Eastern Regional Laboratory,IS 10805 (2022),"Foot-Valves, Reflux Valves or NonReturn Valves and Bore Valves to be Used in Suction Lines of Agricultural Pumping Systems ― Specification ( Second Revision )"
ERL,BIS Eastern Regional Laboratory,IS 17753 (2021),Paperbased Multilayer Laminated/Extruded Composite Cartons (Aseptic and Non-Aseptic) for Processed Liquid Food Products and Beverages — Specification
ERL,BIS Eastern Regional Laboratory,IS 6719 (1972),Solid Pvc Soles And Heels
ERL,BIS Eastern Regional Laboratory,IS 15298 : part 4 (2024),"Personal Protective Equipment Part 4 Occupational Footwear (ISO 20347 : 2021, MOD) (Third Revision)"
ERL,BIS Eastern Regional Laboratory,IS 15298 : Part 3 (2024),"Personal Protective Equipment Part 3 Protective Footwear (ISO 20346 : 2021, MOD) (Third Revision)"
ERL,BIS Eastern Regional Laboratory,IS 15914 (2011),"High tensile strength flat rolled steel plate (Up To 6 Mm), sheet and strip for the manufacture of welded gas cylinder - Specification"
ERL,BIS Eastern Regional Laboratory,IS 15298 : Part 2 (2024),"Personal Protective Equipment Part 2 Safety Footwear (ISO 20345 : 2021, MOD) (Third Revision)"
ERL,BIS Eastern Regional Laboratory,IS 15644 (2006),Safety of electric toys
ERL,BIS Eastern Regional Laboratory,IS 5557 : Part 2 (2018),All rubber gum boots and ankle boots: Part 2 occupational purposes
ERL,BIS Eastern Regional Laboratory,IS 17043 : Part 2 (2024),Shoes: Shoes for General Purpose
ERL,BIS Eastern Regional Laboratory,IS 14543 (2024),Packaged Drinking Water Other than Packaged Natural Mineral Water Specification Third Revision
ERL,BIS Eastern Regional Laboratory,IS 15041 (2001),Textiles – Flat woven webbing slings made of man-made fibres for general services
ERL,BIS Eastern Regional Laboratory,IS 2573 (2023),LEATHER GAUNTLETS AND MITTENS SPECIFICATION
ERL,BIS Eastern Regional Laboratory,IS 16993 (2018),"Microfine Ordinary Portland Cement "" Specification"
ERL,BIS Eastern Regional Laboratory,IS 6721 (2023),SANDAL AND SLIPPERS SPECIFICATION First revision
ERL,BIS Eastern Regional Laboratory,IS 7454 (1991),"Rehabilitation equipment - Wheelchairs, folding, adult size - Specification (First Revision)"
ERL,BIS Eastern Regional Laboratory,IS 15778 (2007),Chlorinated polyvinyl chloride (Cpvc) pipes for potable hot and cold water distribution supplies - Specification
ERL,BIS Eastern Regional Laboratory,IS 1912 (2023),Textiles Country jute twine - Specification (third revision)
ERL,BIS Eastern Regional Laboratory,IS 9550 (2001),Bright steel bars - Specification (First Revision)
ERL,BIS Eastern Regional Laboratory,IS 10702 (2023),Hawai Chappal-Specification
ERL,BIS Eastern Regional Laboratory,IS 16714 (2018),"Ground granulated blast furnace slag for use in cement, mortar and concrete - Specification"
ERL,BIS Eastern Regional Laboratory,IS 18573 (2024),"Cold formed welded carbon steel square and rectangular hollow sections for mechanical, general engineering and decorative purposes - Specification"
ERL,BIS Eastern Regional Laboratory,IS 15500 : PART 7 (2021),"Deepwell Handpumps, Components and Secial Tools — Specification Part 7 Handpumps"
ERL,BIS Eastern Regional Laboratory,IS 15500 : PART 4 (2021),"Deepwell Handpumps, Components and Secial Tools — Specification Part 4 Handpumps"
ERL,BIS Eastern Regional Laboratory,IS 11544 (1986),"Specification for slipper, rubber"
ERL,BIS Eastern Regional Laboratory,IS 13334 : Part 2 (2014),Skimmed milk powder - Specification: Part 2 extra grade (First Revision)
ERL,BIS Eastern Regional Laboratory,IS 292 (1983),Specification for leaded brass ingots and casting (Second Revision)
ERL,BIS Eastern Regional Laboratory,IS 1626 : Part 2 (1994),"Asbestos cement building pipes and pipe fittings, gutters and gutter fittings and roofing fittings: Part 2 gutter and gutter fittings) (Second Revision)"
ERL,BIS Eastern Regional Laboratory,IS 7750 (2013),Cashew kernels - Specification (First Revision)
ERL,BIS Eastern Regional Laboratory,IS 10238 (2001),Fasteners - Threaded steel fasteners - Step bolts for steel structures - Specification (First Revision)
ERL,BIS Eastern Regional Laboratory,IS 1285 (2023),WROUGHT ALUMINIUM AND ALUMINIUM ALLOYS EXTRUDED ROUND TUBE AND HOLLOW SECTIONS FOR GENERAL ENGINEERINGPURPOSES SPECIFICATION
ERL,BIS Eastern Regional Laboratory,IS 5484 (2023),EC GRADE ALUMINIUM ROD PRODUCED BY CONTINUOUS CASTING AND ROLLING - SPECIFICATION
ERL,BIS Eastern Regional Laboratory,IS 1293 (2005),Plugs and socket- outlets of rated voltage up to and including 250 volts and rated current up to 16 amperes
ERL,BIS Eastern Regional Laboratory,IS 723 (2023),Steel Countersunk Head Wire Nails - Specification ( Second Revision )
ERL,BIS Eastern Regional Laboratory,IS 18531 (2023),Textiles Jute and polypropylene blended bags for packing 50 kg food grains Specification
ERL,BIS Eastern Regional Laboratory,IS 16651 (2017),High Strength Deformed Stainless Steel Bars and Wires for Concrete Reinforcement - Specification
ERL,BIS Eastern Regional Laboratory,IS 12254 (2021),POLYVINYLCHLORIDE PVC INDUSTRIAL BOOTS - SPECIFICATION Second Revision
ERL,BIS Eastern Regional Laboratory,IS 17043 (2018),Derby shoes - Specification
ERL,BIS Eastern Regional Laboratory,IS 17012 (2018),High ankle tactical boots with pu - Rubber sole - Specification
ERL,BIS Eastern Regional Laboratory,IS 3854 (2023),Switches for Domestic and Similar Purposes - Specification (Third Revision)
ERL,BIS Eastern Regional Laboratory,IS 3930 (1994),Flame and induction hardening steels - Specification (Second Revision)
ERL,BIS Eastern Regional Laboratory,IS/ISO 11951 (2016),Cold - Reduced tinmill products - Blackplate (First Revision)
ERL,BIS Eastern Regional Laboratory,IS 18163 (2023),Textiles Light weight jute sacking bags for packing 35 kg groundnut with shell Specification
ERL,BIS Eastern Regional Laboratory,IS 18162 (2023),Textiles Light weight jute sacking bags for packing 50 kg pulses and soyabean Specification
ERL,BIS Eastern Regional Laboratory,IS 18161 (2023),Textiles Light weight jute sacking bags for packing 50 kg mustard seed niger seed and ragi Specification
ERL,BIS Eastern Regional Laboratory,IS 1856 (2021),Steel wire ropes for haulage purposes - Specification Fourth Revision
ERL,BIS Eastern Regional Laboratory,IS 12679 (2021),By-product Gypsum for Use in Plaster Blocks and Boards - Specification
ERL,BIS Eastern Regional Laboratory,IS 1293 (2019),Plugs and socket - Outlets of rated Voltage up to and including 250 Volts and rated current up to and including 16 amperes - Specification (Third Revision)
ERL,BIS Eastern Regional Laboratory,IS 3854 (1997),Switches for domestic and similar purposes - Specification (Second Revision)
ERL,BIS Eastern Regional Laboratory,IS 7834 : Part 1 (1987),injection moulded PVC socket fittings with solvent cement joints for water supplies: Part 1 General requirements
ERL,BIS Eastern Regional Laboratory,IS 6664 (1992),Rubber microcellular sheets for soles and heels - Specification (First Revision)
ERL,BIS Eastern Regional Laboratory,IS 13893 (1994),Polyurethane soles semirigid - specification
ERL,BIS Eastern Regional Laboratory,IS 11169 : Part 1 (2022),Specification for steels for cold heading cold extrusion applications: Part 1 wrought carbon and low alloy steels
ERL,BIS Eastern Regional Laboratory,IS 14625 (2015),Plastics Feeding Bottles ( First Revision )
ERL,BIS Eastern Regional Laboratory,IS 13997 (2014),"Drums, large open top - Specification (First Revision)"
ERL,BIS Eastern Regional Laboratory,IS 1285 (2002),Wrought aluminium and aluminium alloys - Extruded round tube and hollow sections for general engineering purposes - Specification (Third Revision)
ERL,BIS Eastern Regional Laboratory,IS 14885 (2022),Polyethylene Pipes for the Supply of Gaseous Fuels - Specification (First Revision)
ERL,BIS Eastern Regional Laboratory,IS 3443 (1980),Crane Rail Sections -
ERL,BIS Eastern Regional Laboratory,IS 3196 : Part 2 (2006),Welded low carbon steel cylinders exceeding 5 litre water capacity for low pressure liquefiable gases: Part 2 cylinders for liquefiable non - Toxic gases other than lpg - Specification (First Revision)
ERL,BIS Eastern Regional Laboratory,IS 12817 (2020),Stainless Steel Butt Hinges - Specification ( Third Revision )
ERL,BIS Eastern Regional Laboratory,IS 9873 : Part 3 (2020),Safety of Toys Part 3 Migration of Certain Elements ( Third Revision )
ERL,BIS Eastern Regional Laboratory,IS 15658 (2021),Concrete Paving Blocks - Specification ( First Revision )
ERL,BIS Eastern Regional Laboratory,IS 4296 : Part 2 (2015),Tools for pressing: Part 2 punches with cylindrical head and straight or reduced shank (First Revision)
ERL,BIS Eastern Regional Laboratory,IS 13983 (1994),Stainless Steel Sinks For Domestic Purposes
ERL,BIS Eastern Regional Laboratory,IS 11602 (1986),Specification for packed gulab jamuns
ERL,BIS Eastern Regional Laboratory,IS 13334 : Part 1 (2014),Skimmed milk powder - Specification: Part 1 standard grade (Second Revision)
ERL,BIS Eastern Regional Laboratory,IS 1165 (2022),WHOLE MILK POWDER - SPECIFICATION (Sixth Revision of IS 1165)
ERL,BIS Eastern Regional Laboratory,IS 5414 (1995),Gaskets and packings - Gland packing jute and hemp - Specification (First Revision)
ERL,BIS Eastern Regional Laboratory,IS 4431 (1978),Specification for carbon and carbon manganese free cutting steels (First Revision)
ERL,BIS Eastern Regional Laboratory,IS 4985 (2021),UNPLASTICIZED PVC PIPES FOR POTABLE WATER SUPPLIES SPECIFICATION Fourth Revision
ERL,BIS Eastern Regional Laboratory,IS 5518 (1996),Steels for die blocks for drop forging - Specification (Second Revision)
ERL,BIS Eastern Regional Laboratory,IS 6623 (2004),High Strength Structural Nuts
ERL,BIS Eastern Regional Laboratory,IS 2141 (2000),Hot dip galvanized stay strand - Specification (Fourth Revision)
ERL,BIS Eastern Regional Laboratory,IS 3502 (2009),Steel chequered plates (Third Revision)
ERL,BIS Eastern Regional Laboratory,IS 1993 (2018),Cold - Reduced tinmill products - Electrolytic tinplate (Fifth Revision)
ERL,BIS Eastern Regional Laboratory,IS 5872 (1990),Cold rolled steel strips (Box Strappings) - Specification
ERL,BIS Eastern Regional Laboratory,IS 3818 (1992),Continuous (Piano) hinges -Specification
ERL,BIS Eastern Regional Laboratory,IS 3735 (1996),"Canvas Shoes, Rubber Sole"
ERL,BIS Eastern Regional Laboratory,IS 9873 : Part 3 (2017),Safety of toys: Part 3 migration of certain elements (Second Revision)
ERL,BIS Eastern Regional Laboratory,IS 2039 : Part 1 to 3 (1991),Steel tubes for bicycle and cycle rickshaws - Specification (Second Revision)
ERL,BIS Eastern Regional Laboratory,IS 21 (1992),Wrought aluminium and aluminium alloys for manufacture of utensils specification (Fourth Revision)
ERL,BIS Eastern Regional Laboratory,IS 4368 (1967),"Specification for alloy steel billets, blooms and slabs for forging for general engineering purposes"
ERL,BIS Eastern Regional Laboratory,IS 844 : Part 1 (1979),Specification for screwdrivers: Part 1 techincal supply conditions (Second Revisionn)
ERL,BIS Eastern Regional Laboratory,IS 3976 (2018),Safety Rubber Canvas Boots for Miners † Specification ( Sixth Revision )
ERL,BIS Eastern Regional Laboratory,IS 513 : Part 2 (2016),Cold reduced carbon steel sheet and strip: Part 2 high tensile and multi - Phase steel (Sixth Revision)
ERL,BIS Eastern Regional Laboratory,IS 513 : Part 1 (2016),Cold reduced carbon steel sheet and strip: Part 1 cold forming and drawing purpose (Sixth Revision)
ERL,BIS Eastern Regional Laboratory,IS 17216 (2019),Polyethylene Mulch Films for Agriculture and Horticulture • Specification
ERL,BIS Eastern Regional Laboratory,IS/ISO 15761 (2002),"Steel gate, globe and check valves for sizes DN 100 and smaller, for petroleum and natural gas industries"
ERL,BIS Eastern Regional Laboratory,IS 1422 (1983),Specification for cotton duck (third revision)
ERL,BIS Eastern Regional Laboratory,IS 9873 : Part 2 (2017),Safety of toys: Part 2 flammability (Third Revision)
ERL,BIS Eastern Regional Laboratory,IS 9873 : Part 1 (2019),Safety of toys: Part 1 safety aspects related to mechanical and physical properties (Fourth Revision)
ERL,BIS Eastern Regional Laboratory,IS 7904 (2018),High carbon steel wire rods - Specification (Second Revision)
ERL,BIS Eastern Regional Laboratory,IS 1239 : Part 1 (2004),"Steel Tubes, Tubulars and Other Wrought Steel Fittings : Part 1 Steel Tubes (BI-LINGUAL)"
ERL,BIS Eastern Regional Laboratory,IS 8931 (1993),"copper alloy fancy single taps, combination tap assembly and stop valves for water services"
ERL,BIS Eastern Regional Laboratory,IS 733 (2025),"Wrought Aluminium and Aluminium Alloy Bars, Rods, Sections, Extruded Tube, Hollow Sections and Profiles for General Engineering Purposes ? Specification (Fourth Revision)"
ERL,BIS Eastern Regional Laboratory,IS 319 (2007),"Free cutting brass bars, rods and section - Specification (Fifth Revision)"
ERL,BIS Eastern Regional Laboratory,IS 4432 (1988),Specification for case hardening steels (First Revision)
ERL,BIS Eastern Regional Laboratory,IS 8510 : Part 1 to 3 (1977),Specification for tinned steel wire for banding of armatures and rotors
ERL,BIS Eastern Regional Laboratory,IS 1626 : Part 3 (1994),"Asbestos Cement Building types and Pipe Fittings, Gutters and Gutter Fittings and Roofing Fittings - Part 3 : Roofing Fittings"
ERL,BIS Eastern Regional Laboratory,IS 9442 (1980),"Specification for hot-rolled steel plates, sheets and strips for manufacture of agricultural tillage discs"
ERL,BIS Eastern Regional Laboratory,IS 844 : Part 2 (1979),Specification for screwdrivers: Part 2 dimensions (Second Revision)
ERL,BIS Eastern Regional Laboratory,IS 14698 (1999),"Carbon and low alloy steel billets, blooms, slabs and bars for manufacture of shell bodies and proof shots used in defence services - Specification"
ERL,BIS Eastern Regional Laboratory,IS 13387 (1992),Tool steel forgings for metal forming - Specification
ERL,BIS Eastern Regional Laboratory,IS 12145 (1987),Specification for quenched and tempered alloy steel forgings for pressure vessels
ERL,BIS Eastern Regional Laboratory,IS 10794 (1984),Specification for mild steel wire for cotter pins
ERL,BIS Eastern Regional Laboratory,IS 16644 (2018),"Stress - Relieved, low relaxation steel wire for prestressed concrete - Specification"
ERL,BIS Eastern Regional Laboratory,IS 17111 (2025),"HEAT-TREATABLE STEELS, ALLOY STEELS AND FREE-CUTTING STEELS - BALL AND ROLLER BEARING STEELS ( First Revision )"
ERL,BIS Eastern Regional Laboratory,IS 410 (1977),"Specification for cold rolled brass sheet, strip and foil (Third Revision)"
ERL,BIS Eastern Regional Laboratory,IS 4882 (1979),Specification for low carbon steel wire for rivets for use in bearing industry (First Revision)
ERL,BIS Eastern Regional Laboratory,IS 617 (1994),Cast aluminium and its alloys - Ingots and castings for general engineering purposes - Specification (Third Revision)
ERL,BIS Eastern Regional Laboratory,IS 5312 : Part 1 (2004),Swing Check Type Reflux (Non-Return] Valves for Water Works Purposes - Part 1 : Single-Door Pattern
ERL,BIS Eastern Regional Laboratory,IS 1879 (2010),Malleable cast iron pipe fittings - Specification (Third Revision)
ERL,BIS Eastern Regional Laboratory,IS 9738 (2003),Polyethylene bags for general purposes - Specification (Second Revision)
ERL,BIS Eastern Regional Laboratory,IS 7903 (2017),Textiles – Tarpaulins made from high density polyethylene (HDPE) woven fabrics – Specification (fifth revision)
ERL,BIS Eastern Regional Laboratory,IS 15138 (2010),Textiles – Jute bags for packing 50 kg sugar – Specification (first revision)
ERL,BIS Eastern Regional Laboratory,IS 16333 : Part 3 (2017),Mobile phone handsets: Part 3 indian language support for mobile phone handsets - Specific requirements (First Revision)
ERL,BIS Eastern Regional Laboratory,IS 12444 (2020),Copper Wire Rods for Electrical Applications — Specification ( First Revision )
ERL,BIS Eastern Regional Laboratory,IS 3601 (2006),Steel tubes for mechanical and general engineering purposes - Specification (Second Revision)
ERL,BIS Eastern Regional Laboratory,IS 7283 (1992),Hot - Rolled bars for the production of bright bars and machined parts for engineering applications specification (First Revision)
ERL,BIS Eastern Regional Laboratory,IS 274 : Part 1 and 2 (1981),Specification for shovels: Part 1 genral purpose shovels: Part 2 heat - Treated shovels (Third Revision)
ERL,BIS Eastern Regional Laboratory,IS 1835 (1976),Specification for round steel wire for ropes (Third Revision)
ERL,BIS Eastern Regional Laboratory,IS 269 (2015),Ordinary portland cement - Specification (Sixth Revision)
ERL,BIS Eastern Regional Laboratory,IS 8794 (1988),Specification for cast iron detachable joints for use with asbestos cement pressure pipes (First Revision)
ERL,BIS Eastern Regional Laboratory,IS 16415 (2015),Composite cement - Specification
ERL,BIS Eastern Regional Laboratory,IS 15410 (2003),Containers for packaging of natural mineral water and packaged drinking water - Specification
ERL,BIS Eastern Regional Laboratory,IS 12591 (2018),Cold - Reduced tinmill products - Electrolytic chromium / chromium oxide - Coated steel (Second Revision)
ERL,BIS Eastern Regional Laboratory,IS 3736 (1995),"Canvas boots, rubber sole - Specification (Second Revision)"
ERL,BIS Eastern Regional Laboratory,IS 7181 (1986),"Specification for horizontally cast iron double flanged pipes for water, gas and sewage (First Revision)"
ERL,BIS Eastern Regional Laboratory,IS 9523 (2000),"Ductile iron fittings for pressure pipes for water, gas and sewage - Specification (First Revision)"
ERL,BIS Eastern Regional Laboratory,IS 5557 (2004),Industrial and protective rubber knee and ankle boots - Specification (Fourth Revision)
ERL,BIS Eastern Regional Laboratory,IS 6913 (1973),Specification for stainless steel tubes for the food and beverage industry
ERL,BIS Eastern Regional Laboratory,IS 6649 (1985),Specification for hardened and tempered washers for high strength structural bolts and nuts (First Revision)
ERL,BIS Eastern Regional Laboratory,IS 5676 (1995),Moulded solid rubber soles and heels - SpecificatlOn (Second Revision)
ERL,BIS Eastern Regional Laboratory,IS 4109 (1967),Specification for kadahies
ERL,BIS Eastern Regional Laboratory,IS 6528 (1995),Stainless steel wire - Specification (First Revision)
ERL,BIS Eastern Regional Laboratory,IS 6527 (1995),Stainless steel wire rods - Specification (First Revision)
ERL,BIS Eastern Regional Laboratory,IS 1322 (1993),Bitumen Felts for Water Proofing and Damp-proofing
ERL,BIS Eastern Regional Laboratory,IS 11652 (2017),Textiles – High density polyethylene (HDPE)/ polypropylene (PP) woven sacks for packaging of 50 kg cement – Specification (third revision)
ERL,BIS Eastern Regional Laboratory,IS 11587 (1986),Specification for structural weather resistant steels
ERL,BIS Eastern Regional Laboratory,IS 13620 (1993),Fusion Bonded Epoxy Coated Reinforcing Bars -
ERL,BIS Eastern Regional Laboratory,IS 1989 : Part 2 (1986),Specification for leather safety boots and shoes: Part 2 for heavy metal industries (Fourth Revision)
ERL,BIS Eastern Regional Laboratory,IS 2573 (1986),Specification for leather gauntlets and mittens (Second Revision)
ERL,BIS Eastern Regional Laboratory,IS 781 (1984),Specification for cast copper alloy screw down bib taps and stop valves for water services (Third Revision)
ERL,BIS Eastern Regional Laboratory,IS 15658 (2006),Precast concrete blocks for paving - Specification
ERL,BIS Eastern Regional Laboratory,IS 14246 (2024),CONTINUOUSLY PRE-PAINTED GALVANIZED STEEL SHEETS AND STRIPS - SPECIFICATION Second Revision
ERL,BIS Eastern Regional Laboratory,IS 4270 (2001),Steel tubes used for water wells specification (Third Revision)
ERL,BIS Eastern Regional Laboratory,IS 4454 : Part 2 (2001),Steel wire for mechanical springs - Specification february 2001: Part 2 oil hardened and tempered steel wire (Second Revision)
ERL,BIS Eastern Regional Laboratory,IS 11226 (1993),Leather safety footwear having direct moulded rubber sole specification (First Revision)
ERL,BIS Eastern Regional Laboratory,IS 13592 (2013),Unplasticized Polyvinyl Chloride (PVC-U) Pipes for Soil and Waste Discharge System Inside and Outside Buiildings Including Ventilation and Rainwater System
ERL,BIS Eastern Regional Laboratory,IS 8329 (2000),"Centrifugally cast (Spun) ductile iron pressure pipes for water, gas and sewage - Specification (Third Revision)"
ERL,BIS Eastern Regional Laboratory,IS 14968 (2015),Textiles – High density polyethylene (HDPE)/ polypropylene (PP) woven sacks for packing 50 Kg/25 kg sugar – Specification (first revision)
ERL,BIS Eastern Regional Laboratory,IS 14252 (2015),Textiles – High density polyethylene (HDPE)/ polypropylene (PP) woven sack for filling sand – Specification (second revision)
ERL,BIS Eastern Regional Laboratory,IS 1038 (1983),"Specification For Steel Doors, Windows And Ventilators"
ERL,BIS Eastern Regional Laboratory,IS 10748 (2004),Hot - Rolled steel strip for welded tubes and pipes - Specification (Second Revision)
ERL,BIS Eastern Regional Laboratory,IS 723 (1972),Specification for steel countersunk head wire nails (First Revision)
ERL,BIS Eastern Regional Laboratory,IS 12045 (1987),Specification for alloys used in electrical resistance metallic heating elements
ERL,BIS Eastern Regional Laboratory,IS 9476 (1980),Specification for cold-rolled steel strips for carbon steel razor blades
ERL,BIS Eastern Regional Laboratory,IS 15392 (2003),Aluminium and aluminium alloy bare foil for food packaging - Specification
ERL,BIS Eastern Regional Laboratory,IS 1785 : Part 1 (1983),Specification for plain hard - Drawn steel wire for prestressed concrete: Part 1 cold drawn stress - Relieved wire (Second Revision)
ERL,BIS Eastern Regional Laboratory,IS 210 (2009),Grey iron castings - Specification (First Revision)
ERL,BIS Eastern Regional Laboratory,IS 12330 (1988),Specificatioon for sulphate resisting Portland cement
ERL,BIS Eastern Regional Laboratory,IS 1079 (2017),"Hot rolled carbon steel sheet, plate and strip - Specification (Seventh Revision)"
ERL,BIS Eastern Regional Laboratory,IS 1989 : Part 1 (1986),Specification for leather safety boots and shoes: Part 1 for miners (Fourth Revision)
ERL,BIS Eastern Regional Laboratory,IS 362 (1991),Parliament Hinges -specification
ERL,BIS Eastern Regional Laboratory,IS 10124 : Part 1 (2009),Fabricated PVC-U Fittings for Potable Water Supplies - Specification Part 1 General Requirements (Second Revision)
ERL,BIS Eastern Regional Laboratory,IS 11513 (2017),Hot rolled carbon steel strip for cold rolling purposes - Specification (Second Revision)
ERL,BIS Eastern Regional Laboratory,IS 5382 (2018),"Rubber seals - Joint rings for water supply, drainage and sewerage pipelines - Specification for materials (Second Revision)"
ERL,BIS Eastern Regional Laboratory,IS 5986 (2017),"Hot rolled steel sheet, plate and strip for forming and flanging purposes - Specification (Fourth Revision)"
ERL,BIS Eastern Regional Laboratory,IS 1239 : Part 1 (2004),"Steel tubes, tubulars and other wrought steel fittings - Specification: Part 1 steel tubes (Sixth Revision)"
ERL,BIS Eastern Regional Laboratory,IS 11169 : Part 1 (1984),Specification for steels for cold heading/cold extrusion applications: Part 1 wrought carbon and low alloy steels
ERL,BIS Eastern Regional Laboratory,IS 14885 (2001),Polyethylene pipes for the supply of gaseous fuels - Specification
ERL,BIS Eastern Regional Laboratory,IS 14887 (2014),Textiles – High density polyethylene (HDPE)/ polypropylene (PP) woven sacks for packaging of 50 kg food grains – Specification (first revision)
ERL,BIS Eastern Regional Laboratory,IS 778 (1984),"Specification for 2010 copper alloy gate, globe and check valves for waterworks purposes (Fourth Revision)"
ERL,BIS Eastern Regional Laboratory,IS 10124 : Part 2 (2009),Fabricated pvc - U fittings for potable water supplies - Specification: Part 2 specific requirements for sockets (Second Revision)
ERL,BIS Eastern Regional Laboratory,IS 6003 (2010),"Indented Wire For--Prestressed Concrete """
ERL,BIS Eastern Regional Laboratory,IS 1341 (2018),Steel Butt Hinges - Specification (Sixth Revision)
ERL,BIS Eastern Regional Laboratory,IS 1161 (2014),Steel tubes for structural purposes - Specification (Fifth Revision)
ERL,BIS Eastern Regional Laboratory,IS 1759 (1986),Specification for powrahs (Second Revision)
ERL,BIS Eastern Regional Laboratory,IS 6240 (2008),Hot rolled steel plate (Up To 6 Mm) sheet and strip for the manufacture of low pressure liquefiable gas cylinders (Fourth Revision)
ERL,BIS Eastern Regional Laboratory,IS 7494 (1981),Specification for steel for valves for internal combustion engines (First Revision)
ERL,BIS Eastern Regional Laboratory,IS 7452 (1990),"Hot rolled steel sections for doors, windows and ventilators - Specification"
ERL,BIS Eastern Regional Laboratory,IS 8041 (1990),Rapid hardening portland cement - Specific4tion (Second Revision)
ERL,BIS Eastern Regional Laboratory,IS 15961 (2012),Hot dip aluminium - Zinc alloy metallic coated steel strip and sheet (Plain)
ERL,BIS Eastern Regional Laboratory,IS 6006 (2014),Uncoated stress relieved strand for prestressed concrete - Specification (Second Revision)
ERL,BIS Eastern Regional Laboratory,IS 8042 (2015),White portland cement - Specification (Third Revision)
ERL,BIS Eastern Regional Laboratory,IS 8052 (2006),"Steel ingots,billets and blooms for the production of springs, rivets and screws for general engineering applications - Specification (Second Revision)"
ERL,BIS Eastern Regional Laboratory,IS 6909 (1990),Supersulphated cement ? specification
ERL,BIS Eastern Regional Laboratory,IS 1660 (2009),Wrought aluminium utensils - Specification (First Revision)
ERL,BIS Eastern Regional Laboratory,IS 6902 (1973),Specification for steel wire for spokes
ERL,BIS Eastern Regional Laboratory,IS 6911 (2017),"Stainless steel plate, sheet and strip - Specification (Second Revision)"
ERL,BIS Eastern Regional Laboratory,IS 6603 (2024),"Stainless Steel Semi-Finished Products, Bars, Wire Rods and Bright Bars — Specification (Second Revision)"
ERL,BIS Eastern Regional Laboratory,IS 4454 : Part 1 (2001),Steel wire for mechanical springs - Specification: Part 1 cold drawn unalloyed steel wire (Third Revision)
ERL,BIS Eastern Regional Laboratory,IS 7092 : Part 2 (1987),Specification for aluminium alloy tube for irrigation purposes: Part 2 extruded tube (Second Revision)
ERL,BIS Eastern Regional Laboratory,IS 432 : Part 2 (1982),Mild Steel and Medium Tensile Steel Bars and Hard-Drawn Steel Wire for Concrete Reinforcement: Part 2 Hard-Drawn Steel Wire
ERL,BIS Eastern Regional Laboratory,IS 432 : Part 1 (1982),Mild Steel and Medium Tensile Steel Bars and Hard-Drawn Steel Wire for Concrete Reinforcement: Part 1 Mild Steel and Medium Tensile Steel Bars
ERL,BIS Eastern Regional Laboratory,IS 7098 : Part 2 (2011),Crosslinked polyethylene insulated thermoplastic sheathed cables - Specification: Part 2 for working voltages from 3.3 kV up to and including 33 kV (Second Revision)
ERL,BIS Eastern Regional Laboratory,IS 1785 : Part 2 (1983),Specification for plain hard drawn steel wire for prestressed concrete: Part 2 as - Drawn wire (First Revision)
ERL,BIS Eastern Regional Laboratory,IS 6529 (1996),"Stainless steel blooms, billets and slabs for forging - Specification (First Revision)"
ERL,BIS Eastern Regional Laboratory,IS 1875 (1992),"Carbon steel billets, blooms, slabs and bars for forgings - Specification (Fifth Revision)"
ERL,BIS Eastern Regional Laboratory,IS 14494 (2019),Elastomer insulated flexible cables for use in mines - Specification (First Revision)
ERL,BIS Eastern Regional Laboratory,IS 6392 (2020),Steel Pipes Flanges — Specification ( First Revision )
ERL,BIS Eastern Regional Laboratory,IS 1943 (1995),Textiles – A-twill jute bags (second revision)
ERL,BIS Eastern Regional Laboratory,IS 4923 (2017),Hollow steel sections for structural use - Specification (Third Revision)
ERL,BIS Eastern Regional Laboratory,IS 204 : Part 2 (1992),Tower bolts - Specification: Part 2 non - Ferrous metals (Fifth Revision)
ERL,BIS Eastern Regional Laboratory,IS 4454 : Part 4 (2001),Steel wires for mechanical springs: Part 4 stainless steel wire (Second Revision)
ERL,BIS Eastern Regional Laboratory,IS 16186 (2014),Textiles - Light weight jute sacking bags for packing 50 kg foodgrains - Specification
ERL,BIS Eastern Regional Laboratory,IS 5517 (1993),Steels for hardening and tempering - Speicification (Second Revision)
ERL,BIS Eastern Regional Laboratory,IS 4224 (1972),"Specification for steel wire for staples, pins and clips (First Revision)"
ERL,BIS Eastern Regional Laboratory,IS 4223 (1975),Steel Wire For Umbrella Ribs
ERL,BIS Eastern Regional Laboratory,IS 9857 (1990),Welding cables - Specification (First Revision)
ERL,BIS Eastern Regional Laboratory,IS 3748 (2022),Tool Steels - Specification
ERL,BIS Eastern Regional Laboratory,IS 9295 (1983),Specification for steel tubes for idlers for belt conveyors (First Revision)
ERL,BIS Eastern Regional Laboratory,IS 3589 (2001),Steel pipes for water and sewage (168.3 To 2540 Mm Outside Diameter) - Specification (Third Revision)
ERL,BIS Eastern Regional Laboratory,IS 3431 (1982),Specification for steel for the manufacture of volute helical and laminated springs for automotive suspension (Second Revision)
ERL,BIS Eastern Regional Laboratory,IS 2508 (2016),Polyethylene films and sheets - Specification (Third Revision)
ERL,BIS Eastern Regional Laboratory,IS 814 (2004),Covered electrodes for manual metal arc welding of carbon and carbon manganese steel - Specification (Sixth Revision)
ERL,BIS Eastern Regional Laboratory,IS 2507 (1975),Specification for cold - rolled steel strips for springs (First Revision)
ERL,BIS Eastern Regional Laboratory,IS 7887 (1992),Mild steel wire rod for general engineering purposes - Specification (First Revision)
ERL,BIS Eastern Regional Laboratory,IS 3195 (1992),Steel for the manufacture of volute and helical springs (For Railway Rolling Stock) - Specification (Third Revision)
ERL,BIS Eastern Regional Laboratory,IS 2879 (1998),Mild steel for metal arc welding electrodes - Specification (Third Revision)
ERL,BIS Eastern Regional Laboratory,IS 2831 (2012),"Carbon steel cast billet ingots, billets, blooms and slabs for re-rolling into structural steel (Ordinary Quality) - Specification (Fourth Revision)"
ERL,BIS Eastern Regional Laboratory,IS 2830 (2012),"Carbon steel cast billet ingots, billets, blooms and slabs for re-rolling into steel for general structural purposes - Specification (Third Revision)"
ERL,BIS Eastern Regional Laboratory,IS 8737 (2017),Valve fittings for use with liquefied petroleum gas (LPG) cylinders for more than 5 litre water capacity - Specification (Second Revision)
ERL,BIS Eastern Regional Laboratory,IS 281 (2009),Mild steel sliding door bolts for use with padlocks - Specification (Fourth Revision)
ERL,BIS Eastern Regional Laboratory,IS 8952 (1995),"Steel ingots, blooms and billets for production of mild steel wire rods for general engineering purposes - Specification (First Revision)"
ERL,BIS Eastern Regional Laboratory,IS 963 (1958),Specification for chrome molybdenum steel bars and rods for aircraft purposes
ERL,BIS Eastern Regional Laboratory,IS 2681 (1993),Non - Ferrous metal sliding door bolts (Aldrops) for use with padlocks - Specification (Third Revision)
ERL,BIS Eastern Regional Laboratory,IS 204 : Part 1 (1991),Tower bolts - Specification: Part 1 ferrous metals (Fifth Revision)
ERL,BIS Eastern Regional Laboratory,IS 9962 (1981),Specification for steel wire for needles
ERL,BIS Eastern Regional Laboratory,IS 277 (2018),Galvanized steel strips and sheets (Plain And Corrugated) - Specification (Seventh Revision)
ERL,BIS Eastern Regional Laboratory,IS 1812 (1982),Specification for carbon steel wire for the manufacture of wood screws (Second Revision)
ERL,BIS Eastern Regional Laboratory,IS 15911 (2010),Structural steel (Ordinary Quality) - Specification
ERL,BIS Eastern Regional Laboratory,IS 1489 : Part 2 (2015),Portland - Pozzolana cement - Specification: Part 2 calcined clay based
ERL,BIS Eastern Regional Laboratory,IS 278 (2009),Galvanized steel barbed wire for fencing - Specification (Fourth Revision)
ERL,BIS Eastern Regional Laboratory,IS 191 (2007),Copper - Specification (Fourth Revision)
ERL,BIS Eastern Regional Laboratory,IS 1566 (1982),Specification for hard - Drawn steel wire fabric for concrete reinforcement (Second Revision)
ERL,BIS Eastern Regional Laboratory,IS 12776 (2002),Galvanized strand for earthing - Specification (First Revision)
ERL,BIS Eastern Regional Laboratory,IS 3975 (1999),"Low carbon galvanized steel wires, formed wires and tapes for armouring of cables - Specification (Third Revision)"
ERL,BIS Eastern Regional Laboratory,IS 12600 (1989),"Portland cement, low heat - specification"
ERL,BIS Eastern Regional Laboratory,IS 280 (2006),Mild steel wire for general engineering purposes (Fourth Revision)
ERL,BIS Eastern Regional Laboratory,IS 12367 (1988),Specification for cold - Rolled carbon steel strips/coils for manufacture of welded tubes
ERL,BIS Eastern Regional Laboratory,IS 1239 : Part 2 (2011),"Steel tubes, tubulars and other steel fittings - Specification: Part 2 steel pipe fittings (Fifth Revision)"
ERL,BIS Eastern Regional Laboratory,IS 5950 (1984),Specification for shot firing cables (For Use Other Than In Shafts) (First Revision)
ERL,BIS Eastern Regional Laboratory,IS 14255 (1995),Aertal bunched cables - For working voltages up to and including 1100 Volts - Specification
ERL,BIS Eastern Regional Laboratory,IS 15997 (2012),Low nickel austenitic stainless steel sheet and strip for utensils and kitchen appliances - Specification
ERL,BIS Eastern Regional Laboratory,IS 16208 (2015),"Textiles - High density polyethylene (HDPE)/polypropylene (PP) woven sacks for packaging 10 kg, 15 kg, 20 kg, 25 kg and 30 kg foodgrains - Specification"
ERL,BIS Eastern Regional Laboratory,IS 1061 (2025),"Disinfectant Fluids, Phenolic Type - Specification ( Sixth Revision )"
ERL,BIS Eastern Regional Laboratory,IS 10631 (1983),Specification for stainless steel for welding electrode core wire
ERL,BIS Eastern Regional Laboratory,IS 16353 (2015),Portland Cement Clinker - Specification
ERL,BIS Eastern Regional Laboratory,IS 7098 : Part 1 (1988),Specification for crosslinked polyethylene insulated pvc sheathed cables: Part 1 for working voltages up to and including 1100 volts (First Revision)
ERL,BIS Eastern Regional Laboratory,IS 3074 (2013),Steel tubes for automotive purposes - Specification (Third Revision)
ERL,BIS Eastern Regional Laboratory,IS 398 : Part 4 (1994),Aluminium conductors for overhead transmission purposes: Part 4 aluminium alloy stranded conductors (Aluminium - Magnesium - Silicon Type) - Specification (Third Revision)
ERL,BIS Eastern Regional Laboratory,IS 1417 (2016),"Gold and gold alloys, jewellery/ artefacts - Fineness and marking - Specification (Fourth Revision)"
ERL,BIS Eastern Regional Laboratory,IS 13428 (2005),Packaged natural mineral water specification (Second Revision)
ERL,BIS Eastern Regional Laboratory,IS 3812 (Part 1) (2013),"Pulverized fuel ash - Specification: Part 1 For use as pozzolana in cement, cement mortar and concrete"
ERL,BIS Eastern Regional Laboratory,IS 2062 (2011),Hot rolled medium and high tensile structural steel - Specification (Seventh Revision)
ERL,BIS Eastern Regional Laboratory,IS 12818 (2010),Unplasticized polyvinyl chloride (Pvc - U) screen and casing pipes for bore/tubewells - Specification (Second Revision)
ERL,BIS Eastern Regional Laboratory,IS 4985 (2000),Unplasticized pvc pipes for potable water supplies - Specification (Third Revision)
ERL,BIS Eastern Regional Laboratory,IS 398 : Part 2 (2025),Aluminium Conductor for Overhead Transmission Purposes - Specification Part 2 Aluminium Conductors Galvanized Steel Reinforced (Fourth Revision)
ERL,BIS Eastern Regional Laboratory,IS 1786 (2008),High strength deformed steel bars and wires for concretere inforcement - Specification (Fourth Revision)
ERL,BIS Eastern Regional Laboratory,IS 1554 : Part 1 (1988),Specification for pvc insulated (Heavy Duty) electric cables: Part 1 for working voltages up to and including 1100 v (Third Revision)
ERL,BIS Eastern Regional Laboratory,IS 455 (2015),Portland slag cement - Specification
ERL,BIS Eastern Regional Laboratory,IS 4984 (2016),Polyethylene pipes for water supply - Specification (Fifth Revision)
ERL,BIS Eastern Regional Laboratory,IS 1489 (Part 1) (2015),Portland pozzolana cement - Specification: Part 1 fly Ash Based
ERL,BIS Eastern Regional Laboratory,IS 694 (2010),Polyvinyl chloride insulated unsheathed and sheathed cables/cords with rigid and flexible conductor for rated voltages up to and including 450/750 v (Fourth Revision)
GBL,BIS Guwahati Branch Laboratory,IS 3603 (1988),Specification for seamless aluminium bottles (First Revision)
GBL,BIS Guwahati Branch Laboratory,IS 12817 (2020),Stainless Steel Butt Hinges - Specification ( Third Revision )
GBL,BIS Guwahati Branch Laboratory,IS 1341 (2018),Steel Butt Hinges - Specification (Sixth Revision)
GBL,BIS Guwahati Branch Laboratory,IS 8917 (1978),Specification for steel plates for galvanizing pots
GBL,BIS Guwahati Branch Laboratory,IS 7887 (1992),Mild steel wire rod for general engineering purposes - Specification (First Revision)
GBL,BIS Guwahati Branch Laboratory,IS 10079 (1982),Specification for cylindrical metal measures for use in tests of aggregates and concrete
GBL,BIS Guwahati Branch Laboratory,IS 8041 (1990),Rapid hardening portland cement - Specific4tion (Second Revision)
GBL,BIS Guwahati Branch Laboratory,IS 6909 (1990),Supersulphated cement ? specification
GBL,BIS Guwahati Branch Laboratory,IS 12330 (1988),Specificatioon for sulphate resisting Portland cement
GBL,BIS Guwahati Branch Laboratory,IS 12600 (1989),"Portland cement, low heat - specification"
GBL,BIS Guwahati Branch Laboratory,IS 4990 (2024),PLYWOOD FOR CONCRETE SHUTTERING WORKS SPECIFICATION (Fourth Revision)
GBL,BIS Guwahati Branch Laboratory,IS 710 (2024),MARINE PLYWOOD - SPECIFICATION (Third Revision)
GBL,BIS Guwahati Branch Laboratory,IS 303 (2024),Plywood for General Purposes — Specification (Fourth Revision)
GBL,BIS Guwahati Branch Laboratory,IS 459 (1992),Corrugated and semi - Corrugated asbestos cement sheets - Specification (Third Revision)
GBL,BIS Guwahati Branch Laboratory,IS 723 (2023),Steel Countersunk Head Wire Nails - Specification ( Second Revision )
GBL,BIS Guwahati Branch Laboratory,IS 17803 (2022),"POTABLE WATER BOTTLES (COPPER, STAINLESS STEEL, ALUMINIUM) — SPECIFICATION"
GBL,BIS Guwahati Branch Laboratory,IS 10701 (2012),Structural plywood - Specification (First Revision)
GBL,BIS Guwahati Branch Laboratory,IS 2185 : Part 3 (1984),Concrete Masonry Units Part 3 Autoclaved Cellular Aerated Concrete Blocks
GBL,BIS Guwahati Branch Laboratory,IS 2202 : Part 1 (2023),WOODEN FLUSH DOOR SHUTTERS SOLID CORE TYPE SPECIFICATION PART 1 PLYWOOD FACE PANELS Seventh Revision
GBL,BIS Guwahati Branch Laboratory,IS 5509 (2021),Fire Retardant Plywood - Specification ( Third Revision )
GBL,BIS Guwahati Branch Laboratory,IS 4822 (1981),Specification for brass cooking utensils (First Revision)
GBL,BIS Guwahati Branch Laboratory,IS 11100 (1984),Specification for sweeping brooms
GBL,BIS Guwahati Branch Laboratory,IS 1976 (1976),"Specification for rotary paddy weeder, manually - Operated (Second Revision)"
GBL,BIS Guwahati Branch Laboratory,IS 15410 (2003),Containers for packaging of natural mineral water and packaged drinking water - Specification
GBL,BIS Guwahati Branch Laboratory,IS 16415 (2015),Composite cement - Specification
GBL,BIS Guwahati Branch Laboratory,IS 1489 : Part 2 (2015),Portland - Pozzolana cement - Specification: Part 2 calcined clay based
GBL,BIS Guwahati Branch Laboratory,IS 277 (2018),Galvanized steel strips and sheets (Plain And Corrugated) - Specification (Seventh Revision)
GBL,BIS Guwahati Branch Laboratory,IS 2098 (1997),Asbestos cement building boards - Specification (First Revision)
GBL,BIS Guwahati Branch Laboratory,IS 1626 : Part 3 (1994),"Asbestos Cement Building types and Pipe Fittings, Gutters and Gutter Fittings and Roofing Fittings - Part 3 : Roofing Fittings"
GBL,BIS Guwahati Branch Laboratory,IS 1328 (1996),Veneered Decorative Plywood -Specification
GBL,BIS Guwahati Branch Laboratory,IS 269 (2015),Ordinary portland cement - Specification (Sixth Revision)
GBL,BIS Guwahati Branch Laboratory,IS 455 (2015),Portland slag cement - Specification
GBL,BIS Guwahati Branch Laboratory,IS 1489 (Part 1) (2015),Portland pozzolana cement - Specification: Part 1 fly Ash Based
GBL,BIS Guwahati Branch Laboratory,IS 2062 (2011),Hot rolled medium and high tensile structural steel - Specification (Seventh Revision)
GBL,BIS Guwahati Branch Laboratory,IS 1659 (2004),Block boards - Specification (Fourth Revision)
GBL,BIS Guwahati Branch Laboratory,IS 1786 (2008),High strength deformed steel bars and wires for concretere inforcement - Specification (Fourth Revision)
NRL,BIS Northern Regional Laboratory,IS 18573 (2024),"Cold formed welded carbon steel square and rectangular hollow sections for mechanical, general engineering and decorative purposes - Specification"
NRL,BIS Northern Regional Laboratory,IS 16333 : Part 3 (2022),Mobile phone handsets: Part 3 Indian language support for mobile phone handsets - Specific requirements(Second Revision)
NRL,BIS Northern Regional Laboratory,IS 9537 : Part 4 (1983),Specification for conduits for electrical installations: Part 4 pliable self - Recovering conduits of insulating materials
NRL,BIS Northern Regional Laboratory,IS 5509 (2021),Fire Retardant Plywood - Specification ( Third Revision )
NRL,BIS Northern Regional Laboratory,IS 1239 : Part 1 (2004),"Steel Tubes, Tubulars and Other Wrought Steel Fittings : Part 1 Steel Tubes (BI-LINGUAL)"
NRL,BIS Northern Regional Laboratory,IS 1417 (2016),"Gold and gold alloys, jewellery/ artefacts - Fineness and marking - Specification (Fourth Revision)"
NRL,BIS Northern Regional Laboratory,IS 1825 (2025),Aluminium Alloy Milk Cans - Specification (third revision)
NRL,BIS Northern Regional Laboratory,IS 16415 (2015),Composite cement - Specification
NRL,BIS Northern Regional Laboratory,IS 623 (2025),BICYCLES - BICYCLE FRAMES - SPECIFICATION (first Revision)
NRL,BIS Northern Regional Laboratory,IS 1061 (2025),"Disinfectant Fluids, Phenolic Type - Specification ( Sixth Revision )"
NRL,BIS Northern Regional Laboratory,IS 3419 (1988),Specification for fittings for rigid non - Metallic (Second Revision)
NRL,BIS Northern Regional Laboratory,IS 2593 (2023),Flexible Cables for Miners' Cap Lamps - Specification (Second Revision)
NRL,BIS Northern Regional Laboratory,IS 9968 : Part 1 (2025),Elastomer Insulated Cables - Specification Part 1 for Working Voltages up to and including 1100 volts (Second Revision)
NRL,BIS Northern Regional Laboratory,IS 7098 : Part 1 (2025),Crosslinked Polyethylene Insulated Thermoplastic Sheathed Cables - Specification Part 1 For Working Voltages up to and Including 1 100 Volts (Second Revision)
NRL,BIS Northern Regional Laboratory,IS 398 : Part 2 (2025),Aluminium Conductor for Overhead Transmission Purposes - Specification Part 2 Aluminium Conductors Galvanized Steel Reinforced (Fourth Revision)
NRL,BIS Northern Regional Laboratory,IS 302 : Part 1 (2024),Household and Similar Electrical Appliances — Safety Part 1 General Requirements (Seventh Revision)
NRL,BIS Northern Regional Laboratory,IS 4250 (2025),Electric Food-Mixers (Liquidizers and Grinders) and Centrifugal Juicers - Specification ( Second Revision )
NRL,BIS Northern Regional Laboratory,IS 5290 (2025),Landing Valves - Specification (Fourth Revision)
NRL,BIS Northern Regional Laboratory,IS 903 (2025),"Fire Hose Delivery Couplings, Branch Pipe, Nozzles and Nozzle Spanner - Specification (Fifth Revision)"
NRL,BIS Northern Regional Laboratory,IS 19315 (2025),Ball Valves for Water Works Purposes - Specification
NRL,BIS Northern Regional Laboratory,IS 5872 (2025),Steel strapping for packaging ( Third Revision)
NRL,BIS Northern Regional Laboratory,IS 2004 (1991),Carbon steel forgings for general engineering purposes - Specification (Third Revision)
NRL,BIS Northern Regional Laboratory,IS 5950 (2024),Shot Firing Cables (for Use Other than in Shafts) - Specification (Second Revision)
NRL,BIS Northern Regional Laboratory,IS 4990 (2024),PLYWOOD FOR CONCRETE SHUTTERING WORKS SPECIFICATION (Fourth Revision)
NRL,BIS Northern Regional Laboratory,IS 710 (2024),MARINE PLYWOOD - SPECIFICATION (Third Revision)
NRL,BIS Northern Regional Laboratory,IS 6528 (2024),Stainless steel wire - Specification ( Second Revision )
NRL,BIS Northern Regional Laboratory,IS 6603 (2024),"Stainless Steel Semi-Finished Products, Bars, Wire Rods and Bright Bars — Specification (Second Revision)"
NRL,BIS Northern Regional Laboratory,IS 191 (2007),Copper - Specification (Fourth Revision)
NRL,BIS Northern Regional Laboratory,IS 12171 (2024),Cotton Bales Specification Fourth Revision
NRL,BIS Northern Regional Laboratory,IS 10908 (2023),FLEXIBLE RUBBER TUBING FOR LIQUEFIED PETROLEUM GAS SPECIFICATION Second Revision
NRL,BIS Northern Regional Laboratory,IS 17787 (2021),Medical Textiles Nonwoven Wipes Specification
NRL,BIS Northern Regional Laboratory,IS 9294 (2023),COLD-ROLLED STAINLESS STEEL STRIPS FOR RAZOR BLADES - Specification (First Revision)
NRL,BIS Northern Regional Laboratory,IS 13428 (2024),PACKAGED NATURAL MINERAL WATER - SPECIFICATION Third Revision
NRL,BIS Northern Regional Laboratory,IS 14543 (2024),Packaged Drinking Water Other than Packaged Natural Mineral Water Specification Third Revision
NRL,BIS Northern Regional Laboratory,IS 13688 (2020),Packaged Pasteurized Milk — Specification ( Second Revision )
NRL,BIS Northern Regional Laboratory,IS 10484 (2021),Paneer - Specification
NRL,BIS Northern Regional Laboratory,IS 9617 (2023),DAHI - SPECIFICATION (First Revision of IS 9617)
NRL,BIS Northern Regional Laboratory,IS 4709 (2021),Flavoured Milk - Specification
NRL,BIS Northern Regional Laboratory,IS 14433 (2022),INFANT MILK SUBSTITUTES - SPECIFICATION (Second Revision of IS 14433)
NRL,BIS Northern Regional Laboratory,IS 15757 (2022),FOLLOW-UP FORMULA-COMPLEMENTARY FOODS - SPECIFICATION (First Revision of IS 15757)
NRL,BIS Northern Regional Laboratory,IS 2347 (2023),DOMESTIC PRESSURE COOKER - SPECIFICATION
NRL,BIS Northern Regional Laboratory,IS 14650 (2023),UNALLOYED AND ALLOYED STEEL INGOT AND SEMI-FINISHED PRODUCTS FOR RE-ROLLING PURPOSES - SPECIFICATION (First Revision)
NRL,BIS Northern Regional Laboratory,IS 9537 : Part 8 (2003),Conduits for electrical installations - Specification: Part 8 rigid non - Threadable conduits of aluminium alloy
NRL,BIS Northern Regional Laboratory,IS 303 (2024),Plywood for General Purposes — Specification (Fourth Revision)
NRL,BIS Northern Regional Laboratory,IS 9873 : Part 3 (2020),Safety of Toys Part 3 Migration of Certain Elements ( Third Revision )
NRL,BIS Northern Regional Laboratory,IS 14616 (1999),Laminated veneer lumber specification
NRL,BIS Northern Regional Laboratory,IS 10258 : Part 1 (2022),Sterile hypodermic syringes for single use Part 1: Syringes for manual use Third Revision
NRL,BIS Northern Regional Laboratory,IS 2202 : Part 1 (2023),WOODEN FLUSH DOOR SHUTTERS SOLID CORE TYPE SPECIFICATION PART 1 PLYWOOD FACE PANELS Seventh Revision
NRL,BIS Northern Regional Laboratory,IS 398 : Part 6 (2021),Aluminium Conductors For Overhead Transmission Purposes Part 6: High conductivity aluminium alloy stranded conductors
NRL,BIS Northern Regional Laboratory,IS 13095 (2020),Butterfly Valves for General Purposes ( First Revision )
NRL,BIS Northern Regional Laboratory,IS 1658 (2006),Fibre hardboards - Specification (Third Revision)
NRL,BIS Northern Regional Laboratory,IS 3099 : Part 1 AND 2 (1992),Microscopes - Slips and slidesspecification: Part 1 microscope slips: Part 2 microscope slides (First Revision)
NRL,BIS Northern Regional Laboratory,IS 4123 (1982),Specification for chain pipe wrenches (First Revision)
NRL,BIS Northern Regional Laboratory,IS 11279 (1985),Specification for braille slate
NRL,BIS Northern Regional Laboratory,IS 1117 (2018),Laboratory glassware - Single - Volume pipettes (Second Revision)
NRL,BIS Northern Regional Laboratory,IS 1381 : Part 2 (2019),Laboratory glassware - Boiling flasks: Part 2 boiling flasks with conical ground joints (Third Revision)
NRL,BIS Northern Regional Laboratory,IS 1381 : Part 1 (2003),Laboratory glassware - Narrow - Necked boiling flasks (Second Revision)
NRL,BIS Northern Regional Laboratory,IS 458 (2021),Precast Concrete Pipes (with and without Reinforcement) -
NRL,BIS Northern Regional Laboratory,IS 4159 (2021),Mineral Filled Sheathed Heating Elements
NRL,BIS Northern Regional Laboratory,IS/ISO 3183 (2012),Petroleum and Natural Gas Industries — Steel Pipe for Pipeline Transportation Systems ( First Revision )
NRL,BIS Northern Regional Laboratory,IS 12615 (2018),"Line operated three phase AC motors (IE Code) ""Efficiency classes and performance specification"" (Third Revision)"
NRL,BIS Northern Regional Laboratory,IS 3480 (1966),Specification for flexible steel conduits for electrical wiring
NRL,BIS Northern Regional Laboratory,IS 14768 : Part 2 (2003),Conduit fittings for electrical installations - Specification: Part 2 metal conduit fittings
NRL,BIS Northern Regional Laboratory,IS 15644 (2006),Safety of electric toys
NRL,BIS Northern Regional Laboratory,IS 15658 (2021),Concrete Paving Blocks - Specification ( First Revision )
NRL,BIS Northern Regional Laboratory,IS 1061 (2017),"Disinfectant fluids, phenolic type - Specification (Fifth Revision)"
NRL,BIS Northern Regional Laboratory,IS 5487 (1992),"Metal polish, liquid - Specification (First Revision)"
NRL,BIS Northern Regional Laboratory,IS 4072 (1975),Specification for steel for spring washers (First Revision)
NRL,BIS Northern Regional Laboratory,IS 3885 : Part 1 (1992),Steel for the manufacture of laminated springs (Railway Rolling Stock): Part 1 flat sections - Specification (Second Revision)
NRL,BIS Northern Regional Laboratory,IS 3748 (1990),Tool and die steels - Specification (Second Revision)
NRL,BIS Northern Regional Laboratory,IS 3298 (1981),Specification for mild steel rivet bars for ship building (First Revision)
NRL,BIS Northern Regional Laboratory,IS 3039 (1988),Specification for structural steel for construction of hulls of ships (Second Revision)
NRL,BIS Northern Regional Laboratory,IS 279 (1981),Specification for galvanized steel wire for telegraph and telephone purposes (Third Revision)
NRL,BIS Northern Regional Laboratory,IS 2589 (1975),Specificaiton for hard drawn steel wire for upholstery springs (First Revision)
NRL,BIS Northern Regional Laboratory,IS 2404 (1993),Malt extract - Specification (Second Revision)
NRL,BIS Northern Regional Laboratory,IS 2385 (1977),Specification for hot - Rolled mild steel sheet and strip in coil form for cold - Reduced tinplate and cold - Reduced blackplate (First Revision)
NRL,BIS Northern Regional Laboratory,IS 8951 (2001),"Steel cast billet ignots, billets and blooms for production of high carbon steel wire rods - Specification (First Revision)"
NRL,BIS Northern Regional Laboratory,IS 8917 (1978),Specification for steel plates for galvanizing pots
NRL,BIS Northern Regional Laboratory,IS 8748 (1978),Specification for forged/rolled CTC segments
NRL,BIS Northern Regional Laboratory,IS 8566 (1977),Specification for steel wire for reeds
NRL,BIS Northern Regional Laboratory,IS 8565 (1977),Specification for heald wire
NRL,BIS Northern Regional Laboratory,IS 8564 (1977),Specification for steel wire for nipples for spokes
NRL,BIS Northern Regional Laboratory,IS 8563 (1977),Specification for half round mild steel wlRe for the manufacture of split pins
NRL,BIS Northern Regional Laboratory,IS 4430 (1979),Specification for mould steels (First Revision)
NRL,BIS Northern Regional Laboratory,IS 4431 (1978),Specification for carbon and carbon manganese free cutting steels (First Revision)
NRL,BIS Northern Regional Laboratory,IS 4687 (1995),Gaskets and packings - Gland packings asbestos - Specification (Second Revision)
NRL,BIS Northern Regional Laboratory,IS 4882 (1979),Specification for low carbon steel wire for rivets for use in bearing industry (First Revision)
NRL,BIS Northern Regional Laboratory,IS 9476 (1980),Specification for cold-rolled steel strips for carbon steel razor blades
NRL,BIS Northern Regional Laboratory,IS 9442 (1980),"Specification for hot-rolled steel plates, sheets and strips for manufacture of agricultural tillage discs"
NRL,BIS Northern Regional Laboratory,IS 9485 (1980),Specification for cold - Reduced and hot - Rolled carbon steel sheet for porcelain enamelling
NRL,BIS Northern Regional Laboratory,IS 9516 (1980),Specification for heat resisting steels
NRL,BIS Northern Regional Laboratory,IS 963 (1958),Specification for chrome molybdenum steel bars and rods for aircraft purposes
NRL,BIS Northern Regional Laboratory,IS 9962 (1981),Specification for steel wire for needles
NRL,BIS Northern Regional Laboratory,IS 5489 (1975),Specification for carburizing steels for use in bearing industry (First Revision)
NRL,BIS Northern Regional Laboratory,IS 3450 (1994),Carbon papers - Handwriting - Specification (Second Revision)
NRL,BIS Northern Regional Laboratory,IS 1997 (2008),Laboratory glassware - Burettes (Third Revision)
NRL,BIS Northern Regional Laboratory,IS 1065 : Part 1 (2019),Stable bleaching powder - Specification: Part 1 household and industrial use (Third Revision)
NRL,BIS Northern Regional Laboratory,IS 9873 : Part 2 (2017),Safety of toys: Part 2 flammability (Third Revision)
NRL,BIS Northern Regional Laboratory,IS 9873 : Part 4 (2017),"Safety of toys: Part 4 swings, slides and similar activity toys for indoor and outdoor family domestic use"
NRL,BIS Northern Regional Laboratory,IS 9873 : Part 1 (2019),Safety of toys: Part 1 safety aspects related to mechanical and physical properties (Fourth Revision)
NRL,BIS Northern Regional Laboratory,IS 412 (1975),Specification for expanded metal steel sheets for general purposes (Second Revision)
NRL,BIS Northern Regional Laboratory,IS 4432 (1988),Specification for case hardening steels (First Revision)
NRL,BIS Northern Regional Laboratory,IS 4409 (1973),Specification for ferronickel (First Revision)
NRL,BIS Northern Regional Laboratory,IS 2791 (1992),Soluble coffee powder - Specification (Third Revision)
NRL,BIS Northern Regional Laboratory,IS 21 (1992),Wrought aluminium and aluminium alloys for manufacture of utensils specification (Fourth Revision)
NRL,BIS Northern Regional Laboratory,IS 318 (1981),Specification for leaded tin bronze ingots and castings (Second Revision)
NRL,BIS Northern Regional Laboratory,IS 15410 (2003),Containers for packaging of natural mineral water and packaged drinking water - Specification
NRL,BIS Northern Regional Laboratory,IS 10500 (2012),Drinking water - Specification (Second Revision)
NRL,BIS Northern Regional Laboratory,IS 1806 (2018),Malted milk foods - Specification (Second Revision)
NRL,BIS Northern Regional Laboratory,IS 11952 (1986),Specification for steels for piston pins (Gudgeon Pins)
NRL,BIS Northern Regional Laboratory,IS 10 : Part 4 (1989),Plywood tea - Chests - specification: Part 4 metal fittings
NRL,BIS Northern Regional Laboratory,IS 319 (2007),"Free cutting brass bars, rods and section - Specification (Fifth Revision)"
NRL,BIS Northern Regional Laboratory,IS 916 (2000),Square tins for solid products - Specification (Fourth Revision)
NRL,BIS Northern Regional Laboratory,IS 915 (2012),Laboratory glassware - One - Mark volumetric flasks (Third Revision)
NRL,BIS Northern Regional Laboratory,IS 3196 : Part 1 (2013),Welded low carbon steel cylinders exceeding 5 litres water capacity for low pressure liquefiable gases: Part 1 cylinders for liquefied petroleum gases (Lpg) - Specification (Sixth Revision)
NRL,BIS Northern Regional Laboratory,IS 16720 (2018),Pulverized Fuel Ash-Cement Bricks- Specification
NRL,BIS Northern Regional Laboratory,IS 3601 (2006),Steel tubes for mechanical and general engineering purposes - Specification (Second Revision)
NRL,BIS Northern Regional Laboratory,IS 15914 (2011),"High tensile strength flat rolled steel plate (Up To 6 Mm), sheet and strip for the manufacture of welded gas cylinder - Specification"
NRL,BIS Northern Regional Laboratory,IS 878 (2008),Laboratory glassware - Graduated measuring cylinders (Second Revision)
NRL,BIS Northern Regional Laboratory,IS 10908 (1991),Flexible rubber tubing for liquefied petroleum gas - Specification (First Revision)
NRL,BIS Northern Regional Laboratory,IS 1835 (1976),Specification for round steel wire for ropes (Third Revision)
NRL,BIS Northern Regional Laboratory,IS 3954 (1991),Hot Rolled Steel Channel Sections for General Engineering Purposes - Dimensions
NRL,BIS Northern Regional Laboratory,IS 1264 (1997),Brass gravity die castings - Specification (Fourth Revision)
NRL,BIS Northern Regional Laboratory,IS 6760 (1972),Specification for slotted countersunk head wood screws
NRL,BIS Northern Regional Laboratory,IS 274 : Part 1 and 2 (1981),Specification for shovels: Part 1 genral purpose shovels: Part 2 heat - Treated shovels (Third Revision)
NRL,BIS Northern Regional Laboratory,IS 2039 : Part 1 to 3 (1991),Steel tubes for bicycle and cycle rickshaws - Specification (Second Revision)
NRL,BIS Northern Regional Laboratory,IS 5135 : Part 2 (1994),Specification for hand rotary duster: Part 2 shoulder mounted type (First Revision)
NRL,BIS Northern Regional Laboratory,IS 4366 : Part 2 (1985),Specification for agricultural tillage discs: Part 2 flat type (Second Revision)
NRL,BIS Northern Regional Laboratory,IS 5135 : Part 1 (1994),Specification for hand - Rotary duster: Part 1 belly - Mounted type (Second Revision)
NRL,BIS Northern Regional Laboratory,IS 2326 (1987),Automatic Flushing Cisterns for Urinals (Other than Plastic Cisterns)
NRL,BIS Northern Regional Laboratory,IS 513 : Part 1 (2016),Cold reduced carbon steel sheet and strip: Part 1 cold forming and drawing purpose (Sixth Revision)
NRL,BIS Northern Regional Laboratory,IS 739 (1992),Wrought aluminium and aluminium alloys - Wire for general engineering purposes - Specification (Third Revision)
NRL,BIS Northern Regional Laboratory,IS 4366 : Part 1 (1985),Specification for agricultural tillage discs: Part 1 concave type (Second Revision)
NRL,BIS Northern Regional Laboratory,IS 737 (2008),Wrought aluminium and aluminium alloy sheet and strip for general engineering purposes - Specification (Fourth Revision)
NRL,BIS Northern Regional Laboratory,IS 808 (1989),"Dimensions for hot rolled steel beam, column, channel and angle sections (Third Revision)"
NRL,BIS Northern Regional Laboratory,IS 4351 (2003),Steel Door Frames -
NRL,BIS Northern Regional Laboratory,IS 7283 (1992),Hot - Rolled bars for the production of bright bars and machined parts for engineering applications specification (First Revision)
NRL,BIS Northern Regional Laboratory,IS 17048 (2018),Halogen free flame retardant (HFFR) cables for working voltages up to and including 1 100 Volts - Specification
NRL,BIS Northern Regional Laboratory,IS 410 (1977),"Specification for cold rolled brass sheet, strip and foil (Third Revision)"
NRL,BIS Northern Regional Laboratory,IS 7138 (1973),Specification for steel tubes for furniture purposes
NRL,BIS Northern Regional Laboratory,IS 1711 (1984),Specification for self - Closing taps for water supply purposes
NRL,BIS Northern Regional Laboratory,IS 3104 : Part 1 (1982),Specification for density hydrometers: Part 1 requirements (First Revision)
NRL,BIS Northern Regional Laboratory,IS 2465 (1984),Specification for cables for motor vehicles (Second Revision)
NRL,BIS Northern Regional Laboratory,IS 8978 (1992),Specification for electric instantaneous water heaters (Second Revision)
NRL,BIS Northern Regional Laboratory,IS 369 (2019),Household electric direct - Acting room heaters - Performance requirements (Fourth Revision)
NRL,BIS Northern Regional Laboratory,IS 368 (2014),Electric immersion water heaters - Specification (Fifth Revision)
NRL,BIS Northern Regional Laboratory,IS 302 : Part 2 : Sec 202 (1992),Safety of household and similar electrical appliances: Part 2 particular requirements: Sec 202 electric stoves
NRL,BIS Northern Regional Laboratory,IS 302 : Part 2 : Sec 201 (2008),Safety of household and similar electrical appliances: Part 2 particular requirements: Sec 201 electric immersion water heaters (First Revision)
NRL,BIS Northern Regional Laboratory,IS 302 : Part 2 : Sec 30 (2007),Safety of household and similar electrical appliances: Part 2 particular requirements: Sec 30 room heaters (First Revision)
NRL,BIS Northern Regional Laboratory,IS 302 : Part 2 : Sec 14 (2009),Safety of household and similar electrical appliances: Part 2 particular requirements: Sec 14 electric kitchen machines (First Revision)
NRL,BIS Northern Regional Laboratory,IS 302 : Part 2 : Sec 3 (2007),Safety of household and similar electrical appliances: Part 2 particular requirements: Sec 3 electric iron (First Revision)
NRL,BIS Northern Regional Laboratory,IS 8041 (1990),Rapid hardening portland cement - Specific4tion (Second Revision)
NRL,BIS Northern Regional Laboratory,IS 8042 (2015),White portland cement - Specification (Third Revision)
NRL,BIS Northern Regional Laboratory,IS 7231 (1994),plastic flushing cisterns for waterclosets and urinals
NRL,BIS Northern Regional Laboratory,IS 14542 (1998),Partly skimmed milk powder specification
NRL,BIS Northern Regional Laboratory,IS 9762 (1994),Specification for polyethylene floats (Spherical) for float valves
NRL,BIS Northern Regional Laboratory,IS 1660 (2009),Wrought aluminium utensils - Specification (First Revision)
NRL,BIS Northern Regional Laboratory,IS 8794 (1988),Specification for cast iron detachable joints for use with asbestos cement pressure pipes (First Revision)
NRL,BIS Northern Regional Laboratory,IS 1166 (1986),"Specification for condensed milk, partly skimmed and skimmed condensed milk (Second Revision)"
NRL,BIS Northern Regional Laboratory,IS 2082 (2018),Stationary storage type electric water heaters - Specification (Fifth Revision)
NRL,BIS Northern Regional Laboratory,IS 8462 (1977),"Specification for sterilizer, portable, vertical, pressure type"
NRL,BIS Northern Regional Laboratory,IS 8329 (2000),"Centrifugally cast (Spun) ductile iron pressure pipes for water, gas and sewage - Specification (Third Revision)"
NRL,BIS Northern Regional Laboratory,IS 6240 (2008),Hot rolled steel plate (Up To 6 Mm) sheet and strip for the manufacture of low pressure liquefiable gas cylinders (Fourth Revision)
NRL,BIS Northern Regional Laboratory,IS 814 (2004),Covered electrodes for manual metal arc welding of carbon and carbon manganese steel - Specification (Sixth Revision)
NRL,BIS Northern Regional Laboratory,IS 2061 (1995),Bicycle - Front forks - Specification (First Revision)
NRL,BIS Northern Regional Laboratory,IS 7887 (1992),Mild steel wire rod for general engineering purposes - Specification (First Revision)
NRL,BIS Northern Regional Laboratory,IS 13334 : Part 2 (2014),Skimmed milk powder - Specification: Part 2 extra grade (First Revision)
NRL,BIS Northern Regional Laboratory,IS 784 (2019),Prestressed concrete pipes (Including Specials) - Specification (Third Revision)
NRL,BIS Northern Regional Laboratory,IS 7834 : Part 1 (1987),injection moulded PVC socket fittings with solvent cement joints for water supplies: Part 1 General requirements
NRL,BIS Northern Regional Laboratory,IS 7466 (1994),Rubber gaskets for pressure cookers - Specifications (First Revison)
NRL,BIS Northern Regional Laboratory,IS 7452 (1990),"Hot rolled steel sections for doors, windows and ventilators - Specification"
NRL,BIS Northern Regional Laboratory,IS 1538 (1993),"Cast iron fittings for pressure pipes for water, gas and sewage - Specification (Third Revision)"
NRL,BIS Northern Regional Laboratory,IS 15647 (2006),Hot rolled steel narrow width strip for welded tubes and pipes
NRL,BIS Northern Regional Laboratory,IS 1566 (1982),Specification for hard - Drawn steel wire fabric for concrete reinforcement (Second Revision)
NRL,BIS Northern Regional Laboratory,IS 4397 (1999),Cold - Rolled carbon steel strips for ball and roller bearing cages retainers - Specification (Second Revision)
NRL,BIS Northern Regional Laboratory,IS 1537 (1976),"Specification for vertically cast iron pressure pipes for water, gas and sewage (First Revision)"
NRL,BIS Northern Regional Laboratory,IS 1536 (2001),"Centrifugally cast (Spun) iron pressure pipes for water, gas and sewage - Specification (Fourth Revision)"
NRL,BIS Northern Regional Laboratory,IS 14846 (2000),Sluice valve for water works purposes (50 To 1200 mm size) - specification
NRL,BIS Northern Regional Laboratory,IS 14756 (2017),Stainless steel cookware - Specification (First Revision)
NRL,BIS Northern Regional Laboratory,IS 12817 (2013),Stainless steel butt hinges - Specification (Second Revision)
NRL,BIS Northern Regional Laboratory,IS 1783 : Part 1 (2014),"Drums large, fixed ends - Specification: Part 1 grade A drums (Fourth Revision)"
NRL,BIS Northern Regional Laboratory,IS 12592 (2002),Precast concrete manhole cover and frame - Specification (First Revision)
NRL,BIS Northern Regional Laboratory,IS 2785 (1979),"Specification for natural cheese (Hard Variety), processed cheese, processed cheese spread and soft cheese (First Revision)"
NRL,BIS Northern Regional Laboratory,IS 733 (1983),"Specification for wrought aluminium and aluminium alloy bars, rods and sections (For General Engineering Purposes) (Third Revision)"
NRL,BIS Northern Regional Laboratory,IS 12146 (1987),Specification for carbon manganese steel forgings for pressure vessels
NRL,BIS Northern Regional Laboratory,IS 9537 : Part 3 (1983),Specification for conduits for electrical installations: Part 3 rigid plain conduits of insulating meterials
NRL,BIS Northern Regional Laboratory,IS 778 (1984),"Specification for 2010 copper alloy gate, globe and check valves for waterworks purposes (Fourth Revision)"
NRL,BIS Northern Regional Laboratory,IS 1554 : Part 2 (1988),Specification for pvc insulated (Heavy Duty) electric cables: Part 2 for working voltages from 3.3 kV up to and including 11 kV (Second Revision)
NRL,BIS Northern Regional Laboratory,IS 3812 (Part 1) (2013),"Pulverized fuel ash - Specification: Part 1 For use as pozzolana in cement, cement mortar and concrete"
NRL,BIS Northern Regional Laboratory,IS 9857 (1990),Welding cables - Specification (First Revision)
NRL,BIS Northern Regional Laboratory,IS 14255 (1995),Aertal bunched cables - For working voltages up to and including 1100 Volts - Specification
NRL,BIS Northern Regional Laboratory,IS 2692 (1989),Ferrules for water services ? specification
NRL,BIS Northern Regional Laboratory,IS 2681 (1993),Non - Ferrous metal sliding door bolts (Aldrops) for use with padlocks - Specification (Third Revision)
NRL,BIS Northern Regional Laboratory,IS 5022 (1989),"Sterilizer, instruments, table model (Third Revision)"
NRL,BIS Northern Regional Laboratory,IS 4003 : Part 1 (1978),Specification for pipe wrenches: Part 1 general purpose (First Revision)
NRL,BIS Northern Regional Laboratory,IS 3993 (1993),"Trays, instruments - Specification (Second Revision)"
NRL,BIS Northern Regional Laboratory,IS 3992 (1982),"Specification for trays, kidney (First Revision)"
NRL,BIS Northern Regional Laboratory,IS 3989 (2009),"Centrifugally cast (Spun) iron spigot and socket soil, waste, ventilating and rainwater pipes, fittings and accessories - Specification (Third Revision)"
NRL,BIS Northern Regional Laboratory,IS 3885 : Part 2 (1992),Steel for the manufacture of laminated springs (Railway Rollingstock): Part 2 rib and groove sections (Second Revision)
NRL,BIS Northern Regional Laboratory,IS 9537 : Part 2 (1981),Specification for conduits for electrical installations: Part 2 rigid steel conduits
NRL,BIS Northern Regional Laboratory,IS 4824 (2006),Bead wire for tyres - Specification (Second Revision)
NRL,BIS Northern Regional Laboratory,IS 3831 (1979),"Specification for sterilizer, shallow (Dressing Drum)"
NRL,BIS Northern Regional Laboratory,IS 3650 (1981),Specification for combination side cutting pliers (Second Revision)
NRL,BIS Northern Regional Laboratory,IS 5986 (2017),"Hot rolled steel sheet, plate and strip for forming and flanging purposes - Specification (Fourth Revision)"
NRL,BIS Northern Regional Laboratory,IS 459 (1992),Corrugated and semi - Corrugated asbestos cement sheets - Specification (Third Revision)
NRL,BIS Northern Regional Laboratory,IS 12109 (1987),General requirements for light duty sewing machine heads for industrial use
NRL,BIS Northern Regional Laboratory,IS 362 (1991),Parliament Hinges -specification
NRL,BIS Northern Regional Laboratory,IS 623 (2008),Bicycle - Bicycle frames - Specification (Third Revision)
NRL,BIS Northern Regional Laboratory,IS 4454 : Part 2 (2001),Steel wire for mechanical springs - Specification february 2001: Part 2 oil hardened and tempered steel wire (Second Revision)
NRL,BIS Northern Regional Laboratory,IS 5517 (1993),Steels for hardening and tempering - Speicification (Second Revision)
NRL,BIS Northern Regional Laboratory,IS 5290 (1993),Landing valves - Specification (Third Revision)
NRL,BIS Northern Regional Laboratory,IS 5312 : Part 1 (2004),Swing Check Type Reflux (Non-Return] Valves for Water Works Purposes - Part 1 : Single-Door Pattern
NRL,BIS Northern Regional Laboratory,IS 781 (1984),Specification for cast copper alloy screw down bib taps and stop valves for water services (Third Revision)
NRL,BIS Northern Regional Laboratory,IS 6006 (2014),Uncoated stress relieved strand for prestressed concrete - Specification (Second Revision)
NRL,BIS Northern Regional Laboratory,IS 3575 (1993),Bitumen drums - Specification (Third Revision)
NRL,BIS Northern Regional Laboratory,IS 6911 (2017),"Stainless steel plate, sheet and strip - Specification (Second Revision)"
NRL,BIS Northern Regional Laboratory,IS 903 (1993),"Specification for Fire Hose Delivery Couplings, Branch Pipe, Nozzles And Nozzle Spanner - Specificaion"
NRL,BIS Northern Regional Laboratory,IS 3502 (2009),Steel chequered plates (Third Revision)
NRL,BIS Northern Regional Laboratory,IS 1038 (1983),"Specification For Steel Doors, Windows And Ventilators"
NRL,BIS Northern Regional Laboratory,IS 7092 : Part 2 (1987),Specification for aluminium alloy tube for irrigation purposes: Part 2 extruded tube (Second Revision)
NRL,BIS Northern Regional Laboratory,IS 6218 (2008),Bicycle - Mudguards - Specification (First Revision)
NRL,BIS Northern Regional Laboratory,IS 455 (2015),Portland slag cement - Specification
NRL,BIS Northern Regional Laboratory,IS 6003 (2010),"Indented Wire For--Prestressed Concrete """
NRL,BIS Northern Regional Laboratory,IS 1029 (1970),Specification for hot-rolled steel strip (Baling) (First Revision)
NRL,BIS Northern Regional Laboratory,IS 9890 (1981),Specification for general purpose ball valves
NRL,BIS Northern Regional Laboratory,IS 4398 (1994),"Carbon - Chromium steel for the manufacture of balls, rollers and bearing races - Specification (Second Revision)"
NRL,BIS Northern Regional Laboratory,IS 10086 (1982),Specificaton for moulds for use in tests of cement and concrete
NRL,BIS Northern Regional Laboratory,IS 15911 (2010),Structural steel (Ordinary Quality) - Specification
NRL,BIS Northern Regional Laboratory,IS 8783 : Part 4 : Sec 3 (1995),Winding wires for submersible motors - Specification: Part 4 specification for individual wires: Sec 3 polyester and polypropylene insulated winding wires (First Revision)
NRL,BIS Northern Regional Laboratory,IS 9295 (1983),Specification for steel tubes for idlers for belt conveyors (First Revision)
NRL,BIS Northern Regional Laboratory,IS 2507 (1975),Specification for cold - rolled steel strips for springs (First Revision)
NRL,BIS Northern Regional Laboratory,IS 8931 (1993),"copper alloy fancy single taps, combination tap assembly and stop valves for water services"
NRL,BIS Northern Regional Laboratory,IS 2029 (1998),Ring wrenches (Spanners) - Specification (Fourth Revision)
NRL,BIS Northern Regional Laboratory,IS 2721 (2003),Galvanized steel chain link fence fabric - Specification (Second Revision)
NRL,BIS Northern Regional Laboratory,IS 4223 (1975),Steel Wire For Umbrella Ribs
NRL,BIS Northern Regional Laboratory,IS 2028 (2004),Open jaw wrenches (Spanners) - Specification (Fijih Revision)
NRL,BIS Northern Regional Laboratory,IS 9523 (2000),"Ductile iron fittings for pressure pipes for water, gas and sewage - Specification (First Revision)"
NRL,BIS Northern Regional Laboratory,IS 7098 : Part 2 (2011),Crosslinked polyethylene insulated thermoplastic sheathed cables - Specification: Part 2 for working voltages from 3.3 kV up to and including 33 kV (Second Revision)
NRL,BIS Northern Regional Laboratory,IS 1875 (1992),"Carbon steel billets, blooms, slabs and bars for forgings - Specification (Fifth Revision)"
NRL,BIS Northern Regional Laboratory,IS 1825 (1983),Specification for aluminium alloy milk cans (Second Revision)
NRL,BIS Northern Regional Laboratory,IS 4224 (1972),"Specification for steel wire for staples, pins and clips (First Revision)"
NRL,BIS Northern Regional Laboratory,IS 651 (2007),Glazed stoneware pipes and fittings - Specification (Sixth Revision)
NRL,BIS Northern Regional Laboratory,IS 458 (2003),Precast concrete pipes(With And Without Reinforcement) - Specification (Fourth Revision)
NRL,BIS Northern Regional Laboratory,IS 624 (2003),Bicycles - Rims - Specification (Fourth Revision)
NRL,BIS Northern Regional Laboratory,IS 1785 : Part 2 (1983),Specification for plain hard drawn steel wire for prestressed concrete: Part 2 as - Drawn wire (First Revision)
NRL,BIS Northern Regional Laboratory,IS 1729 (2002),Cast iron/ductile iron drainage pipes and pipe fittings for over ground non-pressure pipeline socket and spigot series (Second Revision)
NRL,BIS Northern Regional Laboratory,IS 1489 : Part 2 (2015),Portland - Pozzolana cement - Specification: Part 2 calcined clay based
NRL,BIS Northern Regional Laboratory,IS 2255 (1977),Specification for mild steel wire rod for the manufacture of machine screws (By Cold Heading Process) (Second Revision)
NRL,BIS Northern Regional Laboratory,IS 2266 (2024),STEEL WIRE ROPES FOR GENERAL ENGINEERING PURPOSE - SPECIFICATION (Sixth Revision)
NRL,BIS Northern Regional Laboratory,IS 2141 (2000),Hot dip galvanized stay strand - Specification (Fourth Revision)
NRL,BIS Northern Regional Laboratory,IS 432 : Part 2 (1982),Mild Steel and Medium Tensile Steel Bars and Hard-Drawn Steel Wire for Concrete Reinforcement: Part 2 Hard-Drawn Steel Wire
NRL,BIS Northern Regional Laboratory,IS 432 : Part 1 (1982),Mild Steel and Medium Tensile Steel Bars and Hard-Drawn Steel Wire for Concrete Reinforcement: Part 1 Mild Steel and Medium Tensile Steel Bars
NRL,BIS Northern Regional Laboratory,IS 210 (2009),Grey iron castings - Specification (First Revision)
NRL,BIS Northern Regional Laboratory,IS 3431 (1982),Specification for steel for the manufacture of volute helical and laminated springs for automotive suspension (Second Revision)
NRL,BIS Northern Regional Laboratory,IS 1239 : Part 2 (2011),"Steel tubes, tubulars and other steel fittings - Specification: Part 2 steel pipe fittings (Fifth Revision)"
NRL,BIS Northern Regional Laboratory,IS 208 (1996),Door Handles - Specification ( Sixth Revision )
NRL,BIS Northern Regional Laboratory,IS 7226 (1974),"Specification for cold - Rolled medium, high carbon and low alloy steel strip for general engineering purposes"
NRL,BIS Northern Regional Laboratory,IS 11722 (1986),Specification for thin walled flexible quick coupling pipes
NRL,BIS Northern Regional Laboratory,IS 3195 (1992),Steel for the manufacture of volute and helical springs (For Railway Rolling Stock) - Specification (Third Revision)
NRL,BIS Northern Regional Laboratory,IS 4270 (2001),Steel tubes used for water wells specification (Third Revision)
NRL,BIS Northern Regional Laboratory,IS 205 (1992),Non - Ferrous metal butt specification (Fourth Revision)
NRL,BIS Northern Regional Laboratory,IS 204 : Part 2 (1992),Tower bolts - Specification: Part 2 non - Ferrous metals (Fifth Revision)
NRL,BIS Northern Regional Laboratory,IS 204 : Part 1 (1991),Tower bolts - Specification: Part 1 ferrous metals (Fifth Revision)
NRL,BIS Northern Regional Laboratory,IS 4148 (1989),Surgical rubber gloves - Specification (First Revision)
NRL,BIS Northern Regional Laboratory,IS 11513 (2017),Hot rolled carbon steel strip for cold rolling purposes - Specification (Second Revision)
NRL,BIS Northern Regional Laboratory,IS 1812 (1982),Specification for carbon steel wire for the manufacture of wood screws (Second Revision)
NRL,BIS Northern Regional Laboratory,IS 4989 (2018),Foam concentrate for producing mechanical foam for fire fighting - Specification (Fourth Revision)
NRL,BIS Northern Regional Laboratory,IS 2879 (1998),Mild steel for metal arc welding electrodes - Specification (Third Revision)
NRL,BIS Northern Regional Laboratory,IS 1079 (2017),"Hot rolled carbon steel sheet, plate and strip - Specification (Seventh Revision)"
NRL,BIS Northern Regional Laboratory,IS 3975 (1999),"Low carbon galvanized steel wires, formed wires and tapes for armouring of cables - Specification (Third Revision)"
NRL,BIS Northern Regional Laboratory,IS 10748 (2004),Hot - Rolled steel strip for welded tubes and pipes - Specification (Second Revision)
NRL,BIS Northern Regional Laboratory,IS 7181 (1986),"Specification for horizontally cast iron double flanged pipes for water, gas and sewage (First Revision)"
NRL,BIS Northern Regional Laboratory,IS 1726 (1991),Cast iron manhole covers and frames - Specification (Third Revision)
NRL,BIS Northern Regional Laboratory,IS 4454 : Part 4 (2001),Steel wires for mechanical springs: Part 4 stainless steel wire (Second Revision)
NRL,BIS Northern Regional Laboratory,IS 4923 (2017),Hollow steel sections for structural use - Specification (Third Revision)
NRL,BIS Northern Regional Laboratory,IS 3589 (2001),Steel pipes for water and sewage (168.3 To 2540 Mm Outside Diameter) - Specification (Third Revision)
NRL,BIS Northern Regional Laboratory,IS 281 (2009),Mild steel sliding door bolts for use with padlocks - Specification (Fourth Revision)
NRL,BIS Northern Regional Laboratory,IS 280 (2006),Mild steel wire for general engineering purposes (Fourth Revision)
NRL,BIS Northern Regional Laboratory,IS 7142 (1995),Welded low carbon steel cylinders for low pressure liquifiable gases not exceeding 5 litre water capacity - Specification (First Revision)
NRL,BIS Northern Regional Laboratory,IS 278 (2009),Galvanized steel barbed wire for fencing - Specification (Fourth Revision)
NRL,BIS Northern Regional Laboratory,IS 277 (2018),Galvanized steel strips and sheets (Plain And Corrugated) - Specification (Seventh Revision)
NRL,BIS Northern Regional Laboratory,IS 13334 : Part 1 (2014),Skimmed milk powder - Specification: Part 1 standard grade (Second Revision)
NRL,BIS Northern Regional Laboratory,IS 8783 : Part 4 : Sec 1 (1995),Winding wires for submersible motors - Specification: Part 4 specification for indmdual wires: Sec 1 HR PVC insulated wires (First Revision)
NRL,BIS Northern Regional Laboratory,IS 1703 (2000),Water Fittings - Copper Alloy Float Valves (Horizontal Plunger Type) -
NRL,BIS Northern Regional Laboratory,IS 398 : Part 4 (1994),Aluminium conductors for overhead transmission purposes: Part 4 aluminium alloy stranded conductors (Aluminium - Magnesium - Silicon Type) - Specification (Third Revision)
NRL,BIS Northern Regional Laboratory,IS 1673 (1984),"Spectfication for mild steel wire, cold heading quality (Second Revision)"
NRL,BIS Northern Regional Laboratory,IS 1610 (2018),Household sewing machines - General requirements (Fourth Revision)
NRL,BIS Northern Regional Laboratory,IS 1341 (2018),Steel Butt Hinges - Specification (Sixth Revision)
NRL,BIS Northern Regional Laboratory,IS 398 : Part 1 (1996),Aluminium conductors for overhead transmission purposes - Specification: Part 1 aluminium stranded conductors (Third Revision)
NRL,BIS Northern Regional Laboratory,IS 1328 (1996),Veneered Decorative Plywood -Specification
NRL,BIS Northern Regional Laboratory,IS 13095 (1991),Butterfly valves for general purposes
NRL,BIS Northern Regional Laboratory,IS 1554 : Part 1 (1988),Specification for pvc insulated (Heavy Duty) electric cables: Part 1 for working voltages up to and including 1100 v (Third Revision)
NRL,BIS Northern Regional Laboratory,IS 1161 (2014),Steel tubes for structural purposes - Specification (Fifth Revision)
NRL,BIS Northern Regional Laboratory,IS 1879 (2010),Malleable cast iron pipe fittings - Specification (Third Revision)
NRL,BIS Northern Regional Laboratory,IS 10325 (2000),"Square tins - 15 kg/litre for ghee, vanaspati, edible oils and bakery shortenings - Specification (Second Revision)"
NRL,BIS Northern Regional Laboratory,IS 1011 (2002),Biscuits - Specification (Fourth Revision)
NRL,BIS Northern Regional Laboratory,IS 1659 (2004),Block boards - Specification (Fourth Revision)
NRL,BIS Northern Regional Laboratory,IS 2062 (2011),Hot rolled medium and high tensile structural steel - Specification (Seventh Revision)
NRL,BIS Northern Regional Laboratory,IS 269 (2015),Ordinary portland cement - Specification (Sixth Revision)
NRL,BIS Northern Regional Laboratory,IS 1786 (2008),High strength deformed steel bars and wires for concretere inforcement - Specification (Fourth Revision)
NRL,BIS Northern Regional Laboratory,IS 1489 (Part 1) (2015),Portland pozzolana cement - Specification: Part 1 fly Ash Based
NRL,BIS Northern Regional Laboratory,IS 694 (2010),Polyvinyl chloride insulated unsheathed and sheathed cables/cords with rigid and flexible conductor for rated voltages up to and including 450/750 v (Fourth Revision)
PBL,BIS Patna Branch Laboratory,IS 303 (2024),Plywood for General Purposes - Specification (fourth revision)
PBL,BIS Patna Branch Laboratory,IS 1239 : Part 1 (2004),"Steel Tubes, Tubulars and Other Wrought Steel Fittings : Part 1 Steel Tubes (BI-LINGUAL)"
PBL,BIS Patna Branch Laboratory,IS 6444 (2023),Sulphur Dusting Powders - Specification second revision
PBL,BIS Patna Branch Laboratory,IS 3383 (2023),SULPHUR WETTABLE POWDERS SPECIFICATION
PBL,BIS Patna Branch Laboratory,IS 13502 (2023),PIG IRON- SPECIFICATION
PBL,BIS Patna Branch Laboratory,IS 799 (2023),AMMONIA LIQUOR SPECIFICATION
PBL,BIS Patna Branch Laboratory,IS 15328 (2003),Unplasticized Non-Pressure Polyvinyl Chloride ( PVC -U ) Pipes for use in Underground Drainage and Sewerage Systems -
PBL,BIS Patna Branch Laboratory,IS 710 (2024),MARINE PLYWOOD - SPECIFICATION (Third Revision)
PBL,BIS Patna Branch Laboratory,IS 4990 (2024),PLYWOOD FOR CONCRETE SHUTTERING WORKS SPECIFICATION (Fourth Revision)
PBL,BIS Patna Branch Laboratory,IS 303 (2024),Plywood for General Purposes — Specification (Fourth Revision)
PBL,BIS Patna Branch Laboratory,IS 16647 (2017),Oriented unplasticized polyvinyl chloride (Pvc - O) pipes for water supply - Specification
PBL,BIS Patna Branch Laboratory,IS 15801 (2008),Polypropylene - Random copolymer pipes for hot and cold water supplies - Specification
PBL,BIS Patna Branch Laboratory,IS 17546 (2021),Chlorinated polyvinyl chloride CPVC fittings for potable hot and cold water distribution supplies Specification
PBL,BIS Patna Branch Laboratory,IS 14735 (1999),Unplasticized Polyvinyl Chloride (UPVC) Injection Moulded Fittings for Soil and Waste Discharge System for Inside and Outside Buildings Including Ventilation and Rain Water System -
PBL,BIS Patna Branch Laboratory,IS 14333 (2022),Polyethylene Pipes for Sewerage and Industrial Chemicals and Effluent - Specification (First Revision)
PBL,BIS Patna Branch Laboratory,IS 14650 (2023),UNALLOYED AND ALLOYED STEEL INGOT AND SEMI-FINISHED PRODUCTS FOR RE-ROLLING PURPOSES - SPECIFICATION (First Revision)
PBL,BIS Patna Branch Laboratory,IS 1069 (2021),QUALITY TOLERANCES FOR WATER FOR STORAGE BATTERIES - SPECIFICATION
PBL,BIS Patna Branch Laboratory,IS 12594 (1988),Hot - Dip zinc coating on structural steel bars for concrete reinforcement - Specification
PBL,BIS Patna Branch Laboratory,IS 13502 (1992),Pig iron - Specification
PBL,BIS Patna Branch Laboratory,IS 2191 : Part 2 (2022),"WOODEN FLUSH DOOR SHUTTERS (CELLULAR, HOLLOW AND TUBULAR CORE TYPE) - SPECIFICATION PART 2 PARTICLE BOARD, HIGH DENSITY FIBRE BOARD, MEDIUM DENSITY FIBRE BOARD AND FIBRE HARDBOARD FACE PANELS (Fourth Revision)"
PBL,BIS Patna Branch Laboratory,IS 5460 (2022),SOFTBALL SPECIFICATION
PBL,BIS Patna Branch Laboratory,IS 14543 (2024),Packaged Drinking Water Other than Packaged Natural Mineral Water Specification Third Revision
PBL,BIS Patna Branch Laboratory,IS 13428 (2024),PACKAGED NATURAL MINERAL WATER - SPECIFICATION Third Revision
PBL,BIS Patna Branch Laboratory,IS 2344 (2022),Flake type chewing tobacco zarda - Specification
PBL,BIS Patna Branch Laboratory,IS 15778 (2007),Chlorinated polyvinyl chloride (Cpvc) pipes for potable hot and cold water distribution supplies - Specification
PBL,BIS Patna Branch Laboratory,IS 2202 : Part 1 (2023),WOODEN FLUSH DOOR SHUTTERS SOLID CORE TYPE SPECIFICATION PART 1 PLYWOOD FACE PANELS Seventh Revision
PBL,BIS Patna Branch Laboratory,IS 1417 (2016),"Gold and gold alloys, jewellery/ artefacts - Fineness and marking - Specification (Fourth Revision)"
PBL,BIS Patna Branch Laboratory,IS 10500 (2012),Drinking water - Specification (Second Revision)
PBL,BIS Patna Branch Laboratory,IS 4985 (2021),UNPLASTICIZED PVC PIPES FOR POTABLE WATER SUPPLIES SPECIFICATION Fourth Revision
PBL,BIS Patna Branch Laboratory,IS 4984 (2016),Polyethylene pipes for water supply - Specification (Fifth Revision)
PBL,BIS Patna Branch Laboratory,IS 10146 (1982),"Specification for polyethylene for its safe use in contact with foodstuffs, pharmaceuticals and drinking water zy"
PBL,BIS Patna Branch Laboratory,IS 513 : Part 1 (2016),Cold reduced carbon steel sheet and strip: Part 1 cold forming and drawing purpose (Sixth Revision)
PBL,BIS Patna Branch Laboratory,IS 3601 (2006),Steel tubes for mechanical and general engineering purposes - Specification (Second Revision)
PBL,BIS Patna Branch Laboratory,IS 1835 (1976),Specification for round steel wire for ropes (Third Revision)
PBL,BIS Patna Branch Laboratory,IS 1065 : Part 1 (2019),Stable bleaching powder - Specification: Part 1 household and industrial use (Third Revision)
PBL,BIS Patna Branch Laboratory,IS 15410 (2003),Containers for packaging of natural mineral water and packaged drinking water - Specification
PBL,BIS Patna Branch Laboratory,IS 16415 (2015),Composite cement - Specification
PBL,BIS Patna Branch Laboratory,IS 8041 (1990),Rapid hardening portland cement - Specific4tion (Second Revision)
PBL,BIS Patna Branch Laboratory,IS 15911 (2010),Structural steel (Ordinary Quality) - Specification
PBL,BIS Patna Branch Laboratory,IS 10124 : Part 2 (2009),Fabricated pvc - U fittings for potable water supplies - Specification: Part 2 specific requirements for sockets (Second Revision)
PBL,BIS Patna Branch Laboratory,IS 9295 (1983),Specification for steel tubes for idlers for belt conveyors (First Revision)
PBL,BIS Patna Branch Laboratory,IS 5986 (2017),"Hot rolled steel sheet, plate and strip for forming and flanging purposes - Specification (Fourth Revision)"
PBL,BIS Patna Branch Laboratory,IS 4923 (2017),Hollow steel sections for structural use - Specification (Third Revision)
PBL,BIS Patna Branch Laboratory,IS 3975 (1999),"Low carbon galvanized steel wires, formed wires and tapes for armouring of cables - Specification (Third Revision)"
PBL,BIS Patna Branch Laboratory,IS 3589 (2001),Steel pipes for water and sewage (168.3 To 2540 Mm Outside Diameter) - Specification (Third Revision)
PBL,BIS Patna Branch Laboratory,IS 299 (2012),Alumino - Ferric - Specification (Fifth Revision)
PBL,BIS Patna Branch Laboratory,IS 2879 (1998),Mild steel for metal arc welding electrodes - Specification (Third Revision)
PBL,BIS Patna Branch Laboratory,IS 280 (2006),Mild steel wire for general engineering purposes (Fourth Revision)
PBL,BIS Patna Branch Laboratory,IS 253 (2014),Specification for common salt (Fourth Revision)
PBL,BIS Patna Branch Laboratory,IS 2124 (2000),Sodium bicarbonate - Specification (Second Revision)
PBL,BIS Patna Branch Laboratory,IS 1507 (1977),Specification for copper oxychloride water dispersible powder concentrates
PBL,BIS Patna Branch Laboratory,IS 1489 : Part 2 (2015),Portland - Pozzolana cement - Specification: Part 2 calcined clay based
PBL,BIS Patna Branch Laboratory,IS 1148 (2009),Steel Rivet Bars (medium And High Tensile)--For Structural Purposes--For Structural Purposes
PBL,BIS Patna Branch Laboratory,IS 1079 (2017),"Hot rolled carbon steel sheet, plate and strip - Specification (Seventh Revision)"
PBL,BIS Patna Branch Laboratory,IS 10748 (2004),Hot - Rolled steel strip for welded tubes and pipes - Specification (Second Revision)
PBL,BIS Patna Branch Laboratory,IS 1038 (1983),"Specification For Steel Doors, Windows And Ventilators"
PBL,BIS Patna Branch Laboratory,IS 6003 (2010),"Indented Wire For--Prestressed Concrete """
PBL,BIS Patna Branch Laboratory,IS 7224 (2006),"Iodized salt, vacuum evaporated iodized salt and refined iodized salt - Specification (Second Revision)"
PBL,BIS Patna Branch Laboratory,IS 277 (2018),Galvanized steel strips and sheets (Plain And Corrugated) - Specification (Seventh Revision)
PBL,BIS Patna Branch Laboratory,IS 11513 (2017),Hot rolled carbon steel strip for cold rolling purposes - Specification (Second Revision)
PBL,BIS Patna Branch Laboratory,IS 9825 (2003),Chlorine tablets - Specification (Second Revision)
PBL,BIS Patna Branch Laboratory,IS 1011 (2002),Biscuits - Specification (Fourth Revision)
PBL,BIS Patna Branch Laboratory,IS 1759 (1986),Specification for powrahs (Second Revision)
PBL,BIS Patna Branch Laboratory,IS 278 (2009),Galvanized steel barbed wire for fencing - Specification (Fourth Revision)
PBL,BIS Patna Branch Laboratory,IS 1239 : Part 1 (2004),"Steel tubes, tubulars and other wrought steel fittings - Specification: Part 1 steel tubes (Sixth Revision)"
PBL,BIS Patna Branch Laboratory,IS 7887 (1992),Mild steel wire rod for general engineering purposes - Specification (First Revision)
PBL,BIS Patna Branch Laboratory,IS 1341 (2018),Steel Butt Hinges - Specification (Sixth Revision)
PBL,BIS Patna Branch Laboratory,IS 1328 (2025),Veneered Decorative Plywood - Specification ( Fourth Revision )
PBL,BIS Patna Branch Laboratory,IS 12330 (1988),Specificatioon for sulphate resisting Portland cement
PBL,BIS Patna Branch Laboratory,IS 10228 (1982),Specification for school bag
PBL,BIS Patna Branch Laboratory,IS 1161 (2014),Steel tubes for structural purposes - Specification (Fifth Revision)
PBL,BIS Patna Branch Laboratory,IS 13592 (2013),Unplasticized Polyvinyl Chloride (PVC-U) Pipes for Soil and Waste Discharge System Inside and Outside Buiildings Including Ventilation and Rainwater System
PBL,BIS Patna Branch Laboratory,IS 2062 (2011),Hot rolled medium and high tensile structural steel - Specification (Seventh Revision)
PBL,BIS Patna Branch Laboratory,IS 1786 (2008),High strength deformed steel bars and wires for concretere inforcement - Specification (Fourth Revision)
PBL,BIS Patna Branch Laboratory,IS 1489 (Part 1) (2015),Portland pozzolana cement - Specification: Part 1 fly Ash Based
PBL,BIS Patna Branch Laboratory,IS 1659 (2004),Block boards - Specification (Fourth Revision)
PBL,BIS Patna Branch Laboratory,IS 269 (2015),Ordinary portland cement - Specification (Sixth Revision)
PBL,BIS Patna Branch Laboratory,IS 455 (2015),Portland slag cement - Specification
PBL,BIS Patna Branch Laboratory,IS 12818 (2010),Unplasticized polyvinyl chloride (Pvc - U) screen and casing pipes for bore/tubewells - Specification (Second Revision)
SRL,BIS Southern Regional Laboratory,IS 9873 : Part 1 (2019),Safety of toys: Part 1 safety aspects related to mechanical and physical properties (Fourth Revision)
SRL,BIS Southern Regional Laboratory,IS 17569 (2021),Insulated Containers for Food Storage — Specification
SRL,BIS Southern Regional Laboratory,IS 17526 (2021),STAINLESS STEEL VACUUM FLASKS - SPECIFICATION
SRL,BIS Southern Regional Laboratory,IS 17790 (2022),INSULATED FLASK FOR DOMESTIC USE SPECIFICATION
SRL,BIS Southern Regional Laboratory,IS 17803 (2022),"POTABLE WATER BOTTLES (COPPER, STAINLESS STEEL, ALUMINIUM) — SPECIFICATION"
SRL,BIS Southern Regional Laboratory,IS 9873 : Part 1 (2025),SAFETY OF TOYS PART 1: SAFETY ASPECTS RELATED TO MECHANICAL AND PHYSICAL PROPERTIES (Fifth Revision)
SRL,BIS Southern Regional Laboratory,IS 302 : Part 1 (2024),Household and Similar Electrical Appliances — Safety Part 1 General Requirements (Seventh Revision)
SRL,BIS Southern Regional Laboratory,IS 14756 (2024),Stainless Steel Utensils - Specification (THIRD REVISION)
SRL,BIS Southern Regional Laboratory,IS 5405 (2025),Disposable Sanitary Napkin/Panty Liner/Maternity Pad/Period Panty - Specification ( Third Revision )
SRL,BIS Southern Regional Laboratory,IS 17514 (2025),Reusable Sanitary Pad/Sanitary Napkin/Period Panties - Specification (First Revision)
SRL,BIS Southern Regional Laboratory,IS 1239 : Part 1 (2004),"Steel Tubes, Tubulars and Other Wrought Steel Fittings : Part 1 Steel Tubes (BI-LINGUAL)"
SRL,BIS Southern Regional Laboratory,IS 4246 (2025),DOMESTIC GAS STOVE AND BUILT IN HOB FOR USE WITH LPG SPECIFICATION (Sixth Revision )
SRL,BIS Southern Regional Laboratory,IS 4250 (2025),Electric Food-Mixers (Liquidizers and Grinders) and Centrifugal Juicers - Specification ( Second Revision )
SRL,BIS Southern Regional Laboratory,IS 1660 (2024),Wrought and Cast Aluminium Utensils — Specification ( Second Revision )
SRL,BIS Southern Regional Laboratory,IS 4984 (2016),Polyethylene pipes for water supply - Specification (Fifth Revision)
SRL,BIS Southern Regional Laboratory,IS 2556 : Part 2 (2024),Vitreous China Sanitary Appliances —Specification Part 2 Specific Requirements of Washdown Water Closets (Sixth Revision)
SRL,BIS Southern Regional Laboratory,IS 797 (2023),COMMON SALT FOR CHEMICAL INDUSTRIES SPECIFICATION
SRL,BIS Southern Regional Laboratory,IS 15757 (2022),FOLLOW-UP FORMULA-COMPLEMENTARY FOODS - SPECIFICATION (First Revision of IS 15757)
SRL,BIS Southern Regional Laboratory,IS 17782 (2021),FORTIFIED RICE KERNELS-SPECIFICATION
SRL,BIS Southern Regional Laboratory,IS 14433 (2022),INFANT MILK SUBSTITUTES - SPECIFICATION (Second Revision of IS 14433)
SRL,BIS Southern Regional Laboratory,IS 17945 (2022),FOOD FOR SPECIAL MEDICAL PURPOSE INTENDED FOR INFANTS - SPECIFICATION
SRL,BIS Southern Regional Laboratory,IS 17787 (2021),Medical Textiles Nonwoven Wipes Specification
SRL,BIS Southern Regional Laboratory,IS 17786 (2022),Medical Textiles Underpad Specification
SRL,BIS Southern Regional Laboratory,IS 17509 (2021),Disposable Baby Diaper Specification
SRL,BIS Southern Regional Laboratory,IS 2347 (2023),DOMESTIC PRESSURE COOKER - SPECIFICATION
SRL,BIS Southern Regional Laboratory,IS 1659 (2004),Block boards - Specification (Fourth Revision)
SRL,BIS Southern Regional Laboratory,IS 710 (2024),MARINE PLYWOOD - SPECIFICATION (Third Revision)
SRL,BIS Southern Regional Laboratory,IS 303 (2024),Plywood for General Purposes — Specification (Fourth Revision)
SRL,BIS Southern Regional Laboratory,IS 14543 (2024),Packaged Drinking Water Other than Packaged Natural Mineral Water Specification Third Revision
SRL,BIS Southern Regional Laboratory,IS 7933 (2022),Specification for Flexible Polyurethane Foam for Domestic Mattresses First Revision
SRL,BIS Southern Regional Laboratory,IS 3748 (2022),Tool Steels - Specification
SRL,BIS Southern Regional Laboratory,IS 1536 (2023),"Centrifugally cast (spun) iron pressure pipes for water, gas and sewage - Specification"
SRL,BIS Southern Regional Laboratory,IS 15354 : Part 1 (2023),Single-use medical examination gloves Part 1 Specification for gloves made from rubber latex or rubber solution Second Revision
SRL,BIS Southern Regional Laboratory,IS 2556 : Part 6 (2021),Vitreous China sanitary appliances - Specification: Part 6 Specific requirements of urinal and partition plates (fifth revision)
SRL,BIS Southern Regional Laboratory,IS 302 : Part 1 (2008),Safety of household and similar electrical appliances: Part 1 general requirements (Sixth Revision)
SRL,BIS Southern Regional Laboratory,IS 2785 (2022),CHEESE - SPECIFICATION (Second Revision of IS 2785)
SRL,BIS Southern Regional Laboratory,IS 2080 (2021),Specification for stabilized hydrogen peroxide First Revision
SRL,BIS Southern Regional Laboratory,IS 2185 : Part 3 (1984),Concrete Masonry Units Part 3 Autoclaved Cellular Aerated Concrete Blocks
SRL,BIS Southern Regional Laboratory,IS 10500 (2012),Drinking water - Specification (Second Revision)
SRL,BIS Southern Regional Laboratory,IS 16232 (2014),Iron fortified iodized salt (Double Fortified Salt) - Food grade - Specification
SRL,BIS Southern Regional Laboratory,IS 2556 : Part 16 (2002),Vitreous sanitary appliances (Vitreous China) - Specification: Part 16 specific requirements of wash down wall mounted water closets
SRL,BIS Southern Regional Laboratory,IS 13258 (2014),Welded low carbon steel cylinders exceeding 5 litre water capacity for low pressure liquefiable gas - Requirements for inspection and reconditioning of used lpg cylinders (First Revision)
SRL,BIS Southern Regional Laboratory,IS 13592 (2013),Unplasticized Polyvinyl Chloride (PVC-U) Pipes for Soil and Waste Discharge System Inside and Outside Buiildings Including Ventilation and Rainwater System
SRL,BIS Southern Regional Laboratory,IS 12395 (1988),Specification for disposable trash bags of plastics
SRL,BIS Southern Regional Laboratory,IS 7129 (2021),POTASSIUM CARBONATE ANHYDROUS SPECIFICATION (Second Revision)
SRL,BIS Southern Regional Laboratory,IS 2556 : Part 5 (1994),Vitreous sanitary appliances (Vitreous China) - Specification: Part 5 specific requirements of laboratory sinks
SRL,BIS Southern Regional Laboratory,IS 4985 (2021),UNPLASTICIZED PVC PIPES FOR POTABLE WATER SUPPLIES SPECIFICATION Fourth Revision
SRL,BIS Southern Regional Laboratory,IS 252 (2013),Caustic soda - Specification (Fourth Revision)
SRL,BIS Southern Regional Laboratory,IS 1486 (1978),"Specification for copper oxychloride, technical"
SRL,BIS Southern Regional Laboratory,IS 4654 (2019),Paraffin Wax — Specification ( Third Revision )
SRL,BIS Southern Regional Laboratory,IS 17048 (2018),Halogen free flame retardant (HFFR) cables for working voltages up to and including 1 100 Volts - Specification
SRL,BIS Southern Regional Laboratory,IS 9857 (1990),Welding cables - Specification (First Revision)
SRL,BIS Southern Regional Laboratory,IS 5950 (1984),Specification for shot firing cables (For Use Other Than In Shafts) (First Revision)
SRL,BIS Southern Regional Laboratory,IS 318 (1981),Specification for leaded tin bronze ingots and castings (Second Revision)
SRL,BIS Southern Regional Laboratory,IS 617 (2024),Aluminium and Aluminium Alloys Ingots for Remelting and Castings for General Engineering Purposes — Specification (Fourth Revision)
SRL,BIS Southern Regional Laboratory,IS 1489 (Part 1) (2015),Portland pozzolana cement - Specification: Part 1 fly Ash Based
SRL,BIS Southern Regional Laboratory,IS 2112 (2014),"Silver and silver alloys, jewellery/ artefacts - Fineness and marking - Specification (Third Revision)"
SRL,BIS Southern Regional Laboratory,IS 1741 (2019),Latex Foam Rubber Products — Specification ( First Revision )
SRL,BIS Southern Regional Laboratory,IS 269 (2015),Ordinary portland cement - Specification (Sixth Revision)
SRL,BIS Southern Regional Laboratory,IS 5346 (1994),Synthetic food colour - Preparations and mixtures - Specification (Second Revision)
SRL,BIS Southern Regional Laboratory,IS 15644 (2006),Safety of electric toys
SRL,BIS Southern Regional Laboratory,IS 739 (1992),Wrought aluminium and aluminium alloys - Wire for general engineering purposes - Specification (Third Revision)
SRL,BIS Southern Regional Laboratory,IS 7138 (1973),Specification for steel tubes for furniture purposes
SRL,BIS Southern Regional Laboratory,IS 410 (1977),"Specification for cold rolled brass sheet, strip and foil (Third Revision)"
SRL,BIS Southern Regional Laboratory,IS 319 (2007),"Free cutting brass bars, rods and section - Specification (Fifth Revision)"
SRL,BIS Southern Regional Laboratory,IS 3601 (2006),Steel tubes for mechanical and general engineering purposes - Specification (Second Revision)
SRL,BIS Southern Regional Laboratory,IS 3196 : Part 1 (2013),Welded low carbon steel cylinders exceeding 5 litres water capacity for low pressure liquefiable gases: Part 1 cylinders for liquefied petroleum gases (Lpg) - Specification (Sixth Revision)
SRL,BIS Southern Regional Laboratory,IS 5531 (2014),Cast iron specials for asbestos cement pressure pipes for water and sewage - Specification (Third Revision)
SRL,BIS Southern Regional Laboratory,IS 10 : Part 3 (1974),Plywood Tea-Chests: Part-3 Battens
SRL,BIS Southern Regional Laboratory,IS 2980 (1999),Non - Pressure stoves - Specification (Third Revision)
SRL,BIS Southern Regional Laboratory,IS 10 : Part 2 (2013),Plywood tea - Chests - Specification: Part 2 plywood (Sixth Revision)
SRL,BIS Southern Regional Laboratory,IS 10 : Part 1 (1990),Plywood tea - Chests - Specification: Part 1 general (Fifth Revision)
SRL,BIS Southern Regional Laboratory,IS 10 : Part 4 (1989),Plywood tea - Chests - specification: Part 4 metal fittings
SRL,BIS Southern Regional Laboratory,IS 513 : Part 2 (2016),Cold reduced carbon steel sheet and strip: Part 2 high tensile and multi - Phase steel (Sixth Revision)
SRL,BIS Southern Regional Laboratory,IS 513 : Part 1 (2016),Cold reduced carbon steel sheet and strip: Part 1 cold forming and drawing purpose (Sixth Revision)
SRL,BIS Southern Regional Laboratory,IS 916 (2000),Square tins for solid products - Specification (Fourth Revision)
SRL,BIS Southern Regional Laboratory,IS 10577 (1982),Specification for lancing pipes
SRL,BIS Southern Regional Laboratory,IS 5135 : Part 1 (1994),Specification for hand - Rotary duster: Part 1 belly - Mounted type (Second Revision)
SRL,BIS Southern Regional Laboratory,IS 1711 (1984),Specification for self - Closing taps for water supply purposes
SRL,BIS Southern Regional Laboratory,IS 2039 : Part 1 to 3 (1991),Steel tubes for bicycle and cycle rickshaws - Specification (Second Revision)
SRL,BIS Southern Regional Laboratory,IS 1835 (1976),Specification for round steel wire for ropes (Third Revision)
SRL,BIS Southern Regional Laboratory,IS 10840 (1994),Blow moulded hdpe containers for packing of vanaspati - Specification (Second Revision)
SRL,BIS Southern Regional Laboratory,IS 15410 (2003),Containers for packaging of natural mineral water and packaged drinking water - Specification
SRL,BIS Southern Regional Laboratory,IS 737 (2008),Wrought aluminium and aluminium alloy sheet and strip for general engineering purposes - Specification (Fourth Revision)
SRL,BIS Southern Regional Laboratory,IS 12585 (1988),Specification for thermoplastic hoses (Textile Reinforced) for water - General purpose
SRL,BIS Southern Regional Laboratory,IS 3309 (1992),Soluble Coffee - Chicory powder - Specification (Second Revision)
SRL,BIS Southern Regional Laboratory,IS 2791 (1992),Soluble coffee powder - Specification (Third Revision)
SRL,BIS Southern Regional Laboratory,IS 612 (1992),Roasted chicory powder - Specification (Third Revision)
SRL,BIS Southern Regional Laboratory,IS 774 (2004),Flushing cisterns for water closets and urinals (Other Than Plastic Cisterns) - Specification (Fifth Revision)
SRL,BIS Southern Regional Laboratory,IS 4964 (2013),"Textiles – Vests, cotton, plain (Single jersey) knitted – Specification (fifth revision)"
SRL,BIS Southern Regional Laboratory,IS 1784 (2020),Screwed Closures for Drums — Specification ( Fourth Revision )
SRL,BIS Southern Regional Laboratory,IS 6392 (2020),Steel Pipes Flanges — Specification ( First Revision )
SRL,BIS Southern Regional Laboratory,IS 1538 (1993),"Cast iron fittings for pressure pipes for water, gas and sewage - Specification (Third Revision)"
SRL,BIS Southern Regional Laboratory,IS 1703 (2000),Water Fittings - Copper Alloy Float Valves (Horizontal Plunger Type) -
SRL,BIS Southern Regional Laboratory,IS 1729 (2002),Cast iron/ductile iron drainage pipes and pipe fittings for over ground non-pressure pipeline socket and spigot series (Second Revision)
SRL,BIS Southern Regional Laboratory,IS 1342 (2019),Oil pressure stoves - Specification (Seventh Revision)
SRL,BIS Southern Regional Laboratory,IS 3466 (1988),Specification For Masonry Cement
SRL,BIS Southern Regional Laboratory,IS 12600 (1989),"Portland cement, low heat - specification"
SRL,BIS Southern Regional Laboratory,IS 12337 (1988),Specification for manually operated fertilizer broadcaster
SRL,BIS Southern Regional Laboratory,IS 8329 (2000),"Centrifugally cast (Spun) ductile iron pressure pipes for water, gas and sewage - Specification (Third Revision)"
SRL,BIS Southern Regional Laboratory,IS 1038 (1983),"Specification For Steel Doors, Windows And Ventilators"
SRL,BIS Southern Regional Laboratory,IS 4308 (2019),"Dry Chemical Powders for Fire Fighting — BC, ABC and D Types — Specification ( Third Revision )"
SRL,BIS Southern Regional Laboratory,IS 11722 (1986),Specification for thin walled flexible quick coupling pipes
SRL,BIS Southern Regional Laboratory,IS 4224 (1972),"Specification for steel wire for staples, pins and clips (First Revision)"
SRL,BIS Southern Regional Laboratory,IS 903 (1993),"Specification for Fire Hose Delivery Couplings, Branch Pipe, Nozzles And Nozzle Spanner - Specificaion"
SRL,BIS Southern Regional Laboratory,IS 13997 (2014),"Drums, large open top - Specification (First Revision)"
SRL,BIS Southern Regional Laboratory,IS 2653 (2004),Safety matches in boxes - Specification (Third Revision)
SRL,BIS Southern Regional Laboratory,IS 3196 : Part 2 (2006),Welded low carbon steel cylinders exceeding 5 litre water capacity for low pressure liquefiable gases: Part 2 cylinders for liquefiable non - Toxic gases other than lpg - Specification (First Revision)
SRL,BIS Southern Regional Laboratory,IS 6006 (2014),Uncoated stress relieved strand for prestressed concrete - Specification (Second Revision)
SRL,BIS Southern Regional Laboratory,IS 2556 : Part 7 (1995),Vitreous sanitary appliances (Vitreous China) - specification: Part 7 specific requirements of accessories for sanitary appliances
SRL,BIS Southern Regional Laboratory,IS 2098 (1997),Asbestos cement building boards - Specification (First Revision)
SRL,BIS Southern Regional Laboratory,IS 3196 : Part 4 (2001),Welded low carbon steel cylinders exceeding 5 litre water capacity for low pressure liquefiable gases - Specification: Part 4 cylinders for toxic and corrosive gases
SRL,BIS Southern Regional Laboratory,IS 1812 (1982),Specification for carbon steel wire for the manufacture of wood screws (Second Revision)
SRL,BIS Southern Regional Laboratory,IS 5517 (1993),Steels for hardening and tempering - Speicification (Second Revision)
SRL,BIS Southern Regional Laboratory,IS 204 : Part 2 (1992),Tower bolts - Specification: Part 2 non - Ferrous metals (Fifth Revision)
SRL,BIS Southern Regional Laboratory,IS 1726 (1991),Cast iron manhole covers and frames - Specification (Third Revision)
SRL,BIS Southern Regional Laboratory,IS 1341 (2018),Steel Butt Hinges - Specification (Sixth Revision)
SRL,BIS Southern Regional Laboratory,IS 704 (1984),Specification for crow - Bars and claw - Bars (Second Revision)
SRL,BIS Southern Regional Laboratory,IS 7092 : Part 2 (1987),Specification for aluminium alloy tube for irrigation purposes: Part 2 extruded tube (Second Revision)
SRL,BIS Southern Regional Laboratory,IS 7181 (1986),"Specification for horizontally cast iron double flanged pipes for water, gas and sewage (First Revision)"
SRL,BIS Southern Regional Laboratory,IS 733 (1983),"Specification for wrought aluminium and aluminium alloy bars, rods and sections (For General Engineering Purposes) (Third Revision)"
SRL,BIS Southern Regional Laboratory,IS 7452 (1990),"Hot rolled steel sections for doors, windows and ventilators - Specification"
SRL,BIS Southern Regional Laboratory,IS 778 (1984),"Specification for 2010 copper alloy gate, globe and check valves for waterworks purposes (Fourth Revision)"
SRL,BIS Southern Regional Laboratory,IS 9523 (2000),"Ductile iron fittings for pressure pipes for water, gas and sewage - Specification (First Revision)"
SRL,BIS Southern Regional Laboratory,IS 1239 : Part 1 (2004),"Steel tubes, tubulars and other wrought steel fittings - Specification: Part 1 steel tubes (Sixth Revision)"
SRL,BIS Southern Regional Laboratory,IS 12592 (2002),Precast concrete manhole cover and frame - Specification (First Revision)
SRL,BIS Southern Regional Laboratory,IS 10124 : Part 1 (2009),Fabricated PVC-U Fittings for Potable Water Supplies - Specification Part 1 General Requirements (Second Revision)
SRL,BIS Southern Regional Laboratory,IS 4270 (2001),Steel tubes used for water wells specification (Third Revision)
SRL,BIS Southern Regional Laboratory,IS 8784 (1987),Specification for thermocouple compensating cables (Second Revision)
SRL,BIS Southern Regional Laboratory,IS 3589 (2001),Steel pipes for water and sewage (168.3 To 2540 Mm Outside Diameter) - Specification (Third Revision)
SRL,BIS Southern Regional Laboratory,IS 3575 (1993),Bitumen drums - Specification (Third Revision)
SRL,BIS Southern Regional Laboratory,IS 3502 (2009),Steel chequered plates (Third Revision)
SRL,BIS Southern Regional Laboratory,IS 1783 : Part 2 (2014),"Drums large, fixed ends - Specification: Part 2 grade B drums (Fourth Revision)"
SRL,BIS Southern Regional Laboratory,IS 3319 (1995),"Blades, surgical, detachable (Bard Parker Type) and handles - Specification (Fourth Revision)"
SRL,BIS Southern Regional Laboratory,IS 432 : Part 2 (1982),Mild Steel and Medium Tensile Steel Bars and Hard-Drawn Steel Wire for Concrete Reinforcement: Part 2 Hard-Drawn Steel Wire
SRL,BIS Southern Regional Laboratory,IS 432 : Part 1 (1982),Mild Steel and Medium Tensile Steel Bars and Hard-Drawn Steel Wire for Concrete Reinforcement: Part 1 Mild Steel and Medium Tensile Steel Bars
SRL,BIS Southern Regional Laboratory,IS 4947 (2006),Foam concentrate for producing mechanical foam for fire fighting - Specification (Fourth Revision)
SRL,BIS Southern Regional Laboratory,IS 4948 (2020.0),Welded steel wire fabric for general use - Specification (Second Revision)
SRL,BIS Southern Regional Laboratory,IS 2879 (1998),Mild steel for metal arc welding electrodes - Specification (Third Revision)
SRL,BIS Southern Regional Laboratory,IS 280 (2006),Mild steel wire for general engineering purposes (Fourth Revision)
SRL,BIS Southern Regional Laboratory,IS 5489 (1975),Specification for carburizing steels for use in bearing industry (First Revision)
SRL,BIS Southern Regional Laboratory,IS 2681 (1993),Non - Ferrous metal sliding door bolts (Aldrops) for use with padlocks - Specification (Third Revision)
SRL,BIS Southern Regional Laboratory,IS 2385 (1977),Specification for hot - Rolled mild steel sheet and strip in coil form for cold - Reduced tinplate and cold - Reduced blackplate (First Revision)
SRL,BIS Southern Regional Laboratory,IS 7098 : Part 1 (1988),Specification for crosslinked polyethylene insulated pvc sheathed cables: Part 1 for working voltages up to and including 1100 volts (First Revision)
SRL,BIS Southern Regional Laboratory,IS 2255 (1977),Specification for mild steel wire rod for the manufacture of machine screws (By Cold Heading Process) (Second Revision)
SRL,BIS Southern Regional Laboratory,IS 210 (2009),Grey iron castings - Specification (First Revision)
SRL,BIS Southern Regional Laboratory,IS 2090 (1983),Specification for high tensile steel bars used in prestressed concrete (First Revision)
SRL,BIS Southern Regional Laboratory,IS 1673 (1984),"Spectfication for mild steel wire, cold heading quality (Second Revision)"
SRL,BIS Southern Regional Laboratory,IS 1783 : Part 1 (2014),"Drums large, fixed ends - Specification: Part 1 grade A drums (Fourth Revision)"
SRL,BIS Southern Regional Laboratory,IS 1566 (1982),Specification for hard - Drawn steel wire fabric for concrete reinforcement (Second Revision)
SRL,BIS Southern Regional Laboratory,IS 15647 (2006),Hot rolled steel narrow width strip for welded tubes and pipes
SRL,BIS Southern Regional Laboratory,IS 15392 (2003),Aluminium and aluminium alloy bare foil for food packaging - Specification
SRL,BIS Southern Regional Laboratory,IS 1626 : Part 3 (1994),"Asbestos Cement Building types and Pipe Fittings, Gutters and Gutter Fittings and Roofing Fittings - Part 3 : Roofing Fittings"
SRL,BIS Southern Regional Laboratory,IS 5651 (1987),Specification for steels for pneumatic tools (First Revision)
SRL,BIS Southern Regional Laboratory,IS 14652 (1999),18 percent nickel maraging steel bars and rods - Specification
SRL,BIS Southern Regional Laboratory,IS 5872 (1990),Cold rolled steel strips (Box Strappings) - Specification
SRL,BIS Southern Regional Laboratory,IS 6003 (2010),"Indented Wire For--Prestressed Concrete """
SRL,BIS Southern Regional Laboratory,IS 12591 (2018),Cold - Reduced tinmill products - Electrolytic chromium / chromium oxide - Coated steel (Second Revision)
SRL,BIS Southern Regional Laboratory,IS 1239 : Part 2 (2011),"Steel tubes, tubulars and other steel fittings - Specification: Part 2 steel pipe fittings (Fifth Revision)"
SRL,BIS Southern Regional Laboratory,IS 4923 (2017),Hollow steel sections for structural use - Specification (Third Revision)
SRL,BIS Southern Regional Laboratory,IS 1554 : Part 2 (1988),Specification for pvc insulated (Heavy Duty) electric cables: Part 2 for working voltages from 3.3 kV up to and including 11 kV (Second Revision)
SRL,BIS Southern Regional Laboratory,IS 14491 (1997),Low carbon high strength cold rolled steel sheets and coils for cold forming - Specification
SRL,BIS Southern Regional Laboratory,IS 6529 (1996),"Stainless steel blooms, billets and slabs for forging - Specification (First Revision)"
SRL,BIS Southern Regional Laboratory,IS 6967 (1973),Specification for steels for electrically welded round link chains
SRL,BIS Southern Regional Laboratory,IS 12367 (1988),Specification for cold - Rolled carbon steel strips/coils for manufacture of welded tubes
SRL,BIS Southern Regional Laboratory,IS 14246 (2013),Continuously pre-painted galvanized steel sheets and coils (First Revision)
SRL,BIS Southern Regional Laboratory,IS 738 (1994),"Wrought aluminium alloys, drawn tube for general engineering purposes - Specification (Third Revision)"
SRL,BIS Southern Regional Laboratory,IS 281 (2009),Mild steel sliding door bolts for use with padlocks - Specification (Fourth Revision)
SRL,BIS Southern Regional Laboratory,IS 7887 (1992),Mild steel wire rod for general engineering purposes - Specification (First Revision)
SRL,BIS Southern Regional Laboratory,IS 205 (1992),Non - Ferrous metal butt specification (Fourth Revision)
SRL,BIS Southern Regional Laboratory,IS 2556 : Part 15 (2004),Vitreous sanitary appliances (Vitreous China) - Specification: Part 15 specific requirements of universal water closets
SRL,BIS Southern Regional Laboratory,IS 204 : Part 1 (1991),Tower bolts - Specification: Part 1 ferrous metals (Fifth Revision)
SRL,BIS Southern Regional Laboratory,IS 1879 (2010),Malleable cast iron pipe fittings - Specification (Third Revision)
SRL,BIS Southern Regional Laboratory,IS 2556 : Part 4 (2004),Vitreous sanitary appliances (Vitreous China) - specification: Part 4 specific requirements of wash basins
SRL,BIS Southern Regional Laboratory,IS 2556 : Part 3 (2004),Vitreous Sanitary Appliances (Vitreous China) - - Part 3: Specific Requirements of Squatting Pans
SRL,BIS Southern Regional Laboratory,IS 8794 (1988),Specification for cast iron detachable joints for use with asbestos cement pressure pipes (First Revision)
SRL,BIS Southern Regional Laboratory,IS 11657 (1986),"Specification for phosphorus oxychloride, technical"
SRL,BIS Southern Regional Laboratory,IS 11744 (1986),"PecificatiOn for phosphorous pentachloride, technical"
SRL,BIS Southern Regional Laboratory,IS 12330 (1988),Specificatioon for sulphate resisting Portland cement
SRL,BIS Southern Regional Laboratory,IS 12928 (1990),Precipitated barium carbonate for ceramic and glass industry - Specification
SRL,BIS Southern Regional Laboratory,IS 14709 (1999),N - Butyl acrylate - Specification
SRL,BIS Southern Regional Laboratory,IS 14735 (1999),Unplasticized Polyvinyl Chloride (UPVC) Injection Moulded Fittings for Soil and Waste Discharge System for Inside and Outside Buildings Including Ventilation and Rain Water System -
SRL,BIS Southern Regional Laboratory,IS 1489 : Part 2 (2015),Portland - Pozzolana cement - Specification: Part 2 calcined clay based
SRL,BIS Southern Regional Laboratory,IS 15030 (2001),Terephthalic acid - Specification
SRL,BIS Southern Regional Laboratory,IS 1507 (1977),Specification for copper oxychloride water dispersible powder concentrates
SRL,BIS Southern Regional Laboratory,IS 170 (2020),Acetone — Specification ( Fifth Revision )
SRL,BIS Southern Regional Laboratory,IS 253 (2014),Specification for common salt (Fourth Revision)
SRL,BIS Southern Regional Laboratory,IS 4148 (1989),Surgical rubber gloves - Specification (First Revision)
SRL,BIS Southern Regional Laboratory,IS 4581 (1978),"Specification for phosphorus trichloride, pure and analytical reagent (First Revision)"
SRL,BIS Southern Regional Laboratory,IS 5295 (1985),Specification for ethylene glycol (First Revision)
SRL,BIS Southern Regional Laboratory,IS 6100 (1984),"Specification for sodium tripolyphosphate, anhydrous, technical (First Revision)"
SRL,BIS Southern Regional Laboratory,IS 650 (1991),Standard sand for testing cement - Specification (Second Revision)
SRL,BIS Southern Regional Laboratory,IS 797 (1982),Specification for common salt for chemical industries (Third Revision)
SRL,BIS Southern Regional Laboratory,IS 798 (2020),Orthophosphoric Acid — Specification ( Third Revision )
SRL,BIS Southern Regional Laboratory,IS 8043 (1991),Specification for hydrophobic Portland cement
SRL,BIS Southern Regional Laboratory,IS 8229 (1986),Specification for oil - Well cement (First Revision)
SRL,BIS Southern Regional Laboratory,IS 9825 (2003),Chlorine tablets - Specification (Second Revision)
SRL,BIS Southern Regional Laboratory,IS 14255 (1995),Aertal bunched cables - For working voltages up to and including 1100 Volts - Specification
SRL,BIS Southern Regional Laboratory,IS 9537 : Part 3 (1983),Specification for conduits for electrical installations: Part 3 rigid plain conduits of insulating meterials
SRL,BIS Southern Regional Laboratory,IS 12045 (1987),Specification for alloys used in electrical resistance metallic heating elements
SRL,BIS Southern Regional Laboratory,IS 398 : Part 5 (1992),Aluminium conductor for overhead transmission purposes - Specification: Part 5 aluminium conductors - Galvanized steel - Reinforced for extra high voltage (400 KV And Above) (First Revision)
SRL,BIS Southern Regional Laboratory,IS 11952 (1986),Specification for steels for piston pins (Gudgeon Pins)
SRL,BIS Southern Regional Laboratory,IS 1785 : Part 2 (1983),Specification for plain hard drawn steel wire for prestressed concrete: Part 2 as - Drawn wire (First Revision)
SRL,BIS Southern Regional Laboratory,IS 1159 (1981),Specification for baking powder (First Revision)
SRL,BIS Southern Regional Laboratory,IS 1785 : Part 1 (1983),Specification for plain hard - Drawn steel wire for prestressed concrete: Part 1 cold drawn stress - Relieved wire (Second Revision)
SRL,BIS Southern Regional Laboratory,IS 398 : Part 2 (1996),"Aluminium conductors for overhead transmission purposes - Specification: Part 2 aluminium conuuctors, galvanized steel - Reinforced (Third Revision)"
SRL,BIS Southern Regional Laboratory,IS 11947 (1987),"Specification for soft magnetic iron rods, bars, flats and sections"
SRL,BIS Southern Regional Laboratory,IS 12146 (1987),Specification for carbon manganese steel forgings for pressure vessels
SRL,BIS Southern Regional Laboratory,IS 14542 (1998),Partly skimmed milk powder specification
SRL,BIS Southern Regional Laboratory,IS 4505 (2015),Sodium formaldehyde sulphoxylate - Specification (First Revision)
SRL,BIS Southern Regional Laboratory,IS 336 (1973),Specification for ether
SRL,BIS Southern Regional Laboratory,IS 1161 (2014),Steel tubes for structural purposes - Specification (Fifth Revision)
SRL,BIS Southern Regional Laboratory,IS 10109 (2018),Oil pressure stoves - Offset burner type - Specification (Second Revision)
SRL,BIS Southern Regional Laboratory,IS 3205 (1984),"Specification for precipitated barium carbonate, technical (First Revision)"
SRL,BIS Southern Regional Laboratory,IS 11587 (1986),Specification for structural weather resistant steels
SRL,BIS Southern Regional Laboratory,IS 398 : Part 1 (1996),Aluminium conductors for overhead transmission purposes - Specification: Part 1 aluminium stranded conductors (Third Revision)
SRL,BIS Southern Regional Laboratory,IS 398 : Part 4 (1994),Aluminium conductors for overhead transmission purposes: Part 4 aluminium alloy stranded conductors (Aluminium - Magnesium - Silicon Type) - Specification (Third Revision)
SRL,BIS Southern Regional Laboratory,IS 261 (1982),Specification for copper sulphate (Second Revision)
SRL,BIS Southern Regional Laboratory,IS 6452 (1989),High alumina cement for structural use - specification (First Revision)
SRL,BIS Southern Regional Laboratory,IS 1554 : Part 1 (1988),Specification for pvc insulated (Heavy Duty) electric cables: Part 1 for working voltages up to and including 1100 v (Third Revision)
SRL,BIS Southern Regional Laboratory,IS 10325 (2000),"Square tins - 15 kg/litre for ghee, vanaspati, edible oils and bakery shortenings - Specification (Second Revision)"
SRL,BIS Southern Regional Laboratory,IS 15962 (2012),Structural steels for buildings and structures with improved seismic resistance
SRL,BIS Southern Regional Laboratory,IS 1029 (1970),Specification for hot-rolled steel strip (Baling) (First Revision)
SRL,BIS Southern Regional Laboratory,IS 1079 (2017),"Hot rolled carbon steel sheet, plate and strip - Specification (Seventh Revision)"
SRL,BIS Southern Regional Laboratory,IS 1011 (2002),Biscuits - Specification (Fourth Revision)
SRL,BIS Southern Regional Laboratory,IS 1417 (2016),"Gold and gold alloys, jewellery/ artefacts - Fineness and marking - Specification (Fourth Revision)"
SRL,BIS Southern Regional Laboratory,IS 17423 (2020),Medical textiles – Coveralls for COVID 19 – Specification
SRL,BIS Southern Regional Laboratory,IS 15354 : Part 1 (2018),Single - Use medical examination gloves: Part 1 specification for gloves made from rubber latex or rubber solution (First Revision)
SRL,BIS Southern Regional Laboratory,IS 10748 (2004),Hot - Rolled steel strip for welded tubes and pipes - Specification (Second Revision)
SRL,BIS Southern Regional Laboratory,IS 3074 (2013),Steel tubes for automotive purposes - Specification (Third Revision)
SRL,BIS Southern Regional Laboratory,IS 963 (1958),Specification for chrome molybdenum steel bars and rods for aircraft purposes
SRL,BIS Southern Regional Laboratory,IS 13428 (2005),Packaged natural mineral water specification (Second Revision)
SRL,BIS Southern Regional Laboratory,IS 459 (1992),Corrugated and semi - Corrugated asbestos cement sheets - Specification (Third Revision)
SRL,BIS Southern Regional Laboratory,IS 13422 (1992),Disposable surgical rubber gloves specification
SRL,BIS Southern Regional Laboratory,IS 13334 : Part 2 (2014),Skimmed milk powder - Specification: Part 2 extra grade (First Revision)
SRL,BIS Southern Regional Laboratory,IS 12818 (2010),Unplasticized polyvinyl chloride (Pvc - U) screen and casing pipes for bore/tubewells - Specification (Second Revision)
SRL,BIS Southern Regional Laboratory,IS 8249 (2019),"Zinc sulphate heptahydrate, agricultural grade - Specification (First Revision)"
SRL,BIS Southern Regional Laboratory,IS 455 (2015),Portland slag cement - Specification
SRL,BIS Southern Regional Laboratory,IS 8042 (2015),White portland cement - Specification (Third Revision)
SRL,BIS Southern Regional Laboratory,IS 651 (2007),Glazed stoneware pipes and fittings - Specification (Sixth Revision)
SRL,BIS Southern Regional Laboratory,IS 13334 : Part 1 (2014),Skimmed milk powder - Specification: Part 1 standard grade (Second Revision)
SRL,BIS Southern Regional Laboratory,IS 12786 (1989),Irrigation equipment - Polyethylene pipes for irrigation laterals - Specification
SRL,BIS Southern Regional Laboratory,IS 7224 (2006),"Iodized salt, vacuum evaporated iodized salt and refined iodized salt - Specification (Second Revision)"
SRL,BIS Southern Regional Laboratory,IS 2062 (2011),Hot rolled medium and high tensile structural steel - Specification (Seventh Revision)
SRL,BIS Southern Regional Laboratory,IS 1786 (2008),High strength deformed steel bars and wires for concretere inforcement - Specification (Fourth Revision)
SRL,BIS Southern Regional Laboratory,IS 694 (2010),Polyvinyl chloride insulated unsheathed and sheathed cables/cords with rigid and flexible conductor for rated voltages up to and including 450/750 v (Fourth Revision)
WRL,BIS Western Regional Laboratory,IS 19608 (2026),"Hot-rolled Carbon and Alloy Steel Plates, Sheets and Strips - Specification"
WRL,BIS Western Regional Laboratory,IS 2112 (2014),"Silver and silver alloys, jewellery/ artefacts - Fineness and marking - Specification (Third Revision)"
WRL,BIS Western Regional Laboratory,IS 9873 : Part 1 (2025),SAFETY OF TOYS PART 1: SAFETY ASPECTS RELATED TO MECHANICAL AND PHYSICAL PROPERTIES (Fifth Revision)
WRL,BIS Western Regional Laboratory,IS 1417 (2016),"Gold and gold alloys, jewellery/ artefacts - Fineness and marking - Specification (Fourth Revision)"
WRL,BIS Western Regional Laboratory,IS 260 (2001),"Aluminium sulphate, non - Ferric - Specification (Second Revision)"
WRL,BIS Western Regional Laboratory,IS 302 : Part 1 (2024),Household and Similar Electrical Appliances — Safety Part 1 General Requirements (Seventh Revision)
WRL,BIS Western Regional Laboratory,IS 9873 : Part 3 (2020),Safety of Toys Part 3 Migration of Certain Elements ( Third Revision )
WRL,BIS Western Regional Laboratory,IS 9873 : Part 9 (2017),Safety of Toys Part 9 Certain Phthalates Esters in Toys and Children's Products
WRL,BIS Western Regional Laboratory,IS 17803 (2022),"POTABLE WATER BOTTLES (COPPER, STAINLESS STEEL, ALUMINIUM) — SPECIFICATION"
WRL,BIS Western Regional Laboratory,IS 398 : Part 6 (2021),Aluminium Conductors For Overhead Transmission Purposes Part 6: High conductivity aluminium alloy stranded conductors
WRL,BIS Western Regional Laboratory,IS 302 : Part 1 (2008),Safety of household and similar electrical appliances: Part 1 general requirements (Sixth Revision)
WRL,BIS Western Regional Laboratory,IS 13487 (2024),Irrigation Equipment — Emitters — Specification
WRL,BIS Western Regional Laboratory,IS 1660 (2024),Wrought and Cast Aluminium Utensils — Specification ( Second Revision )
WRL,BIS Western Regional Laboratory,IS 330 (2023),CHROMIUM TRIOXIDE - SPECIFICATION Third Revision
WRL,BIS Western Regional Laboratory,IS 7983 (1994),"Toilet cleaner, liquid - Specification (First Revision)"
WRL,BIS Western Regional Laboratory,IS 5271 (1984),Specification for paraformaldehyde (First Revision)
WRL,BIS Western Regional Laboratory,IS 4265 (1975),"4,4'-Diaminostilbene-2,2'-Disulphonic Acid"
WRL,BIS Western Regional Laboratory,IS 297 (2024),"SODIUM SULPHIDE, TECHNICAL - SPECIFICATION (Third Revision)"
WRL,BIS Western Regional Laboratory,IS 16232 (2014),Iron fortified iodized salt (Double Fortified Salt) - Food grade - Specification
WRL,BIS Western Regional Laboratory,IS 2124 (2023),SODIUM BICARBONATE SPECIFICATION
WRL,BIS Western Regional Laboratory,IS 17509 (2021),Disposable Baby Diaper Specification
WRL,BIS Western Regional Laboratory,IS 5405 (2025),Disposable Sanitary Napkin/Panty Liner/Maternity Pad/Period Panty - Specification ( Third Revision )
WRL,BIS Western Regional Laboratory,IS 249 (2022),SODIUM BICHROMATE TECHNICAL SPECIFICATION
WRL,BIS Western Regional Laboratory,IS 8877 (2023),Acetoacetic methyl ester - Specification (Third Revision)
WRL,BIS Western Regional Laboratory,IS 7559 (1992),"Salicylic acid, technical - Specification (First Revision)"
WRL,BIS Western Regional Laboratory,IS 15801 (2008),Polypropylene - Random copolymer pipes for hot and cold water supplies - Specification
WRL,BIS Western Regional Laboratory,IS 14756 (2024),Stainless Steel Utensils - Specification (THIRD REVISION)
WRL,BIS Western Regional Laboratory,IS 2721 (2003),Galvanized steel chain link fence fabric - Specification (Second Revision)
WRL,BIS Western Regional Laboratory,IS 12817 (2020),Stainless Steel Butt Hinges - Specification ( Third Revision )
WRL,BIS Western Regional Laboratory,IS 1341 (2018),Steel Butt Hinges - Specification (Sixth Revision)
WRL,BIS Western Regional Laboratory,IS 14650 (2023),UNALLOYED AND ALLOYED STEEL INGOT AND SEMI-FINISHED PRODUCTS FOR RE-ROLLING PURPOSES - SPECIFICATION (First Revision)
WRL,BIS Western Regional Laboratory,IS 1970 (2024),Crop Protection Equipment - Hand-Operated Compression - Knapsack Sprayer - Specification (Sixth Revision)
WRL,BIS Western Regional Laboratory,IS 269 (2015),Ordinary portland cement - Specification (Sixth Revision)
WRL,BIS Western Regional Laboratory,IS 3854 (2023),Switches for Domestic and Similar Purposes - Specification (Third Revision)
WRL,BIS Western Regional Laboratory,IS 15757 (2022),FOLLOW-UP FORMULA-COMPLEMENTARY FOODS - SPECIFICATION (First Revision of IS 15757)
WRL,BIS Western Regional Laboratory,IS 17425 (2020),Irrigation Equipment - Quick Coupled Polyethylene Pipes and Fittings for Sprinkler Irrigation Systems - Specification
WRL,BIS Western Regional Laboratory,IS 17399 (2020),"Textiles - Polypropylene ( PP )/ High Density Polyethylene ( HDPE ) Laminated Woven Sacks for Mail Sorting, Storage, Transport and Distribution - Specification"
WRL,BIS Western Regional Laboratory,IS 16208 (2015),"Textiles - High density polyethylene (HDPE)/polypropylene (PP) woven sacks for packaging 10 kg, 15 kg, 20 kg, 25 kg and 30 kg foodgrains - Specification"
WRL,BIS Western Regional Laboratory,IS 14968 (2015),Textiles – High density polyethylene (HDPE)/ polypropylene (PP) woven sacks for packing 50 Kg/25 kg sugar – Specification (first revision)
WRL,BIS Western Regional Laboratory,IS 14252 (2015),Textiles – High density polyethylene (HDPE)/ polypropylene (PP) woven sack for filling sand – Specification (second revision)
WRL,BIS Western Regional Laboratory,IS 12100 (1987),Specification for high density polyethylene (HDPE) woven sacks for packing flour
WRL,BIS Western Regional Laboratory,IS 16187 (2014),Textiles - High density polyethylene (HDPE)/ polypropylene (PP) leno woven sacks for packaging and storage of fruits and vegetables - Specification
WRL,BIS Western Regional Laboratory,IS 13098 (2024),AUTOMOTIVE VEHICLES TUBES FOR PNEUMATIC TYRES — SPECIFICATION (second revision)
WRL,BIS Western Regional Laboratory,IS 12786 (2024),Irrigation equipment - Polyethylene pipes for irrigation laterals - Specification (first revision)
WRL,BIS Western Regional Laboratory,IS 248 (2023),SODIUM BISULPHITE TECHNICAL SODIUM METABISULPHITE SPECIFICATION
WRL,BIS Western Regional Laboratory,IS 14543 (2024),Packaged Drinking Water Other than Packaged Natural Mineral Water Specification Third Revision
WRL,BIS Western Regional Laboratory,IS 14781 (2000),Sodium thiosulphate - Specification
WRL,BIS Western Regional Laboratory,IS 11673 : Part 1 (2019),Sodium hypochlorite solution - Specification: Part 1 household and industrial use (Second Revision)
WRL,BIS Western Regional Laboratory,IS 10904 (1984),"Specification for sodium fluoride, technical"
WRL,BIS Western Regional Laboratory,IS 14364 (1996),"Quarternary ammonium compound based surface cleaner, liquid - Specification"
WRL,BIS Western Regional Laboratory,IS 13498 (2017),Bathing bar - Specification (Second Revision)
WRL,BIS Western Regional Laboratory,IS 1069 (2021),QUALITY TOLERANCES FOR WATER FOR STORAGE BATTERIES - SPECIFICATION
WRL,BIS Western Regional Laboratory,IS 6614 (2021),SPECIFICATION FOR ALUMINIUM CHLORIDE ANHYDROUS TECHNICAL First revision of IS 6614
WRL,BIS Western Regional Laboratory,IS 333 (2023),POTASSIUM PERMANGANATE SPECIFICATION
WRL,BIS Western Regional Laboratory,IS 12586 (2021),Brazed low carbon steel gas cylinders not exceeding 13 litre water capacity Specification
WRL,BIS Western Regional Laboratory,IS 14333 (2022),Polyethylene Pipes for Sewerage and Industrial Chemicals and Effluent - Specification (First Revision)
WRL,BIS Western Regional Laboratory,IS 2347 (2023),DOMESTIC PRESSURE COOKER - SPECIFICATION
WRL,BIS Western Regional Laboratory,IS 14493 : Part 5 (2018),Multicore and symmetrical pair / quad cables for digital communications: Part 5 symmetrical pair / quad cables with transmission characteristics up to 1000 MHz - Horizontal floor wiring - Secal specification
WRL,BIS Western Regional Laboratory,IS 1165 (2022),WHOLE MILK POWDER - SPECIFICATION (Sixth Revision of IS 1165)
WRL,BIS Western Regional Laboratory,IS 3950 (1979),surface boxes for sluice valves
WRL,BIS Western Regional Laboratory,IS 16111 (2013),Elastic bandage
WRL,BIS Western Regional Laboratory,IS 13593 (1992),Upvc Pipe Fittings to be Used with the Upvc Pipes in the Suction and Delivery Lines Of Agricultural Pumps
WRL,BIS Western Regional Laboratory,IS 15450 (2022),Polyethylene-aluminium-polyethylene composite pressure pipes for hot and cold water supplies Specifications first revision of IS 15450
WRL,BIS Western Regional Laboratory,IS 3327 (1982),Specification for pedal - Operated paddy threshers (First Revision)
WRL,BIS Western Regional Laboratory,IS 419 (1967),"Specification for putty, for use on window frames (First Revision)"
WRL,BIS Western Regional Laboratory,IS 15833 (2009),Stainless Steel Tower Bolts -specification
WRL,BIS Western Regional Laboratory,IS 15834 (2020),Stainless Steel Sliding Door Bolts ( Aldrops ) for Use With Padlocks - Specification ( First Revision )
WRL,BIS Western Regional Laboratory,IS 1166 (2022),"SWEETENED CONDENSED MILK, SWEETENED CONDENSED PARTLY SKIMMED MILK, SWEETENED CONDENSED SKIMMED MILK AND SWEETENED CONDENSD HIGH FAT MILK- SPECIFICATION (Third Revision of IS 1166)"
WRL,BIS Western Regional Laboratory,IS 14887 (2014),Textiles – High density polyethylene (HDPE)/ polypropylene (PP) woven sacks for packaging of 50 kg food grains – Specification (first revision)
WRL,BIS Western Regional Laboratory,IS 302 : Part 2 : Sec 3 (2007),Safety of household and similar electrical appliances: Part 2 particular requirements: Sec 3 electric iron (First Revision)
WRL,BIS Western Regional Laboratory,IS 10500 (2012),Drinking water - Specification (Second Revision)
WRL,BIS Western Regional Laboratory,IS 14927 : Part 2 (2001),Cable Trunking and Ducting Systems for Electrical Installations : Part 2 Cable Trunking and Ducting Systems Intended for Mounting on Walls or Ceiling
WRL,BIS Western Regional Laboratory,IS 302 : Part 2 : Sec 14 (2009),Safety of household and similar electrical appliances: Part 2 particular requirements: Sec 14 electric kitchen machines (First Revision)
WRL,BIS Western Regional Laboratory,IS 366 (1991),Electric iron - Specification (Fourth Revision)
WRL,BIS Western Regional Laboratory,IS 7593 : Part 1 (1986),Specification for power - Operated pneumatic sprayer - Cum - Duster: Part 1 knapsack type (First Revision)
WRL,BIS Western Regional Laboratory,IS 2548 : Part 2 (1996),Plastic seats and covers for water - Closets - Specification: Part 2 thermoplastic seats and covers (Fifth Revision)
WRL,BIS Western Regional Laboratory,IS 3099 : Part 1 AND 2 (1992),Microscopes - Slips and slidesspecification: Part 1 microscope slips: Part 2 microscope slides (First Revision)
WRL,BIS Western Regional Laboratory,IS 624 (2003),Bicycles - Rims - Specification (Fourth Revision)
WRL,BIS Western Regional Laboratory,IS 1065 : Part 1 (2019),Stable bleaching powder - Specification: Part 1 household and industrial use (Third Revision)
WRL,BIS Western Regional Laboratory,IS 1065 : Part 2 (2019),Stable bleaching powder - Specification: Part 2 treatment of water intended for drinking
WRL,BIS Western Regional Laboratory,IS 758 (1988),"Specification for cotton gauze, absorbent, non-sterilized (fourth revision)"
WRL,BIS Western Regional Laboratory,IS 4985 (2021),UNPLASTICIZED PVC PIPES FOR POTABLE WATER SUPPLIES SPECIFICATION Fourth Revision
WRL,BIS Western Regional Laboratory,IS 1285 (2002),Wrought aluminium and aluminium alloys - Extruded round tube and hollow sections for general engineering purposes - Specification (Third Revision)
WRL,BIS Western Regional Laboratory,IS 367 (1993),Electric kettles and jugs for household and similar use - Specification (Fourth Revision)
WRL,BIS Western Regional Laboratory,IS 15644 (2006),Safety of electric toys
WRL,BIS Western Regional Laboratory,IS 5950 (1984),Specification for shot firing cables (For Use Other Than In Shafts) (First Revision)
WRL,BIS Western Regional Laboratory,IS 11217 (1984),Specification for ultramarine blue for use in textile industry
WRL,BIS Western Regional Laboratory,IS 10124 : Part 13 (2009),Fabricated PVC-U Fittings for Potable Water Supplies - Specification Part 13 Specific Requirements for 11¼oBends PART 12 SPECIFIC REQUIREMENTS FOR 22 ½o BENDS
WRL,BIS Western Regional Laboratory,IS 10124 : Part 12 (2009),Fabricated pvc - U fittings for potable water supplies - Specification: Part 12 specific requirements for 22½ degree bends (Second Revision)
WRL,BIS Western Regional Laboratory,IS 10124 : Part 11 (2009),Fabricated pvc - U fittings for potable water supplies - Specification: Part 11 specific requirements for 40 degree bends (Second Revision)
WRL,BIS Western Regional Laboratory,IS 10124 : Part 10 (2009),Fabricated pvc - U fittings for potable water supplies - Specification: Part 10 specific requirements for 45 degree bends (Second Revision)
WRL,BIS Western Regional Laboratory,IS 10124 : Part 9 (2009),Fabricated pvc - U fittings for potable water supplies - Specification: Part 9 specific requirements for 60 degree bends (Second Revision)
WRL,BIS Western Regional Laboratory,IS 10124 : Part 8 (2009),Fabricated pvc - U fittings for potable water supplies - Specification: Part 8 specific requirements for 90 degree bends (Second Revision)
WRL,BIS Western Regional Laboratory,IS 10124 : Part 7 (2009),Fabricated pvc - U fittings for potable water supplies - Specification: Part 7 specific requirements for threaded adaptors (Second Revision)
WRL,BIS Western Regional Laboratory,IS 10124 : Part 6 (2009),Fabricated pvc - U fittings for potable water supplies - Specification: Part 6 specific requirements for flanged tail pieces with metallic flanges (Second Revision)
WRL,BIS Western Regional Laboratory,IS 10124 : Part 5 (2009),Fabricated pvc - U fittings for potable water supplies - Specification: Part 5 specific requirements for equal tees (Second Revision)
WRL,BIS Western Regional Laboratory,IS 10124 : Part 4 (2009),Fabricated pvc - U fittings for potable water supplies - Specification: Part 4 specific requirements for caps (Second Revision)
WRL,BIS Western Regional Laboratory,IS 10124 : Part 3 (2009),Fabricated PVC-U Fittings for Potable Water Supplies - Specification Part 3 Specific Requirements for Straight Reducers
WRL,BIS Western Regional Laboratory,IS 5158 (1987),"Specification for phthalic anhydride,technical - (Second Revision)"
WRL,BIS Western Regional Laboratory,IS 4199 (2001),"Toilet soap, liquid - Specification (Third Revision)"
WRL,BIS Western Regional Laboratory,IS 252 (2013),Caustic soda - Specification (Fourth Revision)
WRL,BIS Western Regional Laboratory,IS 21 (1992),Wrought aluminium and aluminium alloys for manufacture of utensils specification (Fourth Revision)
WRL,BIS Western Regional Laboratory,IS 13489 (2000),Textiles – Bed mattress – Specification (first revision)
WRL,BIS Western Regional Laboratory,IS 9873 : Part 4 (2017),"Safety of toys: Part 4 swings, slides and similar activity toys for indoor and outdoor family domestic use"
WRL,BIS Western Regional Laboratory,IS 9873 : Part 2 (2017),Safety of toys: Part 2 flammability (Third Revision)
WRL,BIS Western Regional Laboratory,IS 9873 : Part 1 (2019),Safety of toys: Part 1 safety aspects related to mechanical and physical properties (Fourth Revision)
WRL,BIS Western Regional Laboratory,IS 3062 (1995),Crop protection equipment - Rocker sprayer - Specification (Fourth Revision)
WRL,BIS Western Regional Laboratory,IS 10116 (2015),Boric acid - Specification (First Revision)
WRL,BIS Western Regional Laboratory,IS 1 (1968),Specification for the national flag of India (Cotton khadi) (second revision)
WRL,BIS Western Regional Laboratory,IS 4752 (1994),"Sodium metabisulphite, food grade - Specification (First Revision)"
WRL,BIS Western Regional Laboratory,IS 14625 (2015),Plastics Feeding Bottles ( First Revision )
WRL,BIS Western Regional Laboratory,IS 7834 : Part 8 (1987),injection moulded PVC socket fittings with solvent cement joints for water supplies: Part 8 Specific requirements for caps
WRL,BIS Western Regional Laboratory,IS 7834 : Part 7 (1987),injection moulded PVC socket fittings with solvent cement joints for water supplies: Part 7 Specific requirements for unions
WRL,BIS Western Regional Laboratory,IS 7834 : Part 6 (1987),injection moulded PVC socket fittings with solvent cement joints for water supplies: Part 6 Specific requirements for sockets
WRL,BIS Western Regional Laboratory,IS 7834 : Part 5 (1987),Injection Moulded PVC Socket Fittings With Solvent Cement Joints for Water Supplies - Part 5 : Specific Requirements for 45 degree Tees
WRL,BIS Western Regional Laboratory,IS 7834 : Part 4 (1987),injection moulded PVC socket fittings with solvent cement joints for water supplies: Part 4 Specific requirements for 90 degree tees
WRL,BIS Western Regional Laboratory,IS 7834 : Part 2 (1987),injection moulded PVC socket fittings with solvent cement joints for water supplies: Part 2 Specific requirements for 45 degrees elbows
WRL,BIS Western Regional Laboratory,IS 7285 : Part 2 (2017),Refillable seamless steel gas cylinders - Specification: Part 2 quenched and tempered steel cylinders with tensile strength less than 1 100 mpa (112 Kgf/mm²) (Fourth Revision)
WRL,BIS Western Regional Laboratory,IS 7138 (1973),Specification for steel tubes for furniture purposes
WRL,BIS Western Regional Laboratory,IS 5135 : Part 1 (1994),Specification for hand - Rotary duster: Part 1 belly - Mounted type (Second Revision)
WRL,BIS Western Regional Laboratory,IS 3906 (1995),"Crop Protection Equipment - Hand-operated Knapsack Sprayer, Piston Type"
WRL,BIS Western Regional Laboratory,IS 3652 (1995),Crop protection equipment. - Foot sprayer - Specification (Fourth Revision)
WRL,BIS Western Regional Laboratory,IS 3601 (2006),Steel tubes for mechanical and general engineering purposes - Specification (Second Revision)
WRL,BIS Western Regional Laboratory,IS 3196 : Part 1 (2013),Welded low carbon steel cylinders exceeding 5 litres water capacity for low pressure liquefiable gases: Part 1 cylinders for liquefied petroleum gases (Lpg) - Specification (Sixth Revision)
WRL,BIS Western Regional Laboratory,IS 2548 : Part 1 (1996),Plastic seats and covers for water - Closets - Specification: Part 1 thermoset seats and covers (Fifth Revision)
WRL,BIS Western Regional Laboratory,IS 319 (2007),"Free cutting brass bars, rods and section - Specification (Fifth Revision)"
WRL,BIS Western Regional Laboratory,IS 1835 (1976),Specification for round steel wire for ropes (Third Revision)
WRL,BIS Western Regional Laboratory,IS 513 : Part 2 (2016),Cold reduced carbon steel sheet and strip: Part 2 high tensile and multi - Phase steel (Sixth Revision)
WRL,BIS Western Regional Laboratory,IS 513 : Part 1 (2016),Cold reduced carbon steel sheet and strip: Part 1 cold forming and drawing purpose (Sixth Revision)
WRL,BIS Western Regional Laboratory,IS 15410 (2003),Containers for packaging of natural mineral water and packaged drinking water - Specification
WRL,BIS Western Regional Laboratory,IS 15500 : Part 1 to 8 (2004),"Deepwell handpumps, components and special tools - Specification"
WRL,BIS Western Regional Laboratory,IS 6528 (1995),Stainless steel wire - Specification (First Revision)
WRL,BIS Western Regional Laboratory,IS 1875 (1992),"Carbon steel billets, blooms, slabs and bars for forgings - Specification (Fifth Revision)"
WRL,BIS Western Regional Laboratory,IS 2802 (1964),Specification for ice-cream
WRL,BIS Western Regional Laboratory,IS 4447 (1994),"Sodium benzoate, food grade - Specification (First Revision)"
WRL,BIS Western Regional Laboratory,IS 2046 (1995),Decorative thermosetting synthetic resinbonded laminated sheets specification (Second Revision)
WRL,BIS Western Regional Laboratory,IS 903 (1993),"Specification for Fire Hose Delivery Couplings, Branch Pipe, Nozzles And Nozzle Spanner - Specificaion"
WRL,BIS Western Regional Laboratory,IS 1239 : Part 1 (2004),"Steel tubes, tubulars and other wrought steel fittings - Specification: Part 1 steel tubes (Sixth Revision)"
WRL,BIS Western Regional Laboratory,IS 2002 (2009),Steel plate for pressure vessel for intermediate and high temperature service including boilers (Third Revision)
WRL,BIS Western Regional Laboratory,IS 7224 (2006),"Iodized salt, vacuum evaporated iodized salt and refined iodized salt - Specification (Second Revision)"
WRL,BIS Western Regional Laboratory,IS 2062 (2011),Hot rolled medium and high tensile structural steel - Specification (Seventh Revision)
WRL,BIS Western Regional Laboratory,IS 7532 (2018),Soft soap - Specification (First RevisIon)
WRL,BIS Western Regional Laboratory,IS 14542 (1998),Partly skimmed milk powder specification
WRL,BIS Western Regional Laboratory,IS 1806 (2018),Malted milk foods - Specification (Second Revision)
WRL,BIS Western Regional Laboratory,IS 2879 (1998),Mild steel for metal arc welding electrodes - Specification (Third Revision)
WRL,BIS Western Regional Laboratory,IS 2785 (1979),"Specification for natural cheese (Hard Variety), processed cheese, processed cheese spread and soft cheese (First Revision)"
WRL,BIS Western Regional Laboratory,IS 13428 (2024),PACKAGED NATURAL MINERAL WATER - SPECIFICATION Third Revision
WRL,BIS Western Regional Laboratory,IS 5168 (2018),Glass feeding bottles - Specification (First Revision)
WRL,BIS Western Regional Laboratory,IS 4947 (2006),Foam concentrate for producing mechanical foam for fire fighting - Specification (Fourth Revision)
WRL,BIS Western Regional Laboratory,IS 13334 : Part 2 (2014),Skimmed milk powder - Specification: Part 2 extra grade (First Revision)
WRL,BIS Western Regional Laboratory,IS 253 (2014),Specification for common salt (Fourth Revision)
WRL,BIS Western Regional Laboratory,IS 9294 (1979),Cold-Rolled Stainless Steel Strips for Razor Blades
WRL,BIS Western Regional Laboratory,IS 9476 (1980),Specification for cold-rolled steel strips for carbon steel razor blades
WRL,BIS Western Regional Laboratory,IS 9516 (1980),Specification for heat resisting steels
WRL,BIS Western Regional Laboratory,IS 963 (1958),Specification for chrome molybdenum steel bars and rods for aircraft purposes
WRL,BIS Western Regional Laboratory,IS 11587 (1986),Specification for structural weather resistant steels
WRL,BIS Western Regional Laboratory,IS 9825 (2003),Chlorine tablets - Specification (Second Revision)
WRL,BIS Western Regional Laboratory,IS 9962 (1981),Specification for steel wire for needles
WRL,BIS Western Regional Laboratory,IS 10632 : Part 3 (1983),"Specification for non magnetic stainless steels for electrical applications: Part 3 specific requirements for sheets, strips and plates"
WRL,BIS Western Regional Laboratory,IS 10632 : Part 2 (1983),Specification for non magnetic stainless steels for electrical applications: Part 2 specific requirements for binding wires
WRL,BIS Western Regional Laboratory,IS 15911 (2010),Structural steel (Ordinary Quality) - Specification
WRL,BIS Western Regional Laboratory,IS 10631 (1983),Specification for stainless steel for welding electrode core wire
WRL,BIS Western Regional Laboratory,IS 1029 (1970),Specification for hot-rolled steel strip (Baling) (First Revision)
WRL,BIS Western Regional Laboratory,IS 15961 (2012),Hot dip aluminium - Zinc alloy metallic coated steel strip and sheet (Plain)
WRL,BIS Western Regional Laboratory,IS 15778 (2007),Chlorinated polyvinyl chloride (Cpvc) pipes for potable hot and cold water distribution supplies - Specification
WRL,BIS Western Regional Laboratory,IS 15328 (2003),Unplasticized Non-Pressure Polyvinyl Chloride ( PVC -U ) Pipes for use in Underground Drainage and Sewerage Systems -
WRL,BIS Western Regional Laboratory,IS 14899 (2014),Liquefied petroleum gas (LPG) containers for automotive use - Specification (First Revision)
WRL,BIS Western Regional Laboratory,IS 13997 (2014),"Drums, large open top - Specification (First Revision)"
WRL,BIS Western Regional Laboratory,IS 13983 (1994),Stainless Steel Sinks For Domestic Purposes
WRL,BIS Western Regional Laboratory,IS 13487 (1992),Irrigation equipment - Emitters - Specification
WRL,BIS Western Regional Laboratory,IS 13422 (1992),Disposable surgical rubber gloves specification
WRL,BIS Western Regional Laboratory,IS 15962 (2012),Structural steels for buildings and structures with improved seismic resistance
WRL,BIS Western Regional Laboratory,IS 14735 (1999),Unplasticized Polyvinyl Chloride (UPVC) Injection Moulded Fittings for Soil and Waste Discharge System for Inside and Outside Buildings Including Ventilation and Rain Water System -
WRL,BIS Western Regional Laboratory,IS 12337 (1988),Specification for manually operated fertilizer broadcaster
WRL,BIS Western Regional Laboratory,IS 15997 (2012),Low nickel austenitic stainless steel sheet and strip for utensils and kitchen appliances - Specification
WRL,BIS Western Regional Laboratory,IS 11313 (2007),Hydraulic power sprayers - Specification (First Revision)
WRL,BIS Western Regional Laboratory,IS 10124 : Part 2 (2009),Fabricated pvc - U fittings for potable water supplies - Specification: Part 2 specific requirements for sockets (Second Revision)
WRL,BIS Western Regional Laboratory,IS 10124 : Part 1 (2009),Fabricated PVC-U Fittings for Potable Water Supplies - Specification Part 1 General Requirements (Second Revision)
WRL,BIS Western Regional Laboratory,IS 9798 (2013),Low pressure regulators for use with liquefied petroleum gas (LPG) - Specification (Second Revision)
WRL,BIS Western Regional Laboratory,IS 9295 (1983),Specification for steel tubes for idlers for belt conveyors (First Revision)
WRL,BIS Western Regional Laboratory,IS 8737 (2017),Valve fittings for use with liquefied petroleum gas (LPG) cylinders for more than 5 litre water capacity - Specification (Second Revision)
WRL,BIS Western Regional Laboratory,IS 8423 (1994),Specification for controlled percolating hose for fire fighting
WRL,BIS Western Regional Laboratory,IS 7887 (1992),Mild steel wire rod for general engineering purposes - Specification (First Revision)
WRL,BIS Western Regional Laboratory,IS 7834 : Part 3 (1987),injection moulded PVC socket fittings with solvent cement joints for water supplies: Part 3 Specific requirements for 90 degree elbows
WRL,BIS Western Regional Laboratory,IS 7834 : Part 1 (1987),injection moulded PVC socket fittings with solvent cement joints for water supplies: Part 1 General requirements
WRL,BIS Western Regional Laboratory,IS 15490 (2017),Seamless steel cylinders for on - Board storage of compressed natural gas as a fuel for automotive vehicles - Specification (First Revision)
WRL,BIS Western Regional Laboratory,IS 7285 : Part 1 (2018),Refillable seamless steel gas cylinders - Specification: Part 1 normalized steel cylinders (Fourth Revision)
WRL,BIS Western Regional Laboratory,IS 7142 (1995),Welded low carbon steel cylinders for low pressure liquifiable gases not exceeding 5 litre water capacity - Specification (First Revision)
WRL,BIS Western Regional Laboratory,IS 7092 : Part 2 (1987),Specification for aluminium alloy tube for irrigation purposes: Part 2 extruded tube (Second Revision)
WRL,BIS Western Regional Laboratory,IS 6603 (2001),Stainless steel bars and flats - Specification (First Revision)
WRL,BIS Western Regional Laboratory,IS 6529 (1996),"Stainless steel blooms, billets and slabs for forging - Specification (First Revision)"
WRL,BIS Western Regional Laboratory,IS 14333 (1996),High Density Polyethylene Pipe For Sewerage -
WRL,BIS Western Regional Laboratory,IS 6240 (2008),Hot rolled steel plate (Up To 6 Mm) sheet and strip for the manufacture of low pressure liquefiable gas cylinders (Fourth Revision)
WRL,BIS Western Regional Laboratory,IS 11513 (2017),Hot rolled carbon steel strip for cold rolling purposes - Specification (Second Revision)
WRL,BIS Western Regional Laboratory,IS 4923 (2017),Hollow steel sections for structural use - Specification (Third Revision)
WRL,BIS Western Regional Laboratory,IS 4270 (2001),Steel tubes used for water wells specification (Third Revision)
WRL,BIS Western Regional Laboratory,IS 10748 (2004),Hot - Rolled steel strip for welded tubes and pipes - Specification (Second Revision)
WRL,BIS Western Regional Laboratory,IS 4148 (1989),Surgical rubber gloves - Specification (First Revision)
WRL,BIS Western Regional Laboratory,IS 3589 (2001),Steel pipes for water and sewage (168.3 To 2540 Mm Outside Diameter) - Specification (Third Revision)
WRL,BIS Western Regional Laboratory,IS 3575 (1993),Bitumen drums - Specification (Third Revision)
WRL,BIS Western Regional Laboratory,IS 3390 (1988),"Specification for sphygmomanometers, mercurial (Second Revision)"
WRL,BIS Western Regional Laboratory,IS 3319 (1995),"Blades, surgical, detachable (Bard Parker Type) and handles - Specification (Fourth Revision)"
WRL,BIS Western Regional Laboratory,IS 3196 : Part 2 (2006),Welded low carbon steel cylinders exceeding 5 litre water capacity for low pressure liquefiable gases: Part 2 cylinders for liquefiable non - Toxic gases other than lpg - Specification (First Revision)
WRL,BIS Western Regional Laboratory,IS 5986 (2017),"Hot rolled steel sheet, plate and strip for forming and flanging purposes - Specification (Fourth Revision)"
WRL,BIS Western Regional Laboratory,IS 2871 (2012),"Branch pipe, universal for fire fighting purpose - Specification (Second Revision)"
WRL,BIS Western Regional Laboratory,IS 2415 (2015),Cycle - Rubber tubes (Moulded/ Jointed) - Specification (Fourth Revision)
WRL,BIS Western Regional Laboratory,IS 1971 (1996),Crop protection equipment - Hand - Operated stirrup - Specifation (Fifth revision)
WRL,BIS Western Regional Laboratory,IS 5872 (1990),Cold rolled steel strips (Box Strappings) - Specification
WRL,BIS Western Regional Laboratory,IS 1825 (1983),Specification for aluminium alloy milk cans (Second Revision)
WRL,BIS Western Regional Laboratory,IS 5504 (1997),Specification for spiral welded pipes (First Revision)
WRL,BIS Western Regional Laboratory,IS 1785 : Part 2 (1983),Specification for plain hard drawn steel wire for prestressed concrete: Part 2 as - Drawn wire (First Revision)
WRL,BIS Western Regional Laboratory,IS 1785 : Part 1 (1983),Specification for plain hard - Drawn steel wire for prestressed concrete: Part 1 cold drawn stress - Relieved wire (Second Revision)
WRL,BIS Western Regional Laboratory,IS 1784 (2020),Screwed Closures for Drums — Specification ( Fourth Revision )
WRL,BIS Western Regional Laboratory,IS 1783 : Part 2 (2014),"Drums large, fixed ends - Specification: Part 2 grade B drums (Fourth Revision)"
WRL,BIS Western Regional Laboratory,IS 1783 : Part 1 (2014),"Drums large, fixed ends - Specification: Part 1 grade A drums (Fourth Revision)"
WRL,BIS Western Regional Laboratory,IS 1759 (1986),Specification for powrahs (Second Revision)
WRL,BIS Western Regional Laboratory,IS 1011 (2002),Biscuits - Specification (Fourth Revision)
WRL,BIS Western Regional Laboratory,IS 299 (2012),Alumino - Ferric - Specification (Fifth Revision)
WRL,BIS Western Regional Laboratory,IS 13592 (2013),Unplasticized Polyvinyl Chloride (PVC-U) Pipes for Soil and Waste Discharge System Inside and Outside Buiildings Including Ventilation and Rainwater System
WRL,BIS Western Regional Laboratory,IS 3074 (2013),Steel tubes for automotive purposes - Specification (Third Revision)
WRL,BIS Western Regional Laboratory,IS 1660 (2009),Wrought aluminium utensils - Specification (First Revision)
WRL,BIS Western Regional Laboratory,IS 1161 (2014),Steel tubes for structural purposes - Specification (Fifth Revision)
WRL,BIS Western Regional Laboratory,IS 1079 (2017),"Hot rolled carbon steel sheet, plate and strip - Specification (Seventh Revision)"
WRL,BIS Western Regional Laboratory,IS 2141 (2000),Hot dip galvanized stay strand - Specification (Fourth Revision)
WRL,BIS Western Regional Laboratory,IS 432 : Part 2 (1982),Mild Steel and Medium Tensile Steel Bars and Hard-Drawn Steel Wire for Concrete Reinforcement: Part 2 Hard-Drawn Steel Wire
WRL,BIS Western Regional Laboratory,IS 432 : Part 1 (1982),Mild Steel and Medium Tensile Steel Bars and Hard-Drawn Steel Wire for Concrete Reinforcement: Part 1 Mild Steel and Medium Tensile Steel Bars
WRL,BIS Western Regional Laboratory,IS 362 (1991),Parliament Hinges -specification
WRL,BIS Western Regional Laboratory,IS 281 (2009),Mild steel sliding door bolts for use with padlocks - Specification (Fourth Revision)
WRL,BIS Western Regional Laboratory,IS 280 (2006),Mild steel wire for general engineering purposes (Fourth Revision)
WRL,BIS Western Regional Laboratory,IS 278 (2009),Galvanized steel barbed wire for fencing - Specification (Fourth Revision)
WRL,BIS Western Regional Laboratory,IS 210 (2009),Grey iron castings - Specification (First Revision)
WRL,BIS Western Regional Laboratory,IS 205 (1992),Non - Ferrous metal butt specification (Fourth Revision)
WRL,BIS Western Regional Laboratory,IS 204 : Part 2 (1992),Tower bolts - Specification: Part 2 non - Ferrous metals (Fifth Revision)
WRL,BIS Western Regional Laboratory,IS 277 (2018),Galvanized steel strips and sheets (Plain And Corrugated) - Specification (Seventh Revision)
WRL,BIS Western Regional Laboratory,IS 14255 (1995),Aertal bunched cables - For working voltages up to and including 1100 Volts - Specification
WRL,BIS Western Regional Laboratory,IS 9968 : Part 1 (1988),Specification for elastomer insulatedcables: Part 1 for working voltages up to and including 1100 volts (First Revision)
WRL,BIS Western Regional Laboratory,IS 9857 (1990),Welding cables - Specification (First Revision)
WRL,BIS Western Regional Laboratory,IS 9537 : Part 3 (1983),Specification for conduits for electrical installations: Part 3 rigid plain conduits of insulating meterials
WRL,BIS Western Regional Laboratory,IS 8783 : Part 4 : Sec 3 (1995),Winding wires for submersible motors - Specification: Part 4 specification for individual wires: Sec 3 polyester and polypropylene insulated winding wires (First Revision)
WRL,BIS Western Regional Laboratory,IS 8783 : Part 4 : Sec 1 (1995),Winding wires for submersible motors - Specification: Part 4 specification for indmdual wires: Sec 1 HR PVC insulated wires (First Revision)
WRL,BIS Western Regional Laboratory,IS 7098 : Part 1 (1988),Specification for crosslinked polyethylene insulated pvc sheathed cables: Part 1 for working voltages up to and including 1100 volts (First Revision)
WRL,BIS Western Regional Laboratory,IS 4250 (1980),Specification for domestic electric food - Mixers (Liquidizers And Grinders) (First Revision)
WRL,BIS Western Regional Laboratory,IS 3975 (1999),"Low carbon galvanized steel wires, formed wires and tapes for armouring of cables - Specification (Third Revision)"
WRL,BIS Western Regional Laboratory,IS 2465 (1984),Specification for cables for motor vehicles (Second Revision)
WRL,BIS Western Regional Laboratory,IS 1293 (2019),Plugs and socket - Outlets of rated Voltage up to and including 250 Volts and rated current up to and including 16 amperes - Specification (Third Revision)
WRL,BIS Western Regional Laboratory,IS 398 : Part 5 (1992),Aluminium conductor for overhead transmission purposes - Specification: Part 5 aluminium conductors - Galvanized steel - Reinforced for extra high voltage (400 KV And Above) (First Revision)
WRL,BIS Western Regional Laboratory,IS 398 : Part 4 (1994),Aluminium conductors for overhead transmission purposes: Part 4 aluminium alloy stranded conductors (Aluminium - Magnesium - Silicon Type) - Specification (Third Revision)
WRL,BIS Western Regional Laboratory,IS 398 : Part 1 (1996),Aluminium conductors for overhead transmission purposes - Specification: Part 1 aluminium stranded conductors (Third Revision)
WRL,BIS Western Regional Laboratory,IS 371 (1999),Ceiling roses - Specification (Third Revision)
WRL,BIS Western Regional Laboratory,IS 204 : Part 1 (1991),Tower bolts - Specification: Part 1 ferrous metals (Fifth Revision)
WRL,BIS Western Regional Laboratory,IS 12818 (2010),Unplasticized polyvinyl chloride (Pvc - U) screen and casing pipes for bore/tubewells - Specification (Second Revision)
WRL,BIS Western Regional Laboratory,IS 398 : Part 2 (1996),"Aluminium conductors for overhead transmission purposes - Specification: Part 2 aluminium conuuctors, galvanized steel - Reinforced (Third Revision)"
WRL,BIS Western Regional Laboratory,IS 3854 (1997),Switches for domestic and similar purposes - Specification (Second Revision)
WRL,BIS Western Regional Laboratory,IS 694 (2010),Polyvinyl chloride insulated unsheathed and sheathed cables/cords with rigid and flexible conductor for rated voltages up to and including 450/750 v (Fourth Revision)
WRL,BIS Western Regional Laboratory,IS 1554 : Part 1 (1988),Specification for pvc insulated (Heavy Duty) electric cables: Part 1 for working voltages up to and including 1100 v (Third Revision)
WRL,BIS Western Regional Laboratory,IS 13334 : Part 1 (2014),Skimmed milk powder - Specification: Part 1 standard grade (Second Revision)
WRL,BIS Western Regional Laboratory,IS 2124 (2000),Sodium bicarbonate - Specification (Second Revision)
WRL,BIS Western Regional Laboratory,IS 4984 (2016),Polyethylene pipes for water supply - Specification (Fifth Revision)
WRL,BIS Western Regional Laboratory,IS 1786 (2008),High strength deformed steel bars and wires for concretere inforcement - Specification (Fourth Revision)
HYBL,BIS Hyderabad Branch Laboratory,IS 1417 (2016),"Gold and gold alloys, jewellery/ artefacts - Fineness and marking - Specification (Fourth Revision)"
HYBL,BIS Hyderabad Branch Laboratory,IS 16362 (2024),"Geosynthetics - Geotextiles for Subsurface Drainage, Subgrade Separation, Subgrade Stabilization, Filtration and Erosion Control (In Hard Armor Systems) Applications - Specification (second revision)"
HYBL,BIS Hyderabad Branch Laboratory,IS 2566 (1993),Textiles – B-twill jute bags for packing foodgrains – Specification (third revision)
HYBL,BIS Hyderabad Branch Laboratory,IS 12650 (2018),Textiles – Jute bags for packing 50 kg foodgrains – Specification (third revision)
HYBL,BIS Hyderabad Branch Laboratory,IS 16372 (2015),Textiles - Jute bags for packing up to 30 kg foodgrains - Specification
HYBL,BIS Hyderabad Branch Laboratory,IS 1943 (1995),Textiles – A-twill jute bags (second revision)
HYBL,BIS Hyderabad Branch Laboratory,IS 16187 (2014),Textiles - High density polyethylene (HDPE)/ polypropylene (PP) leno woven sacks for packaging and storage of fruits and vegetables - Specification
HYBL,BIS Hyderabad Branch Laboratory,IS 11193 (1984),Specification for jute canvas postal bags
HYBL,BIS Hyderabad Branch Laboratory,IS 17399 (2020),"Textiles - Polypropylene ( PP )/ High Density Polyethylene ( HDPE ) Laminated Woven Sacks for Mail Sorting, Storage, Transport and Distribution - Specification"
HYBL,BIS Hyderabad Branch Laboratory,IS 8069 (1989),High density polyethylene (HDPE) woven sacks for packing pesticides – Specification (second revision)
HYBL,BIS Hyderabad Branch Laboratory,IS 12100 (1987),Specification for high density polyethylene (HDPE) woven sacks for packing flour
HYBL,BIS Hyderabad Branch Laboratory,IS 17731 (2021),Agro-Textiles Laminated Woven Orchard Protection Covers Specification
HYBL,BIS Hyderabad Branch Laboratory,IS 17729 (2021),Agro-Textiles Flexible Water Storage Tank for Agriculture and Horticulture Purposes Specification
HYBL,BIS Hyderabad Branch Laboratory,IS 17728 (2021),Agro Textiles - High Density Polyethylene (HDPE) Laminated Woven Lay Flat Tube and Fittings for use in Rain Irrigation System - Specification
HYBL,BIS Hyderabad Branch Laboratory,IS 17513 (2020),Agro Textiles - Plant Support Nets for Agriculture and Horticulture Purposes - Specification
HYBL,BIS Hyderabad Branch Laboratory,IS 17358 : Part 2 (2020),Agro textiles – Fencing nets for agriculture and horticulture purposes – Specification Part 2 Fencing nets made from mono filament yarns and combination of tape and mono filament yarns
HYBL,BIS Hyderabad Branch Laboratory,IS 17358 : Part 1 (2020),"Agro textiles "" Fencing nets for agriculture and horticulture purposes "" Specification Part 1 Fencing nets made from extruded polymer mesh"
HYBL,BIS Hyderabad Branch Laboratory,IS 16627 (2017),"Agro textiles "" High density polyethylene (HDPE) laminated woven lay flat tube for use in mains and submains of drip irrigation system "" Specification"
HYBL,BIS Hyderabad Branch Laboratory,IS 16390 (2015),Agro textiles - Nylon knitted seamless gloves for tobacco harvesters - Specification
HYBL,BIS Hyderabad Branch Laboratory,IS 16090 (2013),Geo-synthetics – Geo-textiles used as protection (or cushioning) materials – Specification
HYBL,BIS Hyderabad Branch Laboratory,IS 16362 (2020),Geosynthetics – Geotextiles used in subgrade stabilization in pavement structures – Specification (first revision)
HYBL,BIS Hyderabad Branch Laboratory,IS 16392 (2015),Geosynthetics - Geotextiles for permanent erosion control in hard armor systems - Specification
HYBL,BIS Hyderabad Branch Laboratory,IS 15869 (2020),Textiles – Open weave coir Bhoovastra – Specification (first revision)
HYBL,BIS Hyderabad Branch Laboratory,IS 18482 (2023),Textiles - Sandwich extrusion laminated polypropylene PP woven sacks for packaging bulk commodities - Specification
HYBL,BIS Hyderabad Branch Laboratory,IS 16709 (2017),"Textiles - Polypropylene (PP) woven, laminated, block bottom valve sacks for packaging of 50 kg cement - Specification"
HYBL,BIS Hyderabad Branch Laboratory,IS 15138 (2024),Textiles - Jute Bags For Packing 50 Kg Sugar - Specification (second revision)
HYBL,BIS Hyderabad Branch Laboratory,IS 7903 (2017),Textiles – Tarpaulins made from high density polyethylene (HDPE) woven fabrics – Specification (fifth revision)
HYBL,BIS Hyderabad Branch Laboratory,IS 14715 : Part 2 (2016),Jute geotextiles Part 2 Control of bank erosion in rivers and waterways – Specification (second revision)
HYBL,BIS Hyderabad Branch Laboratory,IS 14715 : Part 1 (2016),Jute geotextiles Part 1 Strengthening of sub-grade in roads – Specification (second revision)
HYBL,BIS Hyderabad Branch Laboratory,IS 16008 : Part 2 (2016),"Agro textiles "" Shade nets for agriculture and horticulture purposes "" Specification Part 2 Shade nets made from mono filament yarns (first revision)"
HYBL,BIS Hyderabad Branch Laboratory,IS 16008 : Part 1 (2016),"Agro textiles "" Shade nets for agriculture and horticulture purposes "" Specification Part 1 Shade nets made from tape yarns (first revision)"
HYBL,BIS Hyderabad Branch Laboratory,IS 17730 : Part 2 (2021),Agro-Textiles Hail Protection Nets for Agriculture and Horticulture Purposes Specification Part 2 Woven Hail Protection Nets
HYBL,BIS Hyderabad Branch Laboratory,IS 17730 : Part 1 (2021),Agro-Textiles Hail Protection Nets for Agriculture and Horticulture Purposes Specification Part 1 Warp Knitted Hail Protection Nets
HYBL,BIS Hyderabad Branch Laboratory,IS 17357 (2020),Agro textiles – Harvest nets for agriculture and horticulture purposes - Specification
HYBL,BIS Hyderabad Branch Laboratory,IS 17356 (2020),Agro textiles – Windshield nets for agriculture and horticulture purposes - Specification
HYBL,BIS Hyderabad Branch Laboratory,IS 17355 (2020),Agro textiles – Propylene spun bonded non-woven mulch mat for agricultural and horticultural applications - Specification
HYBL,BIS Hyderabad Branch Laboratory,IS 16190 (2014),Agro textiles - High density polyethylene (HDPE) laminated woven lay flat tube for irrigation purpose - Specification
HYBL,BIS Hyderabad Branch Laboratory,IS 16089 (2013),Jute agro-textile – Sapling bags for growth of seedling/ sapling – Specification
HYBL,BIS Hyderabad Branch Laboratory,IS 15907 (2010),Agro textiles – High density polyethylene (HDPE) woven beds for vermiculture – Specification
HYBL,BIS Hyderabad Branch Laboratory,IS 17070 (2019),Jute agrotextiles for growth of plant and suppression of weeds – Specification
HYBL,BIS Hyderabad Branch Laboratory,IS 16202 (2014),Agro textiles - Woven ground covers for horticulture application - Specification
HYBL,BIS Hyderabad Branch Laboratory,IS 16513 (2016),"Agro textiles "" Insect nets for agriculture and horticulture purposes "" Specification"
HYBL,BIS Hyderabad Branch Laboratory,IS 16718 (2021),Textiles - Polypropylene Spun Bonded Non-Woven Crop Covers and Fruit Skirting Bags for Agricultural and Horticultural Applications - Specification (first revision)
HYBL,BIS Hyderabad Branch Laboratory,IS 9685 (2002),Textiles – Sand bags – Specification (first revision)
HYBL,BIS Hyderabad Branch Laboratory,IS 16352 (2020),Geosynthetics – High density polyethylene (HDPE) geomembranes for lining – Specification (first revision)
HYBL,BIS Hyderabad Branch Laboratory,IS 16654 (2017),Geosynthetics - Polyprophylene multifilament woven geobags for coastal and waterways protection - Specification
HYBL,BIS Hyderabad Branch Laboratory,IS 18161 (2023),Textiles Light weight jute sacking bags for packing 50 kg mustard seed niger seed and ragi Specification
HYBL,BIS Hyderabad Branch Laboratory,IS 18163 (2023),Textiles Light weight jute sacking bags for packing 35 kg groundnut with shell Specification
HYBL,BIS Hyderabad Branch Laboratory,IS 18162 (2023),Textiles Light weight jute sacking bags for packing 50 kg pulses and soyabean Specification
HYBL,BIS Hyderabad Branch Laboratory,IS 16186 (2014),Textiles - Light weight jute sacking bags for packing 50 kg foodgrains - Specification
HYBL,BIS Hyderabad Branch Laboratory,IS 16581 (2018),High density polyethylene (HDPE)/polypropylene (PP) woven sacks for packing of solid ammonium nitrate for explosives - Specification
HYBL,BIS Hyderabad Branch Laboratory,IS 9755 (2021),Textiles - High Density Polyethylene (HDPE) / Polypropylene (pp) Woven Sacks for Packing Fertilizers
HYBL,BIS Hyderabad Branch Laboratory,IS 14252 (2015),Textiles – High density polyethylene (HDPE)/ polypropylene (PP) woven sack for filling sand – Specification (second revision)
HYBL,BIS Hyderabad Branch Laboratory,IS 16208 (2015),"Textiles - High density polyethylene (HDPE)/polypropylene (PP) woven sacks for packaging 10 kg, 15 kg, 20 kg, 25 kg and 30 kg foodgrains - Specification"
HYBL,BIS Hyderabad Branch Laboratory,IS 16703 (2017),Textiles - High density polyethylene (HDPE) polypropylene (PP) woven sacks for packaging of 25 kg polymer materials - Specification
HYBL,BIS Hyderabad Branch Laboratory,IS 11652 (2017),Textiles – High density polyethylene (HDPE)/ polypropylene (PP) woven sacks for packaging of 50 kg cement – Specification (third revision)
HYBL,BIS Hyderabad Branch Laboratory,IS 16653 (2017),Geosynthetics – Needle punched nonwoven geobags for coastal and waterways protection – Specification
HYBL,BIS Hyderabad Branch Laboratory,IS 16391 (2015),Geosynthetics – Geotextiles used in sub-grade separation in pavement structures – Specification
HYBL,BIS Hyderabad Branch Laboratory,IS 15351 (2015),Agro textiles – Laminated high density polyethylene (HDPE) woven geomembrane for water proof lining – Specification (second revision)
HYBL,BIS Hyderabad Branch Laboratory,IS 14887 (2014),Textiles – High density polyethylene (HDPE)/ polypropylene (PP) woven sacks for packaging of 50 kg food grains – Specification (first revision)
HYBL,BIS Hyderabad Branch Laboratory,IS 14968 (2015),Textiles – High density polyethylene (HDPE)/ polypropylene (PP) woven sacks for packing 50 Kg/25 kg sugar – Specification (first revision)
JKBL,BIS Jammu Kashmir Branch Laboratory,IS 1417 (2016),"Gold and gold alloys, jewellery/ artefacts - Fineness and marking - Specification (Fourth Revision)"
