internal_id,reference_number,international_standard
34092,1,IEC 61210 : 2010
22849,1,IEC 61210 : 2010
588,1,IEC 60601 : 1 : 2005
588,2,IEC 61010 : 1 : 2010
588,3,IEC 60417 : 0 : 0 0
588,4,IEC 61010 : 31 : 0 0
588,5,IEC 61140 : 0 : 0 0
588,6,IEC 61557 : 1 : 0 0
591,1,0 0 : 0 : 0 0
592,1,0 0 : 0 : 0 0
593,1,ISO 639 : 2 : 1998
594,1,ISO 639 : 2 : 1998
33891,1,ISO 13849 : 1 : 2023
33891,2,ISO 3691 : 4 : 2020
33891,3,ISO 3864 : 2 : 2016
33891,4,ISO 3864 : 3 : 2012
33891,5,ISO 11553 : 1 : 2020
33891,6,ISO 11689 : 1996
33891,7,ISO 13732 : 1 : 2006
33891,8,EN 1127 : 1 : 2019
33891,9,EN 12198 : 1 : 2000
33891,10,EN 13023 : 2003
33892,1,ISO 13732 : 1 : 2016
33892,2,ISO 60079 : 10 : 2020
33892,3,ISO 13732 : 1 : 2016
33892,4,ISO 60079 : 10 : 2020
33893,1,ISO 12643 : 1 : 2023
33893,2,ISO 13849 : 1 : 2023
33894,1,IEC 61496 : 4 : 3 2015
33894,2,ISO 13849 : 1 : 2023
33894,3,ISO 12643 : 1 : 2023
33895,1,ISO 12643 : 1 : 2023
33895,2,ISO 13849 : 1 : 2023
26217,1,ISO 3166 : 1 : 0 0
26217,2,ISO/IEC 7064 : 0 : 0 0
618,1,IEC 61196 : 1 : 302 2005
618,2,IEC 61196 : 1 : 0 0
619,1,IEC 61196 : 1 : 0 0
621,1,ISO 15619 : 2013
621,2,ISO 3746 : 2010
621,3,ISO 3046 : 1 : 2022
621,4,ISO 3744 : 2010
24195,1,0 0 : 0 : 0 0
24195,2,ISO/IEC 27000 : 0 : 0 0
21649,1,IEC 60721 : 0 : 0 0
21649,2,IEC 60270 : 1981
21649,3,IEC 60071 : 1993
21649,4,IEC 60060 : 1 : 1989
21649,5,IEC 60050 : 321 : 1986
21649,6,IEC 60038 : 1983
21650,1,ISO 3166 : 1 : 0 0
21650,2,ISO/IEC 7064 : 0 : 0 0
21651,1,ISO 3166 : 1 : 2006
21651,2,ISO 13616 : 1 : 2007
21654,1,ISO 6016 : 0 : 0 0
21654,2,ISO 7135 : 0 : 0 0
21654,3,ISO 16001 : 0 : 0 0
31389,1,ISO 15619 : 2013
31389,2,ISO 3746 : 2010
31389,3,ISO 3046 : 1 : 2022
31389,4,ISO 3744 : 2010
26526,1,ISO 3166 : 1 : 2006
26526,2,ISO 13616 : 1 : 2007
21701,1,ISO 230 : 1 : 1996
21701,2,ISO 3855 : 0 : 0 0
21751,1,ISO 13849 : 1 : 2023
21751,2,ISO 3691 : 4 : 2020
21751,3,ISO 3864 : 2 : 2016
21751,4,ISO 3864 : 3 : 2012
21751,5,ISO 11553 : 1 : 2020
21751,6,ISO 11689 : 1996
21751,7,ISO 13732 : 1 : 2006
21751,8,EN 1127 : 1 : 2019
21751,9,EN 12198 : 1 : 2000
21751,10,EN 13023 : 2003
21752,1,ISO 13732 : 1 : 2016
21752,2,ISO 60079 : 10 : 2020
21752,3,ISO 13732 : 1 : 2016
21752,4,ISO 60079 : 10 : 2020
21753,1,ISO 12643 : 1 : 2023
21753,2,ISO 13849 : 1 : 2023
21754,1,ISO 12643 : 1 : 2023
21754,2,ISO 13849 : 1 : 2023
21755,1,IEC 61496 : 4 : 3 2015
21755,2,ISO 13849 : 1 : 2023
21755,3,ISO 12643 : 1 : 2023
25901,1,ISO 12779 : 2011
25901,2,ISO 15213 : 2003
25901,3,ISO 22662 : 2007
25901,4,ISO 26462 : 2010
25782,1,ISO 12779 : 2011
25782,2,ISO 15213 : 2003
25782,3,ISO 22662 : 2007
25782,4,ISO 26462 : 2010
726,1,ISO 12779 : 2011
726,2,ISO 15213 : 2003
726,3,ISO 22662 : 2007
726,4,ISO 26462 : 2010
21311,1,ISO 9000 : 2005
17837,1,ISO 9000 : 2015
21312,1,ISO 9000 : 2005
776,1,ISO/IEC 1 : 1971
776,2,ISO 31 : 1 : 1992
776,3,ISO 31 : 2 : 1992
776,4,ISO 31 : 3 : 1992
776,5,ISO 31 : 4 : 1992
776,6,ISO 31 : 5 : 1992
17565,1,ISO 9000 : 0 : 0 0
778,1,0 0 : 0 : 0 0
17567,1,ISO 9000 : 0 : 0 0
23581,1,0 0 : 0 : 0 0
31112,1,0 0 : 0 : 0 0
783,1,ISO 1942 : 2009
783,2,ISO 7491 : 2000
783,3,ISO 3665 : 2011
783,4,ISO 3696 : 1987
783,5,ISO 8601 : 2016
27850,1,ISO 1942 : 2009
27850,2,ISO 7491 : 2000
27850,3,ISO 3665 : 2011
27850,4,ISO 3696 : 1987
27850,5,ISO 8601 : 2016
17568,1,other 0 : 1993
26741,1,ISO 9000 : 0 : 0 0
20916,1,ISO 9000 : 0 : 0 0
25539,1,ISO 9000 : 0 : 0 0
26713,1,ISO 9000 : 2005
17569,1,ISO 9000 : 2005
26386,1,ISO 8402 : 0 : 0 0
17570,1,ISO 8402 : 0 : 0 0
17571,1,ISO 9000 : 0 : 0 0
742,1,IEC 1979 : 17 : 0 0
33401,1,0 0 : 0 : 0 0
746,1,0 0 : 0 : 0 0
23302,1,IEC 16 : 2 : 3 2016
23302,2,IEC 16 : 3 : 0 0
23302,3,IEC 16 : 4 : 2
23306,1,IEC 16 : 1 : 6 2014
23308,1,IEC 16 : 4 : 3
23334,1,IEC 0 : 16 : 1 2014
23334,2,IEC 0 : 16 : 4
23334,3,ISO 0 : 0 : 0 0
26978,1,ISO/IEC 0 : 3 : 0 0
31100,1,IEC 16 : 2 : 3 2016
31100,2,IEC 16 : 3 : 0 0
31100,3,IEC 16 : 4 : 2
21943,1,IEC 16 : 2 : 2 2010
21943,2,IEC 16 : 2 : 3 2014
21943,3,IEC 16 : 3 : 2015
26081,1,IEC 16 : 2 : 2 2010
26081,2,IEC 16 : 2 : 3 2014
26081,3,IEC 16 : 3 : 2015
30271,1,ISO 11631 : 0 : 0 0
662,1,ISO 11631 : 0 : 0 0
305,1,ISO 5356 : 1 : 2015
305,2,ISO 14155 : 2011
305,3,ISO 15223 : 1 : 2012
305,4,ISO 7000 : 2014
305,5,ISO 14971 : 2007
305,6,ISO 3774 : 2010
305,7,ISO 5359 : 2014
305,8,IEC 60601 : 1 : 6 2010
305,9,IEC 61672 : 1 : 2013
305,10,IEC 62336 : 2007
305,11,CEN 1041 : 2008
305,12,ISO 80369 : 0 : 0 0
235,1,ISO 5356 : 1 : 1996
235,2,ISO 8836 : 1997
235,3,ISO 10079 : 1 : 1999
28144,1,0 0 : 0 : 0 0
764,1,0 0 : 0 : 0 0
644,1,IEC 60240 : 1967
645,1,ISO 3005 : 1978
645,2,ISO 3175 : 1 : 2017
645,3,ISO 3175 : 2 : 2017
645,4,ISO 3175 : 3 : 2017
645,5,ISO 3175 : 4 : 2018
645,6,ISO 7771 : 1985
645,7,ISO 15797 : 2017
33798,1,ISO 3611 : 0 : 0 0
33798,2,ISO 4618 : 0 : 0 0
33798,3,ISO 8503 : 1 : 0 0
33799,1,ISO 4618 : 0 : 0 0
33799,2,ISO 15528 : 0 : 0 0
29448,1,ISO 4618 : 0 : 0 0
29448,2,ISO 15528 : 0 : 0 0
30485,1,ISO 8501 : 2007
30485,2,ISO 16773 : 2016
30485,3,ISO 16773 : 2016
30485,4,ISO 16208 : 2014
30485,5,ASTM 0 : 1998
30485,6,ASTM 0 : 1989
30485,7,ISO 0 : 2002
30485,8,ISO/IEC 0 : 2008
801,1,ISO 4618 : 0 : 0 0
801,2,ISO 15528 : 0 : 0 0
804,1,ISO 8501 : 2007
804,2,ISO 16773 : 2016
804,3,ISO 16773 : 2016
804,4,ISO 16208 : 2014
804,5,ASTM 0 : 1998
804,6,ASTM 0 : 1989
804,7,ISO 0 : 2002
804,8,ISO/IEC 0 : 2008
806,1,ISO 1513 : 0 : 0 0
806,2,ISO 3696 : 0 : 0 0
806,3,ISO 15528 : 0 : 0 0
808,1,ISO 4618 : 0 : 0 0
808,2,ISO 15528 : 0 : 0 0
810,1,ISO 3611 : 0 : 0 0
810,2,ISO 4618 : 0 : 0 0
810,3,ISO 8503 : 1 : 0 0
812,1,ISO 1513 : 0 : 0 0
812,2,ISO 15528 : 0 : 0 0
812,3,ISO 4618 : 0 : 0 0
814,1,ISO 1514 : 0 : 0 0
814,2,ISO 3270 : 0 : 0 0
814,3,ISO 11664 : 0 : 0 0
814,4,ISO 18314 : 0 : 0 0
814,5,ISO 23603 : 0 : 0 0
814,6,ISO 0 : 0 : 0 0
27438,1,ISO 1513 : 0 : 0 0
27438,2,ISO 2811 : 1 : 0 0
27438,3,ISO 15528 : 0 : 0 0
27438,4,ISO 760 : 0 : 0 0
816,1,ISO 1514 : 0 : 0 0
816,2,ISO 2808 : 0 : 0 0
816,3,ISO 4618 : 0 : 0 0
819,1,0 0 : 0 : 0 0
819,2,ISO 1513 : 2010
819,3,ISO 1514 : 2016
819,4,ISO 2808 : 2007
819,5,ISO 15524 : 2011
819,6,ISO 3270 : 1984
819,7,ISO 13076 : 2012
828,1,ISO 1513 : 0 : 0 0
828,2,ISO 1514 : 0 : 0 0
828,3,ISO 2808 : 0 : 0 0
828,4,ISO 6272 : 1 : 0 0
828,5,ISO 15528 : 0 : 0 0
828,6,ISO 1518 : 1 : 0 0
828,7,ISO 1519 : 0 : 0 0
828,8,ISO 1520 : 0 : 0 0
828,9,ISO 3270 : 0 : 0 0
27201,1,ISO 18451 : 1 : 2019
27202,1,ISO 1513 : 0 : 0 0
27202,2,ISO 15528 : 0 : 0 0
27202,3,ISO 4618 : 0 : 0 0
27203,1,ISO 9276 : 1 : 0 0
27203,2,ISO 9276 : 2 : 0 0
24137,1,ISO 1513 : 2010
24137,2,ISO 1514 : 2016
24137,3,ISO 2808 : 2007
24137,4,ISO 15528 : 2013
26444,1,ISO 1514 : 0 : 0 0
26444,2,ISO 3270 : 0 : 0 0
26444,3,ISO 11664 : 0 : 0 0
26444,4,ISO 18314 : 0 : 0 0
26444,5,ISO 23603 : 0 : 0 0
26444,6,ISO 0 : 0 : 0 0
23117,1,ISO 9276 : 1 : 0 0
23117,2,ISO 9276 : 2 : 0 0
22352,1,ISO 1513 : 0 : 0 0
22352,2,ISO 2811 : 1 : 0 0
22352,3,ISO 15528 : 0 : 0 0
22352,4,ISO 760 : 0 : 0 0
22867,1,0 0 : 0 : 0 0
22868,1,ISO 16773 : 2016
22869,1,0 0 : 0 : 0 0
30296,1,ISO 8501 : 2007
30296,2,ISO 16773 : 2016
30296,3,ISO 16773 : 2016
30296,4,ISO 16208 : 2014
30296,5,ASTM 0 : 1998
30296,6,ASTM 0 : 1989
30296,7,ISO 0 : 2002
30296,8,ISO/IEC 0 : 2008
22175,1,ISO 18451 : 1 : 2019
66722,1,ISO 1513 : 0 : 0 0
66722,2,ISO 3696 : 0 : 0 0
66722,3,ISO 15528 : 0 : 0 0
840,1,0 0 : 0 : 0 0
66507,1,0 0 : 0 : 0 0
880,1,ISO 12345 : 0 : 0 0
884,1,IEC 60646 : 1989
902,1,ISO 3019 : 2 : 2001
902,2,ISO 261 : 1988
902,3,ISO 286 : 2 : 1988
24858,1,ISO 7619 : 1 : 2010
24858,2,ISO 3696 : 1987
24858,3,ISO 4823 : 2015
24858,4,ISO 8601 : 2004
24859,1,ISO 1942 : 2009
24859,2,ISO 6344 : 1 : 1998
24859,3,ISO 7619 : 1 : 2010
24859,4,ISO 20795 : 1 : 2013
24859,5,ISO 3696 : 1987
24859,6,ISO 8601 : 2004
920,1,ISO 6431 : 1992
920,2,ISO 228 : 1 : 1982
920,3,ISO 4393 : 1978
920,4,ISO 5598 : 1985
24203,1,ISO 18232 : 2006
939,1,IEC 60377 : 1 : 1973
940,1,ISO 128 : 1982
940,2,ISO 3098 : 1 : 1974
940,3,ISO 5457 : 0 : 0 0
21620,1,ISO 4287 : 0 : 0 0
955,1,ASTM 0 : 1974
956,1,ASTM 0 : 0 : 0 0
956,2,ASTM 0 : 1964
962,1,ISO 4401 : 2005
962,2,ISO 286 : 2 : 1988
962,3,ISO 4287 : 1971
962,4,ISO 5598 : 1985
962,5,ISO 1101 : 2004
962,6,ISO 1302 : 2002
962,7,ISO 6583 : 1995
967,1,ISO 230 : 1 : 1986
968,1,ISO/TR 179 : 1961
968,2,ASTM 0 : 1968
968,3,ASTM 0 : 1971
968,4,IEC 60216 : 1 : 1974
968,5,IEC 60216 : 2 : 1974
968,6,BSI 2782 : 1970
968,7,BSI 3933 : 1965
968,8,GOSTR 2910 : 1951
983,1,ISO 22 : 1975
30829,1,IEC 60398 : 0 : 0 0
30829,2,IEC 60519 : 4 : 2021
985,1,IEC 60398 : 0 : 0 0
985,2,IEC 60519 : 4 : 2021
986,1,ISO 22812 : 1987
986,2,ISO 22811 : 1982
986,3,ISO 1502 : 1978
986,4,ISO 1179 : 1981
996,1,ISO 6541 : 0 : 0 0
67062,1,ISO 6541 : 0 : 0 0
32382,1,0 0 : 0 : 0 0
1002,1,0 0 : 0 : 0 0
1027,1,ISO 6157 : 3 : 1988
1027,2,ISO 6157 : 13 : 1983
1027,3,ISO 6157 : 17 : 1996
1027,4,ISO 6157 : 18 : 1996
1027,5,ISO 68 : 1 : 1988
1027,6,ISO 261 : 1998
1027,7,ISO 724 : 1 : 2001
1027,8,ISO 262 : 1998
1033,1,0 0 : 0 : 0 0
1034,1,0 0 : 0 : 0 0
1035,1,0 0 : 0 : 0 0
1037,1,0 0 : 0 : 0 0
30221,1,0 0 : 0 : 0 0
1038,1,0 0 : 0 : 0 0
1039,1,IEC 60092 : 351 : 1983
1039,2,IEC 60092 : 351 : 0 0
1040,1,0 0 : 0 : 0 0
1041,1,0 0 : 0 : 0 0
30226,1,0 0 : 0 : 0 0
1043,1,0 0 : 0 : 0 0
1044,1,IEC 60092 : 373 : 1977
1045,1,IEC 60092 : 374 : 1977
1046,1,IEC 60092 : 375 : 1977
1047,1,0 0 : 0 : 0 0
1048,1,0 0 : 0 : 0 0
1049,1,0 0 : 0 : 0 0
1050,1,0 0 : 0 : 0 0
1051,1,0 0 : 0 : 0 0
1052,1,0 0 : 0 : 0 0
30236,1,0 0 : 0 : 0 0
1053,1,0 0 : 0 : 0 0
1054,1,0 0 : 0 : 0 0
1055,1,0 0 : 0 : 0 0
1056,1,0 0 : 0 : 0 0
1057,1,0 0 : 0 : 0 0
30502,1,0 0 : 0 : 0 0
30318,1,0 0 : 0 : 0 0
30319,1,0 0 : 0 : 0 0
30320,1,0 0 : 0 : 0 0
30321,1,0 0 : 0 : 0 0
30322,1,0 0 : 0 : 0 0
30323,1,0 0 : 0 : 0 0
30327,1,0 0 : 0 : 0 0
30328,1,0 0 : 0 : 0 0
30329,1,0 0 : 0 : 0 0
30176,1,0 0 : 0 : 0 0
30177,1,0 0 : 0 : 0 0
30188,1,0 0 : 0 : 0 0
30189,1,0 0 : 0 : 0 0
30190,1,0 0 : 0 : 0 0
30225,1,0 0 : 0 : 0 0
1065,1,ISO 10247 : 1990
21289,1,ISO 885 : 2000
21289,2,ISO 8733 : 1997
21289,3,ISO 965 : 2 : 1980
21289,4,ISO 3269 : 1988
21289,5,ISO 3506 : 1 : 1997
21289,6,ISO 4042 : 1989
21290,1,ISO 8735 : 1997
21290,2,ISO 965 : 2 : 1980
21290,3,ISO 3269 : 1988
21290,4,ISO 3506 : 1 : 1997
21290,5,ISO 4042 : 1989
28177,1,ISO 23908 : 2011
26525,1,ISO 9626 : 0 : 0 0
26525,2,ISO 23908 : 0 : 0 0
26525,3,ASTM 0 : 1 : 0 0
26525,4,ASTM 0 : 98 : 0 0
21193,1,ISO 9626 : 0 : 0 0
21193,2,ISO 23908 : 0 : 0 0
21193,3,ASTM 0 : 1 : 0 0
21193,4,ASTM 0 : 98 : 0 0
1079,1,0 0 : 0 : 0 0
1080,1,0 0 : 0 : 0 0
1081,1,0 0 : 0 : 0 0
31712,1,0 0 : 0 : 0 0
31731,1,0 0 : 0 : 0 0
23152,1,ISO 10263 : 1 : 2009
23152,2,ISO 10263 : 6 : 2009
21664,1,ISO 6014 : 0 : 0 0
21664,2,ISO 6014 : 0 : 0 0
21664,3,ISO 6016 : 0 : 0 0
21664,4,ISO 10266 : 0 : 0 0
21664,5,ISO 10968 : 0 : 0 0
21664,6,ISO 10968 : 0 : 0 0
21664,7,ISO 15998 : 0 : 0 0
21664,8,ISO 15998 : 0 : 0 0
31246,1,IEC 60061 : 2 : 0 0
31246,2,IEC 60061 : 3 : 0 0
31246,3,IEC 60068 : 2 : 32 1975
31246,4,IEC 60245 : 0 : 0 0
31246,5,IEC 60352 : 1 : 1997
31246,6,IEC 60399 : 0 : 0 0
31246,7,IEC 60417 : 0 : 0 0
31246,8,IEC 60630 : 0 : 0 0
1096,1,IEC 60061 : 2 : 0 0
1096,2,IEC 60061 : 3 : 0 0
1096,3,IEC 60068 : 2 : 32 1975
1096,4,IEC 60245 : 0 : 0 0
1096,5,IEC 60352 : 1 : 1997
1096,6,IEC 60399 : 0 : 0 0
1096,7,IEC 60417 : 0 : 0 0
1096,8,IEC 60630 : 0 : 0 0
1097,1,IEC 60061 : 1969
29234,1,0 0 : 0 : 0 0
1107,1,0 0 : 0 : 0 0
66271,1,ISO/IEC 8824 : 1 : 2021
27901,1,ISO/IEC 8824 : 1 : 2021
22526,1,ISO/IEC 8824 : 1 : 2021
1126,1,ISO 3 : 0 : 0 0
1126,2,ISO 6360 : 0 : 0 0
1134,1,ISO/IEC 6429 : 0 : 0 0
1136,1,0 0 : 0 : 0 0
30657,1,0 0 : 0 : 0 0
1137,1,ISO 5674 : 2004
1137,2,ISO 11684 : 1995
26246,1,ISO 6489 : 2 : 2002
26246,2,ISO 6489 : 4 : 2004
26246,3,ISO 24347 : 2005
26254,1,ISO 5674 : 2004
26254,2,ISO 11684 : 1995
65892,1,ISO 75 : 1987
65899,1,IEC 60598 : 2 : 4 1979
1140,1,ISO 75 : 1987
1141,1,IEC 60598 : 1 : 1979
1142,1,IEC 60598 : 1 : 1979
1147,1,IEC 60598 : 2 : 4 1979
23300,1,ISO 5347 : 0 : 0 0
23300,2,ISO 13090 : 1 : 0 0
23300,3,ISO 16063 : 0 : 0 0
31258,1,0 0 : 0 : 0 0
1159,1,0 0 : 0 : 0 0
21868,1,ISO 7944 : 0 : 0 0
21868,2,ISO 8429 : 0 : 0 0
21868,3,ISO 13666 : 0 : 0 0
21868,4,ISO 15004 : 1 : 2006
21868,5,IEC 60601 : 1 : 2005
1175,1,ISO 230 : 1 : 1996
17573,1,ISO 1036 : 1984
20862,1,ISO 3650 : 1978
20862,2,ISO 10360 : 2 : 1994
26255,1,0 0 : 0 : 0 0
25613,1,ISO 9227 : 0 : 0 0
25613,2,IEC 60749 : 26 : 0 0
25614,1,ISO 2409 : 0 : 0 0
25614,2,ISO/IEC 7811 : 6 : 0 0
25614,3,ISO/IEC 7811 : 8 : 0 0
25614,4,ISO/IEC 8484 : 0 : 0 0
26176,1,ISO/IEC 7810 : 0 : 0 0
23372,1,ISO/IEC 14443 : 1 : 2018
23372,2,ISO/IEC 14443 : 2 : 2020
23372,3,ISO/IEC 14443 : 3 : 2018
23372,4,ISO/IEC 14443 : 4 : 2018
23166,1,ISO/IEC 11694 : 4 : 0 0
23166,2,ISO/IEC 11694 : 4 : 0 0
25986,1,ISO/IEC 11695 : 2 : 0 0
25986,2,ISO/IEC 11695 : 3 : 0 0
23441,1,ISO/IEC 7810 : 0 : 0 0
27315,1,ISO 9227 : 0 : 0 0
27315,2,IEC 60749 : 26 : 0 0
32485,1,ISO/IEC 14443 : 1 : 2018
32485,2,ISO/IEC 14443 : 2 : 2020
32485,3,ISO/IEC 14443 : 3 : 2018
32485,4,ISO/IEC 14443 : 4 : 2018
1206,1,0 0 : 0 : 0 0
66363,1,ISO 4330 : 1979
1226,1,ISO 4330 : 1979
1232,1,ISO/IEC 6429 : 0 : 0 0
1232,2,ISO/IEC 10367 : 0 : 0 0
1232,3,ISO 2375 : 0 : 0 0
1240,1,ISO 4393 : 0 : 0 0
32105,1,0 0 : 0 : 0 0
1242,1,0 0 : 0 : 0 0
1244,1,ISO 8778 : 0 : 0 0
1246,1,0 0 : 0 : 0 0
30453,1,0 0 : 0 : 0 0
33294,1,0 0 : 0 : 0 0
1249,1,0 0 : 0 : 0 0
28214,1,IEC 60801 : 2 : 1984
28214,2,IEC 60801 : 3 : 1984
28214,3,IEC 60804 : 1985
28214,4,IEC 61000 : 4 : 20 2010
28214,5,ISO 1683 : 1983
28214,6,ISO 9612 : 1990
28214,7,ISO 266 : 1975
1250,1,IEC 60801 : 2 : 1984
1250,2,IEC 60801 : 3 : 1984
1250,3,IEC 60804 : 1985
1250,4,IEC 61000 : 4 : 20 2010
1250,5,ISO 1683 : 1983
1250,6,ISO 9612 : 1990
1250,7,ISO 266 : 1975
27746,1,0 0 : 0 : 0 0
1255,1,0 0 : 0 : 0 0
1263,1,IEC 60335 : 2 : 13
31941,1,ISO 10349 : 1 : 1992
31941,2,ISO 10349 : 5 : 1992
31941,3,ISO 10349 : 9 : 1992
31941,4,ISO 10349 : 11 : 1992
31941,5,ISO 10349 : 12 : 1992
1265,1,ISO 10349 : 1 : 1992
1265,2,ISO 10349 : 5 : 1992
1265,3,ISO 10349 : 9 : 1992
1265,4,ISO 10349 : 11 : 1992
1265,5,ISO 10349 : 12 : 1992
30806,1,0 0 : 0 : 0 0
1274,1,0 0 : 0 : 0 0
25958,1,ISO 129 : 1 : 0 0
25958,2,ISO 8601 : 0 : 0 0
25958,3,ISO 14405 : 2 : 0 0
25958,4,ISO 14801 : 0 : 0 0
25958,5,ISO 14937 : 0 : 0 0
25958,6,ISO 17664 : 0 : 0 0
25958,7,ISO 17665 : 1 : 0 0
29545,1,BSI 4368 : 1 : 1972
29545,2,BSI 4368 : 11 : 1974
29548,1,BSI 4368 : 1 : 0 0
29548,2,BSI 4368 : 3 : 0 0
1277,1,BSI 4368 : 1 : 0 0
1277,2,BSI 4368 : 3 : 0 0
1278,1,BSI 4368 : 1 : 1972
1278,2,BSI 4368 : 11 : 1974
1287,1,0 0 : 0 : 0 0
33648,1,0 0 : 0 : 0 0
1289,1,IEC 60502 : 1978
1290,1,IEC 60502 : 1978
1292,1,0 0 : 0 : 0 0
33700,1,0 0 : 0 : 0 0
1293,1,0 0 : 0 : 0 0
29105,1,0 0 : 0 : 0 0
27292,1,ISO 404 : 1992
27292,2,ISO 4990 : 1986
21178,1,ISO 404 : 1992
21178,2,ISO 4990 : 1986
1307,1,0 0 : 0 : 0 0
1309,1,ISO 6162 : 1 : 0 0
1309,2,ISO 6162 : 2 : 0 0
1309,3,ISO 6164 : 0 : 0 0
1309,4,ISO 10763 : 0 : 0 0
1309,5,ISO 16874 : 0 : 0 0
1309,6,ISO 17165 : 1 : 0 0
1309,7,ISO 23309 : 0 : 0 0
21537,1,ISO 2328 : 0 : 0 0
21537,2,ISO 4116 : 0 : 0 0
21537,3,ISO 6696 : 2 : 2005
21537,4,ISO 6696 : 1 : 2005
21382,1,ISO 3746 : 0 : 0 0
21382,2,ISO 14121 : 1 : 0 0
21382,3,ISO 60825 : 1 : 0 0
30461,1,ISO 3746 : 0 : 0 0
30461,2,ISO 14121 : 1 : 0 0
30461,3,ISO 60825 : 1 : 0 0
1329,1,ISO 7348 : 1992
26116,1,ISO 3074 : 2014
27231,1,0 0 : 0 : 0 0
24180,1,ISO 105 : 1993
24180,2,ISO 105 : 1995
24181,1,ISO 105 : 1993
24181,2,ISO 105 : 1995
24181,3,ISO 3696 : 1987
24181,4,ISO 9870 : 2017
24182,1,ISO 3696 : 1987
26997,1,ISO 0 : 0 : 0 0
20865,1,ISO 0 : 0 : 0 0
1350,1,0 0 : 0 : 0 0
1351,1,BSI 1727 : 2013
1351,2,EN 12895 : 2015
1351,3,EN 60034 : 14 : 2007
1351,4,EN 60204 : 1 : 2016
1351,5,IEC 61851 : 21 : 1 2017
1351,6,ISO 0 : 0 : 0 0
1351,7,AIS 48 : 2009
1351,8,AIS 138 : 1 : 2017
1351,9,AIS 138 : 2 : 2017
539,1,ISO 32 : 1977
539,2,ISO 5145 : 2017
539,3,ISO/TR 7470 : 1988
539,4,ISO 10297 : 2014
539,5,ISO 10297 : 2014
539,6,ISO 11117 : 2008
539,7,ISO 11363 : 1 : 2018
539,8,ISO 13341 : 2010
539,9,ISO 15245 : 1 : 2001
539,10,ISO 15996 : 2017
539,11,CEN 837 : 1 : 1998
539,12,CEN 13544 : 2 : 2002
540,1,ISO 7396 : 1 : 2007
540,2,ISO 9170 : 1 : 2008
540,3,ISO 10524 : 1 : 2006
540,4,ISO 10524 : 3 : 2005
540,5,ISO 15001 : 2003
540,6,ISO 5359 : 2008
540,7,ISO 11114 : 3 : 2010
540,8,ISO 14971 : 2007
540,9,other 837 : 1 : 1996
540,10,other 1089 : 3 : 2004
540,11,other 13544 : 2 : 2002
26085,1,ISO 32 : 1977
26085,2,ISO 5145 : 2017
26085,3,ISO/TR 7470 : 1988
26085,4,ISO 10297 : 2014
26085,5,ISO 10297 : 2014
26085,6,ISO 11117 : 2008
26085,7,ISO 11363 : 1 : 2018
26085,8,ISO 13341 : 2010
26085,9,ISO 15245 : 1 : 2001
26085,10,ISO 15996 : 2017
26085,11,CEN 837 : 1 : 1998
26085,12,CEN 13544 : 2 : 2002
236,1,ISO 9170 : 1 : 1999
236,2,ISO 15001 : 2003
236,3,ISO 32 : 1977
236,4,ISO 407 : 2004
236,5,ISO 5145 : 2004
236,6,ISO 5359 : 2000
236,7,ISO 14971 : 2000
236,8,other 837 : 1 : 1996
236,9,other 13544 : 2 : 2002
236,10,other 1 : 91 : 2
237,1,ISO 15001 : 2003
237,2,ISO 32 : 1977
237,3,ISO 7396 : 1 : 2002
237,4,ISO 14971 : 2000
237,5,other 837 : 1 : 1996
1369,1,ISO 6619 : 1988
1369,2,ISO 3104 : 1994
1369,3,ISO 3733 : 1999
1369,4,ISO 2592 : 2000
1369,5,ISO 20623 : 2003
1369,6,ISO 0 : 0 : 0 0
22172,1,ISO 6245 : 0 : 0 0
22172,2,ISO 3016 : 1994
22172,3,ISO 2160 : 1998
22172,4,ISO 6072 : 0 : 0 0
22172,5,ISO 14635 : 1 : 0 0
23371,1,ISO/IEC 10373 : 0 : 0 0
23163,1,ISO/IEC 10536 : 1 : 1992
23163,2,ISO/IEC 10536 : 2 : 1995
23163,3,ISO/IEC 7811 : 3 : 1995
23163,4,ISO/IEC 7811 : 4 : 1995
23163,5,ISO/IEC 7811 : 5 : 1995
23165,1,ISO/IEC 10536 : 1 : 1992
21279,1,ISO 80369 : 7 : 2016
21279,2,ISO 10555 : 1 : 2013
21126,1,ISO 594 : 1 : 0 0
21126,2,ISO 594 : 2 : 0 0
21126,3,ISO 7886 : 1 : 0 0
21127,1,ISO 594 : 1 : 0 0
21127,2,ISO 10555 : 1 : 0 0
21128,1,ISO 594 : 1 : 0 0
21128,2,ISO 10555 : 1 : 0 0
661,1,ISO 10555 : 1 : 0 0
25311,1,ISO 80369 : 7 : 2016
25311,2,ISO 10555 : 1 : 2013
1401,1,IEC 60606 : 1978
1422,1,IEC 60589 : 1977
27764,1,0 0 : 0 : 0 0
1424,1,0 0 : 0 : 0 0
28776,1,ISO 15380 : 0 : 0 0
1426,1,ISO 15380 : 0 : 0 0
1432,1,0 0 : 0 : 0 0
25512,1,0 0 : 0 : 0 0
28498,1,IEC 60050 : 191 : 1990
28498,2,IEC 60475 : 0 : 0 0
28498,3,IEC 60567 : 2011
28498,4,IEC 61198 : 0 : 0 0
28498,5,IEC 60050 : 192 : 2015
28498,6,IEC 60050 : 604 : 1987
28498,7,IEC 60050 : 212 : 2010
1433,1,IEC 60050 : 191 : 1990
1433,2,IEC 60475 : 0 : 0 0
1433,3,IEC 60567 : 2011
1433,4,IEC 61198 : 0 : 0 0
1433,5,IEC 60050 : 192 : 2015
1433,6,IEC 60050 : 604 : 1987
1433,7,IEC 60050 : 212 : 2010
33059,1,0 0 : 0 : 0 0
33129,1,0 0 : 0 : 0 0
33130,1,0 0 : 0 : 0 0
1437,1,0 0 : 0 : 0 0
1438,1,0 0 : 0 : 0 0
1439,1,0 0 : 0 : 0 0
22024,1,ISO 4094 : 2017
30735,1,ISO 4094 : 2017
30736,1,ISO 536 : 2019
24105,1,ISO 186 : 2002
24105,2,ISO 187 : 1990
32063,1,ISO 14487 : 1997
31323,1,ISO 4094 : 2017
31324,1,ISO 7213 : 2021
31325,1,ISO 7213 : 2021
31326,1,ISO 7213 : 2021
23193,1,ISO 7213 : 2021
22974,1,ISO 0 : 0 : 0 0
22976,1,ISO 186 : 2002
22976,2,ISO 287 : 2009
22976,3,ISO 638 : 2008
22976,4,ISO 7213 : 1981
24007,1,ISO 638 : 2008
24007,2,ISO 287 : 2009
24007,3,ISO 186 : 2002
24807,1,ISO 186 : 2002
24807,2,ISO 2469 : 2007
24807,3,ISO 3688 : 0 : 0 0
24807,4,ISO 4094 : 0 : 0 0
24807,5,ISO 7213 : 0 : 0 0
22003,1,ISO 14487 : 1997
22004,1,0 0 : 0 : 0 0
33015,1,0 0 : 0 : 0 0
22008,1,ISO 4094 : 2017
22010,1,ISO 4094 : 2017
22012,1,ISO 536 : 2019
22014,1,ISO 7213 : 2021
22015,1,ISO 7213 : 2021
32064,1,ISO 4094 : 2017
1447,1,IEC 60518 : 1975
1458,1,ISO 11 : 1987
28551,1,ISO 3452 : 1 : 2021
28551,2,ISO 3452 : 2 : 2021
28551,3,ISO 3452 : 3 : 2013
28551,4,ISO 3452 : 4 : 1998
28551,5,ISO 4210 : 2 : 2015
28551,6,ISO 5775 : 1 : 2014
28551,7,ISO 5775 : 2 : 2021
28551,8,ISO 6742 : 1 : 2015
28551,9,ISO 6742 : 2 : 2015
28551,10,ISO 7636 : 1984
28551,11,ISO 8124 : 1 : 2018
28551,12,ISO 8124 : 3 : 2020
28551,13,IEC 60529 : 1989
1461,1,ISO 3452 : 1 : 2021
1461,2,ISO 3452 : 2 : 2021
1461,3,ISO 3452 : 3 : 2013
1461,4,ISO 3452 : 4 : 1998
1461,5,ISO 4210 : 2 : 2015
1461,6,ISO 5775 : 1 : 2014
1461,7,ISO 5775 : 2 : 2021
1461,8,ISO 6742 : 1 : 2015
1461,9,ISO 6742 : 2 : 2015
1461,10,ISO 7636 : 1984
1461,11,ISO 8124 : 1 : 2018
1461,12,ISO 8124 : 3 : 2020
1461,13,IEC 60529 : 1989
77,1,EN 12900 : 2013
77,2,IEC 60335 : 2 : 34 2012
1466,1,ISO 2704 : 1993
1466,2,ISO 1919 : 1998
1466,3,ISO 2344 : 0 : 0 0
1466,4,ISO 2345 : 1994
1466,5,ISO 2346 : 1991
1466,6,ISO 2347 : 1994
1466,7,ISO 2705 : 0 : 0 0
1466,8,ISO 6789 : 0 : 0 0
1466,9,ISO 6789 : 0 : 0 0
1466,10,ISO 8470 : 0 : 0 0
1466,11,ISO 16246 : 0 : 0 0
1466,12,ISO 19812 : 0 : 0 0
1466,13,ISO 22977 : 0 : 0 0
1466,14,IEC 60051 : 1 : 0 0
1466,15,IEC 60068 : 2 : 6
28928,1,0 0 : 0 : 0 0
1467,1,0 0 : 0 : 0 0
28929,1,0 0 : 0 : 0 0
1469,1,0 0 : 0 : 0 0
30267,1,0 0 : 0 : 0 0
1470,1,0 0 : 0 : 0 0
1471,1,IEC 62655 : 2013
31992,1,IEC 62655 : 2013
22315,1,ISO 5479 : 0 : 0 0
22316,1,0 0 : 0 : 0 0
24186,1,0 0 : 0 : 0 0
27002,1,0 0 : 0 : 0 0
23200,1,ISO 5356 : 2 : 2012
23200,2,ISO 5358 : 1992
23200,3,ISO 5362 : 1986
23200,4,ISO 5367 : 1991
23200,5,ISO 9170 : 1990
23200,6,IEC 601 : 1 : 1985
23200,7,IEC 601 : 1 : 2 1993
23200,8,ISO 32 : 0 : 0 0
23200,9,ISO 5359 : 1989
23200,10,ISO 7767 : 0 : 0 0
23200,11,ISO 9703 : 1 : 1992
23200,12,ISO 9703 : 2 : 1994
23200,13,IEC 68 : 2 : 6 1982
23200,14,IEC 68 : 2 : 32 1990
23200,15,IEC 68 : 2 : 36 1993
23200,16,IEC 79 : 4 : 1975
23712,1,ISO 11195 : 2018
23712,2,ISO 18562 : 1 : 2017
23712,3,ISO 23328 : 1 : 2003
23712,4,ISO 23328 : 2 : 2002
23712,5,ISO 80369 : 2 : 0 0
23712,6,IEC 62570 : 2014
23712,7,IEC 115 : 2021
23712,8,EN 13544 : 2 : 2002
23712,9,ISO 11195 : 2018
23712,10,ISO 18562 : 1 : 2017
23712,11,ISO 23328 : 1 : 2003
23712,12,ISO 23328 : 2 : 2002
23712,13,ISO 80369 : 2 : 0 0
23712,14,IEC 62570 : 2014
23712,15,IEC 115 : 2021
23712,16,EN 13544 : 2 : 2002
23234,1,ISO 31 : 0 : 0 0
23234,2,ISO 4135 : 2001
23234,3,ISO 5356 : 2 : 0 0
23234,4,ISO 5358 : 1992
23234,5,ISO 9170 : 1990
23234,6,ISO 10524 : 1 : 0 0
23234,7,ISO 10524 : 3 : 0 0
23234,8,ISO 11607 : 0 : 0 0
23234,9,ISO 15223 : 0 : 0 0
23234,10,ISO 32 : 1977
23234,11,ISO 1000 : 0 : 0 0
23234,12,ISO 5359 : 0 : 0 0
23234,13,ISO 7767 : 0 : 0 0
23234,14,ISO 9703 : 1 : 1992
23234,15,ISO 9703 : 2 : 1994
23234,16,ISO 10297 : 0 : 0 0
23234,17,ISO 15223 : 2 : 2010
23234,18,ISO 17664 : 0 : 0 0
23234,19,ISO 23328 : 1 : 2003
23234,20,ISO 23328 : 2 : 2002
23234,21,IEC 60529 : 2001
23235,1,ISO 4135 : 0 : 0 0
23235,2,ISO 5356 : 2 : 0 0
23235,3,ISO 15223 : 0 : 0 0
23235,4,IEC 60079 : 4 : 0 0
23235,5,IEC 60601 : 1 : 1988
23235,6,ISO 32 : 0 : 0 0
23235,7,ISO 5359 : 0 : 0 0
23235,8,ISO 5362 : 0 : 0 0
23235,9,ISO 14937 : 0 : 0 0
23235,10,IEC 60601 : 0 : 6 0
23235,11,IEC 60601 : 0 : 8 2003
1507,1,ISO 3686 : 1987
1507,2,ISO 9626 : 2016
1507,3,ISO 23908 : 2011
1507,4,ISO 80369 : 1 : 2010
27077,1,ISO 4023 : 2009
1508,1,ISO 4023 : 2009
1511,1,IEC 60564 : 1977
1516,1,ISO 1797 : 1 : 0 0
1516,2,ISO 2157 : 0 : 0 0
1516,3,ISO 3696 : 0 : 0 0
1516,4,ISO 6360 : 1 : 0 0
1516,5,ISO 6360 : 2 : 0 0
1516,6,ISO 325 : 0 : 0 0
27307,1,ISO 6360 : 1 : 2004
27307,2,ISO 6360 : 3 : 2005
1517,1,ISO 1797 : 1 : 0 0
1517,2,ISO 2157 : 0 : 0 0
1517,3,ISO 8325 : 0 : 0 0
1517,4,ISO 6360 : 0 : 0 0
27255,1,0 0 : 0 : 0 0
1520,1,other 156 : 1970
33131,1,0 0 : 0 : 0 0
1529,1,0 0 : 0 : 0 0
33076,1,ISO 1463 : 2021
33076,2,ISO 2064 : 1996
33076,3,ISO 2080 : 2022
33076,4,ISO 2361 : 1982
33076,5,ISO 2819 : 2000
33076,6,ISO 3497 : 2000
33076,7,ISO 3882 : 2024
33076,8,ISO 4519 : 1980
33076,9,ISO 4541 : 1978
33076,10,ISO 9220 : 2022
33076,11,ISO 10289 : 1999
33076,12,ISO 10587 : 2000
33076,13,ISO 15724 : 2001
33076,14,ISO 16348 : 2003
33076,15,ISO 27831 : 2 : 2008
1531,1,ISO 1463 : 2021
1531,2,ISO 2064 : 1996
1531,3,ISO 2080 : 2022
1531,4,ISO 2361 : 1982
1531,5,ISO 2819 : 2000
1531,6,ISO 3497 : 2000
1531,7,ISO 3882 : 2024
1531,8,ISO 4519 : 1980
1531,9,ISO 4541 : 1978
1531,10,ISO 9220 : 2022
1531,11,ISO 10289 : 1999
1531,12,ISO 10587 : 2000
1531,13,ISO 15724 : 2001
1531,14,ISO 16348 : 2003
1531,15,ISO 27831 : 2 : 2008
24986,1,ISO 1463 : 0 : 0 0
24986,2,ISO 1891 : 2 : 0 0
24986,3,ISO 6988 : 0 : 0 0
24986,4,ISO 16047 : 0 : 0 0
1540,1,0 0 : 0 : 0 0
31513,1,0 0 : 0 : 0 0
1561,1,0 0 : 0 : 0 0
28968,1,0 0 : 0 : 0 0
1570,1,ISO 5457 : 0 : 0 0
1570,2,ISO 128 : 20 : 1996
1570,3,ISO 216 : 1975
1570,4,ISO 3098 : 1 : 1974
1570,5,ISO 9958 : 1 : 1992
1570,6,ISO 7200 : 1984
1570,7,ISO 9961 : 1992
1571,1,ISO 128 : 1982
1571,2,ISO 3098 : 1 : 1974
1571,3,ISO 7573 : 1983
1572,1,ISO 5455 : 1979
24328,1,0 0 : 0 : 0 0
1574,1,ISO 128 : 2 : 1996
1574,2,ISO 128 : 21 : 1996
1574,3,ISO 6428 : 1982
1574,4,ISO 5455 : 1979
1575,1,ISO 128 : 20 : 1996
1575,2,ISO 5455 : 1979
1575,3,ISO 6428 : 1982
1576,1,ISO 128 : 23 : 1999
1577,1,ISO 128 : 25 : 1999
1578,1,ISO 128 : 30 : 2001
1578,2,ISO 3098 : 1997
1578,3,ISO 5456 : 2 : 1996
1578,4,ISO 6428 : 1982
1579,1,ISO 128 : 34 : 0 0
1579,2,ISO 128 : 20 : 1996
1579,3,ISO 129 : 1 : 1985
1579,4,ISO 5456 : 2 : 1996
1580,1,ISO 128 : 40 : 0 0
1580,2,ISO 3098 : 1997
1580,3,ISO 5456 : 2 : 1996
1581,1,ISO 128 : 44 : 2001
1581,2,ISO 128 : 20 : 1996
1581,3,ISO 5456 : 2 : 1996
1581,4,ISO 6428 : 1982
23612,1,ISO 128 : 24 : 2014
23612,2,ISO 0 : 0 : 0 0
17749,1,ISO 128 : 22 : 1999
17749,2,ISO 128 : 20 : 1999
28777,1,ISO 129 : 0 : 0 0
28777,2,ISO 2538 : 2 : 0 0
28777,3,ISO 6284 : 0 : 0 0
28777,4,ISO 6428 : 0 : 0 0
28777,5,ISO 16016 : 0 : 0 0
28777,6,ISO 25178 : 1 : 0 0
24232,1,0 0 : 0 : 0 0
24233,1,0 0 : 0 : 0 0
1583,1,ISO 6410 : 1 : 1993
1583,2,ISO 128 : 1982
1583,3,ISO 129 : 1985
1584,1,ISO 6410 : 2 : 1993
1584,2,ISO 128 : 1982
1584,3,ISO 6410 : 1 : 1993
1585,1,ISO 6410 : 3 : 1993
1585,2,ISO 225 : 1983
1585,3,ISO 6410 : 1 : 1993
28780,1,ISO 6410 : 3 : 1993
28780,2,ISO 225 : 1983
28780,3,ISO 6410 : 1 : 1993
1586,1,ISO 2162 : 1973
1587,1,ISO 2162 : 3 : 1993
1587,2,ISO 2162 : 2 : 1993
1588,1,ISO 2162 : 1 : 1993
1588,2,ISO 2162 : 3 : 1993
1589,1,ISO 2162 : 3 : 1993
1590,1,ISO 2203 : 0 : 0 0
1591,1,ISO 3040 : 1996
1591,2,ISO 3461 : 2 : 1987
1591,3,ISO 1119 : 1975
26679,1,ISO 3040 : 1996
26679,2,ISO 3461 : 2 : 1987
26679,3,ISO 1119 : 1975
26681,1,ISO 3040 : 1996
26681,2,ISO 3461 : 2 : 1987
26681,3,ISO 1119 : 1975
1592,1,ISO 129 : 0 : 0 0
1592,2,ISO 468 : 1982
1592,3,ISO 3098 : 1 : 1978
1593,1,ISO 4347 : 1992
1593,2,ISO 286 : 1988
1593,3,ISO 606 : 1982
31091,1,ISO 4347 : 1992
31091,2,ISO 286 : 1988
31091,3,ISO 606 : 1982
1594,1,ISO 5261 : 0 : 0 0
1594,2,ISO 128 : 1982
1594,3,ISO 10209 : 1 : 1992
1595,1,ISO 14660 : 1 : 1999
28781,1,ISO 14660 : 1 : 1999
1596,1,ISO 3952 : 1 : 0 0
1596,2,ISO 3952 : 2 : 0 0
1596,3,ISO 3952 : 3 : 0 0
1597,1,ISO 3952 : 1 : 0 0
1597,2,ISO 3952 : 2 : 0 0
1597,3,ISO 3952 : 3 : 0 0
1598,1,ISO 3952 : 1 : 0 0
1598,2,ISO 3952 : 2 : 0 0
1598,3,ISO 3952 : 3 : 0 0
1599,1,ISO 3952 : 1 : 0 0
1599,2,ISO 3952 : 2 : 0 0
1599,3,ISO 3952 : 3 : 0 0
1599,4,ISO 3952 : 4 : 0 0
1611,1,ISO 8480 : 1987
1611,2,IEC 0 : 1978
1611,3,IEC 0 : 1985
1614,1,IEC 60154 : 1 : 19
1614,2,other 53100 : 0 : 0 0
27471,1,0 0 : 0 : 0 0
1643,1,0 0 : 0 : 0 0
1650,1,ISO 3 : 1973
1650,2,ISO 497 : 0 : 0 0
1650,3,ISO 17 : 0 : 0 0
1651,1,ISO 17 : 1973
1651,2,ISO 497 : 0 : 0 0
1652,1,ISO 3 : 1973
1652,2,ISO 17 : 1973
1652,3,ISO 497 : 3 : 1973
1657,1,ISO 337 : 1981
1657,2,ISO 1726 : 2000
1657,3,ISO 4086 : 2001
1657,4,ISO 8717 : 0 : 0 0
1658,1,IEC 60068 : 2 : 0 0
1658,2,IEC 60359 : 2001
1658,3,IEC 61010 : 1 : 2001
1658,4,ISO 0 : 0 : 0 0
1658,5,IEC 0 : 0 : 0 0
1659,1,ISO 80000 : 3 : 2006
1659,2,ISO 80000 : 4 : 2006
1659,3,ISO 80000 : 5 : 2007
1659,4,IEC 80000 : 6 : 2008
1659,5,ISO 80000 : 7 : 2008
1659,6,ISO 80000 : 8 : 2007
1659,7,ISO 80000 : 10 : 2009
1659,8,ISO 80000 : 2 : 2009
1659,9,ISO 80000 : 11 : 2008
25783,1,ISO/TR 12773 : 1 : 2009
25783,2,ISO/TR>ISO 13606 : 4 : 2009
25783,3,ISO/TR>ISO 17090 : 1 : 2002
25783,4,ISO/IEC 2382 : 8 : 1998
25783,5,ASTM 0 : 1995
1682,1,ISO 4915 : 1991
1683,1,ISO 16160 : 2005
25269,1,ISO 16160 : 2005
23399,1,0 0 : 0 : 0 0
1692,1,ISO 1942 : 2009
1779,1,IEC 315 : 1 : 0 0
1779,2,IEC 315 : 2 : 0 0
25055,1,ISO 639 : 1 : 2002
25055,2,ISO 639 : 2 : 1998
25055,3,ISO 3740 : 2000
25055,4,ISO 3741 : 1999
25055,5,ISO 3743 : 1 : 1994
25055,6,ISO 3744 : 1994
25055,7,ISO 3745 : 2003
25055,8,ISO 3746 : 1985
25055,9,ISO 3747 : 2000
25055,10,ISO 4183 : 1995
25055,11,ISO 4951 : 1991
25055,12,CIE 8995 : 2002
25055,13,ISO 9614 : 1 : 1993
25055,14,ISO 9614 : 2 : 1996
25055,15,ISO 11200 : 1995
25055,16,ISO 11201 : 1995
25055,17,ISO 11202 : 1995
25055,18,ISO 11203 : 1995
25055,19,ISO 11204 : 1995
25055,20,ISO/TR 11688 : 1 : 1995
25055,21,ISO 13852 : 1996
25055,22,ISO 13853 : 1998
25055,23,IEC 60745 : 1 : 2003
25055,24,IEC 60825 : 1 : 2005
25055,25,EN 563 : 0 : 0 0
1792,1,ISO 5903 : 1981
1792,2,ISO 5905 : 1980
1792,3,ISO 5906 : 1980
1792,4,ISO 5907 : 1980
1793,1,ISO 5905 : 1980
1793,2,ISO 5903 : 1981
1793,3,ISO 5904 : 1981
1794,1,ISO 5906 : 1980
1794,2,ISO 5903 : 1981
1794,3,ISO 5904 : 1981
1794,4,ISO 5907 : 1980
1795,1,ISO 5907 : 1980
1795,2,ISO 5903 : 1981
1795,3,ISO 5904 : 1981
1795,4,ISO 5906 : 1980
306,1,ISO 565 : 1990
306,2,ISO 3084 : 1998
306,3,ISO 3084 : 1998
306,4,ISO 3085 : 2002
306,5,ISO 3086 : 1998
306,6,ISO 3086 : 1998
306,7,ISO 3087 : 1998
306,8,ISO 3534 : 2006
306,9,ISO 3534 : 2006
306,10,ISO 4701 : 1999
306,11,ISO 11323 : 2002
306,12,ISO 11323 : 2002
24529,1,0 0 : 0 : 0 0
24530,1,0 0 : 0 : 0 0
24531,1,0 0 : 0 : 0 0
1815,1,IEC 60244 : 5 : 1992
1815,2,IEC 60244 : 15 : 0 0
1815,3,IEC 600651 : 0 : 0 0
1815,4,ISO 3744 : 1994
1815,5,ISO 3745 : 1977
1815,6,ISO 0 : 0 : 0 0
1826,1,ISO 7133 : 0 : 0 0
1828,1,ISO 7132 : 0 : 0 0
24860,1,ISO 1942 : 2009
24860,2,ISO 3696 : 1987
24860,3,ISO 7823 : 2 : 2003
24860,4,ISO 8601 : 2004
1842,1,0 0 : 0 : 0 0
30462,1,0 0 : 0 : 0 0
30463,1,0 0 : 0 : 0 0
1859,1,ISO 5904 : 1981
1859,2,ISO 5905 : 1980
1859,3,ISO 5906 : 1980
1859,4,ISO 5907 : 1980
1859,5,ISO 4649 : 1983
1865,1,0 0 : 0 : 0 0
31643,1,0 0 : 0 : 0 0
28472,1,ISO 21424 : 2018
1871,1,ISO 21424 : 2018
1872,1,ISO 21424 : 2018
1872,2,ISO 15151 : 2018
28762,1,ISO 21424 : 2018
28762,2,ISO 15151 : 2018
1894,1,IEC 60623 : 1978
1894,2,IEC 60623 : 1978
21869,1,ISO 15004 : 1 : 2006
21870,1,0 0 : 0 : 0 0
29297,1,0 0 : 0 : 0 0
1916,1,0 0 : 0 : 0 0
25736,1,0 0 : 0 : 0 0
21871,1,ISO 15004 : 1 : 2006
21871,2,15004 : 2 : 2007
21872,1,ISO 15004 : 1 : 2006
21872,2,ISO 15004 : 2 : 2007
21872,3,IEC 60601 : 1 : 2005
23500,1,ISO 15004 : 1 : 0 0
23500,2,ISO 15004 : 2 : 2007
23500,3,IEC 60601 : 1 : 2005
1926,1,ISO 363 : 0 : 0 0
1926,2,ISO 364 : 0 : 0 0
1930,1,ASTM 0 : 2010
1930,2,ASTM 0 : 2017
1930,3,ASTM 0 : 2013
1930,4,ASTM 0 : 2017
1931,1,ISO 0 : 0 : 0 0
1931,2,ISO 0 : 0 : 0 0
1931,3,ISO 0 : 0 : 0 0
1931,4,ISO 0 : 0 : 0 0
1931,5,ISO 0 : 0 : 0 0
31010,1,ISO 11600 : 2002
1938,1,ISO 11600 : 2002
1941,1,ISO 6106 : 1979
21435,1,ISO 3450 : 0 : 0 0
21435,2,ISO 5010 : 0 : 0 0
21435,3,ISO 6405 : 1 : 0 0
21435,4,ISO 6405 : 2 : 0 0
1952,1,0 0 : 0 : 0 0
29116,1,0 0 : 0 : 0 0
24329,1,IEC 60601 : 2 : 33 2010
24329,2,ASTM 0 : 2015
24329,3,ASTM 0 : 2017
24329,4,ASTM 0 : 2008
1960,1,ISO 7176 : 5 : 0 0
1960,2,ISO 7176 : 7 : 0 0
1960,3,ISO 7193 : 0 : 0 0
1964,1,ISO 5855 : 2 : 0 0
1964,2,ISO 5855 : 3 : 0 0
1964,3,ISO 965 : 1 : 0 0
1964,4,ISO 5855 : 1 : 0 0
1965,1,ISO 965 : 1 : 1998
1965,2,ISO 5855 : 1 : 1999
1965,3,ISO 5855 : 2 : 1999
21704,1,ISO 965 : 1 : 1998
21704,2,ISO 5855 : 1 : 1999
21704,3,ISO 5855 : 3 : 1999
33,1,ISO 6104 : 2005
28782,1,ISO 3545 : 1 : 0 0
28782,2,ISO 6428 : 0 : 0 0
28783,1,ISO 3545 : 1 : 0 0
1975,1,ISO 3545 : 1 : 0 0
1975,2,ISO 6428 : 0 : 0 0
1976,1,ISO 3545 : 1 : 0 0
1977,1,ISO 6412 : 3 : 1993
1977,2,ISO 6456 : 2 : 1996
1977,3,ISO 6412 : 1 : 1989
1977,4,ISO 128 : 1982
1977,5,ISO 5455 : 1979
28874,1,ISO 6412 : 3 : 1993
28874,2,ISO 6456 : 2 : 1996
28874,3,ISO 6412 : 1 : 1989
28874,4,ISO 128 : 1982
28874,5,ISO 5455 : 1979
1979,1,ISO 4223 : 1 : 0 0
1979,2,ISO 3324 : 1 : 1997
1980,1,ISO 3324 : 1 : 1997
1980,2,ISO 4223 : 1 : 0 0
1980,3,ISO 3324 : 2 : 1998
23840,1,ISO 10993 : 1 : 2009
23840,2,ISO 0 : 0 : 0 0
23841,1,ISO 10993 : 1 : 2009
23842,1,ISO 10993 : 1 : 2009
23075,1,ISO 14971 : 0 : 0 0
23854,1,ISO 10993 : 1 : 2009
23854,2,ISO 10993 : 4 : 2002
23854,3,ISO 0 : 0 : 0 0
27185,1,0 0 : 0 : 0 0
23860,1,ISO 10993 : 1 : 0 0
23860,2,ISO 10993 : 6 : 0 0
23860,3,ISO 0 : 0 : 0 0
26744,1,ISO 0 : 0 : 0 0
22654,1,ISO 3585 : 0 : 0 0
22654,2,ISO 8044 : 0 : 0 0
24535,1,ISO 10993 : 1 : 2009
24535,2,ISO 10993 : 3 : 2014
24535,3,ISO 10993 : 4 : 2017
24535,4,ISO 10993 : 5 : 2009
24535,5,ISO 10993 : 6 : 2016
24535,6,ISO 10993 : 7 : 2008
24535,7,ISO 10993 : 9 : 2009
24535,8,ISO 10993 : 10 : 2010
24535,9,ISO 10993 : 11 : 2017
24535,10,ISO 10993 : 13 : 2010
24535,11,ISO 10993 : 15 : 2000
24535,12,ISO 10993 : 16 : 2010
24535,13,ISO 10993 : 17 : 2002
24535,14,ISO 10993 : 19 : 2006
24535,15,ISO 14971 : 2007
26349,1,ISO 6872 : 1995
2001,1,IEC 60584 : 1 : 0 0
2001,2,IEC 60584 : 2 : 0 0
2001,3,IEC 60695 : 2 : 11
2001,4,IEC 60695 : 2 : 12
2001,5,IEC 60695 : 2 : 13
2001,6,IEC 0 : 2010
2001,7,ISO/IEC 0 : 1999
2001,8,ISO 4046 : 4 : 2002
2001,9,ISO 13943 : 2008
2002,1,ISO/IEC 13934 : 0 : 0 0
2002,2,ISO 4046 : 4 : 0 0
2002,3,IEC 104 : 0 : 0 0
2007,1,ISO 1179 : 1 : 2013
2007,2,ISO 6162 : 1 : 2012
2007,3,ISO 6162 : 2 : 2012
2008,1,ISO 6020 : 2 : 1991
2008,2,ISO 273 : 1979
2008,3,ISO 3320 : 1987
2008,4,ISO 5598 : 1985
2008,5,ISO 4395 : 1978
33418,1,ISO 4788 : 1980
33418,2,ISO 3105 : 1994
2031,1,ISO 4788 : 1980
2031,2,ISO 3105 : 1994
23162,1,ISO 1 : 1975
23162,2,ISO 3030 : 1996
23162,3,ISO 3031 : 2000
23162,4,ISO 3245 : 1997
23162,5,ISO 15241 : 2001
24491,1,ISO 1 : 1975
2036,1,ISO 6524 : 1992
2044,1,0 0 : 0 : 0 0
25621,1,ISO 8870 : 1 : 0 0
25621,2,ISO 9626 : 0 : 0 0
25621,3,ISO 11040 : 5 : 0 0
25621,4,ISO 80369 : 1 : 0 0
26771,1,ISO 8871 : 1 : 0 0
26771,2,ISO 8871 : 4 : 0 0
26771,3,ISO 11040 : 4 : 0 0
26355,1,ISO 8871 : 1 : 0 0
26355,2,ISO 8871 : 4 : 0 0
26355,3,ISO 11040 : 1 : 0 0
26356,1,ISO 7885 : 2010
26356,2,ISO 8871 : 1 : 0 0
26356,3,ISO 8871 : 4 : 0 0
26356,4,ISO 8871 : 5 : 2005
26356,5,ISO 11040 : 1 : 0 0
26356,6,ISO 8872 : 0 : 0 0
2052,1,ISO 3506 : 4 : 0 0
26082,1,ISO 3506 : 4 : 0 0
2061,1,ISO 10140 : 1 : 2016
2061,2,ISO 10140 : 2 : 2010
2061,3,ISO 10140 : 5 : 2010
2061,4,ISO 16283 : 1 : 2014
2061,5,ISO 16283 : 3 : 2016
2061,6,ISO 10848 : 2 : 2017
2061,7,ISO 15186 : 1 : 2000
2062,1,ISO 10140 : 1 : 2016
2062,2,ISO 10140 : 3 : 2010
2062,3,ISO 10140 : 5 : 2010
2062,4,ISO 12999 : 1 : 2020
2062,5,ISO 16283 : 2 : 2018
29131,1,ISO 10140 : 1 : 2016
29131,2,ISO 10140 : 2 : 2010
29131,3,ISO 10140 : 5 : 2010
29131,4,ISO 16283 : 1 : 2014
29131,5,ISO 16283 : 3 : 2016
29131,6,ISO 10848 : 2 : 2017
29131,7,ISO 15186 : 1 : 2000
29132,1,ISO 10140 : 1 : 2016
29132,2,ISO 10140 : 3 : 2010
29132,3,ISO 10140 : 5 : 2010
29132,4,ISO 12999 : 1 : 2020
29132,5,ISO 16283 : 2 : 2018
2074,1,0 0 : 0 : 0 0
2076,1,IEC 60079 : 13 : 1982
2079,1,ISO 1968 : 0 : 0 0
2079,2,ISO 2307 : 0 : 0 0
2079,3,ISO 9554 : 0 : 0 0
27511,1,ISO 1968 : 0 : 0 0
27511,2,ISO 2307 : 0 : 0 0
27511,3,ISO 9554 : 0 : 0 0
32270,1,ISO 11073 : 20601 : 2010
24079,1,ISO 11073 : 20601 : 2010
24079,2,ISO 0 : 0 : 0 0
24080,1,ISO 11073 : 20601 : 2010
24081,1,ISO 11073 : 20601 : 2010
24082,1,ISO 11073 : 20601 : 2010
24083,1,ISO 11073 : 20601 : 2010
24084,1,ISO 11073 : 20601 : 2016
24085,1,ISO 11073 : 20601 : 2016
24086,1,ISO 11073 : 20601 : 2016
24087,1,ISO 11073 : 20601 : 2016
24088,1,0 0 : 0 : 0 0
24362,1,ISO 11073 : 20601 : 2016
24140,1,ISO 11073 : 20601 : 2016
24141,1,ISO 11073 : 20601 : 2016
24142,1,ISO 11073 : 20601 : 2016
24143,1,ISO 11073 : 20601 : 2016
23643,1,ISO 11073 : 20601 : 2014
23653,1,ISO 11073 : 20601 : 2015
23654,1,ISO/IEC 646 : 1991
24204,1,0 0 : 0 : 0 0
31673,1,ISO 11073 : 20601 : 2014
24765,1,ISO/IEC 8824 : 1 : 2015
24765,2,ISO/IEC 8824 : 2 : 2015
24765,3,ISO/IEC 8824 : 3 : 2015
24765,4,ISO/IEC 8825 : 1 : 2015
24765,5,ISO/IEC 8825 : 2 : 2015
24765,6,ISO/IEC 8825 : 3 : 2015
24765,7,ISO/IEC 8825 : 4 : 2015
24765,8,ISO/IEC 8825 : 5 : 2015
24765,9,ISO/IEC 8825 : 6 : 2015
24765,10,ISO/IEC 8825 : 7 : 2015
24765,11,ISO/IEC 9596 : 1 : 1998
24766,1,ISO/IEC 27002 : 2013
24768,1,IEC 60603 : 7 : 1996
24768,2,IEC 60417 : 1 : 1998
24768,3,ISO/IEC 8877 : 1992
24264,1,ISO 11073 : 20601 : 2016
31713,1,ISO 639 : 1 : 2002
31713,2,ISO 639 : 2 : 1998
31713,3,ISO 3166 : 2 : 2013
31713,4,ISO 3166 : 3 : 2013
31713,5,ISO 15225 : 2016
31713,6,ISO/IEC 5218 : 2004
31713,7,ISO/IEC 8824 : 1 : 2015
31713,8,ISO/IEC 8824 : 2 : 2015
31713,9,ISO/IEC 8859 : 1 : 1998
31713,10,ISO/IEC 8859 : 2 : 1999
31713,11,ISO/IEC 8859 : 3 : 1999
31713,12,ISO/IEC 8859 : 4 : 1998
31713,13,ISO/IEC 8859 : 5 : 1999
31713,14,ISO/IEC 8859 : 6 : 1999
31713,15,ISO/IEC 8859 : 7 : 2003
31713,16,ISO/IEC 8859 : 8 : 1999
31713,17,ISO/IEC 8859 : 9 : 1999
31713,18,ISO/IEC 8859 : 10 : 1998
31713,19,ISO/IEC 8859 : 11 : 2001
31713,20,ISO/IEC 8859 : 13 : 1998
31713,21,ISO/IEC 8859 : 14 : 1998
31713,22,ISO/IEC 8859 : 15 : 1999
31713,23,ISO/IEC 9545 : 1994
31713,24,ISO/IEC 9595 : 1998
31713,25,ISO/IEC 9596 : 1 : 1998
31713,26,ISO/IEC 10040 : 1998
31713,27,ISO/IEC 10164 : 1 : 1993
31713,28,ISO/IEC 10164 : 2 : 1993
31713,29,ISO/IEC 10164 : 3 : 1993
31713,30,ISO/IEC 10164 : 4 : 1992
31713,31,IEC 10164 : 5 : 1993
31713,32,ISO/IEC 10164 : 6 : 1993
31713,33,ISO/IEC 10164 : 7 : 1992
31713,34,ISO/IEC 10164 : 8 : 1993
31713,35,ISO/IEC 10164 : 9 : 1995
31713,36,ISO/IEC 10164 : 10 : 1995
31713,37,ISO/IEC 10164 : 11 : 1994
31713,38,ISO/IEC 10164 : 12 : 1994
31713,39,ISO/IEC 10164 : 13 : 1995
31713,40,ISO/IEC 10164 : 14 : 1996
31713,41,ISO/IEC 10165 : 1 : 1993
31713,42,ISO/IEC 10165 : 2 : 1992
31713,43,ISO/IEC 10646 : 1 : 2000
31718,1,ISO 11073 : 20601 : 2010
31719,1,ISO 11073 : 20601 : 2016
31720,1,ISO/IEC 27002 : 2013
23785,1,ISO/IEC 8327 : 1 : 1996
23785,2,ISO/IEC 8650 : 1 : 1996
23785,3,ISO/IEC 8824 : 1 : 2015
23785,4,ISO/IEC 8824 : 2 : 2015
23785,5,ISO/IEC 8825 : 1 : 2015
23785,6,ISO/IEC 9595 : 1998
23785,7,ISO/IEC 9596 : 1 : 1998
23785,8,ISO/IEC 9899 : 2011
23786,1,IEC 60417 : 1 : 2002
23786,2,IEC 60825 : 1 : 2014
23786,3,ISO/IEC 8802 : 3 : 2000
23786,4,ISO 0 : 0 : 0 0
31724,1,ISO 11073 : 20601 : 2010
24814,1,ASTM 0 : 2001
2102,1,ISO 4251 : 1 : 2019
32445,1,ISO 4251 : 1 : 2019
2105,1,ISO 7637 : 2 : 2004
2105,2,ISO 7637 : 3 : 2007
28616,1,0 0 : 0 : 0 0
224,1,0 0 : 0 : 0 0
24974,1,ISO 24801 : 2 : 0 0
24974,2,ISO 24802 : 1 : 0 0
24974,3,ISO 24802 : 2 : 0 0
26680,1,ISO 10286 : 0 : 0 0
26680,2,ISO 10297 : 0 : 0 0
589,1,ISO 10286 : 2021
589,2,ISO 10297 : 2024
22124,1,ISO 10286 : 0 : 0 0
22124,2,ISO 10297 : 0 : 0 0
146,1,ISO 7539 : 1 : 0 0
146,2,ISO 7359 : 6 : 2011
146,3,ISO 9809 : 2 : 0 0
146,4,ISO 11120 : 0 : 0 0
32662,1,ISO 10286 : 2021
32662,2,ISO 10297 : 2024
25034,1,ISO 24801 : 3 : 0 0
25034,2,ISO 24802 : 2 : 0 0
25034,3,ISO 24803 : 0 : 0 0
25034,4,ISO 24801 : 3 : 2014
23636,1,ISO 10012 : 1 : 0 0
23636,2,ISO 13485 : 2003
23636,3,ISO 11737 : 1 : 0 0
23636,4,ISO 11737 : 2 : 0 0
24676,1,ISO/TS 13004 : 0 : 0 0
2159,1,IEC 60300 : 3 : 1
2159,2,61025 : 0 : 0 0
2159,3,61078 : 0 : 0 0
2159,4,61078 : 0 : 0 0
23764,1,ISO 11737 : 1 : 0 0
23764,2,ISO 11737 : 2 : 0 0
24449,1,ISO 11737 : 1 : 2006
24449,2,ISO 14937 : 2009
24449,3,ISO 17665 : 1 : 2006
24449,4,ISO 18472 : 2006
24450,1,ISO 18472 : 2006
24451,1,ISO 18472 : 2006
24452,1,ISO 18472 : 2006
23554,1,ISO 5636 : 3 : 1992
23554,2,ISO 5 : 4 : 0 0
23554,3,IEC 60584 : 2 : 1982
23554,4,IEC 60751 : 1983
2167,1,ISO 6265 : 2013
2168,1,ISO 3548 : 1978
2168,2,ISO 6864 : 0 : 0 0
17576,1,0 0 : 0 : 0 0
29118,1,0 0 : 0 : 0 0
2169,1,ISO 7181 : 1991
2169,2,ISO 5598 : 1985
2170,1,ISO 31 : 1981
2170,2,ISO 31 : 1 : 1978
2170,3,ISO 31 : 2 : 1978
2170,4,ISO 31 : 3 : 1978
2170,5,ISO 31 : 3 : 1978
2170,6,ISO 31 : 4 : 1978
2170,7,ISO 9 : 1976
26262,1,0 0 : 0 : 0 0
28784,1,ISO 1101 : 1983
28784,2,ISO 3098 : 1 : 1974
28784,3,ISO 5459 : 1973
2183,1,ISO 1101 : 1983
2183,2,ISO 3098 : 1 : 1974
2183,3,ISO 5459 : 1973
21559,1,ISO 3488 : 1992
21559,2,ISO 6743 : 1981
24163,1,ISO 3448 : 1992
24163,2,ISO 6743 : 1981
21369,1,ISO 6743 : 3 : 2003
21369,2,ISO 3448 : 1992
21369,3,ISO 5388 : 1981
21369,4,ISO 8681 : 1986
21370,1,ISO 6743 : 5 : 2006
21370,2,ISO 3448 : 1992
21370,3,ISO 6743 : 6 : 1990
21370,4,ISO 6743 : 99 : 2002
21370,5,ISO 12925 : 1 : 1996
21492,1,ISO 3448 : 1992
21492,2,ISO 6743 : 1981
21492,3,ISO 6743 : 1981
2201,1,ISO 4116 : 0 : 0 0
2201,2,ISO 6966 : 1 : 0 0
2201,3,ISO 6966 : 2 : 0 0
2201,4,ISO 7000 : 0 : 0 0
2201,5,ISO 8097 : 2001
2201,6,ISO 11995 : 1996
2201,7,ISO 6968 : 2005
25468,1,ISO 384 : 1978
25468,2,ISO 1769 : 0 : 0 0
25468,3,ISO 719 : 0 : 0 0
25468,4,ISO 3696 : 0 : 0 0
2205,1,ISO 384 : 1978
2205,2,ISO 1769 : 0 : 0 0
2205,3,ISO 719 : 0 : 0 0
2205,4,ISO 3696 : 0 : 0 0
2207,1,IEC 60726 : 1982
2208,1,ISO 1629 : 2013
29250,1,0 0 : 0 : 0 0
2214,1,0 0 : 0 : 0 0
24382,1,ISO 704 : 2009
24382,2,ISO 1087 : 1 : 2000
24407,1,ISO/IEC 11404 : 2007
33655,1,ISO/IEC 11404 : 2007
2216,1,ASTM 0 : 0 : 0 0
2216,2,ASTM 0 : 0 : 0 0
2216,3,ASTM 0 : 0 : 0 0
2216,4,ASTM 0 : 0 : 0 0
2216,5,ASTM 0 : 0 : 0 0
2216,6,ASTM 0 : 0 : 0 0
2216,7,ASTM 0 : 0 : 0 0
2216,8,ASTM 0 : 0 : 0 0
2216,9,ASTM 0 : 0 : 0 0
2219,1,IEC 60611 : 1978
2220,1,IEC 60727 : 1 : 1982
2223,1,IEC 68 : 1 : 1988
2223,2,IEC 505 : 1975
2223,3,IEC 610 : 1978
2223,4,IEC 792 : 1 : 1988
29867,1,0 0 : 0 : 0 0
2232,1,0 0 : 0 : 0 0
23237,1,IEC 60364 : 7 : 710 2002
23237,2,IEC 60598 : 1 : 2014
23237,3,IEC 60601 : 1 : 2 2014
23237,4,IEC 61386 : 1 : 2008
23237,5,ISO 32 : 1977
23237,6,ISO 3744 : 2010
23237,7,ISO 5359 : 2014
23237,8,ISO 16571 : 2014
23237,9,EN 50174 : 1 : 2018
23237,10,EN 50174 : 2 : 2018
27122,1,IEC 60364 : 7 : 710 2002
27122,2,IEC 60598 : 1 : 2014
27122,3,IEC 60601 : 1 : 2 2014
27122,4,IEC 61386 : 1 : 2008
27122,5,ISO 32 : 1977
27122,6,ISO 3744 : 2010
27122,7,ISO 5359 : 2014
27122,8,ISO 16571 : 2014
27122,9,EN 50174 : 1 : 2018
27122,10,EN 50174 : 2 : 2018
2244,1,ISO 8069 : 1986
2244,2,ISO 3495 : 1975
2245,1,ISO 1073 : 1 : 0 0
2245,2,ISO 1073 : 2 : 0 0
2245,3,ISO 2022 : 0 : 0 0
30693,1,ISO 1073 : 1 : 0 0
30693,2,ISO 1073 : 2 : 0 0
30693,3,ISO 2022 : 0 : 0 0
65934,1,ISO 8543 : 1998
2247,1,ISO 8543 : 1998
24874,1,0 0 : 0 : 0 0
29981,1,0 0 : 0 : 0 0
2261,1,0 0 : 0 : 0 0
2263,1,IEC 60343 : 1970
27999,1,0 0 : 0 : 0 0
2269,1,0 0 : 0 : 0 0
28520,1,ISO 17070 : 0 : 0 0
2273,1,ISO 17070 : 0 : 0 0
23361,1,0 0 : 0 : 0 0
23362,1,ISO 3166 : 1 : 2020
23362,2,ISO 639 : 1 : 0 0
33613,1,ISO 291 : 0 : 0 0
31331,1,ISO 3166 : 1 : 2020
31331,2,ISO 639 : 1 : 0 0
2286,1,ISO 1923 : 0 : 0 0
2286,2,ISO 291 : 0 : 0 0
2287,1,ISO 1923 : 1981
2287,2,ISO 291 : 1977
2288,1,ISO 291 : 0 : 0 0
2289,1,ISO 1923 : 0 : 0 0
23363,1,ISO 3166 : 1 : 2013
23363,2,ISO 3166 : 2 : 2013
23363,3,ISO 3166 : 3 : 2013
23363,4,ISO 639 : 1 : 2002
23363,5,ISO 639 : 2 : 1998
23363,6,ISO 639 : 3 : 2007
23363,7,ISO 639 : 4 : 2010
23363,8,ISO 639 : 5 : 2008
23363,9,ISO/IEC 0 : 2007
24988,1,0 0 : 0 : 0 0
2306,1,ISO 3411 : 0 : 0 0
2306,2,ISO 5353 : 0 : 0 0
2306,3,ISO 6746 : 1 : 0 0
23808,1,ISO 9169 : 2006
23808,2,ISO 14956 : 2002
23808,3,ISO 20988 : 0 : 0 0
23809,1,ISO 9169 : 0 : 0 0
26083,1,EN 15259 : 0 : 0 0
26083,2,EN 15267 : 0 : 0 0
26083,3,EN 14181 : 0 : 0 0
26083,4,ISO 16911 : 0 : 0 0
26083,5,ISO 14956 : 0 : 0 0
23797,1,ISO 14956 : 0 : 0 0
23799,1,ISO 14956 : 0 : 0 0
23807,1,ISO 9169 : 2006
23807,2,ISO 14956 : 2002
23807,3,ISO/IEC 0 : 0 : 0 0
2318,1,IEC 290 : 1969
2320,1,IEC 60686 : 1980
2321,1,IEC 60686 : 1980
2330,1,ISO 7583 : 2013
33133,1,ISO 7583 : 2013
2339,1,ISO 5596 : 1999
2339,2,ISO 3 : 1973
2339,3,ISO 5598 : 1985
2352,1,ISO/IEC 14598 : 1 : 1999
29552,1,ISO/IEC 14598 : 1 : 1999
23458,1,0 0 : 0 : 0 0
30985,1,IEC 60243 : 2 : 0 0
30985,2,IEC 62631 : 2 : 1 2018
30985,3,IEC 60674 : 3 : 0 0
30985,4,IEC 60631 : 3 : 1
30985,5,IEC 60631 : 3 : 2
30985,6,ISO 1183 : 0 : 0 0
30985,7,ISO 4592 : 0 : 0 0
30985,8,ISO 4593 : 0 : 0 0
30985,9,ISO 11357 : 0 : 0 0
31285,1,IEC 60068 : 2 : 67
31286,1,IEC 60757 : 0 : 0 0
2367,1,IEC 60243 : 2 : 0 0
2367,2,IEC 62631 : 2 : 1 2018
2367,3,IEC 60674 : 3 : 0 0
2367,4,IEC 60631 : 3 : 1
2367,5,IEC 60631 : 3 : 2
2367,6,ISO 1183 : 0 : 0 0
2367,7,ISO 4592 : 0 : 0 0
2367,8,ISO 4593 : 0 : 0 0
2367,9,ISO 11357 : 0 : 0 0
2370,1,IEC 60068 : 2 : 67
2371,1,IEC 674 : 1 : 1980
2371,2,IEC 674 : 2 : 1988
2371,3,IEC 757 : 1983
2372,1,IEC 674 : 1 : 1980
2372,2,IEC 674 : 2 : 1988
2372,3,IEC 674 : 3 : 7
2372,4,IEC 757 : 1983
18045,1,IEC 60757 : 0 : 0 0
2382,1,ISO 1182 : 0 : 0 0
2382,2,ISO 8301 : 0 : 0 0
2382,3,ISO 8302 : 0 : 0 0
2382,4,ISO 9229 : 0 : 0 0
2382,5,ISO 12570 : 0 : 0 0
2382,6,ISO 12572 : 0 : 0 0
2382,7,ISO 12624 : 0 : 0 0
2382,8,ISO 12628 : 0 : 0 0
2382,9,ISO 13787 : 0 : 0 0
2382,10,ISO 16535 : 0 : 0 0
2382,11,ISO 18096 : 0 : 0 0
2382,12,ISO 18097 : 0 : 0 0
2382,13,ISO 29465 : 0 : 0 0
2382,14,ISO 29466 : 0 : 0 0
2382,15,ISO 29467 : 0 : 0 0
2382,16,ISO 29468 : 0 : 0 0
2382,17,ISO 29469 : 0 : 0 0
2382,18,ISO 29472 : 0 : 0 0
2382,19,ISO 29771 : 0 : 0 0
2382,20,EN 12089 : 0 : 0 0
32909,1,ISO 1182 : 0 : 0 0
32909,2,ISO 8301 : 0 : 0 0
32909,3,ISO 8302 : 0 : 0 0
32909,4,ISO 9229 : 0 : 0 0
32909,5,ISO 12570 : 0 : 0 0
32909,6,ISO 12572 : 0 : 0 0
32909,7,ISO 12624 : 0 : 0 0
32909,8,ISO 12628 : 0 : 0 0
32909,9,ISO 13787 : 0 : 0 0
32909,10,ISO 16535 : 0 : 0 0
32909,11,ISO 18096 : 0 : 0 0
32909,12,ISO 18097 : 0 : 0 0
32909,13,ISO 29465 : 0 : 0 0
32909,14,ISO 29466 : 0 : 0 0
32909,15,ISO 29467 : 0 : 0 0
32909,16,ISO 29468 : 0 : 0 0
32909,17,ISO 29469 : 0 : 0 0
32909,18,ISO 29472 : 0 : 0 0
32909,19,ISO 29771 : 0 : 0 0
32909,20,EN 12089 : 0 : 0 0
17554,1,IEC 38 : 0 : 0 0
17554,2,IEC 50 : 151 : 0 0
17554,3,IEC 50 : 441 : 0 0
17554,4,IEC 60 : 1 : 0 0
17554,5,IEC 68 : 2 : 1
17554,6,IEC 68 : 2 : 2
17554,7,IEC 68 : 2 : 3
17554,8,IEC 68 : 2 : 6
17554,9,IEC 68 : 2 : 14
17554,10,IEC 68 : 2 : 27
17554,11,IEC 68 : 2 : 30
17554,12,IEC 68 : 2 : 31
17554,13,IEC 68 : 2 : 32
17554,14,IEC 85 : 0 : 0 0
17554,15,IEC 112 : 0 : 0 0
17554,16,IEC 255 : 4 : 0 0
17554,17,IEC 364 : 4 : 443
17554,18,IEC 417 : 0 : 0 0
17554,19,IEC 529 : 0 : 0 0
17554,20,IEC 664 : 0 : 0 0
17554,21,IEC 695 : 2 : 1
17554,22,IEC 707 : 0 : 0 0
17554,23,IEC 801 : 2 : 0 0
17554,24,IEC 801 : 3 : 0 0
17554,25,IEC 801 : 4 : 0 0
17554,26,IEC 801 : 5 : 0 0
17554,27,IEC 947 : 1 : 0 0
17554,28,IEC 947 : 5 : 1
17554,29,IEC 947 : 5 : 2
17554,30,IEC 950 : 0 : 0 0
17554,31,ISO/IEC 9506 : 1 : 0 0
17554,32,ISO/IEC 9506 : 2 : 0 0
2408,1,IEC 60044 : 4 : 1980
26177,1,ISO 14903 : 2017
2417,1,ISO 14903 : 2017
32775,1,0 0 : 0 : 0 0
2419,1,0 0 : 0 : 0 0
2420,1,BSI 5067 : 1974
2429,1,ISO 6591 : 2 : 1985
2429,2,ISO 6590 : 2 : 1986
2429,3,ISO 7023 : 1983
17577,1,ISO 1940 : -2 : 0 0
2430,1,ISO 6590 : 2 : 0 0
2430,2,ISO 9028 : 1976
2430,3,ISO 6590 : 1 : 1983
2431,1,ISO 5407 : 1981
26379,1,ISO 14644 : 1 : 2015
24474,1,ISO 3969 : 1987
24474,2,ISO 14644 : 1 : 2015
28749,1,IEC 60417 : 0 : 0 0
28749,2,IEC 60617 : 0 : 0 0
2440,1,IEC 60417 : 0 : 0 0
2440,2,IEC 60617 : 0 : 0 0
28734,1,0 0 : 0 : 0 0
2441,1,0 0 : 0 : 0 0
2443,1,ISO 124 : 2014
2443,2,ISO 706 : 2004
2443,3,ISO 1409 : 2020
2443,4,ISO 1652 : 2011
28647,1,ISO 124 : 2014
28647,2,ISO 706 : 2004
28647,3,ISO 1409 : 2020
28647,4,ISO 1652 : 2011
2450,1,ISO 7721 : 1983
2451,1,ISO 5367 : 0 : 0 0
2451,2,ISO 5367 : 1 : 0 0
2451,3,ISO 5356 : 0 : 0 0
2451,4,ISO 468 : 0 : 0 0
2451,5,ISO 2878 : 0 : 0 0
2451,6,ISO 2882 : 0 : 0 0
2451,7,ISO 5356 : 1 : 0 0
2451,8,ISO 2878 : 1 : 0 0
2452,1,ISO 5362 : 1 : 0 0
2452,2,ISO 2878 : 0 : 0 0
2452,3,ISO 5356 : 1 : 0 0
2452,4,ISO 5356 : 2 : 0 0
2452,5,IEC 601 : 1 : 0 0
2452,6,ISO 2882 : 0 : 0 0
2452,7,ISO 5355 : 0 : 0 0
2452,8,ISO 2882 : 0 : 0 0
2452,9,IEC 601 : 1 : 0 0
2452,10,ISO 2878 : 0 : 0 0
27447,1,0 0 : 0 : 0 0
2458,1,0 0 : 0 : 0 0
2465,1,ISO 5358 : 0 : 0 0
2465,2,ISO 4135 : 0 : 0 0
2465,3,ISO 5356 : 1 : 0 0
2465,4,ISO 5356 : 2 : 0 0
2465,5,ISO 5359 : 0 : 0 0
2465,6,ISO 7396 : 0 : 0 0
2465,7,ISO 7767 : 0 : 0 0
2465,8,IEC 601 : 1 : 0 0
2465,9,ISO 4135 : 0 : 0 0
2465,10,ISO 32 : 0 : 0 0
2465,11,ISO 407 : 0 : 0 0
2465,12,ISO 3744 : 0 : 0 0
2465,13,ISO 407 : 0 : 0 0
2465,14,ISO 7396 : 0 : 0 0
2465,15,ISO 5359 : 0 : 0 0
2465,16,ISO 5356 : 1 : 0 0
2465,17,ISO 5356 : 2 : 0 0
2465,18,ISO 3744 : 0 : 0 0
2465,19,ISO 7767 : 0 : 0 0
2468,1,ISO 9905 : 0 : 0 0
2468,2,ISO 9908 : 0 : 0 0
2468,3,EN 12756 : 0 : 0 0
27867,1,ISO 9905 : 0 : 0 0
27867,2,ISO 9908 : 0 : 0 0
27867,3,EN 12756 : 0 : 0 0
27727,1,0 0 : 0 : 0 0
2470,1,0 0 : 0 : 0 0
2488,1,ISO 68 : 0 : 0 0
2488,2,ISO 23011 : 1 : 0 0
2488,3,ISO 1101 : 0 : 0 0
2488,4,ISO 3442 : 0 : 0 0
2488,5,ISO 61551 : 1 : 0 0
23236,1,ISO 68 : 1998
23236,2,ISO 230 : 1 : 1996
23236,3,ISO 230 : 2 : 1997
23236,4,ISO 1101 : 1983
23236,5,ISO 3442 : 1991
2501,1,ISO 5654 : 1 : 0 0
2501,2,ISO 5654 : 2 : 0 0
2501,3,ISO 7065 : 1 : 0 0
2501,4,ISO 7065 : 2 : 0 0
2501,5,ISO 6596 : 1 : 0 0
2501,6,ISO 6596 : 2 : 0 0
2501,7,ISO/IEC 7487 : 1 : 0 0
2501,8,ISO/IEC 7487 : 2 : 0 0
33264,1,ISO 5654 : 1 : 0 0
33264,2,ISO 5654 : 2 : 0 0
33264,3,ISO 7065 : 1 : 0 0
33264,4,ISO 7065 : 2 : 0 0
33264,5,ISO 6596 : 1 : 0 0
33264,6,ISO 6596 : 2 : 0 0
33264,7,ISO/IEC 7487 : 1 : 0 0
33264,8,ISO/IEC 7487 : 2 : 0 0
2502,1,ISO 1862 : 0 : 0 0
2504,1,ISO 1864 : 0 : 0 0
2504,2,ISO 8064 : 0 : 0 0
2506,1,ISO 1864 : 0 : 0 0
2506,2,ISO 8064 : 0 : 0 0
2507,1,ISO 2022 : 0 : 0 0
24680,1,ISO 8362 : 2 : 2015
2520,1,IEC 60050 : 391 : 1975
2520,2,IEC 60359 : 1987
2520,3,IEC 60405 : 1972
2520,4,IEC 61134 : 1992
2520,5,IEC 0 : 1989
33497,1,0 0 : 0 : 0 0
2536,1,0 0 : 0 : 0 0
66631,1,ISO 5353 : 0 : 0 0
2541,1,ISO 5353 : 0 : 0 0
2542,1,ISO 6753 : 1 : 1994
2543,1,ISO 6753 : 2 : 1998
2569,1,ISO 2151 : 2004
2569,2,ISO 9614 : 1 : 1993
2569,3,ISO 9614 : 2 : 1996
2569,4,ISO 3744 : 2010
2569,5,ISO 3746 : 2010
32084,1,ISO 2151 : 2004
32084,2,ISO 9614 : 1 : 1993
32084,3,ISO 9614 : 2 : 1996
32084,4,ISO 3744 : 2010
32084,5,ISO 3746 : 2010
2579,1,ISO 1957 : 2000
2580,1,BSI 950 : 1 : 1967
2581,1,BSI 950 : 2 : 1967
2590,1,0 0 : 0 : 0 0
2599,1,ASTM 4294 : 2021
2599,2,ISO 8754 : 2003
33840,1,ASTM 4294 : 2021
33840,2,ISO 8754 : 2003
2609,1,ISO/IEC 98 : 3 : 2008
30299,1,ISO/IEC 98 : 3 : 2008
2610,1,ISO 4115 : 1987
2610,2,ISO 4116 : 0 : 0 0
2610,3,ISO 7166 : 1985
2610,4,ISO 4117 : 1993
2615,1,ISO 24153 : 2009
2616,1,0 0 : 0 : 0 0
2617,1,ISO 5396 : 1977
2618,1,0 0 : 0 : 0 0
2621,1,ISO 1219 : 1 : 1991
2621,2,ISO 11841 : 1 : 2000
2621,3,ISO 11841 : 2 : 2000
2621,4,ISO 3448 : 1992
2621,5,ISO 3968 : 1990
2621,6,ISO 6415 : 1990
2622,1,ISO 1219 : 1 : 1991
2622,2,ISO 11841 : 1 : 2000
2622,3,ISO 11841 : 2 : 2000
2623,1,ISO 11841 : 1 : 2000
2623,2,ISO 1219 : 1 : 1991
2623,3,ISO 2942 : 1994
2623,4,ISO 11841 : 2 : 2000
2624,1,ISO 4584 : 1 : 1982
2624,2,ISO 1219 : 1976
2624,3,ISO 3448 : 1975
29092,1,ISO 1219 : 1 : 0 0
29092,2,ISO 4548 : 1 : 0 0
23744,1,ISO 1219 : 1 : 0 0
23744,2,ISO 4548 : 1 : 0 0
2629,1,ISO 16160 : 2005
25205,1,ISO 16160 : 2005
2636,1,0 0 : 0 : 0 0
28670,1,0 0 : 0 : 0 0
2639,1,0 0 : 0 : 0 0
30077,1,0 0 : 0 : 0 0
2641,1,ISO 3002 : 2 : 0 0
65839,1,ISO 513 : 0 : 0 0
65839,2,ISO 583 : 0 : 0 0
65839,3,ISO 1532 : 0 : 0 0
65839,4,ISO 3364 : 0 : 0 0
65839,5,ISO 6987 : 1 : 0 0
2642,1,ISO 513 : 0 : 0 0
2642,2,ISO 583 : 0 : 0 0
2642,3,ISO 1532 : 0 : 0 0
2642,4,ISO 3364 : 0 : 0 0
2642,5,ISO 6987 : 1 : 0 0
2643,1,ISO 1651 : 1974
2645,1,ISO 5742 : 1982
2655,1,ISO 915 : 0 : 0 0
2655,2,ISO 2170 : 0 : 0 0
27418,1,ISO 6579 : 5 : 1976
27418,2,ISO 6579 : 6 : 2012
27418,3,ISO 7932 : 8 : 1 2004
27418,4,ISO 6888 : 8 : 2 2002
27418,5,ISO 6888 : 1999
27418,6,ISO 16634 : 2016
27418,7,ISO 23305 : 2020
27418,8,ISO 11085 : 2015
27418,9,ISO 14377 : 2022
27418,10,ISO 15151 : 2018
27418,11,ISO 15123 : 2003
27418,12,ISO 20649 : 2015
27418,13,ISO 21424 : 2018
2656,1,ISO 6579 : 5 : 1976
2656,2,ISO 6579 : 6 : 2012
2656,3,ISO 7932 : 8 : 1 2004
2656,4,ISO 6888 : 8 : 2 2002
2656,5,ISO 6888 : 1999
2656,6,ISO 16634 : 2016
2656,7,ISO 23305 : 2020
2656,8,ISO 11085 : 2015
2656,9,ISO 14377 : 2022
2656,10,ISO 15151 : 2018
2656,11,ISO 15123 : 2003
2656,12,ISO 20649 : 2015
2656,13,ISO 21424 : 2018
2659,1,0 0 : 0 : 0 0
2668,1,ISO 78 : 2 : 1999
2668,2,ISO 7002 : 0 : 0 0
2674,1,ASTM 0 : 1983
2679,1,ISO 4117 : 1993
2679,2,ISO 7166 : 1985
2679,3,ISO 8097 : 1995
2679,4,ISO 9788 : 1990
2679,5,ISO 4115 : 1997
33601,1,ISO 7166 : 1985
33601,2,ISO 8097 : 1995
33601,3,ISO/TR 8647 : 1990
33601,4,ISO 9788 : 1990
2680,1,ISO 7166 : 1985
2680,2,ISO 8097 : 1995
2680,3,ISO/TR 8647 : 1990
2680,4,ISO 9788 : 1990
2686,1,ISO 6951 : 1992
2686,2,ISO 286 : 2 : 1988
2686,3,ISO 3320 : 1987
2686,4,ISO 5598 : 1985
2686,5,ISO 6020 : 1 : 1981
2686,6,ISO 6020 : 1 : 1981
2688,1,ISO 6951 : 1992
2688,2,ISO 286 : 2 : 1988
2688,3,ISO 3320 : 1987
2688,4,ISO 5598 : 1985
2688,5,ISO 6020 : 1 : 1981
2689,1,0 0 : 0 : 0 0
27487,1,ISO 21940 : 11 : 2016
2691,1,ISO 21940 : 11 : 2016
30497,1,0 0 : 0 : 0 0
2699,1,0 0 : 0 : 0 0
31259,1,0 0 : 0 : 0 0
2708,1,0 0 : 0 : 0 0
27786,1,ISO 17375 : 2006
2714,1,ISO 17375 : 2006
28980,1,0 0 : 0 : 0 0
2718,1,0 0 : 0 : 0 0
31002,1,ISO 10349 : 1 : 2002
31002,2,ISO 10349 : 4 : 1992
31002,3,ISO 10349 : 5 : 1992
31002,4,ISO 10349 : 6 : 1992
2733,1,ISO 10349 : 1 : 2002
2733,2,ISO 10349 : 4 : 1992
2733,3,ISO 10349 : 5 : 1992
2733,4,ISO 10349 : 6 : 1992
27293,1,ISO 7 : 1 : 0 0
27293,2,IEC 60584 : 2 : 0 0
2742,1,ISO 7 : 1 : 0 0
2742,2,IEC 60584 : 2 : 0 0
25890,1,ISO 639 : 1 : 2002
25890,2,ISO/TR>ISO 19844 : 2016
25890,3,ISO/TR>ISO 20440 : 2016
25890,4,ISO/TR>ISO 20443 : 2017
25890,5,ISO/TR>ISO 20451 : 2017
25890,6,ISO/IEC 5218 : 2004
23501,1,ISO/TS 19844 : 2016
23501,2,ISO/TR>ISO 20440 : 2016
23501,3,ISO 20443 : 2017
23501,4,ISO 20451 : 2017
2754,1,ISO 1736 : 2000
2754,2,ISO 3889 : 1977
65782,1,ISO 1736 : 2000
65782,2,ISO 3889 : 1977
30078,1,0 0 : 0 : 0 0
2758,1,0 0 : 0 : 0 0
2764,1,0 0 : 0 : 0 0
23352,1,0 0 : 0 : 0 0
23353,1,0 0 : 0 : 0 0
27337,1,ISO 14501 : 2021
27337,2,ISO 14674 : 2005
27337,3,ISO 15213 : 2003
2792,1,ISO 14501 : 2021
2792,2,ISO 14674 : 2005
2792,3,ISO 15213 : 2003
25319,1,ISO 4915 : 1981
2794,1,ISO 4915 : 1981
30830,1,IEC 60684 : 3 : 0 0
30831,1,IEC 60684 : 2 : 20 2008
30831,2,IEC 60695 : 6 : 30 1996
30831,3,IEC 60754 : 1 : 1994
30831,4,IEC 60754 : 2 : 1991
30831,5,ISO 5 : 1 : 2009
30831,6,ISO 5 : 2 : 2009
30831,7,ISO 5 : 3 : 2009
30831,8,ISO 5 : 4 : 2009
30831,9,ISO 182 : 1 : 1990
30831,10,ISO 182 : 2 : 1990
30831,11,ISO 13943 : 2008
2795,1,IEC 60684 : 3 : 0 0
2796,1,IEC 60684 : 2 : 20 2008
2796,2,IEC 60695 : 6 : 30 1996
2796,3,IEC 60754 : 1 : 1994
2796,4,IEC 60754 : 2 : 1991
2796,5,ISO 5 : 1 : 2009
2796,6,ISO 5 : 2 : 2009
2796,7,ISO 5 : 3 : 2009
2796,8,ISO 5 : 4 : 2009
2796,9,ISO 182 : 1 : 1990
2796,10,ISO 182 : 2 : 1990
2796,11,ISO 13943 : 2008
27336,1,ISO 14501 : 2021
27336,2,ISO 14674 : 2005
2804,1,ISO 14501 : 2021
2804,2,ISO 14674 : 2005
27687,1,0 0 : 0 : 0 0
2805,1,0 0 : 0 : 0 0
2808,1,ISO 6410 : 1981
2808,2,ISO 2162 : 1973
2808,3,ISO 2203 : 1973
2810,1,ISO 7200 : 2004
2810,2,ISO 5457 : 0 : 0 0
2810,3,ISO 639 : 1 : 2002
2810,4,ISO 639 : 2 : 1998
2810,5,ISO 639 : 3 : 2007
2811,1,ISO 128 : 1982
2811,2,ISO 6428 : 1982
2811,3,ISO 5457 : 1980
2811,4,ISO 6433 : 1981
2811,5,ISO 3098 : 1 : 1974
2811,6,ISO 7200 : 1984
2812,1,ISO 406 : 0 : 0 0
2812,2,ISO 129 : 1985
2812,3,ISO 3098 : 1 : 1974
2813,1,ISO 128 : 1982
2813,2,ISO 2541 : 1972
2813,3,ISO 860 : 1975
2813,4,ISO 2540 : 1992
2813,5,ISO 6428 : 1982
27107,1,0 0 : 0 : 0 0
2814,1,ISO 128 : 1982
2814,2,ISO 3040 : 1974
2814,3,ISO 406 : 1982
2814,4,ISO 1660 : 1982
2814,5,ISO 3098 : 1 : 1974
2814,6,ISO 6428 : 1982
25905,1,ISO 5543 : 2004
25905,2,ISO 5738 : 2004
25905,3,ISO 15213 : 2003
25905,4,ISO/TS 6733 : 2006
25905,5,ISO 17997 : 2004
25905,6,ISO 17997 : 2004
25784,1,ISO 5543 : 2004
25784,2,ISO 5738 : 2004
25784,3,ISO 15213 : 2003
25784,4,ISO/TS 6733 : 2006
25784,5,ISO 17997 : 2004
25784,6,ISO 17997 : 2004
2815,1,ISO 5543 : 2004
2815,2,ISO 5738 : 2004
2815,3,ISO 15213 : 2003
2815,4,ISO/TS 6733 : 2006
2815,5,ISO 17997 : 2004
2815,6,ISO 17997 : 2004
2817,1,0 0 : 0 : 0 0
27652,1,0 0 : 0 : 0 0
23835,1,ISO 0 : 0 : 0 0
23836,1,0 0 : 0 : 0 0
2821,1,IEC 60086 : 2 : 1982
25104,1,ISO 10223 : 2005
2823,1,ISO 513 : 1991
2823,2,ISO 1832 : 1991
2827,1,ISO 9139 : 1998
33986,1,ISO 9139 : 1998
2828,1,ISO 65212 : 1984
2828,2,ISO 764 : 1984
2828,3,ISO 1112 : 1974
2828,4,ISO 2281 : 1984
2834,1,ISO 12647 : 3 : 2013
28000,1,ISO 12647 : 3 : 2013
2838,1,IEC 60398 : 2015
33656,1,IEC 60398 : 2015
2840,1,ISO 7545 : 1983
2842,1,ISO 7545 : 1983
2852,1,ISO 1885 : 3 : 1 1974
2853,1,ISO 1885 : 3 : 1974
2853,2,ISO 9779 : 1981
33828,1,0 0 : 0 : 0 0
2862,1,0 0 : 0 : 0 0
21941,1,ISO 594 : 1 : 0 0
21941,2,ISO 4135 : 0 : 0 0
21941,3,ISO 5356 : 1 : 0 0
21941,4,ISO 5361 : 1999
21941,5,ISO 7000 : 0 : 0 0
21941,6,ISO 10993 : 1 : 0 0
21941,7,ISO 11607 : 2003
21941,8,ISO 11134 : 0 : 0 0
21941,9,ISO 11135 : 0 : 0 0
21941,10,ISO 11137 : 1 : 0 0
21941,11,ISO 11990 : 0 : 0 0
21941,12,ISO 11991 : 0 : 0 0
21941,13,ISO 14155 : 1 : 0 0
21941,14,ISO 14155 : 2 : 0 0
21941,15,ISO 14408 : 0 : 0 0
31744,1,ISO 3353 : 1 : 2002
21538,1,ISO 5855 : 1 : 0 0
21538,2,ISO 3353 : 2 : 2002
21291,1,ISO 3353 : 1 : 2002
31842,1,ISO 5855 : 1 : 0 0
31842,2,ISO 3353 : 2 : 2002
2876,1,ISO 7781 : 1996
2876,2,ISO 385 : 1 : 1984
2876,3,ISO 648 : 1977
2876,4,ISO 1042 : 1983
2876,5,ISO 1795 : 1992
2876,6,ISO 11720 : 0 : 0 0
2881,1,ISO 11720 : 0 : 0 0
81,1,ISO 3417 : 2008
81,2,ISO 6502 : 1999
157,1,ISO 3889 : 0 : 0 0
27184,1,0 0 : 0 : 0 0
66834,1,ISO 10190 : 2008
66834,2,ISO 286 : 2 : 0 0
66834,3,ISO 606 : 0 : 0 0
66834,4,ISO 15654 : 0 : 0 0
2898,1,ISO 10190 : 2008
2898,2,ISO 286 : 2 : 0 0
2898,3,ISO 606 : 0 : 0 0
2898,4,ISO 15654 : 0 : 0 0
25390,1,ASTM 0 : 2017
25390,2,ASTM 0 : 2011
25390,3,ASTM 0 : 1997
25390,4,ASTM 0 : 1999
25390,5,ASTM 0 : 2016
25390,6,ASTM 0 : 2015
2902,1,ASTM 0 : 2017
2902,2,ASTM 0 : 2011
2902,3,ASTM 0 : 1997
2902,4,ASTM 0 : 1999
2902,5,ASTM 0 : 2016
2902,6,ASTM 0 : 2015
31003,1,ISO 10349 : 1 : 2002
31003,2,ISO 10349 : 3 : 1992
31003,3,ISO 10349 : 5 : 1992
31003,4,ISO 10349 : 7 : 1992
31003,5,ISO 10349 : 9 : 1992
2910,1,ISO 10349 : 1 : 2002
2910,2,ISO 10349 : 3 : 1992
2910,3,ISO 10349 : 5 : 1992
2910,4,ISO 10349 : 7 : 1992
2910,5,ISO 10349 : 9 : 1992
2911,1,ISO 10349 : 1 : 1992
2911,2,ISO 10349 : 5 : 1992
2911,3,ISO 10349 : 9 : 1992
31197,1,ISO 10349 : 1 : 1992
31197,2,ISO 10349 : 5 : 1992
31197,3,ISO 10349 : 9 : 1992
31571,1,ISO 15359 : 1999
2920,1,ISO 15359 : 1999
2921,1,ISO 5943 : 0 : 0 0
2921,2,ISO 707 : 1997
2921,3,ISO 5725 : 1 : 1994
2921,4,ISO 5725 : 2 : 1994
2922,1,ISO 648 : 0 : 0 0
2922,2,ISO 1042 : 0 : 0 0
2922,3,ISO 1737 : 0 : 0 0
2923,1,ISO 1736 : 0 : 0 0
2923,2,ISO 5537 : 2004
2924,1,ISO 707 : 0 : 0 0
2924,2,ISO 1736 : 0 : 0 0
2924,3,ISO 6091 : 0 : 0 0
28215,1,ISO/IEC 19772 : 0 : 0 0
24643,1,ISO/IEC 10118 : 0 : 0 0
24643,2,ISO/IEC 9797 : 0 : 0 0
22372,1,ISO/IEC 19772 : 0 : 0 0
22372,2,ISO/IEC 10118 : 1 : 0 0
2931,1,0 0 : 0 : 0 0
2933,1,ISO/IEC 10118 : 1 : 2000
2933,2,ISO/IEC 10118 : 2 : 2010
2933,3,ISO 10118 : 3 : 2004
2933,4,ISO 10118 : 4 : 1998
2933,5,ISO 14888 : 1 : 2008
2933,6,ISO 14888 : 2 : 2008
2933,7,ISO 14888 : 3 : 2006
28369,1,ISO/IEC 19772 : 0 : 0 0
28369,2,ISO/IEC 10118 : 1 : 0 0
22487,1,0 0 : 0 : 0 0
23527,1,ISO/IEC 19772 : 0 : 0 0
22716,1,ISO/IEC 10118 : 3 : 2004
22716,2,ISO/IEC 11770 : 1 : 1996
30832,1,IEC 60613 : 2020
2966,1,IEC 60613 : 2020
2981,1,IEC 60231 : 0 : 0 0
2981,2,IEC 60232 : 0 : 0 0
2982,1,IEC 60231 : 0 : 0 0
2982,2,IEC 60232 : 0 : 0 0
2983,1,IEC 60430 : 0 : 0 0
2983,2,IEC 60462 : 0 : 0 0
27225,1,ISO/IEC 11801 : 1 : 2017
27225,2,IEC 61754 : 20 : 0 0
27225,3,ISO/IEC 14763 : 2 : 0 0
27225,4,ISO/IEC 30129 : 0 : 0 0
27083,1,IEC 60352 : 2 : 0 0
27083,2,IEC 60794 : 1 : 21
27083,3,IEC 60794 : 1 : 22
27083,4,IEC 60794 : 2 : 51
27083,5,IEC 60794 : 3 : 0 0
27083,6,IEC 60794 : 5 : 0 0
27083,7,IEC 60966 : 2 : 5
27083,8,IEC 60966 : 2 : 6
27083,9,IEC 61076 : 2 : 101
27083,10,IEC 61076 : 2 : 109
27083,11,IEC 61076 : 3 : 104
27083,12,IEC 61076 : 3 : 106
27083,13,IEC 61076 : 3 : 110
27083,14,IEC 61156 : 0 : 0 0
27083,15,IEC 61156 : 5 : 1
27083,16,IEC 61156 : 6 : 0 0
27083,17,IEC 61156 : 6 : 1
27083,18,IEC 61156 : 9 : 0 0
27083,19,IEC 61156 : 10 : 0 0
27083,20,IEC 61169 : 2 : 0 0
27083,21,IEC 61169 : 24 : 0 0
27083,22,IEC 61196 : 6 : 0 0
27083,23,IEC 61196 : 7 : 0 0
27083,24,IEC 61300 : 2 : 1
27083,25,IEC 61300 : 2 : 4
27083,26,IEC 61300 : 2 : 5
27083,27,IEC 61300 : 2 : 9
27083,28,IEC 61300 : 2 : 18
27083,29,IEC 61300 : 2 : 22
27083,30,IEC 61300 : 2 : 34
27083,31,IEC 61300 : 2 : 44
27083,32,IEC 61300 : 2 : 46
27083,33,IEC 61753 : 21 : 2
27083,34,IEC 61753 : 22 : 2
27083,35,IEC 61754 : 0 : 0 0
27083,36,IEC 61754 : 20 : 100
27083,37,IEC 61935 : 1 : 0 0
27083,38,IEC 61935 : 2 : 0 0
27083,39,IEC 62012 : 1 : 0 0
27083,40,IEC 62664 : 1 : 1
27083,41,ISO 4892 : 1 : 0 0
27083,42,ISO 4892 : 2 : 0 0
27083,43,ISO/IEC 14763 : 2 : 0 0
27083,44,ISO/IEC 14763 : 3 : 0 0
31350,1,ISO/TR 17671 : 1 : 2002
2988,1,ISO/TR 17671 : 1 : 2002
32043,1,ISO 18856 : 2004
2991,1,ISO 18856 : 2004
2993,1,ISO 7228 : 0 : 0 0
2993,2,ISO 5356 : 1 : 0 0
2993,3,ISO 5366 : 1 : 0 0
2999,1,ISO 5527 : 1995
3000,1,ISO 6322 : 2 : 2000
3000,2,ISO 6322 : 1 : 0 0
3000,3,ISO 6322 : 3 : 0 0
3001,1,0 0 : 0 : 0 0
3004,1,0 0 : 0 : 0 0
3007,1,ISO 630 : 2011
3008,1,ISO 612 : 0 : 0 0
3008,2,ISO 4253 : 0 : 0 0
3008,3,ISO 5353 : 0 : 0 0
3012,1,ISO 7608 : 1985
3013,1,ISO 7608 : 1985
3018,1,BSI 6271 : 1982
28998,1,0 0 : 0 : 0 0
3023,1,0 0 : 0 : 0 0
3024,1,ISO 5414 : 1985
3025,1,ISO 296 : 0 : 0 0
3025,2,ISO 297 : 0 : 0 0
3025,3,ISO 3338 : 2 : 0 0
3025,4,ISO 5413 : 0 : 0 0
3025,5,ISO 7388 : 1 : 0 0
31018,1,0 0 : 0 : 0 0
3027,1,0 0 : 0 : 0 0
21277,1,ISO 3534 : 1 : 0 0
21277,2,ISO 3534 : 2 : 0 0
21277,3,ISO 334 : 3 : 0 0
21277,4,ISO 3534 : 3 : 0 0
21277,5,ISO 11095 : 0 : 0 0
21277,6,ISO 11843 : 1 : 0 0
21277,7,ISO/IEC 30 : 0 : 0 0
21280,1,ISO 3534 : 1 : 0 0
21280,2,ISO 3534 : 3 : 0 0
21281,1,ISO 3534 : 1 : 0 0
21281,2,ISO 3534 : 2 : 0 0
21281,3,ISO 334 : 3 : 0 0
21281,4,ISO 3534 : 3 : 0 0
21281,5,ISO 11095 : 0 : 0 0
21281,6,ISO 11843 : 1 : 0 0
21281,7,ISO/IEC 30 : 0 : 0 0
21282,1,ISO 3534 : 1 : 0 0
21282,2,ISO 3534 : 2 : 0 0
21282,3,ISO 3534 : 3 : 0 0
21282,4,ISO 5479 : 0 : 0 0
21282,5,ISO 5725 : 2 : 0 0
21282,6,ISO 11095 : 1996
21282,7,ISO 11843 : 1 : 1997
21282,8,ISO 11843 : 2 : 2000
21282,9,ISO 30 : 0 : 0 0
21283,1,ISO 3534 : 1 : 0 0
21283,2,ISO 3534 : 2 : 0 0
21283,3,ISO 3534 : 3 : 0 0
21283,4,ISO 5479 : 0 : 0 0
21283,5,ISO 5725 : 2 : 0 0
21283,6,ISO 11095 : 0 : 0 0
21283,7,ISO 11843 : 1 : 0 0
21283,8,ISO 30 : 0 : 0 0
21825,1,ISO 3534 : 1 : 0 0
21825,2,ISO 3534 : 2 : 0 0
21825,3,ISO 3534 : 3 : 0 0
21825,4,ISO 5725 : 1 : 0 0
21825,5,ISO 11843 : 1 : 0 0
21825,6,ISO 11843 : 2 : 0 0
3033,1,ISO 5784 : 1 : 1988
3033,2,ISO 1219 : 1976
3033,3,ISO 5598 : 1985
3034,1,ISO 5784 : 2 : 1989
3034,2,ISO 1219 : 1976
3034,3,ISO 5598 : 1985
3034,4,ISO 5784 : 1 : 1988
3035,1,ISO 5784 : 3 : 1989
3035,2,ISO 1219 : 1976
3035,3,ISO 5784 : 1 : 1988
3035,4,ISO 5784 : 2 : 1989
27235,1,ISO 3583 : 1984
27235,2,ISO 7638 : 1 : 2003
27235,3,ISO 7638 : 2 : 2003
27235,4,ISO 9128 : 2006
27235,5,ISO 11992 : 1 : 2003
27235,6,ISO 11992 : 2 : 2014
27235,7,AIS 4 : 3 : 2009
27235,8,AIS 110 : 2009
459,1,ISO 3583 : 1984
459,2,ISO 7638 : 1 : 2003
459,3,ISO 7638 : 2 : 2003
459,4,ISO 9128 : 2006
459,5,ISO 11992 : 1 : 2003
459,6,ISO 11992 : 2 : 2014
459,7,AIS 4 : 3 : 2009
459,8,AIS 110 : 2009
3050,1,ISO 2022 : 0 : 0 0
3050,2,ISO 9293 : 0 : 0 0
29767,1,0 0 : 0 : 0 0
3057,1,0 0 : 0 : 0 0
26886,1,0 0 : 0 : 0 0
24298,1,ISO 9247 : 1990
24298,2,IEC 228 : 1978
24298,3,IEC 245 : 4 : 1980
24298,4,IEC 269 : 1 : 1986
3061,1,0 0 : 0 : 0 0
3065,1,IEC 60050 : 394 : 2007
3065,2,IEC 60050 : 393 : 1996
3065,3,IEC 60038 : 1983
3065,4,IEC 60050 : 151 : 2001
3065,5,ISO 11929 : 1 : 2000
3065,6,ISO 7503 : 0 : 0 0
3065,7,IEC 61187 : 1993
3065,8,ISO 8769 : 1988
3066,1,ISO 2919 : 1999
3066,2,ISO 921 : 1997
3066,3,ISO 361 : 1975
3066,4,IEC 61336 : 1996
3066,5,IEC 61326 : 0 : 0 0
3066,6,IEC 61010 : 1 : 2010
3066,7,IEC 61005 : 2003
3066,8,IEC 60982 : 1989
3066,9,IEC 60846 : 1 : 2009
3066,10,IEC 60846 : 2 : 2007
3066,11,IEC 60692 : 1999
3066,12,IEC 60476 : 1993
3066,13,ISO 60050 : 394 : 2007
3082,1,ISO 3310 : 1 : 0 0
3083,1,ISO 717 : 1 : 0 0
3083,2,ISO 3382 : 2 : 0 0
3083,3,ISO 7730 : 0 : 0 0
3083,4,ISO 8995 : 1 : 0 0
3083,5,ISO 16283 : 1 : 0 0
3083,6,ISO 20109 : 2016
3083,7,ISO 21542 : 0 : 0 0
66753,1,ISO 717 : 1 : 0 0
66753,2,ISO 3382 : 2 : 0 0
66753,3,ISO 7730 : 0 : 0 0
66753,4,ISO 8995 : 1 : 0 0
66753,5,ISO 16283 : 1 : 0 0
66753,6,ISO 20109 : 2016
66753,7,ISO 21542 : 0 : 0 0
28441,1,ISO 1101 : 2017
28441,2,ISO 14405 : 1 : 2016
28441,3,ISO 15241 : 2012
3099,1,ISO 1101 : 2017
3099,2,ISO 14405 : 1 : 2016
3099,3,ISO 15241 : 2012
3105,1,ISO 4006 : 1991
3113,1,ISO 385 : 0 : 0 0
3113,2,ISO 8655 : 3 : 0 0
3114,1,ISO 707 : 0 : 0 0
3114,2,ISO 3310 : 0 : 0 0
3115,1,ISO 707 : 0 : 0 0
3115,2,ISO 648 : 0 : 0 0
3115,3,ISO 3310 : 0 : 0 0
3115,4,ISO 5550 : 0 : 0 0
14,1,ISO/TR 15768 : 2000
31914,1,ISO/TR 15768 : 2000
3116,1,ISO 5550 : 2006
24862,1,ISO 3261 : 1 : 0 0
24862,2,ISO 9277 : 0 : 0 0
24862,3,ISO 13322 : 0 : 0 0
24862,4,ISO 14488 : 0 : 0 0
24862,5,ISO 14887 : 0 : 0 0
24862,6,ISO/TS 27687 : 0 : 0 0
3129,1,ISO 296 : 0 : 0 0
3129,2,ISO 297 : 0 : 0 0
3129,3,ISO 3338 : 2 : 0 0
3129,4,ISO 296 : 0 : 0 0
3129,5,ISO 5413 : 0 : 0 0
3154,1,ISO 2575 : 2004
20999,1,ISO 1024 : 1989
20999,2,ISO 6892 : 1984
20999,3,ISO 11949 : 1995
20999,4,ISO 11950 : 1995
21129,1,ISO 404 : 2013
21129,2,ISO 4288 : 1996
21129,3,ISO 6508 : 1 : 2015
21129,4,ISO 6892 : 1 : 2016
21129,5,ISO 10474 : 2013
25537,1,ISO 404 : 2013
25537,2,ISO 4288 : 1996
25537,3,ISO 6508 : 1 : 2015
25537,4,ISO 6892 : 1 : 2016
25537,5,ISO 10474 : 2013
31210,1,ISO 1024 : 1989
31210,2,ISO 6892 : 1984
31210,3,ISO 11949 : 1995
31210,4,ISO 11950 : 1995
24863,1,ISO 1942 : 2009
24863,2,ISO 17664 : 2004
3164,1,ISO 230 : 1 : 1996
3164,2,ISO 230 : 2 : 2006
3164,3,ISO 230 : 7 : 2006
3164,4,ISO 1101 : 2004
3165,1,ISO 3070 : 2 : 1978
3165,2,ISO 230 : 1 : 1986
3165,3,ISO 1101 : 1983
3165,4,ISO 3070 : 1982
3165,5,ISO 3070 : 1 : 1987
3170,1,ISO 707 : 0 : 0 0
3170,2,ISO 3310 : 0 : 0 0
3170,3,ISO 5550 : 0 : 0 0
3171,1,ISO 3310 : 1977
3172,1,ISO 385 : 2005
3172,2,ISO 648 : 0 : 0 0
3172,3,ISO 3310 : 1 : 0 0
3172,4,ISO 4788 : 2005
3172,5,ISO 5550 : 2006
26926,1,0 0 : 0 : 0 0
3173,1,0 0 : 0 : 0 0
3189,1,0 0 : 0 : 0 0
28969,1,0 0 : 0 : 0 0
3192,1,0 0 : 0 : 0 0
26927,1,0 0 : 0 : 0 0
3197,1,0 0 : 0 : 0 0
25636,1,0 0 : 0 : 0 0
25637,1,0 0 : 0 : 0 0
21299,1,ISO 11979 : 1 : 0 0
21299,2,ISO 11979 : 9 : 0 0
21299,3,ISO 15223 : 1 : 0 0
21299,4,other 980 : 0 : 0 0
21299,5,other 1041 : 0 : 0 0
21300,1,0 0 : 0 : 0 0
21585,1,0 0 : 0 : 0 0
21586,1,0 0 : 0 : 0 0
21587,1,ISO 11979 : 1 : 0 0
21587,2,ISO 11979 : 3 : 0 0
21587,3,ISO 11979 : 4 : 0 0
21587,4,ISO 6328 : 2000
21587,5,ISO 9334 : 0 : 0 0
21587,6,ISO 9335 : 0 : 0 0
21588,1,ISO 11979 : 1 : 0 0
21588,2,ISO 11979 : 2 : 0 0
21589,1,ISO 10993 : 1 : 0 0
21589,2,ISO 10993 : 2 : 0 0
21589,3,ISO 10993 : 3 : 0 0
21589,4,ISO 10993 : 6 : 0 0
21589,5,ISO 10993 : 12 : 0 0
21589,6,ISO 11979 : 1 : 0 0
21589,7,ISO 11979 : 2 : 0 0
21589,8,ISO 11979 : 3 : 0 0
21589,9,ISO 14971 : 0 : 0 0
21590,1,ISO 11979 : 1 : 0 0
21590,2,ISO 11979 : 2 : 0 0
21590,3,ISO 11979 : 3 : 0 0
21590,4,ISO 11979 : 4 : 0 0
21590,5,ISO 11979 : 7 : 0 0
21590,6,ISO 14155 : 1 : 0 0
21590,7,ISO 14155 : 2 : 0 0
21590,8,ISO 14971 : 0 : 0 0
32363,1,ISO 11979 : 1 : 0 0
32363,2,ISO 11979 : 2 : 0 0
33391,1,0 0 : 0 : 0 0
25995,1,0 0 : 0 : 0 0
21436,1,ISO 11979 : 1 : 0 0
21436,2,ISO 10993 : 5 : 0 0
21436,3,ISO 10993 : 12 : 0 0
21436,4,ISO 11607 : 1 : 0 0
21436,5,ISO 11607 : 2 : 0 0
21436,6,ISO 14971 : 0 : 0 0
21437,1,0 0 : 0 : 0 0
25794,1,0 0 : 0 : 0 0
25597,1,0 0 : 0 : 0 0
23783,1,0 0 : 0 : 0 0
27004,1,ISO 80000 : 1 : 2009
27004,2,ISO 6892 : 1 : 2016
27004,3,ISO 9513 : 2012
3221,1,ISO 80000 : 1 : 2009
3221,2,ISO 6892 : 1 : 2016
3221,3,ISO 9513 : 2012
24325,1,0 0 : 0 : 0 0
24356,1,0 0 : 0 : 0 0
263,1,0 0 : 0 : 0 0
32562,1,0 0 : 0 : 0 0
32563,1,0 0 : 0 : 0 0
32564,1,0 0 : 0 : 0 0
3225,1,0 0 : 0 : 0 0
33433,1,0 0 : 0 : 0 0
3226,1,0 0 : 0 : 0 0
3235,1,0 0 : 0 : 0 0
3240,1,0 0 : 0 : 0 0
33270,1,0 0 : 0 : 0 0
23832,1,0 0 : 0 : 0 0
27245,1,0 0 : 0 : 0 0
18129,1,0 0 : 0 : 0 0
27228,1,0 0 : 0 : 0 0
18130,1,0 0 : 0 : 0 0
33203,1,ISO 4892 : 2 : 2016
33204,1,ISO 4892 : 2 : 2016
3278,1,ISO 4892 : 2 : 2016
3298,1,0 0 : 0 : 0 0
29674,1,0 0 : 0 : 0 0
31604,1,ISO 4531 : 2 : 1998
31604,2,ISO 385 : 2 : 0 0
31604,3,ISO 648 : 0 : 0 0
31604,4,ISO 1042 : 0 : 0 0
31604,5,ISO 2723 : 0 : 0 0
31604,6,ISO 2724 : 0 : 0 0
31604,7,ISO 3585 : 0 : 0 0
31604,8,ISO 3696 : 0 : 0 0
31604,9,ISO 4788 : 0 : 0 0
3300,1,ISO 4531 : 2 : 1998
3300,2,ISO 385 : 2 : 0 0
3300,3,ISO 648 : 0 : 0 0
3300,4,ISO 1042 : 0 : 0 0
3300,5,ISO 2723 : 0 : 0 0
3300,6,ISO 2724 : 0 : 0 0
3300,7,ISO 3585 : 0 : 0 0
3300,8,ISO 3696 : 0 : 0 0
3300,9,ISO 4788 : 0 : 0 0
3301,1,ISO 4531 : 1 : 0 0
21774,1,0 0 : 0 : 0 0
29079,1,0 0 : 0 : 0 0
3327,1,0 0 : 0 : 0 0
3328,1,ISO 3741 : 0 : 0 0
3328,2,ISO 3743 : 1 : 0 0
3328,3,ISO 3743 : 2 : 0 0
3328,4,ISO 3744 : 0 : 0 0
3328,5,ISO 3745 : 0 : 0 0
3328,6,ISO 3746 : 0 : 0 0
3328,7,ISO 3747 : 0 : 0 0
3328,8,ISO 9614 : 1 : 0 0
3328,9,ISO 9614 : 2 : 0 0
32731,1,ISO 3741 : 0 : 0 0
32731,2,ISO 3743 : 1 : 0 0
32731,3,ISO 3743 : 2 : 0 0
32731,4,ISO 3744 : 0 : 0 0
32731,5,ISO 3745 : 0 : 0 0
32731,6,ISO 3746 : 0 : 0 0
32731,7,ISO 3747 : 0 : 0 0
32731,8,ISO 9614 : 1 : 0 0
32731,9,ISO 9614 : 2 : 0 0
3337,1,0 0 : 0 : 0 0
32178,1,0 0 : 0 : 0 0
3347,1,IEC 60255 : 0 : 20 1974
3348,1,IEC 60255 : 5 : 1977
3357,1,ISO 5893 : 0 : 0 0
3357,2,ISO 6133 : 0 : 0 0
3357,3,ISO/TR 11340 : 0 : 0 0
3357,4,ISO/TS 17165 : 2 : 0 0
25405,1,ISO 5893 : 0 : 0 0
25405,2,ISO 6133 : 0 : 0 0
25405,3,ISO/TR 11340 : 0 : 0 0
25405,4,ISO/TS 17165 : 2 : 0 0
3360,1,0 0 : 0 : 0 0
29474,1,0 0 : 0 : 0 0
25988,1,0 0 : 0 : 0 0
18144,1,0 0 : 0 : 0 0
3384,1,0 0 : 0 : 0 0
32498,1,0 0 : 0 : 0 0
3387,1,ISO 23160 : 2011
3388,1,ISO 1463 : 0 : 0 0
3388,2,ISO 3497 : 0 : 0 0
3388,3,ISO 3868 : 0 : 0 0
3388,4,ISO 4538 : 0 : 0 0
3388,5,ISO 9220 : 0 : 0 0
3388,6,ISO 11426 : 0 : 0 0
3388,7,ISO 12687 : 0 : 0 0
3388,8,ISO 14647 : 0 : 0 0
3388,9,ISO 27874 : 0 : 0 0
3403,1,ISO 565 : 1990
3403,2,ISO 10349 : 1 : 1992
3403,3,ISO 10349 : 4 : 1992
3403,4,ISO 10349 : 8 : 1992
31942,1,ISO 565 : 1990
31942,2,ISO 10349 : 1 : 1992
31942,3,ISO 10349 : 4 : 1992
31942,4,ISO 10349 : 8 : 1992
3411,1,0 0 : 0 : 0 0
32234,1,0 0 : 0 : 0 0
3414,1,ISO 3498 : 1979
3414,2,BSI 4218 : 1969
3429,1,ISO 1704 : 1973
3429,2,ISO 2408 : 1985
3429,3,ISO 2944 : 1974
3429,4,ISO 3828 : 1984
3429,5,ISO 4413 : 1979
3429,6,ISO 6482 : 1980
3429,7,ISO 7825 : 1985
3429,8,ISO 8369 : 1986
25155,1,ISO 611 : 2003
25155,2,ISO 1176 : 1990
25155,3,ISO 3833 : 1977
25155,4,ISO 8855 : 2011
3438,1,ISO 5832 : 1 : 0 0
3438,2,ISO 5832 : 2 : 0 0
3438,3,ISO 5832 : 3 : 0 0
3438,4,ISO 5832 : 4 : 0 0
3438,5,ISO 5832 : 5 : 0 0
3438,6,ISO 5832 : 6 : 0 0
3438,7,ISO 5832 : 7 : 0 0
3438,8,ISO 5833 : 1 : 0 0
3438,9,ISO 5834 : 1 : 0 0
3438,10,ISO 5834 : 2 : 0 0
3438,11,ISO 6018 : 0 : 0 0
3438,12,ISO 6474 : 0 : 0 0
3438,13,ISO 7206 : 1 : 0 0
3438,14,ISO 7207 : 1 : 0 0
3439,1,BSI 2550 : 4 : 1973
3441,1,ISO 2351 : 1958
24534,1,ISO 3046 : 1 : 0 0
24534,2,ISO 5167 : 1 : 0 0
24534,3,ISO 9300 : 0 : 0 0
24534,4,IEC 60584 : 1 : 0 0
24534,5,IEC 60584 : 2 : 0 0
24534,6,IEC 60584 : 3 : 0 0
24534,7,IEC 60953 : 2 : 0 0
3450,1,ASTM 0 : 1968
3450,2,ASTM 0 : 68 : 1981
3450,3,BSI 2648 : 1955
3453,1,0 0 : 0 : 0 0
3454,1,0 0 : 0 : 0 0
30675,1,0 0 : 0 : 0 0
30676,1,0 0 : 0 : 0 0
3455,1,ISO 3696 : 1987
3455,2,ISO 4892 : 2 : 2013
3477,1,ASTM 1743 : 2022
3477,2,ASTM 2266 : 2023
3477,3,ASTM 3527 : 2023
3477,4,ASTM 4289 : 2024
3477,5,ASTM 4693 : 2007
33960,1,ASTM 1743 : 2022
33960,2,ASTM 2266 : 2023
33960,3,ASTM 3527 : 2023
33960,4,ASTM 4289 : 2024
33960,5,ASTM 4693 : 2007
3480,1,ISO 7131 : 0 : 0 0
3480,2,ISO 7135 : 0 : 0 0
3483,1,ISO 4510 : 0 : 0 0
3483,2,ISO 6165 : 0 : 0 0
3483,3,ISO 6405 : 0 : 0 0
3483,4,ISO 6405 : 0 : 0 0
3483,5,ISO 6405 : 0 : 0 0
3483,6,ISO 6750 : 0 : 0 0
3497,1,ISO 4341 : 0 : 0 0
3497,2,ISO 2022 : 0 : 0 0
25515,1,0 0 : 0 : 0 0
3508,1,ISO 2859 : 0 : 0 0
3508,2,ISO 3951 : 0 : 0 0
3508,3,ISO 7749 : 2 : 0 0
23502,1,IEC 18 : 2 : 0 0
3525,1,BSI 696 : 2 : 1969
18167,1,BSI 696 : 2 : 1969
3542,1,ISO 2409 : 2013
3542,2,ISO 4628 : 2 : 2016
3542,3,ISO 4628 : 3 : 2016
3542,4,ISO 4628 : 4 : 2016
3542,5,ISO 4628 : 5 : 2016
3542,6,ISO 6270 : 1 : 2017
3542,7,ISO 9227 : 2017
3542,8,ISO 12103 : 1 : 2016
3542,9,ISO 12944 : 6 : 0 0
3542,10,ISO 14903 : 0 : 0 0
26347,1,ISO 2409 : 2013
26347,2,ISO 4628 : 2 : 2016
26347,3,ISO 4628 : 3 : 2016
26347,4,ISO 4628 : 4 : 2016
26347,5,ISO 4628 : 5 : 2016
26347,6,ISO 6270 : 1 : 2017
26347,7,ISO 9227 : 2017
26347,8,ISO 12103 : 1 : 2016
26347,9,ISO 12944 : 6 : 0 0
26347,10,ISO 14903 : 0 : 0 0
26781,1,ISO 4643 : 1992
3547,1,ISO 4643 : 1992
31192,1,ISO 7331 : 2011
3556,1,ISO 7331 : 2011
3557,1,0 0 : 0 : 0 0
3562,1,ISO 6552 : 1980
3563,1,ISO 6704 : 1982
3566,1,6553 : 1980
3575,1,0 0 : 0 : 0 0
3580,1,0 0 : 0 : 0 0
33739,1,ISO 3369 : 2006
33739,2,ISO 3369 : 2006
3581,1,ISO 3369 : 2006
3581,2,ISO 3369 : 2006
3584,1,BSI 2769 : 1964
3584,2,IEC 60745 : 1 : 0 0
3589,1,ISO 230 : 1 : 1996
3589,2,ISO 230 : 2 : 2006
25028,1,ISO 15241 : 0 : 0 0
25028,2,ISO 21204 : 0 : 0 0
30941,1,ISO 15241 : 0 : 0 0
30941,2,ISO 21204 : 0 : 0 0
3593,1,ISO 6091 : 2010
3593,2,ISO 6092 : 1980
3593,3,ISO 15213 : 2003
25879,1,ISO 6091 : 2010
25879,2,ISO 6092 : 1980
25879,3,ISO 15213 : 2003
3596,1,0 0 : 0 : 0 0
31644,1,0 0 : 0 : 0 0
3600,1,IEC 60398 : 1999
3600,2,IEC 60519 : 4 : 2021
30833,1,IEC 60398 : 1999
30833,2,IEC 60519 : 4 : 2021
3603,1,0 0 : 0 : 0 0
33747,1,0 0 : 0 : 0 0
3618,1,IEC 0 : 1971
3618,2,BSI 3979 : 1966
3621,1,0 0 : 0 : 0 0
3635,1,ISO 2568 : 1973
3635,2,ISO 4231 : 1987
3635,3,ISO 5158 : 1986
3638,1,ISO 2375 : 0 : 0 0
3638,2,ISO 8824 : 0 : 0 0
3638,3,ISO 8825 : 0 : 0 0
3639,1,ISO 6429 : 0 : 0 0
3639,2,ISO 9293 : 0 : 0 0
3640,1,ISO 6429 : 0 : 0 0
3640,2,ISO 7065 : 2 : 0 0
3641,1,ISO 6429 : 0 : 0 0
3641,2,ISO 9293 : 0 : 0 0
3646,1,ISO 1736 : 2008
3646,2,ISO 5537 : 2004
65840,1,ISO 513 : 1991
65840,2,ISO 1832 : 1991
3667,1,ISO 513 : 1991
3667,2,ISO 1832 : 1991
3675,1,ISO 500 : 0 : 0 0
3675,2,ISO 20019 : 0 : 0 0
3676,1,0 0 : 0 : 0 0
28618,1,0 0 : 0 : 0 0
3677,1,0 0 : 0 : 0 0
33485,1,0 0 : 0 : 0 0
3685,1,ISO 228 : 0 : 0 0
3685,2,ISO 965 : 2 : 0 0
3685,3,ISO 3320 : 0 : 0 0
3685,4,ISO 6149 : 0 : 0 0
18189,1,0 0 : 0 : 0 0
3688,1,ISO/IEC 8208 : 1995
3688,2,ISO/IEC 10731 : 1994
3690,1,ISO 1942 : 2009
3690,2,ISO 2768 : 1 : 1989
3690,3,ISO 2768 : 2 : 1989
3690,4,ISO 14457 : 2017
3692,1,ISO 4287 : 0 : 0 0
3692,2,ISO 4288 : 1996
3692,3,ISO 7206 : 1 : 0 0
3693,1,ISO 7206 : 3 : 0 0
3693,2,ISO 3696 : 0 : 0 0
3693,3,ISO 4665 : 0 : 0 0
3693,4,ISO 8641 : 0 : 0 0
3693,5,ISO 7601 : 1 : 0 0
3693,6,ISO 7500 : 1 : 0 0
3693,7,ISO 7500 : 1 : 0 0
3693,8,ISO 7206 : 1 : 0 0
3693,9,ISO 7206 : 0 : 0 0
3693,10,ISO 3696 : 0 : 0 0
3693,11,ISO 5833 : 0 : 0 0
3693,12,ISO 5833 : 1 : 0 0
3693,13,ISO 4965 : 0 : 0 0
3693,14,ISO 4965 : 0 : 0 0
3694,1,ISO 7206 : 4 : 0 0
3694,2,ISO 3696 : 0 : 0 0
3694,3,ISO 4695 : 0 : 0 0
3694,4,ISO 5833 : 0 : 0 0
3694,5,ISO 5833 : 0 : 0 0
3694,6,ISO 7601 : 1 : 0 0
3694,7,ISO 7500 : 1 : 0 0
3694,8,ISO 7206 : 0 : 0 0
3694,9,ISO 7206 : 1 : 0 0
3694,10,ISO 7500 : 1 : 0 0
3694,11,ISO 4965 : 0 : 0 0
3694,12,ISO 5833 : 1 : 0 0
3694,13,ISO 7206 : 4 : 0 0
3694,14,ISO 3696 : 0 : 0 0
3694,15,ISO 4695 : 0 : 0 0
3694,16,ISO 5833 : 0 : 0 0
3694,17,ISO 7601 : 1 : 0 0
3694,18,ISO 7500 : 1 : 0 0
3694,19,ISO 7206 : 1 : 0 0
3694,20,ISO 7500 : 1 : 0 0
3694,21,ISO 4965 : 0 : 0 0
3694,22,ISO 5833 : 1 : 0 0
3694,23,ISO 7206 : 0 : 0 0
3695,1,ISO 6506 : 0 : 0 0
3695,2,ISO 7206 : 1 : 0 0
3695,3,ISO 7500 : 1 : 0 0
3695,4,ISO 7500 : 1 : 0 0
3695,5,ISO 7206 : 0 : 0 0
3695,6,ISO 7206 : 1 : 0 0
3695,7,ISO 6506 : 0 : 0 0
3695,8,ISO 7500 : 1 : 0 0
3695,9,ISO 6506 : 0 : 0 0
3696,1,ISO 7206 : 1 : 0 0
3696,2,ISO 3696 : 1987
3696,3,ISO 4965 : 1 : 2012
3696,4,ISO 4965 : 2 : 2012
3697,1,ISO 7206 : 3 : 0 0
3697,2,ISO 7206 : 0 : 0 0
3698,1,ISO 7206 : 4 : 0 0
3698,2,ISO 7206 : 0 : 0 0
3699,1,ISO 3696 : 0 : 0 0
3699,2,ISO 7206 : 1 : 0 0
3699,3,ISO 7206 : 0 : 0 0
3700,1,ISO 7207 : 1 : 0 0
3700,2,ISO 7207 : 0 : 0 0
3708,1,ISO 7839 : 1984
3708,2,ISO 8188 : 1986
3734,1,0 0 : 0 : 0 0
33771,1,0 0 : 0 : 0 0
24330,1,ISO 11070 : 2014
24330,2,ISO 14630 : 2012
24330,3,ISO 14937 : 2009
28522,1,IEC 474 : 1977
3759,1,IEC 474 : 1977
27169,1,0 0 : 0 : 0 0
3762,1,0 0 : 0 : 0 0
3764,1,ISO 898 : 1 : 1988
3764,2,ISO 6157 : 1 : 1988
3764,3,ISO 3269 : 1988
3764,4,ISO 4753 : 1983
3764,5,ISO 1502 : 1996
3764,6,ISO 1502 : 1996
3764,7,ISO 68 : 1 : 1998
3764,8,ISO 262 : 1998
3764,9,ISO 724 : 1993
3764,10,ISO 261 : 1998
3815,1,0 0 : 0 : 0 0
3820,1,ISO 6965 : 1982
3821,1,ASTM 0 : 1979
31409,1,0 0 : 0 : 0 0
3822,1,0 0 : 0 : 0 0
3828,1,0 0 : 0 : 0 0
3864,1,0 0 : 0 : 0 0
29251,1,0 0 : 0 : 0 0
3868,1,ISO 30013 : 0 : 0 0
28492,1,ISO 30013 : 0 : 0 0
33419,1,ISO 30013 : 0 : 0 0
3871,1,ISO 10349 : 1 : 1992
31943,1,ISO 10349 : 1 : 1992
3879,1,0 0 : 0 : 0 0
26050,1,0 0 : 0 : 0 0
3883,1,ISO 5361 : 1 : 0 0
3883,2,ISO 5361 : 1 : 0 0
3883,3,ISO 5361 : 4 : 0 0
3883,4,ISO 4135 : 0 : 0 0
3883,5,ISO 4135 : 0 : 0 0
3883,6,ISO 5361 : 0 : 0 0
3883,7,ISO 4135 : 0 : 0 0
3884,1,ISO 5361 : 1 : 0 0
3884,2,ISO 5361 : 4 : 0 0
3884,3,ISO 5361 : 0 : 0 0
3884,4,ISO 594 : 1 : 0 0
3884,5,ISO 5361 : 1 : 0 0
3884,6,ISO 5361 : 5 : 0 0
3888,1,ISO 5366 : 1 : 0 0
3888,2,ISO 5366 : 2 : 0 0
3888,3,ISO 4135 : 0 : 0 0
3888,4,ISO 5366 : 0 : 0 0
3888,5,ISO 5356 : 1 : 0 0
3889,1,ISO 5366 : 2 : 0 0
483,1,IEC 60068 : 2 : 27 1987
483,2,ISO 7637 : 2 : 2004
483,3,ISO 7637 : 3 : 1995
23150,1,ISO 6165 : 2022
23150,2,ISO 10896 : 1 : 2020
23150,3,ISO 10896 : 2 : 2016
34000,1,ISO 6165 : 2022
34000,2,ISO 10896 : 1 : 2020
34000,3,ISO 10896 : 2 : 2016
3905,1,other 6407 : 0 : 0 0
66669,1,other 6407 : 0 : 0 0
29971,1,0 0 : 0 : 0 0
3909,1,0 0 : 0 : 0 0
3910,1,ISO 6788 : 1982
30246,1,ISO 1180 : 1983
3912,1,ISO 1180 : 1983
3919,1,0 0 : 0 : 0 0
30300,1,0 0 : 0 : 0 0
3926,1,ISO 513 : 1991
3926,2,ISO 1832 : 1991
3929,1,0 0 : 0 : 0 0
27032,1,0 0 : 0 : 0 0
3956,1,ISO 31 : 0 : 0 0
3956,2,ISO 1000 : 0 : 0 0
3956,3,ISO 1180 : 0 : 0 0
3956,4,ISO 2944 : 0 : 0 0
3956,5,ISO 3857 : 1 : 0 0
3956,6,ISO 3857 : 3 : 0 0
3956,7,ISO 5167 : 0 : 0 0
3956,8,ISO 5391 : 0 : 0 0
3956,9,ISO 5393 : 0 : 0 0
3956,10,ISO 6544 : 0 : 0 0
3958,1,ISO 2787 : 0 : 0 0
3962,1,0 0 : 0 : 0 0
29090,1,0 0 : 0 : 0 0
3966,1,0 0 : 0 : 0 0
33748,1,0 0 : 0 : 0 0
3967,1,ISO 10993 : 1 : 0 0
3967,2,ISO 9001 : 0 : 0 0
3967,3,ISO 9004 : 0 : 0 0
3967,4,ISO 9966 : 0 : 0 0
3967,5,ISO 7405 : 0 : 0 0
3970,1,ISO 10993 : 1 : 0 0
3970,2,ISO 10993 : 2 : 0 0
3970,3,ISO 10993 : 3 : 0 0
3970,4,ISO 10993 : 0 : 0 0
3970,5,ISO 10993 : 12 : 0 0
3971,1,ISO 10993 : 4 : 0 0
3971,2,ISO 10993 : 1 : 0 0
3971,3,ISO 10993 : 0 : 0 0
3971,4,ISO 10993 : 12 : 0 0
3971,5,ISO 5840 : 0 : 0 0
3971,6,ISO 5841 : 1 : 0 0
3971,7,ISO 5841 : 3 : 0 0
3971,8,ISO 7198 : 1 : 0 0
3971,9,ISO 7198 : 2 : 0 0
3971,10,ISO 7199 : 0 : 0 0
3972,1,ISO 10993 : 2 : 0 0
3972,2,ISO 10993 : 1 : 0 0
3972,3,ISO 10993 : 0 : 0 0
31241,1,IEC 60061 : 0 : 0 0
31241,2,IEC 60061 : 2 : 0 0
31241,3,IEC 60061 : 3 : 0 0
31241,4,IEC 60245 : 0 : 0 0
31241,5,IEC 60399 : 0 : 0 0
31241,6,IEC 60417 : 0 : 0 0
31241,7,IEC 60432 : 0 : 0 0
31241,8,IEC 60695 : 2 : 11 2014
31241,9,ISO 4046 : 4 : 2016
3987,1,IEC 60061 : 0 : 0 0
3987,2,IEC 60061 : 2 : 0 0
3987,3,IEC 60061 : 3 : 0 0
3987,4,IEC 60245 : 0 : 0 0
3987,5,IEC 60399 : 0 : 0 0
3987,6,IEC 60417 : 0 : 0 0
3987,7,IEC 60432 : 0 : 0 0
3987,8,IEC 60695 : 2 : 11 2014
3987,9,ISO 4046 : 4 : 2016
3991,1,ISO 2562 : 0 : 0 0
28493,1,ISO 30013 : 2011
3994,1,ISO 30013 : 2011
4000,1,ISO 404 : 2013
4000,2,ISO 4288 : 1996
4000,3,ISO 6508 : 1 : 2015
4000,4,ISO 6892 : 1 : 2016
4000,5,ISO 10474 : 2013
4002,1,ISO 5598 : 1985
4002,2,ISO 6020 : 2 : 1991
4002,3,ISO 6099 : 1985
4009,1,ISO 7000 : 0 : 0 0
4014,1,ISO 1102 : 0 : 0 0
4014,2,ISO 8718 : 0 : 0 0
4014,3,ISO 8755 : 0 : 0 0
4014,4,ISO 12357 : 0 : 0 0
4015,1,ISO 1103 : 1976
4015,2,ISO 7237 : 1993
4015,3,ISO 1176 : 1990
66902,1,IEC 60034 : 30 : 2008
66902,2,IEC 60034 : 2 : 1 2007
66902,3,IEC 34 : 6 : 1991
66902,4,IEC 34 : 15 : 1992
25516,1,IEC 60034 : 30 : 2008
25516,2,IEC 60034 : 2 : 1 2007
25516,3,IEC 34 : 6 : 1991
25516,4,IEC 34 : 15 : 1992
4031,1,IEC 60034 : 30 : 2008
4031,2,IEC 60034 : 2 : 1 2007
4031,3,IEC 34 : 6 : 1991
4031,4,IEC 34 : 15 : 1992
25647,1,ISO 6722 : 1 : 0 0
25647,2,ISO 6722 : 2 : 0 0
25647,3,ISO 12619 : 2 : 0 0
25647,4,ISO 14687 : 1 : 0 0
25647,5,ISO 14687 : 2 : 0 0
25647,6,ISO 15403 : 1 : 0 0
25647,7,ISO/TR 15403 : 3 : 0 0
25647,8,ISO 16380 : 0 : 0 0
25647,9,ISO 17268 : 0 : 0 0
25648,1,ISO 188 : 0 : 0 0
25648,2,ISO 1431 : 1 : 0 0
25648,3,ISO 1817 : 0 : 0 0
25648,4,ISO 9227 : 0 : 0 0
25648,5,ISO 11114 : 2 : 0 0
25648,6,ISO 11114 : 4 : 0 0
25648,7,ISO 12619 : 1 : 0 0
25648,8,ISO 12619 : 3 : 0 0
25648,9,ISO 14687 : 1 : 0 0
25648,10,ISO 14687 : 2 : 0 0
25648,11,ISO 15500 : 1 : 0 0
25648,12,ISO/TR 15403 : 2 : 0 0
25648,13,ASTM 0 : 0 : 0 0
25648,14,ASTM 0 : 0 : 0 0
25649,1,ISO 11114 : 2 : 0 0
25649,2,ISO 12619 : 1 : 0 0
25649,3,ISO 12619 : 2 : 0 0
25649,4,ISO 14687 : 1 : 0 0
25649,5,ISO 14687 : 2 : 0 0
25649,6,ISO 15403 : 1 : 0 0
25649,7,ISO/TR 15403 : 2 : 0 0
25650,1,ISO 12619 : 1 : 0 0
25650,2,ISO 12619 : 2 : 0 0
25651,1,ISO 12619 : 1 : 0 0
25651,2,ISO 12619 : 2 : 0 0
25652,1,ISO 12619 : 1 : 0 0
25652,2,ISO 12619 : 2 : 0 0
25652,3,IEC 60079 : 10 : 1
25653,1,ISO 12619 : 1 : 0 0
25653,2,ISO 12619 : 2 : 0 0
25654,1,ISO 12619 : 1 : 0 0
25654,2,ISO 12619 : 2 : 0 0
25655,1,ISO 12619 : 1 : 0 0
25655,2,ISO 12619 : 2 : 0 0
25656,1,ISO 12619 : 1 : 0 0
25656,2,ISO 12619 : 2 : 0 0
25657,1,ISO 12619 : 1 : 0 0
25657,2,ISO 12619 : 2 : 0 0
25658,1,ISO 12619 : 1 : 0 0
25658,2,ISO 12619 : 2 : 0 0
25659,1,ISO 1127 : 0 : 0 0
25659,2,ISO 12619 : 1 : 0 0
25659,3,ISO 12619 : 2 : 0 0
25660,1,ISO 12619 : 1 : 0 0
25660,2,ISO 12619 : 2 : 0 0
25661,1,ISO 12619 : 1 : 0 0
25661,2,ISO 12619 : 2 : 0 0
27034,1,IEC 60079 : 32 : 1 2013
4034,1,IEC 60079 : 32 : 1 2013
26053,1,ISO 6722 : 1 : 0 0
26053,2,ISO 6722 : 2 : 0 0
26053,3,ISO 12619 : 2 : 0 0
26053,4,ISO 14687 : 1 : 0 0
26053,5,ISO 14687 : 2 : 0 0
26053,6,ISO 15403 : 1 : 0 0
26053,7,ISO/TR 15403 : 3 : 0 0
26053,8,ISO 16380 : 0 : 0 0
26053,9,ISO 17268 : 0 : 0 0
29028,1,ISO 15223 : 1 : 2012
29028,2,ISO 3665 : 2011
4040,1,ISO 15223 : 1 : 2012
4040,2,ISO 3665 : 2011
24742,1,0 0 : 0 : 0 0
4052,1,ISO 370 : 0 : 0 0
25242,1,IEC 60038 : 1983
25242,2,IEC 60050 : 441 : 1984
25242,3,IEC 60051 : 0 : 0 0
25242,4,IEC 60060 : 2 : 1994
25242,5,IEC 60068 : 2 : 30 1980
25242,6,IEC 60364 : 0 : 0 0
25242,7,IEC 60417 : 2002
25242,8,IEC 60529 : 1989
25242,9,IEC 60695 : 2 : 1 1994
25242,10,IEC 60884 : 1 : 1994
25242,11,IEC 60898 : 1995
25242,12,IEC 61008 : 1 : 1996
25242,13,IEC 61543 : 1995
4055,1,IEC 60364 : 4 : 44 2007
4055,2,IEC 60364 : 5 : 53 2001
4055,3,IEC 60417 : 0 : 0 0
4055,4,IEC 61543 : 1995
4055,5,IEC 60068 : 2 : 30 2005
4056,1,IEC 60038 : 1983
4056,2,IEC 60050 : 441 : 1984
4056,3,IEC 60051 : 0 : 0 0
4056,4,IEC 60060 : 2 : 1994
4056,5,IEC 60068 : 2 : 30 1980
4056,6,IEC 60364 : 0 : 0 0
4056,7,IEC 60417 : 2002
4056,8,IEC 60529 : 1989
4056,9,IEC 60695 : 2 : 1 1994
4056,10,IEC 60884 : 1 : 1994
4056,11,IEC 60898 : 1995
4056,12,IEC 61008 : 1 : 1996
4056,13,IEC 61543 : 1995
31465,1,IEC 60364 : 4 : 44 2007
31465,2,IEC 60364 : 5 : 53 2001
31465,3,IEC 60417 : 0 : 0 0
31465,4,IEC 61543 : 1995
31465,5,IEC 60068 : 2 : 30 2005
4061,1,ISO 6165 : 0 : 0 0
4061,2,ISO 6165 : 0 : 0 0
4061,3,ISO 6746 : 2 : 0 0
4061,4,ISO 6746 : 2 : 0 0
4061,5,ISO 6747 : 0 : 0 0
4061,6,ISO 6747 : 0 : 0 0
4061,7,ISO 6747 : 0 : 0 0
4072,1,ISO 594 : 1 : 0 0
4072,2,ISO 594 : 2 : 0 0
4072,3,ISO 7864 : 0 : 0 0
4072,4,ISO 3696 : 0 : 0 0
4072,5,ISO 14644 : 1 : 0 0
4072,6,other 980 : 0 : 0 0
4072,7,other 209 : 0 : 0 0
4073,1,ISO 10619 : 1 : 2011
4073,2,ISO 1746 : 1983
4073,3,ISO 4671 : 2007
4073,4,ISO 8330 : 2007
4073,5,ISO 23529 : 2010
4074,1,ISO 10619 : 2 : 2011
4074,2,ISO 4672 : 1988
4074,3,ISO 1402 : 2009
4074,4,ISO 8330 : 2007
4074,5,ISO 23529 : 2010
34090,1,ISO 3275 : 0 : 0 0
34090,2,ISO 3407 : 0 : 0 0
4078,1,ISO 3275 : 0 : 0 0
4078,2,ISO 3407 : 0 : 0 0
33263,1,0 0 : 0 : 0 0
4081,1,0 0 : 0 : 0 0
4099,1,0 0 : 0 : 0 0
29089,1,0 0 : 0 : 0 0
21705,1,ISO 286 : 2 : 1988
21705,2,ISO 2060 : 1994
21705,3,ISO 2061 : 1995
21705,4,ISO 3801 : 1977
21705,5,ISO 137 : 1975
21705,6,ISO 845 : 1988
21705,7,ISO 2286 : 3 : 1998
21705,8,ISO 3074 : 1975
21705,9,ISO 5084 : 1996
21706,1,ISO 105 : 0 : 2 1993
21706,2,ISO 139 : 1973
21706,3,ISO 2859 : 1 : 199
21706,4,ISO 12947 : 1 : 1998
21707,1,ISO 105 : 0 : 2 1993
21707,2,ISO 139 : 1973
21707,3,ISO 12947 : 1 : 1998
21707,4,ISO 12947 : 2 : 1998
21707,5,ISO 2859 : 1 : 0 0
21708,1,ISO 105 : 0 : 2 1993
21708,2,ISO 139 : 1973
21708,3,ISO 2859 : 1 : 1999
4110,1,IEC 60417 : 2024
33311,1,IEC 60417 : 2024
20814,1,IEC 60127 : 3 : 2015
20814,2,IEC 60127 : 7 : 2015
17556,1,IEC 60050 : 581 : 0 0
17556,2,IEC 60999 : 1 : 0 0
17556,3,IEC 61210 : 0 : 0 0
21216,1,ISO 565 : 1983
21216,2,ISO 3310 : 1 : 2000
4152,1,ISO 17231 : 0 : 0 0
33023,1,ISO 17231 : 0 : 0 0
4155,1,ISO 6892 : 0 : 0 0
4155,2,ISO 6871 : 0 : 0 0
4155,3,ISO 3696 : 0 : 0 0
4155,4,ASTM 600 : 74 : 0 0
17754,1,ISO 3696 : 0 : 0 0
17754,2,ISO 6892 : 0 : 0 0
17754,3,ASTM 600 : 74 : 0 0
17754,4,ISO 6871 : 0 : 0 0
4157,1,ISO 228 : 1 : 1982
4157,2,ISO 724 : 1978
4157,3,ISO 3320 : 1975
4157,4,ISO 4393 : 1978
25406,1,ISO 4414 : 1998
25406,2,ISO 1219 : 1 : 1991
25406,3,ISO 5782 : 1 : 1997
25406,4,ISO 1219 : 2 : 1995
25406,5,ISO 6301 : 1 : 1997
25406,6,ISO 5598 : 1985
4159,1,ISO 4414 : 1998
4159,2,ISO 1219 : 1 : 1991
4159,3,ISO 5782 : 1 : 1997
4159,4,ISO 1219 : 2 : 1995
4159,5,ISO 6301 : 1 : 1997
4159,6,ISO 5598 : 1985
4160,1,ISO 5053 : 1 : 2020
31391,1,ISO 5053 : 1 : 2020
4170,1,ISO 7531 : 0 : 0 0
4173,1,ISO 6430 : 1992
4173,2,ISO 228 : 1 : 1982
4173,3,ISO 4393 : 1978
4173,4,ISO 4395 : 1978
4178,1,IEC 6050 : 0 : 0 0
4178,2,IEC 60617 : 0 : 0 0
4178,3,IEC 6027 : 0 : 0 0
4180,1,ISO 31 : 1 : 1978
28689,1,IEC 60060 : 0 : 0 0
4182,1,IEC 60870 : 3 : 0 0
4182,2,IEC 60870 : 5 : 0 0
4182,3,IEC 60870 : 6 : 0 0
4183,1,IEC 60050 : 721 : 1992
4183,2,IEC 60870 : 1 : 4 1994
4183,3,IEC 60870 : 5 : 4 1993
4183,4,IEC 60870 : 5 : 5 1995
4183,5,IEC 60870 : 5 : 101 1995
4183,6,IEC 60870 : 6 : 501 1995
4183,7,IEC 60870 : 6 : 502 1995
4183,8,ISO/IEC 2382 : 9 : 1995
4183,9,ISO 8326 : 1987
4183,10,ISO 8509 : 1987
4183,11,ISO 8648 : 1988
4183,12,ISO/IEC 8824 : 1900
4183,13,ISO/IEC 9646 : 1 : 1994
4183,14,ISO/IEC 10000 : 1 : 1995
4183,15,ISO/IEC 10000 : 2 : 1995
4183,16,ISO 0 : 0 : 0 0
4184,1,IEC 60060 : 0 : 0 0
4185,1,IEC 60255 : 4 : 0 0
4186,1,IEC 60271 : 1974
4186,2,IEC 60051 : 0 : 0 0
4186,3,IEC 60300 : 1984
4186,4,IEC 60688 : 0 : 0 0
4187,1,IEC 60870 : 5 : 2
4188,1,IEC 60870 : 1 : 1 1988
4190,1,IEC 60554 : 3 : 1 1979
4190,2,IEC 60626 : 3 : 2008
4190,3,IEC 60641 : 3 : 2 2007
4190,4,IEC 60674 : 3 : 2 1992
4190,5,IEC 60674 : 3 : 4 1993
4190,6,IEC 60674 : 3 : 8
4190,7,IEC 60819 : 3 : 1 2001
4190,8,IEC 60819 : 3 : 2 2001
4190,9,IEC 60819 : 3 : 3 2008
4190,10,IEC 60819 : 3 : 4 2001
4191,1,IEC 60216 : 4 : 1 2006
4191,2,IEC 60243 : 1 : 1998
4191,3,ISO 536 : 1995
4191,4,IEC 60626 : 3 : 2008
4192,1,IEC 554 : 1 : 0 0
4192,2,IEC 554 : 3 : 0 0
4192,3,IEC 626 : 1 : 0 0
4192,4,IEC 626 : 2 : 0 0
4192,5,IEC 641 : 1 : 0 0
4192,6,IEC 641 : 3 : 0 0
4192,7,IEC 674 : 1 : 0 0
4192,8,IEC 674 : 3 : 0 0
4192,9,IEC 819 : 1 : 0 0
4192,10,IEC 819 : 3 : 0 0
4195,1,ISO 5963 : 1985
4200,1,IEC 117 : 15 : 0 0
4205,1,0 0 : 0 : 0 0
4205,2,ISO 2962 : 2010
4206,1,ISO 2963 : 1974
4207,1,ISO 3889 : 0 : 0 0
4207,2,ISO 707 : 0 : 0 0
4207,3,ISO 5725 : 0 : 0 0
65781,1,ISO 3889 : 0 : 0 0
65781,2,ISO 707 : 0 : 0 0
65781,3,ISO 5725 : 0 : 0 0
4208,1,ISO 8156 : 2005
4209,1,ISO 648 : 2008
4209,2,ISO 1042 : 1998
4209,3,ISO 3696 : 1987
4210,1,IEC 60038 : 1983
4210,2,IEC 60050 : 151 : 1978
4210,3,IEC 60050 : 393 : 1996
4210,4,IEC 60050 : 394 : 1995
4210,5,IEC 60181 : 1964
4210,6,ISO 60181 : 1965
4210,7,ISO 2889 : 1975
4210,8,ISO 10012 : 1 : 1992
4210,9,EN 55022 : 1994
4211,1,IEC 61578 : 1997
4211,2,EN 481 : 1993
4211,3,EN 55022 : 1994
4213,1,EN 55022 : 1994
21823,1,IEC 60904 : 1 : 0 0
21823,2,IEC 60904 : 2 : 0 0
21823,3,IEC 60904 : 3 : 0 0
21823,4,IEC 61836 : 0 : 0 0
21823,5,ISO/IEC 98 : 3 : 2008
31557,1,IEC 60891 : 0 : 0 0
31557,2,IEC 60904 : 2 : 0 0
31557,3,IEC 60904 : 3 : 0 0
31557,4,IEC 60904 : 4 : 0 0
31557,5,IEC 60904 : 5 : 0 0
31557,6,IEC 60904 : 7 : 0 0
31557,7,IEC 60904 : 9 : 0 0
31557,8,IEC 60904 : 10 : 0 0
31557,9,IEC 60904 : 14 : 0 0
31557,10,IEC 61215 : 1 : 0 0
31557,11,IEC 61215 : 1 : 1
31557,12,IEC 61215 : 1 : 2
31557,13,IEC 61215 : 1 : 3
31557,14,IEC 61215 : 1 : 4
31557,15,IEC 61215 : 2 : 0 0
31557,16,IEC 61836 : 0 : 0 0
31557,17,IEC 61853 : 1 : 0 0
31557,18,IEC 63228 : 0 : 0 0
31557,19,ISO 9060 : 0 : 0 0
361,1,ISO 9288 : 1989
361,2,IEC 60891 : 0 : 0 0
361,3,IEC 60904 : 1 : 0 0
361,4,IEC 60904 : 1 : 1
361,5,IEC 60904 : 2 : 0 0
361,6,IEC 60904 : 3 : 0 0
361,7,IEC 60904 : 8 : 0 0
361,8,IEC 60904 : 8 : 1
361,9,IEC 60904 : 9 : 0 0
361,10,IEC 61836 : 0 : 0 0
31343,1,IEC 60904 : 1 : 0 0
31343,2,IEC 60904 : 2 : 0 0
31343,3,IEC 60904 : 3 : 0 0
31343,4,IEC 61836 : 0 : 0 0
31343,5,ISO/IEC 98 : 3 : 2008
4214,1,IEC 60891 : 0 : 0 0
4214,2,IEC 60904 : 2 : 0 0
4214,3,IEC 60904 : 3 : 0 0
4214,4,IEC 60904 : 4 : 0 0
4214,5,IEC 60904 : 5 : 0 0
4214,6,IEC 60904 : 7 : 0 0
4214,7,IEC 60904 : 9 : 0 0
4214,8,IEC 60904 : 10 : 0 0
4214,9,IEC 60904 : 14 : 0 0
4214,10,IEC 61215 : 1 : 0 0
4214,11,IEC 61215 : 1 : 1
4214,12,IEC 61215 : 1 : 2
4214,13,IEC 61215 : 1 : 3
4214,14,IEC 61215 : 1 : 4
4214,15,IEC 61215 : 2 : 0 0
4214,16,IEC 61836 : 0 : 0 0
4214,17,IEC 61853 : 1 : 0 0
4214,18,IEC 63228 : 0 : 0 0
4214,19,ISO 9060 : 0 : 0 0
131,1,IEC 61853 : 4 : 0 0
28825,1,ISO 9288 : 1989
28825,2,IEC 60891 : 0 : 0 0
28825,3,IEC 60904 : 1 : 0 0
28825,4,IEC 60904 : 1 : 1
28825,5,IEC 60904 : 2 : 0 0
28825,6,IEC 60904 : 3 : 0 0
28825,7,IEC 60904 : 8 : 0 0
28825,8,IEC 60904 : 8 : 1
28825,9,IEC 60904 : 9 : 0 0
28825,10,IEC 61836 : 0 : 0 0
21164,1,IEC 60891 : 0 : 0 0
21164,2,IEC 60904 : 1 : 0 0
21164,3,IEC 60904 : 1 : 1
21164,4,IEC 60904 : 1 : 2
21164,5,IEC 60904 : 2 : 0 0
21164,6,IEC 60904 : 3 : 0 0
21164,7,IEC 60904 : 7 : 0 0
21164,8,IEC 60904 : 8 : 0 0
21164,9,IEC 60904 : 8 : 1
21164,10,IEC 60904 : 9 : 0 0
21165,1,IEC 60891 : 0 : 0 0
21165,2,IEC 60904 : 1 : 0 0
21165,3,IEC 60904 : 2 : 0 0
21165,4,IEC 60904 : 7 : 0 0
21165,5,IEC 61215 : 0 : 0 0
21165,6,IEC 61829 : 0 : 0 0
21165,7,ISO/IEC 17025 : 2005
21166,1,IEC 60904 : 1 : 0 0
21166,2,IEC 60904 : 2 : 0 0
21166,3,IEC 60904 : 3 : 0 0
21167,1,IEC 60904 : 1 : 0 0
21167,2,IEC 60904 : 3 : 0 0
21167,3,IEC 60904 : 14 : 0 0
21167,4,IEC 61836 : 0 : 0 0
29145,1,IEC 60904 : 1 : 0 0
29145,2,IEC 60904 : 3 : 0 0
29145,3,IEC 60904 : 14 : 0 0
29145,4,IEC 61836 : 0 : 0 0
29146,1,IEC 60891 : 0 : 0 0
29146,2,IEC 60904 : 1 : 0 0
29146,3,IEC 60904 : 1 : 1
29146,4,IEC 60904 : 1 : 2
29146,5,IEC 60904 : 2 : 0 0
29146,6,IEC 60904 : 3 : 0 0
29146,7,IEC 60904 : 7 : 0 0
29146,8,IEC 60904 : 8 : 0 0
29146,9,IEC 60904 : 8 : 1
29146,10,IEC 60904 : 9 : 0 0
316,1,IEC 60904 : 1 : 0 0
316,2,IEC 60904 : 1 : 2
316,3,IEC 60904 : 2 : 0 0
316,4,IEC 60904 : 7 : 0 0
316,5,IEC 60904 : 8 : 0 0
316,6,IEC 60904 : 9 : 0 0
316,7,IEC 60904 : 10 : 2020
316,8,IEC 61215 : 2 : 0 0
316,9,IEC 61836 : 0 : 0 0
31559,1,IEC 60904 : 1 : 0 0
31559,2,IEC 60904 : 1 : 2
31559,3,IEC 60904 : 2 : 0 0
31559,4,IEC 60904 : 7 : 0 0
31559,5,IEC 60904 : 8 : 0 0
31559,6,IEC 60904 : 9 : 0 0
31559,7,IEC 60904 : 10 : 2020
31559,8,IEC 61215 : 2 : 0 0
31559,9,IEC 61836 : 0 : 0 0
4215,1,ISO 1942 : 2009
4215,2,ISO 261 : 1998
4215,3,ISO 7494 : 1 : 2018
4215,4,ISO 0 : 0 : 0 0
4222,1,IEC 6038 : 0 : 0 0
26317,1,0 0 : 0 : 0 0
24144,1,ISO 639 : 2 : 1998
24144,2,ISO/IEC 10646 : 2003
24144,3,SAE 0 : 0 : 0 0
4244,1,ISO 3779 : 0 : 0 0
4246,1,ISO 12937 : 2000
4246,2,ASTM 0 : 19 : 0 0
4246,3,ASTM 0 : 9 : 0 0
4246,4,ASTM 0 : 18 : 0 0
4246,5,ASTM 0 : 16 : 0 0
33412,1,0 0 : 0 : 0 0
4257,1,0 0 : 0 : 0 0
21788,1,ISO 27687 : 0 : 0 0
21788,2,ISO 80004 : 1 : 0 0
25966,1,0 0 : 0 : 0 0
26088,1,ISO 19092 : 2008
26088,2,ISO/IEC 19790 : 2012
26088,3,ISO/IEC 29192 : 6 : 2019
26088,4,ISO/IEC 29192 : 7 : 2019
26091,1,ISO/IEC 18004 : 0 : 0 0
26091,2,ISO/IEC 18092 : 0 : 0 0
26091,3,ISO/IEC 21481 : 0 : 0 0
32106,1,0 0 : 0 : 0 0
4268,1,0 0 : 0 : 0 0
4273,1,0 0 : 0 : 0 0
23414,1,ISO 4833 : 1 : 0 0
23414,2,ISO 21528 : 2 : 0 0
23414,3,ISO 6579 : 0 : 0 0
31654,1,ISO 16634 : 1 : 2008
4283,1,ISO 16634 : 1 : 2008
31745,1,0 0 : 0 : 0 0
4286,1,0 0 : 0 : 0 0
31645,1,0 0 : 0 : 0 0
4288,1,0 0 : 0 : 0 0
317,1,IEC 60904 : 3 : 2016
28826,1,IEC 60904 : 3 : 2016
4307,1,ISO 5391 : 1988
4315,1,IEC 6027 : 2 : 0 0
4315,2,IEC 6027 : 3 : 0 0
4315,3,IEC 6027 : 4 : 0 0
4315,4,IEC 60617 : 5 : 0 0
4315,5,IEC 60617 : 9 : 0 0
4315,6,IEC 60617 : 10 : 0 0
4315,7,IEC 60617 : 12 : 0 0
4315,8,IEC 60617 : 13 : 0 0
4315,9,IEC 3461 : 1 : 0 0
4315,10,IEC 3461 : 2 : 0 0
4315,11,ISO/TR 7239 : 0 : 0 0
24644,1,0 0 : 0 : 0 0
33730,1,0 0 : 0 : 0 0
4321,1,0 0 : 0 : 0 0
21873,1,ISO 15004 : 1 : 0 0
21873,2,IEC 60601 : 1 : 2005
4324,1,other 0 : 0 : 0 0
21874,1,ISO 15004 : 1997
21874,2,IEC 60601 : 1 : 1988
21874,3,IEC 60601 : 1 : 1 1992
25779,1,0 0 : 0 : 0 0
4325,1,0 0 : 0 : 0 0
27489,1,ISO 0 : 0 : 0 0
4328,1,ISO 0 : 0 : 0 0
27005,1,ISO 10251 : 2006
27005,2,ISO 12744 : 2006
27005,3,ISO 13292 : 2006
4333,1,ISO 10251 : 2006
4333,2,ISO 12744 : 2006
4333,3,ISO 13292 : 2006
25441,1,0 0 : 0 : 0 0
4334,1,0 0 : 0 : 0 0
4337,1,ISO 258 : 1967
4337,2,ISO 3620 : 1976
4339,1,ISO 646 : 0 : 0 0
4339,2,ISO 2022 : 0 : 0 0
4339,3,ISO 3407 : 0 : 0 0
4340,1,ISO 8462 : 0 : 0 0
4342,1,ISO 6196 : 1 : 1993
4342,2,ISO 6196 : 2 : 1993
4342,3,ISO 6196 : 3 : 1997
4342,4,ISO 6428 : 1982
4343,1,ISO 4330 : 1979
4343,2,ISO 3272 : 1 : 1983
4343,3,ISO 3272 : 3 : 1975
4343,4,ISO 3272 : 4 : 1994
4343,5,ISO 5 : 2 : 1991
4343,6,ISO 5 : 3 : 1984
4343,7,ISO 446 : 1991
4343,8,ISO 3334 : 1989
4343,9,ISO 5466 : 1992
4343,10,ISO 6196 : 1 : 1993
4343,11,ISO 6196 : 2 : 1993
4343,12,ISO 6196 : 3 : 1983
4343,13,ISO 6196 : 4 : 1987
4343,14,ISO 6196 : 5 : 1987
4343,15,ISO 6196 : 6 : 1992
4343,16,ISO 10602 : 1993
4344,1,ISO 6196 : 1 : 1993
4344,2,ISO 6196 : 2 : 1993
4344,3,ISO 6196 : 3 : 1997
4344,4,ISO 6196 : 4 : 1998
4344,5,ISO 1681 : 1973
4344,6,ISO 6342 : 1993
4344,7,ISO 6343 : 1981
4345,1,ISO 3272 : 1 : 1983
4345,2,ISO 3272 : 2 : 1994
4353,1,ISO 7839 : 1984
4353,2,ISO 8188 : 1986
29803,1,ISO 7839 : 1984
29803,2,ISO 8188 : 1986
4355,1,ISO 18856 : 2004
4355,2,ISO 18857 : 2 : 2009
33961,1,ISO 18856 : 2004
33961,2,ISO 18857 : 2 : 2009
23354,1,0 0 : 0 : 0 0
4367,1,ISO 4832 : 2006
4367,2,ISO 6888 : 1 : 1999
4367,3,ISO 707 : 2008
4367,4,ISO 1737 : 2008
4367,5,ISO 8968 : 1 : 2014
4367,6,ISO 11920 : 1 : 2017
4367,7,ISO 21527 : 1 : 2008
4367,8,ISO 7251 : 2005
28103,1,ISO 4832 : 2006
28103,2,ISO 6888 : 1 : 1999
28103,3,ISO 707 : 2008
28103,4,ISO 1737 : 2008
28103,5,ISO 8968 : 1 : 2014
28103,6,ISO 11920 : 1 : 2017
28103,7,ISO 21527 : 1 : 2008
28103,8,ISO 7251 : 2005
4371,1,ISO 286 : 1 : 1988
4371,2,ISO 286 : 2 : 1988
4371,3,ISO 1101 : 1989
4371,4,ISO 7646 : 1988
4372,1,ISO 286 : 1 : 1988
4372,2,ISO 286 : 2 : 1988
4372,3,ISO 1101 : 1983
4372,4,ISO 7646 : 1986
4373,1,ISO 273 : 1979
4373,2,ISO 1101 : 1983
4373,3,ISO 7649 : 0 : 0 0
4374,1,ISO 7646 : 1986
4374,2,ISO 14 : 1982
4379,1,0 0 : 0 : 0 0
30080,1,0 0 : 0 : 0 0
25105,1,0 0 : 0 : 0 0
4391,1,ISO 683 : 13 : 0 0
4391,2,ISO 9293 : 0 : 0 0
4392,1,ISO 9293 : 0 : 0 0
4400,1,IEC 60068 : 2 : 31 2008
25470,1,IEC 60068 : 2 : 31 2008
25,1,ISO 4387 : 0 : 0 0
25,2,ISO 5725 : 2 : 0 0
25,3,ISO 8454 : 0 : 0 0
25,4,ISO 10315 : 0 : 0 0
4422,1,IEC 60357 : 1982
4426,1,ISO 8740 : 1997
4426,2,ISO 8740 : 1997
4426,3,ISO 4042 : 1989
4426,4,ISO 3269 : 1988
4426,5,ISO 3269 : 1988
4426,6,ISO 3506 : 1997
4431,1,ASTM 0 : 1986
4442,1,ISO/IEC 10746 : 1 : 1998
4442,2,ISO/IEC 10746 : 2 : 1996
4442,3,ISO/IEC 10746 : 3 : 1996
4442,4,ISO/IEC 19746 : 4 : 1998
23947,1,ISO/IEC 10746 : 1 : 1998
23947,2,ISO/IEC 10746 : 2 : 1996
23947,3,ISO/IEC 10746 : 3 : 1996
23947,4,ISO/IEC 19746 : 4 : 1998
23948,1,ISO/IEC 11404 : 2007
23948,2,ISO 0 : 0 : 0 0
4447,1,0 0 : 0 : 0 0
4453,1,0 0 : 0 : 0 0
25785,1,0 0 : 0 : 0 0
25786,1,0 0 : 0 : 0 0
4463,1,ISO 7804 : 1985
4464,1,ISO 7706 : 1986
4465,1,ISO 7804 : 1985
4473,1,ISO 8749 : 1986
4474,1,ISO 5500 : 0 : 0 0
4474,2,ISO 5725 : 0 : 0 0
4480,1,ISO 105 : 2 : 1993
4480,2,ISO 105 : 4 : 1994
4480,3,ISO 139 : 1973
4480,4,ISO 527 : 1 : 1993
4480,5,ISO 13934 : 1 : 1999
4480,6,ISO 13934 : 2 : 1999
4480,7,ISO 13937 : 2 : 2000
4480,8,ISO 2409 : 1992
4480,9,ISO 4892 : 2 : 1994
4480,10,ISO 4995 : 2001
4480,11,ISO 7253 : 1996
4480,12,ISO 9073 : 4 : 1997
4480,13,ISO 12329 : 2000
4480,14,ISO 554 : 1976
4480,15,ISO 1420 : 2001
4480,16,ISO 1421 : 1998
4480,17,ISO 2062 : 1993
4480,18,ISO 2768 : 1 : 1989
4480,19,ISO 7152 : 1997
4480,20,ISO 8570 : 1991
4480,21,ISO 8936 : 2003
4480,22,ISO 8937 : 2000
4480,23,ISO 10966 : 1994
4484,1,0 0 : 0 : 0 0
30108,1,0 0 : 0 : 0 0
18245,1,ISO 266 : 1975
18245,2,ISO 2204 : 1979
18245,3,ISO 3740 : 1980
18245,4,ISO 3741 : 1988
18245,5,ISO 3742 : 1988
18245,6,ISO 3744 : 1981
18245,7,ISO 3745 : 1977
18245,8,ISO 6926 : 1979
4489,1,ISO 3740 : 1980
4489,2,ISO 3745 : 1977
4489,3,ISO 3746 : 1979
4489,4,ISO 6926 : 1979
24089,1,0 0 : 0 : 0 0
26517,1,ASTM 0 : 2020
26517,2,ASTM 0 : 2020
4502,1,ASTM 0 : 2020
4502,2,ASTM 0 : 2020
4504,1,ISO 7943 : 1 : 1987
4504,2,ISO 7943 : 2 : 1987
4504,3,ISO 7943 : 3 : 1987
4505,1,ISO 7943 : 2 : 1987
4505,2,ISO 7973 : 1 : 1987
4505,3,ISO 216 : 1977
4505,4,ISO 7830 : 1983
4506,1,ISO 7943 : 3 : 1987
4506,2,ISO 7943 : 2 : 1987
4506,3,ISO 7943 : 1 : 1987
22943,1,ISO 14971 : 0 : 0 0
22943,2,ISO 22442 : 1 : 0 0
22943,3,ASTM 0 : 0 : 0 0
22943,4,BSI 0 : 0 : 0 0
32608,1,0 0 : 0 : 0 0
4525,1,0 0 : 0 : 0 0
33608,1,0 0 : 0 : 0 0
4526,1,0 0 : 0 : 0 0
26561,1,SAE 639 : 0 : 0 0
26561,2,SAE 2064 : 0 : 0 0
26561,3,SAE 2771 : 0 : 0 0
26561,4,SAE 2772 : 0 : 0 0
26561,5,SAE 2788 : 0 : 0 0
26561,6,SAE 2842 : 0 : 0 0
26561,7,SAE 2843 : 0 : 0 0
26561,8,SAE 2845 : 0 : 0 0
30869,1,ISO 4014 : 2011
30869,2,ISO 24153 : 2009
4551,1,ISO 4014 : 2011
4551,2,ISO 24153 : 2009
4559,1,ASTM 0 : 1985
4559,2,ASTM 0 : 1985
4560,1,ISO 6103 : 1986
4560,2,ISO 1925 : 0 : 0 0
25745,1,IEC 60050 : 212 : 0 0
25745,2,IEC 60050 : 441 : 0 0
25745,3,IEC 60050 : 826 : 0 0
25745,4,IEC 60480 : 0 : 0 0
25745,5,IEC 62271 : 4 : 0 0
159,1,IEC 60050 : 212 : 0 0
159,2,IEC 60050 : 441 : 0 0
159,3,IEC 60050 : 826 : 0 0
159,4,IEC 60480 : 0 : 0 0
159,5,IEC 62271 : 4 : 0 0
4571,1,BSI 5000 : 60 : 1982
4579,1,ISO 8136 : 1986
4579,2,ISO 3320 : 1985
4579,3,ISO 5598 : 1985
4579,4,ISO 6020 : 1 : 1981
25407,1,ISO 8139 : 1991
25407,2,ISO 6431 : 1992
25407,3,ISO 286 : 2 : 1988
25407,4,ISO 6432 : 1985
25407,5,ISO 5548 : 1985
25407,6,ISO 6430 : 1992
4580,1,ISO 8139 : 1991
4580,2,ISO 6431 : 1992
4580,3,ISO 286 : 2 : 1988
4580,4,ISO 6432 : 1985
4580,5,ISO 5548 : 1985
4580,6,ISO 6430 : 1992
25408,1,ISO 8140 : 1991
25408,2,ISO 286 : 2 : 1988
25408,3,ISO 5598 : 1985
25408,4,ISO 6432 : 1995
25408,5,ISO 5598 : 1985
25408,6,ISO 6430 : 1992
4581,1,ISO 8140 : 1991
4581,2,ISO 286 : 2 : 1988
4581,3,ISO 5598 : 1985
4581,4,ISO 6432 : 1995
4581,5,ISO 5598 : 1985
4581,6,ISO 6430 : 1992
26683,1,ISO 6413 : 0 : 0 0
26683,2,ISO 3461 : 2 : 1987
26683,3,ISO 14 : 1982
26683,4,ISO 128 : 1982
26683,5,ISO 3098 : 1 : 1974
4582,1,ISO 6413 : 0 : 0 0
4582,2,ISO 3461 : 2 : 1987
4582,3,ISO 14 : 1982
4582,4,ISO 128 : 1982
4582,5,ISO 3098 : 1 : 1974
4590,1,ISO 898 : 1994
4590,2,ISO 898 : 6 : 1994
4590,3,ISO 68 : 1973
4590,4,ISO 261 : 1973
4590,5,ISO 262 : 1973
4590,6,ISO 272 : 1982
4590,7,ISO 982 : 2 : 1992
4590,8,ISO 724 : 1993
4590,9,ISO 965 : 2 : 1980
4590,10,ISO 4964 : 1984
4590,11,ISO 6506 : 1981
4590,12,ISO 6507 : 1 : 1981
4590,13,ISO 6508 : 1986
30604,1,ISO 22432 : 0 : 0 0
4593,1,ISO 22432 : 0 : 0 0
4596,1,ISO 8137 : 1986
4596,2,ISO 3320 : 1987
4596,3,ISO 5598 : 1985
4596,4,ISO 6020 : 2 : 1991
4597,1,ISO 8138 : 1998
4597,2,ISO 3320 : 1987
4597,3,ISO 5598 : 1985
4597,4,ISO 6020 : 2 : 1972
23988,1,0 0 : 0 : 0 0
31198,1,ISO 10349 : 1 : 2002
31198,2,ISO 10349 : 3 : 1992
31198,3,ISO 10349 : 5 : 1992
31198,4,ISO 10349 : 6 : 1992
31198,5,ISO 10349 : 7 : 1992
31198,6,ISO 10349 : 8 : 2002
31198,7,ISO 10349 : 10 : 1992
4600,1,ISO 10349 : 1 : 2002
4600,2,ISO 10349 : 3 : 1992
4600,3,ISO 10349 : 5 : 1992
4600,4,ISO 10349 : 6 : 1992
4600,5,ISO 10349 : 7 : 1992
4600,6,ISO 10349 : 8 : 2002
4600,7,ISO 10349 : 10 : 1992
4601,1,IEC 0 : 1 : 1983
4602,1,ISO 8036 : 1 : 1998
4602,2,ISO 8036 : 2 : 1998
4602,3,ISO 8036 : 0 : 0 0
4602,4,ISO 7944 : 0 : 0 0
4620,1,0 0 : 0 : 0 0
33172,1,0 0 : 0 : 0 0
4623,1,ISO 7967 : 3 : 0 0
4623,2,ISO 7967 : 4 : 0 0
4623,3,ISO 7967 : 5 : 0 0
4623,4,ISO 7967 : 8 : 0 0
4623,5,other 240 : 87 : 0 0
4623,6,other 3338 : 88 : 0 0
4624,1,ISO 8040 : 1986
4633,1,0 0 : 0 : 0 0
33206,1,0 0 : 0 : 0 0
4649,1,ISO 4082 : 0 : 0 0
66831,1,ISO 554 : 0 : 0 0
26421,1,ISO 25619 : 1 : 0 0
4683,1,ISO 25619 : 1 : 0 0
4684,1,ISO 554 : 0 : 0 0
33207,1,ISO 554 : 0 : 0 0
25409,1,ISO 6149 : 2 : 1993
25409,2,ISO 3400 : 2 : 0 0
25409,3,ISO 4218 : 2 : 0 0
25409,4,ISO 4218 : 5 : 0 0
25409,5,ISO 9966 : 0 : 0 0
25410,1,ISO 3601 : 3 : 2005
25411,1,ISO 3601 : 3 : 2005
24645,1,ISO 8859 : 1 : 0 0
24645,2,ISO 8859 : 2 : 0 0
24645,3,ISO 8859 : 3 : 0 0
24645,4,ISO 8859 : 4 : 0 0
33359,1,ISO 6149 : 2 : 1993
33359,2,ISO 3400 : 2 : 0 0
33359,3,ISO 4218 : 2 : 0 0
33359,4,ISO 4218 : 5 : 0 0
33359,5,ISO 9966 : 0 : 0 0
4693,1,ISO 6149 : 2 : 1993
4693,2,ISO 3400 : 2 : 0 0
4693,3,ISO 4218 : 2 : 0 0
4693,4,ISO 4218 : 5 : 0 0
4693,5,ISO 9966 : 0 : 0 0
4694,1,ISO 3601 : 3 : 2005
4695,1,ISO 3601 : 3 : 2005
27983,1,0 0 : 0 : 0 0
4699,1,0 0 : 0 : 0 0
23990,1,ISO 10993 : 1 : 2018
23990,2,ISO 2591 : 1 : 1988
23990,3,ISO 13320 : 2009
23990,4,ISO 13383 : 1 : 2012
23990,5,ISO 13779 : 3 : 2008
23990,6,ISO 15901 : 1 : 2016
23990,7,ISO 80000 : 1 : 2009
24331,1,ISO 10993 : 1 : 2018
24331,2,ISO 14971 : 2007
24331,3,ISO 4287 : 1997
24331,4,ISO 5832 : 2 : 2018
24331,5,ASTM 0 : 2017
24331,6,ASTM 0 : 2017
24331,7,ASTM 0 : 2017
24331,8,ASTM 0 : 2018
24331,9,ASTM 0 : 2015
24331,10,ASTM 0 : 2018
24331,11,ASTM 0 : 2013
4709,1,0 0 : 0 : 0 0
4719,1,0 0 : 0 : 0 0
4721,1,ISO 1628 : 5 : 1998
4721,2,ISO 15512 : 2019
33413,1,ISO 1628 : 5 : 1998
33413,2,ISO 15512 : 2019
29452,1,0 0 : 0 : 0 0
4729,1,0 0 : 0 : 0 0
209,1,ISO 13203 : 2005
4744,1,ISO 7250 : 0 : 0 0
24008,1,ISO/TR 7250 : 2 : 0 0
22267,1,0 0 : 0 : 0 0
32589,1,0 0 : 0 : 0 0
4749,1,0 0 : 0 : 0 0
4750,1,0 0 : 0 : 0 0
30630,1,0 0 : 0 : 0 0
4764,1,IEC 60335 : 1 : 1976
4764,2,IEC 60335 : 2 : 12 1987
22655,1,IEC 60909 : 3 : 2010
22655,2,IEC 60909 : 2001
4767,1,IEC 60038 : 2009
4767,2,IEC 60050 : 131 : 1978
4767,3,IEC 60909 : 1 : 2002
4767,4,IEC 60909 : 2 : 2008
4767,5,IEC 60909 : 3 : 2009
4767,6,IEC 60909 : 4 : 2000
22717,1,IEC 60038 : 1983
22717,2,IEC 60909 : 2 : 2008
22717,3,IEC 60909 : 4 : 2000
22717,4,IEC 60909 : 2001
4768,1,IEC 60865 : 1986
160,1,IEC 60475 : 0 : 0 0
160,2,ISO 4406 : 0 : 0 0
160,3,ISO 4407 : 0 : 0 0
160,4,ISO 5884 : 0 : 0 0
160,5,CEN 50353 : 0 : 0 0
4772,1,0 0 : 0 : 0 0
26549,1,0 0 : 0 : 0 0
26239,1,IEC 0 : 17 : 0 0
26240,1,IEC 60940 : 0 : 0 0
26240,2,IEC 61140 : 0 : 0 0
4778,1,IEC 0 : 17 : 0 0
4779,1,IEC 60940 : 0 : 0 0
4779,2,IEC 61140 : 0 : 0 0
4780,1,IEC 0 : 0 : 0 0
4780,2,IEC 0 : 0 : 0 0
4780,3,IEC 0 : 1 : 0 0
4780,4,IEC 0 : 2 : 0 0
4780,5,IEC 0 : 2 : 0 0
4780,6,IEC 0 : 0 : 0 0
4783,1,ISO 8132 : 1986
4783,2,ISO 286 : 1962
4783,3,ISO 3320 : 1975
4783,4,ISO 5598 : 1985
4783,5,ISO 6022 : 1981
348,1,IEC 60073 : 0 : 0 0
348,2,IEC 60083 : 0 : 0 0
348,3,IEC 60216 : 4 : 1
348,4,IEC 60364 : 1 : 2001
348,5,IEC 60245 : 0 : 0 0
348,6,IEC 60695 : 2 : 11
348,7,IEC 60695 : 2 : 20
348,8,IEC 60825 : 1 : 0 0
348,9,IEC 60851 : 3 : 0 0
348,10,IEC 60885 : 1 : 1987
348,11,IEC 60906 : 1 : 0 0
348,12,IEC 60906 : 2 : 0 0
348,13,IEC 61051 : 2 : 1991
348,14,IEC 3864 : 0 : 0 0
348,15,ISO 4892 : 1 : 0 0
348,16,ISO 8256 : 0 : 0 0
348,17,ISO 9772 : 0 : 0 0
21689,1,IEC 60364 : 0 : 0 0
21689,2,ISO 3231 : 0 : 0 0
21689,3,ISO 4892 : 1 : 0 0
21689,4,ISO 4892 : 2 : 0 0
21689,5,ISO 4892 : 4 : 0 0
21689,6,ISO 8256 : 0 : 0 0
21689,7,ISO/TR>ISO 18173 : 2005
21689,8,ASTM 0 : 0 : 0 0
21690,1,IEC 60947 : 5 : 5
21690,2,IEC 60073 : 0 : 0 0
23529,1,ISO/IEC 10731 : 1994
23529,2,ISO/IEC 13236 : 1998
23529,3,ISO/IEC 13594 : 1995
4789,1,ISO 7717 : 1985
31247,1,IEC 60398 : 1999
4794,1,IEC 60398 : 1999
4800,1,ISO 3282 : 1976
23339,1,ISO 50001 : 2011
23339,2,ISO/IEC 13273 : 2 : 2012
23339,3,CEN 16103 : 2010
23339,4,ISO 0 : 0 : 0 0
23340,1,ISO 50001 : 2011
23340,2,ISO/IEC 13273 : 1 : 2015
23340,3,CEN 16103 : 2010
4804,1,ISO 2859 : 1 : 1999
31951,1,ISO 2859 : 1 : 1999
26685,1,0 0 : 0 : 0 0
4805,1,IEC 1260 : 0 : 0 0
32087,1,ISO 6487 : 2015
32087,2,EN 13374 : 2019
25443,1,ISO 17712 : 0 : 0 0
4815,1,ISO 17712 : 0 : 0 0
4816,1,ISO 668 : 1995
4816,2,ISO 1161 : 1984
4816,3,ISO 830 : 1981
4816,4,ISO 6346 : 1995
4816,5,ISO 10368 : 1992
4816,6,IEC 947 : 1 : 1988
4817,1,ISO 6487 : 2015
4817,2,EN 13374 : 2019
4818,1,ISO 668 : 1988
4818,2,ISO 830 : 1981
4818,3,ISO 1161 : 1984
4818,4,ISO 6348 : 1984
4819,1,ISO 668 : 1988
4819,2,ISO 830 : 1988
4819,3,ISO 1161 : 1984
4819,4,ISO 6346 : 1984
25035,1,ISO 24801 : 3 : 0 0
25035,2,ISO 24802 : 1 : 0 0
25035,3,ISO 24802 : 2 : 0 0
25035,4,ISO 13970 : 0 : 0 0
25035,5,ISO 24803 : 0 : 0 0
25641,1,ISO 11107 : 0 : 0 0
25641,2,ISO 24802 : 1 : 0 0
25641,3,ISO 24802 : 2 : 0 0
25641,4,ISO 11107 : 2009
4826,1,ISO 3456 : 1975
4839,1,ISO 1466 : 1973
26976,1,0 0 : 0 : 0 0
26979,1,0 0 : 0 : 0 0
4854,1,0 0 : 0 : 0 0
65930,1,ISO 5743 : 2004
65930,2,ISO 5744 : 2004
4856,1,ISO 5743 : 2004
4856,2,ISO 5744 : 2004
21561,1,IEC 61000 : 2 : 2 2002
32111,1,IEC 61000 : 2 : 2 2002
23238,1,ISO 14155 : 1 : 2003
23238,2,ISO 14242 : 1 : 2014
23238,3,ISO 14242 : 2 : 2016
23238,4,ISO 14243 : 2 : 2016
23238,5,ISO 14630 : 2005
23238,6,ISO 14879 : 1 : 2000
257,1,ISO 291 : 2008
258,1,ISO 291 : 0 : 0 0
258,2,ISO 1268 : 0 : 0 0
258,3,ISO 2602 : 0 : 0 0
258,4,ISO 13802 : 0 : 0 0
258,5,ISO 20753 : 0 : 0 0
259,1,ISO 291 : 2008
259,2,ISO 293 : 2004
259,3,ISO 294 : 1 : 1996
259,4,ISO 295 : 2004
259,5,ISO 2602 : 1980
259,6,ISO 2818 : 1994
259,7,ISO 3167 : 2002
259,8,ISO 10724 : 1 : 1998
22276,1,ISO 291 : 2008
22276,2,ISO 472 : 2013
22277,1,ISO 291 : 2008
22277,2,ISO 1183 : 1 : 2019
27917,1,ISO 178 : 2019
27917,2,ISO 179 : 1 : 2010
27917,3,ISO 527 : 2 : 2012
27917,4,ISO 2818 : 2018
27917,5,ISO 22088 : 1 : 2006
21009,1,ISO 527 : 1 : 2012
21009,2,ISO 4591 : 1992
21009,3,ISO 4593 : 1993
29982,1,ISO 3105 : 1994
29982,2,ISO 80000 : 1 : 2022
29982,3,ISO 80000 : 4 : 2019
4899,1,other 2471 : 94 : 0 0
4900,1,ISO 119 : 1977
4900,2,ISO 385 : 1 : 1984
4900,3,ISO 385 : 2 : 1984
4900,4,ISO 385 : 3 : 1984
4900,5,ISO 565 : 1990
4900,6,ISO 648 : 1977
4901,1,ISO 120 : 1977
4901,2,ISO 565 : 1990
4901,3,ISO 648 : 1977
4902,1,ISO 308 : 1994
4902,2,ISO 472 : 1999
4902,3,ISO 800 : 1992
4903,1,ISO 8295 : 1995
4903,2,ISO 291 : 1997
4904,1,0 0 : 0 : 0 0
4905,1,ISO 3219 : 1993
4905,2,ISO 291 : 1997
4906,1,ISO 8570 : 1991
4906,2,ISO 291 : 1997
4906,3,ISO 4593 : 1979
4907,1,ISO 2811 : 1 : 2016
4908,1,ISO 291 : 2008
4909,1,other 3351 : 93 : 0 0
29741,1,0 0 : 0 : 0 0
4910,1,ISO 123 : 1985
4910,2,ISO 842 : 1984
4910,3,ISO 12000 : 1996
4911,1,ISO 1875 : 1982
4912,1,ISO 3105 : 1994
4912,2,ISO 80000 : 1 : 2022
4912,3,ISO 80000 : 4 : 2019
23344,1,ISO 845 : 2006
23344,2,ISO 1923 : 1981
23344,3,ISO 13943 : 2023
23344,4,ISO 10093 : 2020
23344,5,ISO 845 : 2006
23344,6,ISO 1923 : 1981
23344,7,ISO 13943 : 2023
23344,8,ISO 10093 : 2020
4913,1,0 0 : 0 : 0 0
4914,1,ISO 294 : 4 : 1996
4914,2,ISO 294 : 2 : 1996
4914,3,ISO 294 : 3 : 1996
4914,4,ISO 472 : 1999
4914,5,ISO 3167 : 2002
4914,6,ISO 10724 : 2 : 1998
4915,1,ISO 472 : 1999
4915,2,ISO 10724 : 1 : 1998
4915,3,ISO 2577 : 1984
4915,4,ISO 6603 : 1 : 2000
4915,5,ISO 6603 : 2 : 2000
4916,1,0 0 : 0 : 0 0
4917,1,ISO 294 : 1 : 2017
4917,2,ISO 294 : 4 : 2018
4917,3,ISO 6603 : 1 : 2000
4918,1,ISO 294 : 1 : 2017
4918,2,ISO 20753 : 2018
4919,1,ISO 291 : 0 : 0 0
33847,1,ISO 179 : 1 : 0 0
33847,2,ISO 291 : 0 : 0 0
33847,3,ISO 2602 : 0 : 0 0
33847,4,ISO 13802 : 0 : 0 0
33847,5,ISO 16012 : 0 : 0 0
4920,1,ISO 60 : 1977
4921,1,ISO 61 : 1976
4922,1,ISO 60 : 2023
4922,2,ISO 61 : 2023
4922,3,ISO 291 : 2008
4922,4,ISO 1183 : 1 : 2019
4922,5,ISO 1183 : 2 : 2019
4922,6,ISO 1183 : 3 : 1999
33850,1,ISO 291 : 0 : 0 0
33850,2,ISO 293 : 0 : 0 0
33850,3,ISO 294 : 1 : 0 0
33850,4,ISO 294 : 2 : 0 0
33850,5,ISO 294 : 3 : 0 0
33850,6,ISO 472 : 0 : 0 0
33850,7,ISO 2818 : 0 : 0 0
33850,8,ISO 16012 : 0 : 0 0
33850,9,ISO 20753 : 0 : 0 0
33850,10,IEC 60584 : 1 : 0 0
33850,11,IEC 60584 : 3 : 0 0
33850,12,IEC 60751 : 0 : 0 0
4923,1,ISO 1183 : 1997
4923,2,ISO 4592 : 1992
33851,1,ISO 4593 : 1993
33852,1,ISO 4593 : 1993
318,1,ISO 1183 : 1 : 2012
318,2,ISO 1183 : 2 : 2004
318,3,ISO 1183 : 3 : 1999
318,4,ISO 3167 : 2002
318,5,ISO 472 : 1999
318,6,ISO 4287 : 1997
318,7,ISO 14526 : 1 : 1999
318,8,ISO 14526 : 2 : 1999
318,9,ISO 14526 : 3 : 1999
318,10,ISO 14527 : 1 : 1999
318,11,ISO 14527 : 2 : 1999
318,12,ISO 14527 : 3 : 1999
318,13,ISO 14528 : 1 : 1999
318,14,ISO 14528 : 2 : 1999
318,15,ISO 14528 : 3 : 1999
318,16,ISO 14529 : 1 : 1999
318,17,ISO 14529 : 2 : 1999
318,18,ISO 14529 : 3 : 1999
318,19,ISO 14530 : 1 : 1999
318,20,ISO 14530 : 2 : 1999
318,21,ISO 14530 : 3 : 1999
318,22,ISO 15252 : 1 : 1999
318,23,ISO 15252 : 2 : 1999
318,24,ISO 15252 : 3 : 1999
4926,1,ISO 468 : 1982
4926,2,ISO 1622 : 1 : 1994
4926,3,ISO 1872 : 1 : 1993
4926,4,ISO 1873 : 1 : 1995
4926,5,ISO 2580 : 1 : 1997
4926,6,ISO 2897 : 1 : 1990
4926,7,ISO 4613 : 1 : 1993
4926,8,ISO 4894 : 1 : 1990
4926,9,ISO 6402 : 1 : 1997
4926,10,ISO 6507 : 1 : 1997
4926,11,ISO 7391 : 1 : 1996
4926,12,ISO 8257 : 1 : 1998
4926,13,ISO 8986 : 1 : 1993
4926,14,ISO 9988 : 1 : 1991
4926,15,ISO 10366 : 1 : 1993
319,1,ISO 293 : 2004
319,2,ISO 294 : 1 : 1996
319,3,ISO 295 : 2004
319,4,ISO 2818 : 1994
319,5,ISO 10724 : 1 : 1998
320,1,ISO 295 : 2004
320,2,ISO 10724 : 1 : 1998
320,3,ISO 10724 : 2 : 1998
4929,1,ISO 1133 : 1 : 2011
4929,2,ISO 1133 : 2 : 2011
4929,3,ISO 4287 : 1997
4929,4,ISO 6507 : 1 : 2018
4929,5,ISO 11403 : 2 : 2012
4930,1,ISO 291 : 2008
4930,2,ISO 2602 : 1980
4930,3,ISO 7500 : 1 : 2014
4930,4,ISO 9513 : 2012
4930,5,ISO 23529 : 2016
4930,6,ISO 16012 : 2015
4931,1,ISO 291 : 2008
4931,2,ISO 4593 : 1993
4935,1,other 1242 : 95 : 0 0
4936,1,ISO 37 : 1994
4936,2,ISO 293 : 1986
4936,3,ISO 294 : 1975
4936,4,ISO 295 : 1991
4936,5,ISO 527 : 1 : 1993
4936,6,ISO 1926 : 1979
4936,7,ISO 2818 : 1994
29768,1,ISO 527 : 1 : 2019
29768,2,ISO 527 : 4 : 2023
29768,3,ISO 1268 : 6 : 2022
29768,4,ISO 1268 : 7 : 2001
29768,5,ISO 1268 : 5 : 2001
29768,6,ISO 1268 : 2 : 2001
29768,7,ISO 1268 : 1 : 2001
29768,8,ISO 1268 : 3 : 2000
29768,9,ISO 1268 : 11 : 2005
29768,10,ISO 1268 : 10 : 2005
29768,11,ISO 1268 : 9 : 2003
29768,12,ISO 1268 : 8 : 2004
29768,13,ISO 1268 : 4 : 2005
29768,14,ISO 2818 : 2018
4937,1,ISO 9352 : 1995
4937,2,ISO 48 : 1994
4937,3,ISO 291 : 1997
4937,4,ISO 293 : 1986
4937,5,ISO 294 : 1995
4937,6,ISO 295 : 1991
4937,7,ISO 2818 : 1994
4937,8,ISO 6506 : 1981
4937,9,ISO 6507 : 1 : 1982
4938,1,ISO 291 : 1977
4938,2,ISO 4591 : 1992
4938,3,ISO 4593 : 1993
4939,1,ISO 291 : 1997
4939,2,ISO 4593 : 1993
4939,3,ISO 6603 : 2 : 1989
4939,4,ISO 7765 : 1 : 1988
4940,1,ISO 527 : 1 : 1993
4940,2,ISO 527 : 2 : 1993
4940,3,ISO 527 : 5 : 1997
4940,4,ISO 1268 : 1974
4940,5,ISO 2818 : 1994
4940,6,ISO 3534 : 1993
4941,1,ISO 527 : 1 : 2019
4941,2,ISO 527 : 4 : 2023
4941,3,ISO 1268 : 6 : 2022
4941,4,ISO 1268 : 7 : 2001
4941,5,ISO 1268 : 5 : 2001
4941,6,ISO 1268 : 2 : 2001
4941,7,ISO 1268 : 1 : 2001
4941,8,ISO 1268 : 3 : 2000
4941,9,ISO 1268 : 11 : 2005
4941,10,ISO 1268 : 10 : 2005
4941,11,ISO 1268 : 9 : 2003
4941,12,ISO 1268 : 8 : 2004
4941,13,ISO 1268 : 4 : 2005
4941,14,ISO 2818 : 2018
4942,1,ISO 179 : 1 : 0 0
4942,2,ISO 291 : 0 : 0 0
4942,3,ISO 2602 : 0 : 0 0
4942,4,ISO 13802 : 0 : 0 0
4942,5,ISO 16012 : 0 : 0 0
4943,1,ISO 291 : 1997
4943,2,ISO 4591 : 1992
4943,3,ISO 4593 : 1993
4944,1,ISO 291 : 2008
4944,2,ISO 293 : 2004
4944,3,ISO 294 : 1 : 2017
4944,4,ISO 295 : 2004
4944,5,ISO 2602 : 1980
4944,6,ISO 2818 : 2018
4944,7,ISO 7500 : 1 : 2018
4944,8,ISO 9513 : 2012
4944,9,ISO 10724 : 1 : 1998
4944,10,ISO 16012 : 2015
4944,11,ISO 20753 : 2018
4945,1,ISO 291 : 0 : 0 0
4945,2,ISO 293 : 0 : 0 0
4945,3,ISO 294 : 1 : 0 0
4945,4,ISO 294 : 2 : 0 0
4945,5,ISO 294 : 3 : 0 0
4945,6,ISO 472 : 0 : 0 0
4945,7,ISO 2818 : 0 : 0 0
4945,8,ISO 16012 : 0 : 0 0
4945,9,ISO 20753 : 0 : 0 0
4945,10,IEC 60584 : 1 : 0 0
4945,11,IEC 60584 : 3 : 0 0
4945,12,IEC 60751 : 0 : 0 0
4946,1,ISO 175 : 1999
4946,2,ISO 291 : 1997
4948,1,ISO 291 : 2008
4948,2,ISO 7823 : 1 : 2003
4948,3,ISO 13943 : 2017
4949,1,ISO 13943 : 2017
4950,1,ISO 291 : 2008
4950,2,ISO 1182 : 2020
4950,3,ISO 13943 : 2017
4950,4,IEC 60584 : 1 : 2013
4950,5,IEC 60584 : 2 : 1982
4951,1,ISO 291 : 1997
4951,2,IEC 60216 : 1 : 2001
4951,3,IEC 60216 : 2 : 2005
4951,4,IEC 60216 : 3 : 1 2002
4951,5,IEC 60216 : 3 : 3 2002
4951,6,IEC 60216 : 4 : 1 2006
4951,7,IEC 60216 : 5 : 2003
88,1,ISO 291 : 2008
88,2,ISO 472 : 2013
4952,1,ISO 291 : 1997
4952,2,ISO 1210 : 1999
4952,3,ISO 5725 : 2 : 1994
4952,4,ISO 1043 : 1 : 2001
4952,5,ISO 10093 : 1998
4952,6,ASTM 0 : 2003
4953,1,ISO 1210 : 1992
4953,2,ISO 196 : 1966
4953,3,ISO 293 : 1986
4953,4,ISO 294 : 1995
4953,5,ISO 295 : 1991
4953,6,ISO 845 : 1988
4953,7,ISO 1043 : 1 : 1987
4953,8,ISO 5725 : 1 : 1994
4953,9,ISO 5725 : 2 : 1994
4953,10,ISO 5725 : 3 : 1994
4953,11,ISO 5725 : 4 : 1994
4953,12,ISO 5725 : 6 : 1994
4953,13,ISO 10093 : 1994
4953,14,ISO 1043 : 1 : 0 0
4953,15,ISO 10093 : 0 : 0 0
4955,1,ISO 13943 : 2017
26715,1,ISO 291 : 2008
26715,2,ISO 1183 : 1 : 2019
4956,1,0 0 : 0 : 0 0
4957,1,0 0 : 0 : 0 0
17757,1,ISO 4611 : 1987
17757,2,ISO 175 : 1999
17757,3,ISO 293 : 1986
17757,4,ISO 294 : 1 : 1996
17757,5,ISO 294 : 2 : 1996
17757,6,ISO 294 : 3 : 1996
17757,7,ISO 295 : 1991
17757,8,ISO 2818 : 1994
17757,9,ISO 3205 : 1976
17757,10,ISO 4582 : 1998
17757,11,ISO 9227 : 1990
17757,12,ISO 68 : 2 : 3 1969
17757,13,ISO 68 : 2 : 11 1981
17757,14,ISO 68 : 2 : 30 1980
17757,15,ISO 68 : 2 : 38 1974
17757,16,ISO 2557 : 1 : 0 0
17757,17,ISO 3205 : 0 : 0 0
4958,1,ISO 175 : 1999
4958,2,ISO 294 : 3 : 2020
4958,3,ISO 2818 : 2018
17758,1,ISO 11501 : 1995
17758,2,ISO 291 : 1997
4960,1,ISO 291 : 2008
4960,2,ISO 22088 : 1 : 2006
4961,1,ISO 291 : 0 : 0 0
4961,2,ISO 10640 : 0 : 0 0
4961,3,ISO 11664 : 1 : 0 0
4961,4,ISO 11664 : 2 : 0 0
4961,5,ISO 11664 : 3 : 0 0
4961,6,ISO 11664 : 4 : 0 0
4961,7,CIE 15 : 0 : 0 0
4963,1,ISO 291 : 2008
4963,2,ISO 3126 : 2005
4963,3,IEC 60296 : 2003
4964,1,ISO 176 : 1976
4964,2,ISO 291 : 1977
4964,3,ISO 293 : 1986
4965,1,ISO 291 : 2008
4966,1,ISO 4593 : 1993
4967,1,ISO 472 : 2013
26215,1,ISO 291 : 0 : 0 0
26215,2,ISO 10640 : 0 : 0 0
26215,3,ISO 11664 : 1 : 0 0
26215,4,ISO 11664 : 2 : 0 0
26215,5,ISO 11664 : 3 : 0 0
26215,6,ISO 11664 : 4 : 0 0
26215,7,CIE 15 : 0 : 0 0
4968,1,ISO 178 : 2019
4968,2,ISO 179 : 1 : 2010
4968,3,ISO 527 : 2 : 2012
4968,4,ISO 2818 : 2018
4968,5,ISO 22088 : 1 : 2006
4969,1,ISO 489 : 1999
4969,2,ISO 291 : 1997
4969,3,ISO 5725 : 1 : 1994
4969,4,ISO 5725 : 2 : 1994
4969,5,ISO 5725 : 3 : 1994
4969,6,ISO 5725 : 1 : 0 0
107,1,ISO 75 : 3 : 2004
107,2,ISO 75 : 3 : 1993
107,3,ISO 75 : 1 : 2004
107,4,ISO 178 : 1993
107,5,ISO 295 : 2004
107,6,ISO 2818 : 1994
107,7,ISO 1268 : 0 : 0 0
107,8,ISO 10724 : 1 : 0 0
107,9,ISO 14125 : 0 : 0 0
4971,1,other 1003 : 95 : 0 0
4972,1,0 0 : 0 : 0 0
4974,1,ISO 1043 : 1 : 2011
4974,2,ISO 5725 : 2 : 2019
4974,3,ASTM 313 : 2000
4974,4,CIE 15 : 2018
114,1,ISO 75 : 2 : 2013
114,2,ISO 75 : 3 : 2004
114,3,ISO 291 : 2008
114,4,IEC 60584 : 1 : 2013
114,5,IEC 60751 : 2022
114,6,ISO 16012 : 2015
26739,1,ISO 291 : 2008
26739,2,ISO 472 : 2013
27768,1,ISO 291 : 2008
27768,2,ISO 293 : 2004
27768,3,ISO 294 : 1 : 2017
27768,4,ISO 295 : 2004
27768,5,ISO 2602 : 1980
27768,6,ISO 2818 : 2018
27768,7,ISO 7500 : 1 : 2018
27768,8,ISO 9513 : 2012
27768,9,ISO 10724 : 1 : 1998
27768,10,ISO 16012 : 2015
27768,11,ISO 20753 : 2018
27518,1,0 0 : 0 : 0 0
28030,1,ISO 1133 : 1 : 2011
28030,2,ISO 1133 : 2 : 2011
28030,3,ISO 4287 : 1997
28030,4,ISO 6507 : 1 : 2018
28030,5,ISO 11403 : 2 : 2012
29829,1,0 0 : 0 : 0 0
33421,1,0 0 : 0 : 0 0
33422,1,ISO 60 : 2023
33422,2,ISO 61 : 2023
33422,3,ISO 291 : 2008
33422,4,ISO 1183 : 1 : 2019
33422,5,ISO 1183 : 2 : 2019
33422,6,ISO 1183 : 3 : 1999
33423,1,0 0 : 0 : 0 0
33682,1,ISO 1043 : 1 : 2011
33682,2,ISO 5725 : 2 : 2019
33682,3,ASTM 313 : 2000
33682,4,CIE 15 : 2018
30870,1,ISO 845 : 2006
30870,2,ISO 1923 : 1981
30870,3,ISO 13943 : 2023
30870,4,ISO 10093 : 2020
30870,5,ISO 845 : 2006
30870,6,ISO 1923 : 1981
30870,7,ISO 13943 : 2023
30870,8,ISO 10093 : 2020
26784,1,0 0 : 0 : 0 0
66731,1,ISO 179 : 1 : 0 0
66731,2,ISO 291 : 0 : 0 0
66731,3,ISO 2602 : 0 : 0 0
66731,4,ISO 13802 : 0 : 0 0
66731,5,ISO 16012 : 0 : 0 0
66733,1,ISO 60 : 1977
27827,1,ISO 527 : 1 : 2012
27827,2,ISO 4591 : 1992
27827,3,ISO 4593 : 1993
27828,1,ISO 2811 : 1 : 2016
5302,1,ISO 75 : 2 : 2004
5302,2,ISO 75 : 2 : 1993
5302,3,ISO 75 : 1 : 2004
5302,4,ISO 293 : 1986
5302,5,ISO 2818 : 1994
5302,6,ISO 3167 : 2002
5302,7,ISO 294 : 1 : 0 0
5302,8,ISO 10724 : 1 : 0 0
66236,1,ISO 61 : 1976
66239,1,ISO 3219 : 1993
66239,2,ISO 291 : 1997
66240,1,ISO 3219 : 1993
66240,2,ISO 291 : 1997
28104,1,ISO 291 : 2008
34014,1,0 0 : 0 : 0 0
28133,1,ISO 75 : 2 : 2013
28133,2,ISO 75 : 3 : 2004
28133,3,ISO 291 : 2008
28133,4,IEC 60584 : 1 : 2013
28133,5,IEC 60751 : 2022
28133,6,ISO 16012 : 2015
28134,1,0 0 : 0 : 0 0
26092,1,ISO 291 : 0 : 0 0
26092,2,ISO 1268 : 0 : 0 0
26092,3,ISO 2602 : 0 : 0 0
26092,4,ISO 13802 : 0 : 0 0
26092,5,ISO 20753 : 0 : 0 0
26093,1,ISO 472 : 2013
27629,1,ISO 175 : 1999
27629,2,ISO 294 : 3 : 2020
27629,3,ISO 2818 : 2018
29680,1,ISO 291 : 2008
29680,2,ISO 472 : 2013
29681,1,ISO 291 : 2008
29681,2,ISO 1182 : 2020
29681,3,ISO 13943 : 2017
29681,4,IEC 60584 : 1 : 2013
29681,5,IEC 60584 : 2 : 1982
26616,1,ISO 294 : 1 : 2017
26616,2,ISO 294 : 4 : 2018
26616,3,ISO 6603 : 1 : 2000
26617,1,ISO 294 : 1 : 2017
26617,2,ISO 20753 : 2018
27385,1,ISO 179 : 1 : 2010
27385,2,ISO 180 : 2019
27385,3,ISO 291 : 2008
27385,4,ISO 293 : 2004
27385,5,ISO 294 : 1 : 2017
27385,6,ISO 294 : 2 : 2018
27385,7,ISO 295 : 2004
27385,8,ISO 472 : 2013
27385,9,ISO 2602 : 1980
27385,10,ISO 2818 : 1994
27385,11,ISO 3167 : 2014
27385,12,ISO 294 : 3 : 2020
27385,13,ISO 10350 : 1 : 2007
27385,14,ISO 11403 : 3 : 2014
27385,15,ISO 13802 : 2015
26618,1,ISO 291 : 2008
26618,2,ISO 2602 : 1980
26618,3,ISO 7500 : 1 : 2014
26618,4,ISO 9513 : 2012
26618,5,ISO 23529 : 2016
26618,6,ISO 16012 : 2015
254,1,ISO 294 : 4 : 2018
254,2,ISO 20753 : 2008
32866,1,ISO 772 : 2022
32866,2,ISO 2537 : 2007
4989,1,ISO 772 : 2022
4989,2,ISO 2537 : 2007
21314,1,ISO 1683 : 2015
4999,1,other 0 : 0 : 0 0
31952,1,other 0 : 0 : 0 0
1573,1,ISO 129 : 0 : 0 0
1573,2,ISO 2538 : 2 : 0 0
1573,3,ISO 6284 : 0 : 0 0
1573,4,ISO 6428 : 0 : 0 0
1573,5,ISO 16016 : 0 : 0 0
1573,6,ISO 25178 : 1 : 0 0
1582,1,ISO 128 : 1982
5012,1,ISO 1176 : 1990
5012,2,ISO 3784 : 0 : 0 0
5012,3,ISO 6487 : 0 : 0 0
5014,1,ISO 1176 : 0 : 0 0
5014,2,ISO 3784 : 0 : 0 0
5015,1,ISO 612 : 1978
5015,2,ISO 4130 : 0 : 0 0
5015,3,ISO 4130 : 0 : 0 0
5015,4,ISO 6549 : 0 : 0 0
31872,1,ISO 19111 : 2019
31872,2,ISO 19162 : 2019
5017,1,ISO 19111 : 2019
5017,2,ISO 19162 : 2019
25939,1,IEC 82079 : 1 : 2019
33382,1,IEC 82079 : 1 : 2019
5018,1,IEC 82079 : 1 : 2019
5021,1,IEC 61000 : 3 : 11
5021,2,IEC 61000 : 3 : 12
21724,1,ISO 3696 : 0 : 0 0
5030,1,ISO 15241 : 2012
5031,1,ISO 15241 : 0 : 0 0
30942,1,ISO 15241 : 0 : 0 0
26247,1,ISO 11139 : 0 : 0 0
26247,2,ISO 13408 : 5 : 0 0
26247,3,ISO 17665 : 1 : 0 0
28712,1,IEC 707 : 1981
28712,2,ISO 286 : 1 : 1988
28712,3,IEC 68 : 2 : 20 1979
28712,4,IEC 321 : 1970
28712,5,IEC 740 : 1982
28712,6,IEC 852 : 0 : 0 0
28712,7,ISO 3 : 1973
5041,1,IEC 707 : 1981
5041,2,ISO 286 : 1 : 1988
5041,3,IEC 68 : 2 : 20 1979
5041,4,IEC 321 : 1970
5041,5,IEC 740 : 1982
5041,6,IEC 852 : 0 : 0 0
5041,7,ISO 3 : 1973
5053,1,other 0 : 0 : 0 0
5053,2,IEC 60050 : 713 : 0 0
5053,3,IEC 13818 : 1 : 0 0
5053,4,IEC 13818 : 3 : 0 0
5053,5,IEC 13818 : 4 : 0 0
5053,6,IEC 0 : 0 : 0 0
5053,7,other 211 : 0 : 0 0
5060,1,ISO 6498 : 0 : 0 0
5061,1,ISO 16266 : 2 : 2018
30669,1,ISO 16266 : 2 : 2018
5071,1,ISO 8135 : 1999
5071,2,ISO 6099 : 1985
5071,3,ISO 4393 : 1978
5071,4,ISO 8598 : 1985
5071,5,ISO 6020 : 1 : 1998
26903,1,0 0 : 0 : 0 0
5072,1,0 0 : 0 : 0 0
5077,1,ISO 3559 : 1960
5077,2,ISO 3833 : 1977
5077,3,ISO 1185 : 0 : 0 0
5077,4,ISO 1724 : 0 : 0 0
33962,1,0 0 : 0 : 0 0
33963,1,0 0 : 0 : 0 0
5086,1,0 0 : 0 : 0 0
5087,1,0 0 : 0 : 0 0
26369,1,IEC 60825 : 1 : 0 0
26370,1,ISO 14117 : 2019
31235,1,IEC 60580 : 2019
31235,2,IEC 61910 : 1 : 2014
31235,3,IEC 62220 : 1 : 1 2015
31236,1,IEC 60613 : 2010
31236,2,IEC 62220 : 1 : 2 2007
31236,3,ISO 9236 : 3 : 1999
31237,1,IEC 60580 : 2019
31237,2,IEC 61910 : 1 : 2014
31237,3,IEC 62494 : 1 : 2008
24332,1,IEC 60417 : 2019
24332,2,ISO 3744 : 2010
24333,1,IEC 60601 : 1 : 6 2010
24334,1,IEC 61217 : 0 : 0 0
24334,2,ISO/IEC 98 : 3 : 2008
21777,1,IEC 60366 : 0 : 0 0
21777,2,IEC 60522 : 1999
21777,3,IEC 60601 : 1 : 2005
21777,4,IEC 60788 : 2004
21777,5,ISO 497 : 0 : 0 0
25112,1,IEC 60529 : 2013
21273,1,IEC 61689 : 2007
21273,2,IEC 62127 : 1 : 2007
21273,3,IEC 62127 : 2 : 2007
27191,1,IEC 60878 : 2015
31288,1,IEC 60878 : 2015
21306,1,IEC 60601 : 1 : 2005
21306,2,ISO 7864 : 0 : 0 0
21306,3,ISO 8536 : 4 : 0 0
21306,4,ISO 3696 : 1987
21306,5,IEC 60601 : 1 : 6 2010
21306,6,IEC 60601 : 1 : 8 2006
21307,1,IEC 60601 : 1 : 2 1993
21307,2,IEC 60601 : 1 : 4 1996
67142,1,IEC 60788 : 2004
23623,1,IEC 60601 : 1 : 12 2014
26952,1,IEC 60601 : 1 : 12 2014
24146,1,IEC 60601 : 1 : 2012
24146,2,IEC 61846 : 1998
21341,1,IEC 60601 : 1 : 1988
21341,2,IEC 60601 : 1 : 1 1992
21341,3,IEC 60788 : 1984
21341,4,IEC 9000 : 3 : 1991
21341,5,IEC 9001 : 1994
17760,1,IEC 60601 : 1 : 3 2008
17760,2,IEC 60788 : 2004
17761,1,IEC 60601 : 1 : 3
17761,2,IEC 60407 : 1973
17761,3,IEC 60407 : 1975
17761,4,IEC 60417 : 1997
17761,5,IEC 60601 : 2 : 15 1988
17761,6,IEC 60601 : 2 : 28 1993
17761,7,IEC 60601 : 2 : 32 1994
17761,8,IEC 60613 : 1989
17761,9,IEC 60664 : 1 : 1992
17761,10,IEC 60788 : 1984
17761,11,ISO 497 : 1973
17761,12,IEC 3665 : 1976
17761,13,IEC 7000 : 1989
17762,1,IEC 60601 : 1 : 2 1993
17762,2,IEC 60601 : 1 : 3 1994
17762,3,IEC 60601 : 2 : 28 1993
17762,4,IEC 60664 : 1 : 1992
17762,5,IEC 60788 : 1984
17762,6,ISO 2092 : 1981
33903,1,IEC 62570 : 2014
33903,2,ISO 3746 : 2010
33903,3,ISO 9614 : 1 : 0 0
33909,1,IEC 60529 : 2013
33910,1,ISO 2878 : 2017
21888,1,IEC 60601 : 1 : 2 2007
21888,2,IEC 60601 : 2 : 37
21888,3,IEC 60601 : 2 : 2
21888,4,ISO 8600 : 1 : 0 0
23430,1,IEC 60788 : 2004
28570,1,ISO 32 : 1977
28570,2,ISO 407 : 2021
25244,1,IEC 60601 : 1 : 2005
25244,2,ISO 7864 : 0 : 0 0
25244,3,ISO 8536 : 4 : 0 0
25244,4,ISO 3696 : 1987
25244,5,IEC 60601 : 1 : 6 2010
25244,6,IEC 60601 : 1 : 8 2006
24990,1,IEC 60068 : 2 : 64 2008
24990,2,IEC 60529 : 2013
24991,1,IEC 80001 : 1 : 2015
23713,1,IEC 62570 : 2014
23713,2,ISO 3746 : 2010
23713,3,ISO 9614 : 1 : 0 0
22952,1,ISO 32 : 1977
22952,2,ISO 407 : 2021
31913,1,IEC 61910 : 1 : 2014
22199,1,IEC 60580 : 2019
22199,2,IEC 61910 : 1 : 2014
22199,3,IEC 62494 : 1 : 2008
22200,1,IEC 61910 : 1 : 2014
30917,1,IEC 60068 : 2 : 2 2007
30917,2,IEC 60384 : 14 : 2023
30917,3,IEC 60417 : 2019
30917,4,IEC 60445 : 2021
30917,5,IEC 60529 : 2013
30917,6,IEC 60730 : 1 : 2010
30917,7,IEC 60447 : 2004
30917,8,IEC 60747 : 5 : 5 2022
30917,9,IEC 60825 : 1 : 2014
30917,10,IEC 60851 : 6 : 2012
30917,11,IEC 1853 : 2018
30917,12,ISO 2878 : 2017
30917,13,ISO 2882 : 1979
30917,14,ISO 3746 : 2010
30917,15,ISO 9614 : 1 : 1993
30917,16,ISO 11135 : 0 : 0 0
30918,1,IEC 61000 : 3 : 2 2020
30918,2,IEC 61000 : 3 : 3 2021
30918,3,IEC 61000 : 4 : 3 2020
30918,4,IEC 61000 : 4 : 4 2012
30918,5,IEC 61000 : 4 : 5 2017
30918,6,IEC 61000 : 4 : 39 2017
30918,7,ISO 7637 : 2 : 2011
30919,1,IEC 60366 : 0 : 0 0
30919,2,IEC 60522 : 1999
30919,3,IEC 60601 : 1 : 2005
30919,4,IEC 60788 : 2004
30919,5,ISO 497 : 0 : 0 0
30921,1,IEC 60417 : 2019
30921,2,ISO 3744 : 2010
24010,1,IEC 60601 : 1 : 2 2014
24010,2,IEC 61000 : 4 : 3 2006
24010,3,IEC 61000 : 4 : 6 2013
24010,4,IEC 61140 : 2001
24010,5,ISO 0 : 0 : 0 0
24778,1,ISO 2878 : 2017
30922,1,IEC 60601 : 1 : 6 2010
24011,1,IEC 60825 : 1 : 0 0
30923,1,IEC 60068 : 2 : 64 2008
30923,2,IEC 60529 : 2013
24012,1,ISO 14117 : 2019
24780,1,IEC 60731 : 2011
24780,2,IEC 60976 : 2007
24780,3,IEC 61217 : 2011
24780,4,IEC 61223 : 3 : 5 2004
24780,5,IEC 61262 : 7 : 1995
24780,6,IEC 62083 : 2009
24780,7,IEC 62274 : 2005
24780,8,IEC 62366 : 2007
24780,9,IEC 62396 : 1 : 2012
24780,10,IEC 62563 : 1 : 2009
24013,1,IEC 60601 : 1 : 2005
24013,2,IEC 60601 : 2 : 18 2009
24013,3,IEC 62127 : 1 : 2015
24013,4,IEC 62359 : 2010
24014,1,IEC 60601 : 1 : 2 2014
24014,2,IEC 60601 : 1 : 11 2010
24014,3,IEC 60601 : 1 : 11 2015
24015,1,IEC 60601 : 1 : 2005
24015,2,IEC 60601 : 1 : 2012
5092,1,IEC 60068 : 2 : 2 2007
5092,2,IEC 60384 : 14 : 2023
5092,3,IEC 60417 : 2019
5092,4,IEC 60445 : 2021
5092,5,IEC 60529 : 2013
5092,6,IEC 60730 : 1 : 2010
5092,7,IEC 60447 : 2004
5092,8,IEC 60747 : 5 : 5 2022
5092,9,IEC 60825 : 1 : 2014
5092,10,IEC 60851 : 6 : 2012
5092,11,IEC 1853 : 2018
5092,12,ISO 2878 : 2017
5092,13,ISO 2882 : 1979
5092,14,ISO 3746 : 2010
5092,15,ISO 9614 : 1 : 1993
5092,16,ISO 11135 : 0 : 0 0
5093,1,IEC 60529 : 0 : 0 0
5093,2,IEC 60884 : 1 : 0 0
5093,3,IEC 60083 : 0 : 0 0
5093,4,IEC 60601 : 1 : 0 0
5093,5,IEC 60989 : 0 : 0 0
24808,1,IEC 60318 : 1 : 2009
24808,2,IEC 60318 : 3 : 2014
24808,3,IEC 60318 : 4 : 2010
24808,4,IEC 60318 : 6 : 2007
24808,5,ISO 15004 : 2 : 2007
5098,1,IEC 60580 : 2019
5098,2,IEC 61910 : 1 : 2014
5098,3,IEC 62220 : 1 : 1 2015
5099,1,IEC 60613 : 2010
5099,2,IEC 62220 : 1 : 2 2007
5099,3,ISO 9236 : 3 : 1999
21493,1,IEC 61000 : 3 : 2 2020
21493,2,IEC 61000 : 3 : 3 2021
21493,3,IEC 61000 : 4 : 3 2020
21493,4,IEC 61000 : 4 : 4 2012
21493,5,IEC 61000 : 4 : 5 2017
21493,6,IEC 61000 : 4 : 39 2017
21493,7,ISO 7637 : 2 : 2011
32016,1,ISO 16634 : 1 : 2008
32016,2,EN 15621 : 2012
5100,1,ISO 16634 : 1 : 2008
5100,2,EN 15621 : 2012
5115,1,ISO 3732 : 2003
5115,2,ISO 1103 : 0 : 0 0
5115,3,ISO 1724 : 2003
5115,4,ISO 4091 : 2003
5115,5,ISO 4141 : 0 : 0 0
5115,6,ISO 11446 : 0 : 0 0
5116,1,ISO 1724 : 2003
5116,2,ISO 1103 : 0 : 0 0
5116,3,ISO 3732 : 2003
5116,4,ISO 4141 : 0 : 0 0
5116,5,ISO 4091 : 2003
5116,6,ISO 11446 : 0 : 0 0
27787,1,ISO 307 : 2019
27787,2,ISO 2039 : 2 : 1987
27787,3,ISO 3451 : 4 : 1998
27787,4,ISO 6427 : 2013
27787,5,ISO 15512 : 2019
5118,1,ISO 307 : 2019
5118,2,ISO 2039 : 2 : 1987
5118,3,ISO 3451 : 4 : 1998
5118,4,ISO 6427 : 2013
5118,5,ISO 15512 : 2019
5120,1,IEC 60050 : 212 : 1990
5120,2,IEC 60445 : 2 : 0 0
5120,3,ISO 472 : 1988
5120,4,ISO 1043 : 1 : 0 0
5120,5,ISO 1043 : 2 : 0 0
5120,6,ISO 4597 : 1 : 0 0
5121,1,IEC 60050 : 212 : 0 0
5121,2,IEC 60068 : 2 : 10
5121,3,IEC 60093 : 0 : 0 0
5121,4,IEC 60112 : 0 : 0 0
5121,5,IEC 60216 : 1 : 0 0
5121,6,IEC 60216 : 2 : 0 0
5121,7,IEC 60216 : 3 : 2
5121,8,IEC 60216 : 3 : 1
5121,9,IEC 60216 : 4 : 1
5121,10,IEC 60216 : 5 : 0 0
5121,11,IEC 60243 : 1 : 0 0
5121,12,IEC 60250 : 1969
5121,13,IEC 60296 : 0 : 0 0
5121,14,IEC 60426 : 0 : 0 0
5121,15,IEC 60455 : 1 : 0 0
5121,16,IEC 60455 : 3 : 0 0
5121,17,IEC 60707 : 0 : 0 0
5121,18,IEC 60814 : 0 : 0 0
5121,19,IEC 61006 : 0 : 0 0
5121,20,IEC 61033 : 0 : 0 0
5121,21,IEC 61099 : 0 : 0 0
5121,22,ISO 37 : 0 : 0 0
5121,23,ISO 62 : 0 : 0 0
5121,24,ISO 75 : 0 : 0 0
5121,25,ISO 175 : 1981
5121,26,ISO 178 : 0 : 0 0
5121,27,ISO 179 : 0 : 0 0
5121,28,ISO 306 : 0 : 0 0
5121,29,ISO 527 : 0 : 0 0
5121,30,ISO 584 : 0 : 0 0
5121,31,ISO 604 : 0 : 0 0
5121,32,ISO 868 : 0 : 0 0
5121,33,ISO 1183 : 0 : 0 0
5121,34,ISO 1512 : 0 : 0 0
5121,35,ISO 1513 : 0 : 0 0
5121,36,ISO 1523 : 0 : 0 0
5121,37,ISO 1675 : 0 : 0 0
5121,38,ISO 2039 : 1 : 0 0
5121,39,ISO 2114 : 0 : 0 0
5121,40,ISO 2431 : 0 : 0 0
5121,41,ISO 2535 : 0 : 0 0
5121,42,ISO 2554 : 0 : 0 0
5121,43,ISO 2555 : 0 : 0 0
5121,44,ISO 2592 : 0 : 0 0
5122,1,IEC 60455 : 2 : 0 0
5123,1,IEC 60455 : 2 : 0 0
5124,1,IEC 60455 : 2 : 0 0
5125,1,IEC 60455 : 2 : 0 0
5125,2,IEC 60707 : 0 : 0 0
5127,1,IEC 60172 : 0 : 0 0
5127,2,IEC 60317 : 8 : 0 0
5127,3,IEC 60317 : 13 : 0 0
5127,4,IEC 60455 : 1 : 0 0
5127,5,IEC 60455 : 2 : 0 0
5127,6,IEC 60464 : 2 : 0 0
5127,7,IEC 61033 : 0 : 0 0
5140,1,0 0 : 0 : 0 0
30624,1,0 0 : 0 : 0 0
5142,1,0 0 : 0 : 0 0
31353,1,0 0 : 0 : 0 0
21160,1,0 0 : 0 : 0 0
21160,2,ISO 9000 : 2015
21160,3,ISO 9000 : 2015
21160,4,ISO 0 : 0 : 0 0
21160,5,ISO 9000 : 2015
21160,6,ISO 9000 : 2015
21160,7,ISO 0 : 0 : 0 0
21160,8,ISO 9000 : 2015
21160,9,ISO 9000 : 2015
21160,10,ISO 15000 : 2015
21160,11,ISO 0 : 0 : 0 0
21160,12,ISO 9000 : 2015
21160,13,ISO 0 : 0 : 0 0
5148,1,0 0 : 0 : 0 0
31444,1,0 0 : 0 : 0 0
5149,1,ISO 1185 : 2003
5149,2,ISO 3731 : 0 : 0 0
5149,3,ISO 4009 : 0 : 0 0
5149,4,ISO 4091 : 2003
5149,5,ISO 4141 : 0 : 0 0
5149,6,ISO 12098 : 0 : 0 0
5155,1,ISO 3731 : 2003
5155,2,ISO 1185 : 0 : 0 0
5155,3,ISO 4009 : 0 : 0 0
5155,4,ISO 4091 : 2003
5155,5,ISO 4141 : 0 : 0 0
5155,6,ISO 12098 : 0 : 0 0
5156,1,ISO 5062 : 2 : 2007
5156,2,ISO 13909 : 4 : 2016
5156,3,ISO 18283 : 2006
5156,4,ISO 687 : 2010
5156,5,ISO 1170 : 2013
5156,6,ISO 11722 : 2013
18304,1,ISO 651 : 1975
18304,2,ISO 652 : 1975
18304,3,ISO 1770 : 1981
18304,4,ISO 1771 : 1981
18304,5,ISO 5068 : 2 : 2007
18304,6,ISO 13909 : 4 : 2016
18304,7,ISO 18283 : 2006
18304,8,ISO 687 : 2010
18304,9,ISO 11722 : 2013
18304,10,ISO 17247 : 2020
27125,1,ISO 651 : 1975
27125,2,ISO 652 : 1975
27125,3,ISO 1770 : 1981
27125,4,ISO 1771 : 1981
27125,5,ISO 5068 : 2 : 2007
27125,6,ISO 13909 : 4 : 2016
27125,7,ISO 18283 : 2006
27125,8,ISO 687 : 2010
27125,9,ISO 11722 : 2013
27125,10,ISO 17247 : 2020
27126,1,ISO 5062 : 2 : 2007
27126,2,ISO 13909 : 4 : 2016
27126,3,ISO 18283 : 2006
27126,4,ISO 687 : 2010
27126,5,ISO 1170 : 2013
27126,6,ISO 11722 : 2013
5162,1,IEC 60465 : 1988
5162,2,IEC 60296 : 2003
5162,3,IEC 61099 : 1992
5162,4,ISO 2592 : 2000
5162,5,ISO 6743 : 99 : 2002
5162,6,ASTM 0 : 2 : 0 0
5162,7,IEC 60836 : 2005
5162,8,IEC 60867 : 1993
5162,9,IEC 60963 : 1988
5162,10,ISO 1928 : 1995
5162,11,ISO 8681 : 1986
5167,1,ISO 4009 : 1977
22925,1,IEC 61434 : 0 : 0 0
5174,1,ISO 228 : 0 : 0 0
5174,2,ISO 775 : 0 : 0 0
5174,3,ISO 3069 : 0 : 0 0
5175,1,BSI 2064 : 2 : 1976
22387,1,ISO 30 : 0 : 0 0
22387,2,ISO 99 : 0 : 0 0
30842,1,ISO 30 : 0 : 0 0
30842,2,ISO 99 : 0 : 0 0
27398,1,0 0 : 0 : 0 0
5185,1,ISO 18283 : 2006
22975,1,ISO 1014 : 1985
5189,1,0 0 : 0 : 0 0
16,1,ISO 6263 : 0 : 0 0
28786,1,ISO 6263 : 0 : 0 0
28787,1,ISO 6263 : 0 : 0 0
5190,1,ISO 1217 : 1 : 2012
5190,2,ISO 4405 : 1991
5190,3,ISO 11171 : 1992
5190,4,ISO 11943 : 1999
5190,5,ISO 12103 : 1 : 1997
33784,1,ISO 1217 : 1 : 2012
33784,2,ISO 4405 : 1991
33784,3,ISO 11171 : 1992
33784,4,ISO 11943 : 1999
33784,5,ISO 12103 : 1 : 1997
5193,1,IEC 34 : 2 : 0 0
115,1,ISO 4407 : 0 : 0 0
115,2,ISO 11500 : 0 : 0 0
115,3,ISO 21018 : 3 : 0 0
115,4,ISO 21018 : 4 : 0 0
28788,1,ISO 4407 : 0 : 0 0
28788,2,ISO 11500 : 0 : 0 0
28788,3,ISO 21018 : 3 : 0 0
28788,4,ISO 21018 : 4 : 0 0
5202,1,ISO 9409 : 1 : 0 0
5202,2,ISO 261 : 1998
5202,3,ISO 286 : 1 : 1988
5202,4,ISO 1101 : 1983
5203,1,ISO 9409 : 2 : 2002
5203,2,ISO 286 : 1 : 1988
5203,3,ISO 1101 : 1983
5203,4,ISO 8873 : 1994
26179,1,ISO 10326 : 1 : 2016
26179,2,ISO 13090 : 1 : 1998
5204,1,ISO 10326 : 1 : 2016
5204,2,ISO 13090 : 1 : 1998
5205,1,ISO 5675 : 0 : 0 0
5205,2,ISO 2082 : 0 : 0 0
5205,3,ISO 3104 : 0 : 0 0
5205,4,ISO 5675 : 0 : 0 0
5207,1,0 0 : 0 : 0 0
5209,1,ISO 230 : 0 : 0 0
5211,1,IEC 60301 : 0 : 0 0
31019,1,ISO 4306 : 5 : 2005
5219,1,ISO 12100 : 0 : 0 0
5219,2,IEC 60204 : 32 : 0 0
5223,1,ISO 4306 : 5 : 2005
5226,1,IEC 60204 : 1 : 0 0
5231,1,ISO 6104 : 1979
5231,2,ISO 6104 : 1972
21505,1,ISO 5455 : 1979
21505,2,ISO 13567 : 1 : 1998
21505,3,ISO 4157 : 1 : 1998
21505,4,ISO 4157 : 2 : 1998
21505,5,ISO 41567 : 3 : 1998
26650,1,0 0 : 0 : 0 0
26651,1,ISO 5455 : 1979
26651,2,ISO 13567 : 1 : 1998
26651,3,ISO 4157 : 1 : 1998
26651,4,ISO 4157 : 2 : 1998
26651,5,ISO 41567 : 3 : 1998
21301,1,0 0 : 0 : 0 0
5234,1,IEC 60475 : 1974
5234,2,IEC 60567 : 1992
5234,3,ISO 595 : 1 : 1986
5234,4,ISO 595 : 2 : 1987
5236,1,ISO 3722 : 1976
5236,2,ISO 5598 : 1985
5236,3,ISO 4405 : 1991
5236,4,ISO 4407 : 1991
5237,1,ISO 4021 : 1992
5237,2,ISO 3722 : 1976
5237,3,ISO 5598 : 1985
5238,1,ISO 12103 : 1 : 0 0
33785,1,ISO 12103 : 1 : 0 0
21443,1,IEC 61238 : 1 : 2003
5247,1,0 0 : 0 : 0 0
5249,1,0 0 : 0 : 0 0
30711,1,0 0 : 0 : 0 0
189,1,IEC 60241 : 1968
189,2,IEC 60593 : 1977
189,3,IEC 60931 : 1 : 1989
190,1,IEC 60931 : 1 : 1989
5254,1,IEC 60773 : 0 : 0 0
28827,1,IEC 60773 : 0 : 0 0
5257,1,ISO/IEC 1073 : 1 : 1994
5260,1,0 0 : 0 : 0 0
5267,1,ISO 7637 : 2 : 2004
5267,2,ISO 7637 : 3 : 1995
29760,1,BSI 4867 : 2 : 1972
5268,1,BSI 4867 : 2 : 1972
31830,1,0 0 : 0 : 0 0
5274,1,0 0 : 0 : 0 0
23951,1,0 0 : 0 : 0 0
22048,1,ISO 8601 : 0 : 0 0
22048,2,ISO 639 : 0 : 0 0
22048,3,ISO/IEC 10646 : 0 : 0 0
21775,1,ISO 13606 : 3 : 0 0
21775,2,ISO 13606 : 1 : 0 0
21775,3,ISO 13606 : 0 : 0 0
21775,4,other 18308 : 0 : 0 0
21775,5,ISO 13606 : 2 : 0 0
21775,6,other 12967 : 3 : 0 0
21775,7,other 14822 : 2 : 0 0
21775,8,ISO 18308 : 0 : 0 0
21775,9,other 12967 : 3 : 0 0
21775,10,other 14822 : 2 : 0 0
21775,11,ISO 18308 : 0 : 0 0
5279,1,0 0 : 0 : 0 0
5280,1,ISO/IEC 8202 : 0 : 0 0
5280,2,ISO/TR 8509 : 0 : 0 0
5280,3,ISO 8648 : 0 : 0 0
5280,4,ISO 9074 : 0 : 0 0
5280,5,ISO 8802 : 0 : 0 0
5280,6,ISO 8886 : 0 : 0 0
22752,1,ISO/IEC 9646 : 1 : 1991
22752,2,ISO 8648 : 1988
22752,3,ISO/IEC 8802 : 2 : 1994
22753,1,ISO/IEC 9646 : 1 : 1991
22753,2,ISO 8648 : 1988
22753,3,ISO/IEC 8208 : 1990
22754,1,ISO/IEC 9646 : 1 : 1991
22754,2,ISO/IEC 8886 : 1992
22754,3,ISO/IEC 8648 : 1988
22755,1,ISO/IEC 9646 : 1 : 1991
22755,2,ISO/IEC 7776 : 1995
22755,3,ISO/IEC 8208 : 1995
22755,4,ISO 8648 : 1988
22755,5,ISO/IEC 11575 : 1995
33358,1,ISO 7241 : 2 : 1986
33358,2,ISO 4411 : 0 : 0 0
33358,3,ISO 5598 : 0 : 0 0
33358,4,ISO 3448 : 0 : 0 0
25445,1,ISO 7241 : 1 : 1987
25445,2,ISO 2944 : 0 : 0 0
25445,3,ISO 5598 : 0 : 0 0
25445,4,ISO 5676 : 0 : 0 0
25445,5,ISO 7241 : 2 : 0 0
5283,1,ISO 7241 : 1 : 1987
5283,2,ISO 2944 : 0 : 0 0
5283,3,ISO 5598 : 0 : 0 0
5283,4,ISO 5676 : 0 : 0 0
5283,5,ISO 7241 : 2 : 0 0
5284,1,ISO 7241 : 2 : 1986
5284,2,ISO 4411 : 0 : 0 0
5284,3,ISO 5598 : 0 : 0 0
5284,4,ISO 3448 : 0 : 0 0
33786,1,ISO 7241 : 1 : 1987
33786,2,ISO 2944 : 0 : 0 0
33786,3,ISO 5598 : 0 : 0 0
33786,4,ISO 5676 : 0 : 0 0
33786,5,ISO 7241 : 2 : 0 0
5285,1,ISO/IEC 10731 : 1994
5285,2,ISO/IEC 8822 : 1994
5285,3,ISO/IEC 8327 : 1 : 1996
5285,4,ISO/IEC 8823 : 1 : 1994
5285,5,ISO/IEC 15955 : 1999
5285,6,ISO/IEC 9834 : 1 : 1993
5285,7,ISO/IEC 8326 : 1996
5286,1,IEC 410 : 1973
5286,2,IEC 875 : 1 : 1992
5296,1,0 0 : 0 : 0 0
30180,1,0 0 : 0 : 0 0
29856,1,ISO 1891 : 4 : 0 0
5299,1,ISO 1891 : 4 : 0 0
5300,1,ISO 10683 : 0 : 0 0
5300,2,ISO 8839 : 0 : 0 0
5301,1,ISO 10683 : 0 : 0 0
25527,1,ISO 1891 : 4 : 0 0
25528,1,ISO 10683 : 0 : 0 0
29417,1,ISO 10683 : 0 : 0 0
29417,2,ISO 8839 : 0 : 0 0
24064,1,0 0 : 0 : 0 0
24067,1,0 0 : 0 : 0 0
24051,1,0 0 : 0 : 0 0
24052,1,0 0 : 0 : 0 0
24053,1,0 0 : 0 : 0 0
24054,1,0 0 : 0 : 0 0
24057,1,0 0 : 0 : 0 0
24058,1,0 0 : 0 : 0 0
24059,1,0 0 : 0 : 0 0
24060,1,0 0 : 0 : 0 0
24063,1,0 0 : 0 : 0 0
5304,1,ASTM 0 : 1977
24536,1,ISO 7 : 1 : 0 0
24536,2,ISO 5864 : 1993
24536,3,ISO 7005 : 1 : 0 0
24536,4,ISO 7005 : 2 : 0 0
24536,5,ISO 8504 : 2 : 0 0
24536,6,ISO 9934 : 2 : 0 0
24536,7,ISO 10441 : 0 : 0 0
24536,8,ISO 13707 : 0 : 0 0
24536,9,ISO 14691 : 0 : 0 0
24536,10,ISO 15649 : 0 : 0 0
24536,11,IEC 60034 : 0 : 0 0
24536,12,IEC 60079 : 0 : 0 0
24536,13,IEC 60364 : 5 : 0 0
24536,14,IEC 60848 : 0 : 0 0
24536,15,ASTM 0 : 0 : 0 0
26470,1,ISO 25862 : 2009
26470,2,IEC 60945 : 2002
26470,3,IEC 61162 : 1 : 2016
26470,4,IEC 61162 : 2 : 1998
26470,5,IEC 61924 : 2 : 2012
26470,6,ISO 0 : 0 : 0 0
5305,1,ISO 25862 : 2009
5305,2,IEC 60945 : 2002
5305,3,IEC 61162 : 1 : 2016
5305,4,IEC 61162 : 2 : 1998
5305,5,IEC 61924 : 2 : 2012
5305,6,ISO 0 : 0 : 0 0
5307,1,ISO 369 : 0 : 0 0
5308,1,ISO 5656 : 1989
5308,2,ISO 9657 : 1989
5309,1,ISO 8826 : 1 : 1989
5309,2,ISO 128 : 1982
5309,3,ISO 8826 : 2 : 1994
5310,1,ISO 8826 : 2 : 1999
5310,2,ISO 8443 : 1985
5310,3,ISO 15 : 1981
5310,4,ISO 355 : 1977
5310,5,ISO 104 : 1979
5310,6,ISO 582 : 1979
5311,1,ISO 9222 : 1 : 1989
5311,2,ISO 128 : 1982
5312,1,ISO 922 : 2 : 1989
5312,2,ISO 5597 : 1987
5312,3,ISO 6794 : 1 : 1982
5312,4,ISO 9222 : 1 : 1989
33565,1,ISO 10683 : 0 : 0 0
33565,2,ISO 8839 : 0 : 0 0
29757,1,ISO 10683 : 0 : 0 0
29757,2,ISO 8839 : 0 : 0 0
29758,1,ISO 6157 : 3 : 0 0
65913,1,ISO 10683 : 0 : 0 0
65913,2,ISO 8839 : 0 : 0 0
33452,1,ISO 10683 : 0 : 0 0
25529,1,ISO 10683 : 0 : 0 0
25529,2,ISO 8839 : 0 : 0 0
5313,1,ISO 10683 : 0 : 0 0
5313,2,ISO 8839 : 0 : 0 0
5314,1,ISO 6157 : 3 : 0 0
5315,1,ISO 10683 : 0 : 0 0
5315,2,ISO 8839 : 0 : 0 0
5316,1,ISO 10683 : 0 : 0 0
5316,2,ISO 8839 : 0 : 0 0
5317,1,ISO 225 : 1983
5317,2,ISO 724 : 1993
5317,3,ISO 965 : 1 : 1998
5317,4,ISO 3269 : 0 : 0 0
5318,1,ISO 10683 : 0 : 0 0
5319,1,ISO 1701 : 0 : 0 0
5319,2,ISO 3855 : 0 : 0 0
5325,1,ISO 7637 : 2 : 2004
5325,2,ISO 7637 : 3 : 1995
27571,1,ISO 8839 : 0 : 0 0
27571,2,ISO 16084 : 0 : 0 0
5329,1,ISO 8839 : 0 : 0 0
5329,2,ISO 16084 : 0 : 0 0
26619,1,ISO 5 : 4 : 2009
26619,2,ISO 5 : 2 : 2009
26619,3,ISO 3664 : 2009
26619,4,ISO 11664 : 1 : 2007
26619,5,ISO 11664 : 3 : 2012
26619,6,ISO 11664 : 4 : 2008
26619,7,CIE 0 : 2004
26619,8,CIE 0 : 2005
26619,9,CIE 0 : 2006
5336,1,ASTM 0 : 0 : 0 0
5336,2,ASTM 0 : 0 : 0 0
5336,3,ASTM 0 : 0 : 0 0
5336,4,ASTM 0 : 0 : 0 0
5336,5,ASTM 0 : 0 : 0 0
5336,6,ASTM 0 : 0 : 0 0
5336,7,ASTM 0 : 0 : 0 0
5336,8,ASTM 0 : 0 : 0 0
5336,9,ASTM 0 : 0 : 0 0
5336,10,ASTM 0 : 0 : 0 0
5336,11,ASTM 0 : 0 : 0 0
5336,12,ASTM 0 : 0 : 0 0
5336,13,ASTM 0 : 0 : 0 0
5336,14,ASTM 0 : 0 : 0 0
5336,15,ASTM 0 : 0 : 0 0
5336,16,ASTM 0 : 0 : 0 0
5336,17,ASTM 0 : 0 : 0 0
5336,18,ASTM 0 : 0 : 0 0
5336,19,ASTM 0 : 0 : 0 0
5336,20,ASTM 0 : 0 : 0 0
5336,21,ASTM 0 : 0 : 0 0
5336,22,ASTM 0 : 0 : 0 0
5336,23,ASTM 0 : 0 : 0 0
5336,24,ASTM 0 : 0 : 0 0
5336,25,ASTM 0 : 0 : 0 0
5336,26,ASTM 0 : 0 : 0 0
5336,27,ASTM 0 : 0 : 0 0
5336,28,ASTM 0 : 0 : 0 0
5336,29,ASTM 0 : 0 : 0 0
5336,30,ASTM 0 : 0 : 0 0
5336,31,ASTM 0 : 0 : 0 0
5336,32,ASTM 0 : 0 : 0 0
5336,33,ASTM 0 : 0 : 0 0
5336,34,ASTM 0 : 0 : 0 0
5336,35,ASTM 0 : 0 : 0 0
5336,36,ASTM 0 : 0 : 0 0
5336,37,ASTM 0 : 0 : 0 0
5336,38,ASTM 0 : 0 : 0 0
5336,39,ASTM 0 : 0 : 0 0
5336,40,ASTM 0 : 0 : 0 0
5336,41,ASTM 0 : 0 : 0 0
5336,42,ASTM 0 : 0 : 0 0
5336,43,ASTM 0 : 0 : 0 0
5336,44,ASTM 0 : 0 : 0 0
5336,45,ASTM 0 : 0 : 0 0
28106,1,ISO 8839 : 0 : 0 0
28106,2,ISO 16048 : 0 : 0 0
5340,1,ISO 8839 : 0 : 0 0
5340,2,ISO 16048 : 0 : 0 0
28429,1,ISO 1891 : 4 : 0 0
28429,2,ISO 3506 : 6 : 0 0
28429,3,ISO 16228 : 0 : 0 0
28430,1,ISO 898 : 1 : 1999
28430,2,ISO 898 : 2 : 1992
28430,3,ISO 898 : 5 : 1998
28430,4,ISO 898 : 6 : 1994
28430,5,ISO 1478 : 1999
28430,6,ISO 1502 : 1996
28430,7,ISO 2320 : 1997
28430,8,ISO 2702 : 1992
28430,9,ISO 2859 : 1 : 1999
28430,10,ISO 3506 : 2 : 1997
28430,11,ISO 3506 : 3 : 1997
28430,12,ISO 4042 : 1999
28430,13,ISO 4759 : 1 : 0 0
28430,14,ISO 4759 : 3 : 2000
28430,15,ISO 6157 : 2 : 1995
28430,16,ISO 6157 : 3 : 1988
28430,17,ISO 7085 : 1999
28430,18,ISO 8839 : 1986
28430,19,ISO 10683 : 0 : 0 0
32627,1,ISO 1463 : 0 : 0 0
32627,2,ISO 1891 : 0 : 0 0
32627,3,ISO 3497 : 0 : 0 0
32627,4,ISO 15726 : 0 : 0 0
32627,5,ISO 16047 : 0 : 0 0
32627,6,ISO 16228 : 0 : 0 0
32627,7,ASME 18 : 6 : 3
18319,1,ISO 8992 : 1982
18319,2,ISO 885 : 2000
18319,3,ISO 888 : 1976
18319,4,ISO 898 : 1 : 1999
18319,5,ISO 898 : 2 : 1992
18319,6,ISO 898 : 5 : 0 0
18319,7,ISO 898 : 6 : 1994
18319,8,ISO 898 : 7 : 1992
18319,9,ISO 965 : 1 : 1998
18319,10,ISO 965 : 2 : 1998
18319,11,ISO 965 : 3 : 1998
18319,12,ISO 965 : 4 : 1998
18319,13,ISO 965 : 5 : 1998
18319,14,ISO 2320 : 1997
18319,15,ISO 3269 : 1 : 1997
18319,16,ISO 3506 : 3 : 1997
18319,17,ISO 3568 : 1976
18319,18,ISO 4753 : 1999
18319,19,ISO 4755 : 1983
18319,20,ISO 4759 : 1 : 2000
18319,21,ISO 6157 : 1 : 1988
18319,22,ISO 6157 : 3 : 1988
18319,23,ISO 7721 : 1983
18319,24,ISO 1478 : 1999
18319,25,ISO 2702 : 2011
18319,26,ISO 3506 : 4 : 2009
18319,27,ISO 4042 : 1999
18319,28,ISO 7085 : 1999
18319,29,ISO 7085 : 1999
18319,30,ISO 7085 : 1999
18319,31,ISO 10664 : 2005
18319,32,ISO 10666 : 1999
18319,33,ISO 10683 : 2000
18319,34,ISO 10684 : 2004
18319,35,ISO 16048 : 2003
18319,36,ISO 16048 : 2003
18319,37,ISO 16420 : 2002
18321,1,ISO 8991 : 1986
32913,1,ISO 16228 : 0 : 0 0
18322,1,ISO 286 : 1 : 1988
18322,2,ISO 286 : 2 : 1988
18322,3,ISO 885 : 2000
18322,4,ISO 965 : 3 : 1998
18322,5,ISO 1101 : 2000
18323,1,ISO 965 : 3 : 1998
18323,2,ISO 4948 : 1 : 1982
18323,3,ISO 6506 : 1981
18323,4,ISO 6507 : 1 : 1997
18323,5,ISO 6508 : 1986
5351,1,ISO 468 : 1982
5351,2,ISO 898 : 2 : 1992
5351,3,ISO 898 : 2 : 1994
5351,4,ISO 2320 : 1983
5351,5,ISO 3269 : 0 : 0 0
5351,6,ISO 10484 : 0 : 0 0
5351,7,ISO 10485 : 1991
5352,1,ISO 1463 : 0 : 0 0
5352,2,ISO 1891 : 0 : 0 0
5352,3,ISO 3497 : 0 : 0 0
5352,4,ISO 15726 : 0 : 0 0
5352,5,ISO 16047 : 0 : 0 0
5352,6,ISO 16228 : 0 : 0 0
5352,7,ASME 18 : 6 : 3
5353,1,ISO 2064 : 0 : 0 0
5353,2,ISO 2178 : 0 : 0 0
5354,1,ISO 3506 : 0 : 0 0
5355,1,ISO 1891 : 4 : 0 0
5355,2,ISO 3506 : 6 : 0 0
5355,3,ISO 16228 : 0 : 0 0
5356,1,ISO 1891 : 4 : 0 0
5356,2,ISO 3506 : 6 : 0 0
5356,3,ISO 16228 : 0 : 0 0
5357,1,ISO 68 : 1998
5357,2,ISO 261 : 1998
5357,3,ISO 262 : 1998
5358,1,ISO 898 : 1 : 1999
5358,2,ISO 898 : 2 : 1992
5358,3,ISO 898 : 5 : 1998
5358,4,ISO 898 : 6 : 1994
5358,5,ISO 1478 : 1999
5358,6,ISO 1502 : 1996
5358,7,ISO 2320 : 1997
5358,8,ISO 2702 : 1992
5358,9,ISO 2859 : 1 : 1999
5358,10,ISO 3506 : 2 : 1997
5358,11,ISO 3506 : 3 : 1997
5358,12,ISO 4042 : 1999
5358,13,ISO 4759 : 1 : 0 0
5358,14,ISO 4759 : 3 : 2000
5358,15,ISO 6157 : 2 : 1995
5358,16,ISO 6157 : 3 : 1988
5358,17,ISO 7085 : 1999
5358,18,ISO 8839 : 1986
5358,19,ISO 10683 : 0 : 0 0
5359,1,ISO 8992 : 0 : 0 0
5359,2,ISO 4759 : 1 : 0 0
5359,3,ISO 898 : 1 : 0 0
5359,4,ISO 898 : 5 : 0 0
5360,1,ISO 3800 : 1993
5360,2,ISO 273 : 1999
5360,3,ISO 554 : 1976
5360,4,ISO 885 : 1976
5360,5,ISO 4032 : 1986
5360,6,ISO 4033 : 1979
5360,7,ISO 8673 : 1988
5360,8,ISO 8674 : 1988
5360,9,ISO 8992 : 1986
5360,10,ISO 4759 : 1 : 1978
5360,11,ISO 898 : 1 : 1988
5360,12,ISO 898 : 2 : 1992
5360,13,ISO 2320 : 1983
5360,14,ISO 6157 : 1 : 1988
5360,15,ISO 6175 : 2 : 1995
5360,16,ISO 6175 : 3 : 1995
5360,17,ISO 4042 : 1989
5360,18,ISO 3506 : 1979
5360,19,ISO 3269 : 0 : 0 0
5360,20,ISO 898 : 7 : 1992
5362,1,ISO 148 : 1 : 0 0
5362,2,ISO 225 : 0 : 0 0
5362,3,ISO 273 : 0 : 0 0
5362,4,ISO 7500 : 1 : 0 0
5362,5,ISO 10683 : 0 : 0 0
5362,6,ISO 10684 : 0 : 0 0
5362,7,ISO 16426 : 0 : 0 0
5363,1,ISO 16228 : 0 : 0 0
5365,1,ISO 16047 : 2005
5366,1,ISO 6157 : 1 : 1988
5366,2,ISO 6157 : 3 : 1988
5366,3,ISO 898 : 1 : 1988
5366,4,ISO 2859 : 1 : 1989
5366,5,ISO 3269 : 1984
5367,1,ISO 898 : 1 : 1988
5367,2,ISO 2859 : 0 : 0 0
5367,3,ISO 2859 : 1 : 1989
5367,4,ISO 3269 : 0 : 0 0
5367,5,ISO 3269 : 0 : 0 0
28922,1,ISO 1891 : 4 : 0 0
28922,2,ISO 3506 : 6 : 0 0
28922,3,ISO 16228 : 0 : 0 0
5369,1,ISO/IEC 10731 : 1994
5369,2,ISO/IEC 9834 : 1 : 1993
5369,3,ISO 8822 : 1988
30834,1,IEC 60746 : 1 : 2023
5373,1,IEC 60746 : 1 : 2023
5378,1,ISO/IEC 8824 : 1 : 1995
5378,2,ISO/IEC 8824 : 2 : 1995
5378,3,ISO/IEC 8824 : 3 : 1995
5378,4,ISO/IEC 8824 : 4 : 1995
5379,1,ISO/IEC 10731 : 1994
5379,2,ISO/IEC 8326 : 1996
5379,3,ISO/IEC 8822 : 1994
5379,4,ISO/IEC 15953 : 1999
5379,5,ISO/IEC 15954 : 1999
5379,6,ISO/IEC 8824 : 1 : 2021
5379,7,ISO/IEC 8824 : 2 : 2021
5379,8,ISO/IEC 8824 : 3 : 2021
5379,9,ISO/IEC 8824 : 4 : 2021
5379,10,ISO/IEC 8825 : 1 : 2021
29595,1,ISO/IEC 10731 : 1994
29595,2,ISO/IEC 8326 : 1996
29595,3,ISO/IEC 8822 : 1994
29595,4,ISO/IEC 15953 : 1999
29595,5,ISO/IEC 15954 : 1999
29595,6,ISO/IEC 8824 : 1 : 2021
29595,7,ISO/IEC 8824 : 2 : 2021
29595,8,ISO/IEC 8824 : 3 : 2021
29595,9,ISO/IEC 8824 : 4 : 2021
29595,10,ISO/IEC 8825 : 1 : 2021
29630,1,ISO/IEC 8824 : 1 : 1995
29630,2,ISO/IEC 8824 : 2 : 1995
29630,3,ISO/IEC 8824 : 3 : 1995
29630,4,ISO/IEC 8824 : 4 : 1995
5384,1,ISO 4753 : 1983
5384,2,ISO 225 : 1 : 0 0
5393,1,ISO 14501 : 2007
5393,2,ISO 20636 : 2018
5393,3,ISO 14637 : 2004
5393,4,ISO 16639 : 2018
25518,1,ISO 14501 : 2007
25518,2,ISO 20636 : 2018
25518,3,ISO 14637 : 2004
25518,4,ISO 16639 : 2018
5395,1,ISO 3508 : 0 : 0 0
5395,2,ISO 261 : 1973
5395,3,ISO 262 : 1973
5396,1,ISO 4755 : 1983
5396,2,ISO 3508 : 1976
5400,1,0 0 : 0 : 0 0
28622,1,0 0 : 0 : 0 0
5403,1,IEC 169 : 2 : 0 0
5404,1,ISO 1496 : 3 : 1981
5405,1,ISO 6346 : 1984
5409,1,ISO 22 : 1991
5409,2,BSI 351 : 1976
5409,3,BSI 351 : 1976
5410,1,ISO 1942 : 2009
5410,2,ISO 1797 : 1 : 2011
5410,3,ISO 1797 : 2 : 1992
5410,4,ISO 3274 : 1996
5410,5,ISO 4288 : 1996
31798,1,ISO 1942 : 2009
31798,2,ISO 1797 : 1 : 2011
31798,3,ISO 1797 : 2 : 1992
31798,4,ISO 3274 : 1996
31798,5,ISO 4288 : 1996
5414,1,IEC 60685 : 2 : 2 1983
5418,1,ISO/IEC 10731 : 1994
5418,2,ISO/IEC 8326 : 1996
5418,3,ISO/IEC 8822 : 1994
5418,4,ISO/IEC 8327 : 1 : 1996
5418,5,ISO/IEC 8823 : 1 : 1994
5418,6,ISO/IEC 15955 : 1999
5418,7,ISO/IEC 9834 : 1 : 1993
5418,8,ISO/IEC 9834 : 6 : 1993
5418,9,ISO/IEC 8825 : 2 : 1996
5418,10,ISO/IEC 9594 : 2 : 1995
5418,11,ISO/IEC 8824 : 1 : 1995
5418,12,ISO/IEC 8824 : 2 : 1995
5418,13,ISO/IEC 8824 : 3 : 1995
5418,14,ISO/IEC 8824 : 4 : 1995
5419,1,ISO/TR 8509 : 0 : 0 0
5419,2,ISO 8824 : 0 : 0 0
5419,3,ISO 8825 : 0 : 0 0
5420,1,ISO/TR 8509 : 0 : 0 0
5420,2,ISO 8824 : 0 : 0 0
5420,3,ISO 8825 : 0 : 0 0
5421,1,IEC 945 : 1994
21807,1,IEC 60945 : 0 : 0 0
21759,1,ISO 17025 : 0 : 0 0
21759,2,ISO 8729 : 2 : 1999
5425,1,0 0 : 0 : 0 0
25588,1,0 0 : 0 : 0 0
5436,1,ISO 8839 : 0 : 0 0
5436,2,ISO 10683 : 0 : 0 0
33787,1,ISO 8839 : 0 : 0 0
33787,2,ISO 10683 : 0 : 0 0
33570,1,ISO 8839 : 0 : 0 0
33570,2,ISO 10683 : 0 : 0 0
5437,1,ISO 8839 : 0 : 0 0
5437,2,ISO 10683 : 0 : 0 0
33571,1,ISO 10683 : 0 : 0 0
33571,2,ISO 8839 : 0 : 0 0
5438,1,ISO 10683 : 0 : 0 0
5438,2,ISO 8839 : 0 : 0 0
25897,1,ISO 8839 : 1986
5439,1,ISO 8839 : 1986
29101,1,ISO 8839 : 1986
5440,1,ISO 1891 : 4 : 0 0
29425,1,ISO 1891 : 4 : 0 0
5441,1,0 0 : 0 : 0 0
32535,1,IEC 60317 : 0 : 1 2013
32028,1,ISO 1190 : 1 : 0 0
22057,1,IEC 60317 : 0 : 3 2008
21562,1,ISO 3 : 0 : 0 0
5444,1,ISO 1190 : 1 : 0 0
5446,1,IEC 60851 : 1 : 0 0
5446,2,IEC 60851 : 2 : 0 0
5446,3,IEC 60851 : 3 : 0 0
5446,4,IEC 60851 : 4 : 0 0
5446,5,IEC 60851 : 5 : 0 0
5446,6,IEC 60851 : 6 : 0 0
5446,7,ISO 3 : 0 : 0 0
5446,8,ISO 1190 : 1 : 0 0
5448,1,IEC 60317 : 0 : 1 2013
5451,1,IEC 60317 : 0 : 2 2020
5451,2,IEC 60851 : 4 : 2016
5452,1,IEC 60317 : 0 : 1 2013
5463,1,IEC 60819 : 3 : 3 2011
32346,1,IEC 60317 : 0 : 1 2013
33380,1,IEC 60317 : 0 : 1 2013
21621,1,IEC 60317 : 0 : 1 2013
32709,1,ISO 3 : 0 : 0 0
32710,1,IEC 60851 : 1 : 0 0
32710,2,IEC 60851 : 2 : 0 0
32710,3,IEC 60851 : 3 : 0 0
32710,4,IEC 60851 : 4 : 0 0
32710,5,IEC 60851 : 5 : 0 0
32710,6,IEC 60851 : 6 : 0 0
32710,7,ISO 3 : 0 : 0 0
32710,8,ISO 1190 : 1 : 0 0
32711,1,IEC 60317 : 0 : 1 2013
32712,1,IEC 60317 : 0 : 2 2020
32712,2,IEC 60851 : 4 : 2016
32713,1,IEC 60317 : 0 : 3 2008
32739,1,IEC 60317 : 0 : 1 2013
5468,1,ISO 3166 : 1993
5468,2,ISO 6346 : 1995
5468,3,ISO 9897 : 1 : 1990
26178,1,0 0 : 0 : 0 0
5469,1,0 0 : 0 : 0 0
28623,1,0 0 : 0 : 0 0
5470,1,ISO 1179 : 0 : 0 0
5471,1,0 0 : 0 : 0 0
29134,1,0 0 : 0 : 0 0
5472,1,IEC 68 : 2 : 29
5472,2,IEC 79 : 1983
5472,3,IEC 79 : 1983
5472,4,IEC 721 : 2 : 2 1988
5472,5,IEC 721 : 3 : 6 1987
5472,6,ISO 2041 : 1975
5474,1,other 8187 : 2000
5474,2,other 8187 : 2000
5474,3,IEC 104 : 1997
5474,4,IEC 104 : 1997
5474,5,ISO/IEC 13843 : 0 : 0 0
5474,6,ISO/IEC 13843 : 0 : 0 0
5474,7,ISO 4048 : 4 : 2002
5474,8,ISO 4048 : 4 : 2002
5475,1,IEC 51 : 0 : 0 0
5475,2,IEC 212 : 0 : 0 0
5477,1,IEC 721 : 1 : 1981
5478,1,IEC 68 : 0 : 0 0
5479,1,IEC 721 : 1 : 1981
5479,2,IEC 721 : 1 : 1981
5479,3,IEC 721 : 3 : 0 0
5483,1,IEC 721 : 3 : 1984
5483,2,IEC 721 : 3 : 1 1987
5483,3,IEC 721 : 3 : 2 1985
5484,1,IEC 721 : 2 : 1 1982
5484,2,IEC 721 : 1 : 1981
5484,3,IEC 721 : 3 : 1984
18330,1,IEC 721 : 1 : 1981
18330,2,IEC 721 : 2 : 1982
18330,3,IEC 721 : 2 : 1982
18330,4,IEC 721 : 3 : 1984
18330,5,IEC 721 : 3 : 2 1985
18330,6,IEC 721 : 3 : 3 1987
18330,7,IEC 721 : 3 : 4 1987
5485,1,ISO 683 : 13 : 1986
5485,2,IEC 950 : 1986
33908,1,ISO 683 : 13 : 1986
33908,2,IEC 950 : 1986
5487,1,ISO 6429 : 0 : 0 0
5487,2,ISO 8859 : 0 : 0 0
5487,3,ISO 9293 : 0 : 0 0
30756,1,ISO 7485 : 2000
30756,2,EN 15621 : 2017
30756,3,EN 17053 : 2018
5489,1,ISO 7485 : 2000
5489,2,EN 15621 : 2017
5489,3,EN 17053 : 2018
24385,1,ISO 7637 : 1 : 2015
24385,2,ISO 7637 : 2 : 2011
24385,3,ISO 10605 : 2008
24385,4,ISO 11451 : 1 : 2015
24385,5,ISO 11451 : 2 : 2015
24385,6,ISO 11451 : 4 : 2013
24385,7,ISO 11452 : 1 : 2015
24385,8,ISO 11452 : 2 : 2004
24385,9,ISO 11452 : 3 : 2016
24385,10,ISO 11452 : 4 : 2011
24385,11,ISO 11452 : 5 : 2002
24385,12,ISO/TR 12603 : 2010
24385,13,ISO 16570 : 1 : 2006
24385,14,ISO 16570 : 2 : 2012
24385,15,ISO 21848 : 2005
24386,1,ISO 7637 : 1 : 2015
24386,2,ISO 7637 : 2 : 2016
24386,3,ISO 10605 : 2008
24386,4,ISO 11451 : 2 : 2015
24386,5,ISO 11451 : 4 : 2013
24386,6,ISO 11452 : 2 : 2004
24386,7,ISO 11452 : 3 : 2016
24386,8,ISO 11452 : 4 : 2011
24386,9,ISO 11452 : 5 : 2002
24386,10,ISO/TR 12603 : 2010
24386,11,ISO 13766 : 1 : 2018
24386,12,ISO 15998 : 2008
5530,1,ISO 3411 : 0 : 0 0
5530,2,ISO 5353 : 0 : 0 0
5532,1,IEC 60050 : 151 : 1978
5532,2,IEC 60060 : 1 : 1973
5532,3,IEC 60743 : 1983
5533,1,IEC 60212 : 2010
5533,2,IEC 60417 : 0 : 0 0
5533,3,IEC 61477 : 0 : 0 0
5533,4,ISO 3175 : 0 : 0 0
5533,5,ISO 15797 : 0 : 0 0
26454,1,IEC 60060 : 1 : 0 0
26454,2,IEC 60212 : 0 : 0 0
26454,3,IEC 61318 : 2007
26454,4,ISO 9654 : 0 : 0 0
26454,5,IEC 60417 : 0 : 0 0
26454,6,IEC 61477 : 0 : 0 0
26454,7,ISO 9657 : 0 : 0 0
5534,1,IEC 60060 : 1 : 0 0
5534,2,IEC 60212 : 0 : 0 0
5534,3,IEC 61318 : 2007
5534,4,ISO 9654 : 0 : 0 0
5534,5,IEC 60417 : 0 : 0 0
5534,6,IEC 61477 : 0 : 0 0
5534,7,ISO 9657 : 0 : 0 0
5535,1,IEC 60060 : 1 : 0 0
5535,2,IEC 60060 : 2 : 2010
5535,3,IEC 60212 : 0 : 0 0
5535,4,IEC 61318 : 0 : 0 0
5535,5,IEC 60417 : 0 : 0 0
5535,6,IEC 61477 : 0 : 0 0
5536,1,IEC 60060 : 1 : 0 0
5536,2,IEC 60060 : 2 : 0 0
5536,3,IEC 60212 : 0 : 0 0
5536,4,IEC 61318 : 2007
5536,5,IEC 60417 : 0 : 0 0
5536,6,IEC 61477 : 0 : 0 0
26608,1,IEC 60060 : 1 : 0 0
26608,2,IEC 60060 : 2 : 0 0
26608,3,IEC 60212 : 0 : 0 0
26608,4,IEC 61318 : 2007
26608,5,IEC 60417 : 0 : 0 0
26608,6,IEC 61477 : 0 : 0 0
5537,1,ISO 251 : 2012
5537,2,ISO 283 : 2015
5537,3,ISO 583 : 2007
5537,4,ISO 9237 : 1995
5537,5,ISO 21180 : 2013
31716,1,ISO 251 : 2012
31716,2,ISO 283 : 2015
31716,3,ISO 583 : 2007
31716,4,ISO 9237 : 1995
31716,5,ISO 21180 : 2013
5538,1,ISO 1080 : 1975
5540,1,IEC 60851 : 2 : 0 0
5540,2,IEC 60851 : 3 : 0 0
5540,3,IEC 60851 : 4 : 0 0
5540,4,IEC 60851 : 5 : 0 0
5540,5,IEC 60851 : 6 : 0 0
5540,6,IEC 60264 : 0 : 0 0
5541,1,IEC 60317 : 0 : 1 2013
5541,2,IEC 60851 : 1 : 2021
5541,3,IEC 60264 : 1 : 1968
32714,1,IEC 60851 : 2 : 0 0
32714,2,IEC 60851 : 3 : 0 0
32714,3,IEC 60851 : 4 : 0 0
32714,4,IEC 60851 : 5 : 0 0
32714,5,IEC 60851 : 6 : 0 0
32714,6,IEC 60264 : 0 : 0 0
32715,1,IEC 60317 : 0 : 1 2013
32715,2,IEC 60851 : 1 : 2021
32715,3,IEC 60264 : 1 : 1968
25622,1,ISO 75 : 1 : 2013
25622,2,ISO 75 : 2 : 2013
25622,3,IEC 60060 : 1 : 2010
25622,4,IEC 60068 : 2 : 75 2014
25622,5,IEC 61000 : 4 : 3 2006
25622,6,IEC 61000 : 4 : 20 2010
5545,1,ISO 75 : 1 : 2013
5545,2,ISO 75 : 2 : 2013
5545,3,IEC 60060 : 1 : 2010
5545,4,IEC 60068 : 2 : 75 2014
5545,5,IEC 61000 : 4 : 3 2006
5545,6,IEC 61000 : 4 : 20 2010
23991,1,ISO 7500 : 1 : 1999
23992,1,ISO 14708 : 1 : 2014
23992,2,ISO 14971 : 2007
23992,3,IEC 60601 : 1 : 2005
23992,4,IEC 60601 : 1 : 2014
23992,5,ISO 14117 : 2012
23992,6,ISO/TR>ISO 10974 : 2018
23992,7,IEC 61000 : 4 : 3 2006
24020,1,ISO 565 : 1990
24020,2,ISO 3696 : 1987
24020,3,ISO 10993 : 14 : 2001
24020,4,ISO 13779 : 2 : 2008
24030,1,ISO 565 : 1990
24030,2,ISO 3696 : 1987
24030,3,ISO 10993 : 14 : 2001
24030,4,ISO 13779 : 2 : 2008
5547,1,0 0 : 0 : 0 0
23843,1,ISO 178 : 2010
23843,2,ISO 180 : 2000
23843,3,ISO 527 : 1 : 1993
23843,4,ISO 527 : 2 : 2012
23843,5,ISO 604 : 2002
23843,6,ISO 1628 : 1 : 1998
23843,7,ISO 1805 : 1973
23843,8,ISO 13934 : 1 : 1999
23843,9,ISO 0 : 0 : 0 0
29218,1,ISO 2738 : 1999
5549,1,ISO 2738 : 1999
5560,1,ISO 639 : 3 : 2007
5560,2,ISO/IEC 1539 : 1 : 1997
5560,3,ISO/IEC 1989 : 2002
5560,4,ISO/IEC 3166 : 1 : 2006
5560,5,ISO/IEC 6429 : 1992
5560,6,ISO 8601 : 2004
5560,7,ISO/IEC 8859 : 1 : 1998
5560,8,ISO/IEC 9899 : 2011
5560,9,ISO/IEC 10646 : 2011
5560,10,ISO/IEC 14882 : 2011
5560,11,ISO/IEC 19769 : 2004
31646,1,0 0 : 0 : 0 0
5561,1,0 0 : 0 : 0 0
18338,1,ISO 3585 : 1991
5582,1,ISO 383 : 1976
5582,2,ISO 718 : 1990
5582,3,ISO 1773 : 1997
5582,4,ISO 3585 : 0 : 0 0
28351,1,0 0 : 0 : 0 0
5583,1,0 0 : 0 : 0 0
25036,1,0 0 : 0 : 0 0
21622,1,ISO 461 : 1 : 2003
21622,2,ISO 462 : 2 : 1985
21383,1,ISO 461 : 2 : 0 0
21383,2,ISO 7137 : 0 : 0 0
21383,3,ISO 461 : 1 : 2003
30268,1,0 0 : 0 : 0 0
5622,1,0 0 : 0 : 0 0
5635,1,ISO 10578 : 1992
5635,2,ISO 1101 : 1983
5639,1,ISO 565 : 0 : 0 0
5639,2,ISO 1839 : 0 : 0 0
5640,1,ISO 1839 : 0 : 0 0
5641,1,ISO 1572 : 0 : 0 0
5641,2,ISO 1576 : 0 : 0 0
5641,3,ISO 1577 : 0 : 0 0
5642,1,ISO 1572 : 0 : 0 0
5642,2,ISO 1575 : 0 : 0 0
5643,1,ISO 1572 : 0 : 0 0
5643,2,ISO 1575 : 0 : 0 0
5643,3,ISO 1576 : 0 : 0 0
5644,1,ISO 1572 : 0 : 0 0
5644,2,ISO 1575 : 0 : 0 0
5645,1,ISO 787 : 0 : 0 0
5646,1,ISO 7516 : 0 : 0 0
5648,1,ISO 7513 : 0 : 0 0
5648,2,ISO 7516 : 0 : 0 0
5650,1,ISO 1573 : 0 : 0 0
5651,1,ISO 712 : 1985
5651,2,ISO 3093 : 1982
5651,3,ISO 3093 : 1982
24368,1,ISO/IEC 11571 : 1994
24368,2,ISO/IEC 11574 : 1994
24368,3,ISO/IEC 11579 : 1 : 1994
5652,1,ISO 565 : 1990
5652,2,ISO 648 : 1977
5652,3,ISO 712 : 1985
5652,4,ISO 2171 : 1980
5653,1,ISO 1809 : 0 : 0 0
5653,2,ISO 5238 : 2 : 0 0
5653,3,ISO 5239 : 0 : 0 0
5654,1,ISO 5238 : 1 : 0 0
5654,2,ISO 5239 : 0 : 0 0
5655,1,ISO 477 : 0 : 0 0
5655,2,ISO 1809 : 0 : 0 0
5655,3,ISO 5238 : 0 : 0 0
5656,1,ISO 1795 : 0 : 0 0
25448,1,ISO 1795 : 0 : 0 0
5657,1,ISO/IEC 10731 : 1994
5657,2,ISO 2375 : 1985
5657,3,ISO 3166 : 1 : 1997
5657,4,ISO/IEC 6523 : 1 : 1998
5657,5,ISO 8648 : 1988
5676,1,ISO 3585 : 0 : 0 0
5677,1,ISO 383 : 1976
5677,2,ISO 719 : 1985
5677,3,ISO 3585 : 1998
5677,4,ISO 4796 : 1 : 2000
5678,1,ISO 383 : 1976
5678,2,ISO 4796 : 1 : 2000
5678,3,ISO 4796 : 2 : 2000
5682,1,IEC 60331 : 0 : 0 0
5682,2,IEC 60332 : 1 : 0 0
5682,3,IEC 60332 : 3 : 0 0
5683,1,IEC 61000 : 4 : 2 2008
5683,2,IEC 61000 : 4 : 3
5683,3,IEC 61000 : 4 : 4 2012
5683,4,IEC 61000 : 4 : 6 2013
5683,5,IEC 61000 : 4 : 8 2009
5683,6,IEC 61000 : 4 : 11 2020
5683,7,IEC 61000 : 6 : 2 2016
5683,8,ISO 6980 : 3 : 2006
5683,9,IEC 61000 : 4 : 5
5683,10,ISO 4037 : 0 : 0 0
5683,11,ISO 4037 : 3 : 2019
5683,12,ISO 6980 : 0 : 0 0
5683,13,ISO 8529 : 0 : 0 0
5683,14,ISO/IEC 0 : 3 : 2008
28235,1,IEC 61000 : 4 : 2 2008
28235,2,IEC 61000 : 4 : 3
28235,3,IEC 61000 : 4 : 4 2012
28235,4,IEC 61000 : 4 : 6 2013
28235,5,IEC 61000 : 4 : 8 2009
28235,6,IEC 61000 : 4 : 11 2020
28235,7,IEC 61000 : 6 : 2 2016
28235,8,ISO 6980 : 3 : 2006
28235,9,IEC 61000 : 4 : 5
28235,10,ISO 4037 : 0 : 0 0
28235,11,ISO 4037 : 3 : 2019
28235,12,ISO 6980 : 0 : 0 0
28235,13,ISO 8529 : 0 : 0 0
28235,14,ISO/IEC 0 : 3 : 2008
5686,1,IEC 60335 : 1 : 1976
5686,2,IEC 60730 : 1982
5686,3,BSI 3855 : 3 : 1979
5698,1,IEC 61468 : 2000
5698,2,IEC 61513 : 2001
5698,3,IEC 62138 : 2004
33947,1,IEC 61468 : 2000
33947,2,IEC 61513 : 2001
33947,3,IEC 62138 : 2004
5704,1,ISO 643 : 0 : 0 0
5704,2,ISO 2408 : 0 : 0 0
5704,3,ISO 3189 : 2 : 0 0
5704,4,ISO 3189 : 3 : 0 0
5705,1,ISO 261 : 0 : 0 0
5705,2,ISO 643 : 0 : 0 0
5705,3,ISO 965 : 0 : 0 0
5705,4,ISO 3189 : 1 : 0 0
27811,1,ISO 643 : 0 : 0 0
27811,2,ISO 2408 : 0 : 0 0
27811,3,ISO 3189 : 2 : 0 0
27811,4,ISO 3189 : 3 : 0 0
27600,1,ISO 261 : 0 : 0 0
27600,2,ISO 643 : 0 : 0 0
27600,3,ISO 965 : 0 : 0 0
27600,4,ISO 3189 : 1 : 0 0
26527,1,0 0 : 0 : 0 0
17579,1,0 0 : 0 : 0 0
5709,1,ISO 7863 : 0 : 0 0
5709,2,ISO 1 : 1975
5709,3,ISO 3650 : 1978
5709,4,ISO 5459 : 1981
5709,5,ISO 8512 : 1 : 1990
5712,1,ISO 3754 : 2012
5713,1,ISO 3745 : 2012
29623,1,ISO 3754 : 2012
29624,1,ISO 3745 : 2012
29437,1,ISO 3754 : 2012
29438,1,ISO 3745 : 2012
5722,1,ISO/IEC 11570 : 1992
5722,2,ISO/IEC 9646 : 1 : 1994
5722,3,ISO/IEC 9646 : 2 : 1994
5722,4,ISO 0 : 0 : 0 0
65850,1,IEC 60871 : 1 : 1997
65852,1,IEC 60871 : 1 : 1987
5730,1,IEC 60871 : 1 : 1997
191,1,IEC 60871 : 1 : 1987
26390,1,ISO 4802 : 1 : 0 0
26390,2,ISO 4802 : 2 : 0 0
26390,3,ISO 11608 : 0 : 0 0
26391,1,ISO 8871 : 1 : 0 0
26391,2,ISO 8871 : 4 : 0 0
26391,3,ISO 11608 : 3 : 0 0
5732,1,ISO 286 : 2 : 1988
5733,1,ISO 286 : 2 : 1988
5740,1,ISO 3166 : 1993
33988,1,ISO 3166 : 1993
5742,1,ISO 230 : 1 : 1996
5742,2,ISO 230 : 2 : 1997
21725,1,ISO 10012 : 1992
21725,2,ISO 10002 : 2 : 0 0
21725,3,ISO 139 : 1973
21726,1,ISO 139 : 1973
21726,2,ISO 10012 : 1 : 1992
21726,3,ISO 10002 : 2 : 1991
541,1,ISO 139 : 0 : 0 0
541,2,ISO 10012 : 2003
541,3,ISO 4915 : 1991
541,4,ISO 7500 : 1 : 2004
542,1,ISO 139 : 0 : 0 0
542,2,ISO 10012 : 2003
542,3,ISO 4915 : 1991
542,4,ISO 7500 : 1 : 2004
543,1,ISO 139 : 0 : 0 0
543,2,ISO 10012 : 1 : 0 0
543,3,ISO 7500 : 1 : 0 0
5745,1,IEC 651 : 1979
5745,2,ISO 3534 : 0 : 0 0
5745,3,ISO 3741 : 0 : 0 0
5745,4,ISO 3742 : 0 : 0 0
5745,5,ISO 3743 : 0 : 0 0
5745,6,ISO 3744 : 0 : 0 0
5745,7,ISO 3745 : 0 : 0 0
5745,8,ISO 3746 : 0 : 0 0
5745,9,ISO 3951 : 0 : 0 0
5745,10,ISO 4871 : 0 : 0 0
5745,11,ISO 5725 : 0 : 0 0
5746,1,IEC 651 : 1979
5746,2,ISO 7574 : 1 : 1985
5746,3,ISO 7574 : 4 : 1985
5746,4,ISO 3741 : 0 : 0 0
5746,5,ISO 3742 : 0 : 0 0
5746,6,ISO 3743 : 0 : 0 0
5746,7,ISO 3744 : 0 : 0 0
5746,8,ISO 3745 : 0 : 0 0
5746,9,ISO 3746 : 0 : 0 0
5746,10,ISO 4871 : 0 : 0 0
5746,11,ISO 5725 : 0 : 0 0
5747,1,IEC 651 : 1979
5747,2,ISO 7574 : 1 : 1985
5747,3,ISO 7574 : 4 : 1985
5747,4,ISO 3741 : 0 : 0 0
5747,5,ISO 3742 : 0 : 0 0
5747,6,ISO 3743 : 0 : 0 0
5747,7,ISO 3744 : 0 : 0 0
5747,8,ISO 3745 : 0 : 0 0
5747,9,ISO 3746 : 0 : 0 0
5747,10,ISO 4871 : 0 : 0 0
5747,11,ISO 5725 : 0 : 0 0
5748,1,IEC 651 : 1979
5748,2,ISO 3951 : 0 : 0 0
5748,3,ISO 7574 : 1 : 1985
5748,4,ISO 4871 : 0 : 0 0
26371,1,ISO 13942 : 2000
26371,2,ISO 603 : 4 : 0 0
26371,3,ISO 603 : 4 : 0 0
26371,4,ISO 603 : 6 : 0 0
26371,5,ISO 603 : 6 : 0 0
26371,6,ISO 603 : 7 : 0 0
26371,7,ISO 603 : 8 : 0 0
26371,8,ISO 603 : 8 : 0 0
26371,9,ISO 603 : 9 : 0 0
26371,10,ISO 603 : 11 : 0 0
26371,11,ISO 603 : 12 : 0 0
26371,12,ISO 603 : 13 : 0 0
26371,13,ISO 603 : 14 : 0 0
26371,14,ISO 603 : 15 : 0 0
26371,15,ISO 603 : 16 : 0 0
147,1,ISO 13942 : 2000
147,2,ISO 603 : 4 : 0 0
147,3,ISO 603 : 4 : 0 0
147,4,ISO 603 : 6 : 0 0
147,5,ISO 603 : 6 : 0 0
147,6,ISO 603 : 7 : 0 0
147,7,ISO 603 : 8 : 0 0
147,8,ISO 603 : 8 : 0 0
147,9,ISO 603 : 9 : 0 0
147,10,ISO 603 : 11 : 0 0
147,11,ISO 603 : 12 : 0 0
147,12,ISO 603 : 13 : 0 0
147,13,ISO 603 : 14 : 0 0
147,14,ISO 603 : 15 : 0 0
147,15,ISO 603 : 16 : 0 0
25960,1,0 0 : 0 : 0 0
5758,1,0 0 : 0 : 0 0
5759,1,0 0 : 0 : 0 0
29091,1,0 0 : 0 : 0 0
5764,1,IEC 60050 : 441 : 1984
5764,2,IEC 60068 : 2 : 6 1995
5764,3,IEC 60068 : 2 : 14 1984
5764,4,IEC 60068 : 2 : 27 1987
5764,5,IEC 60068 : 2 : 30 19980
5764,6,IEC 60364 : 0 : 0 0
5764,7,IEC 60446 : 1989
5764,8,IEC 60536 : 1976
5764,9,IEC 60947 : 1 : 1996
5764,10,IEC 60947 : 5 : 1 1997
5764,11,IEC 61000 : 4 : 2 1995
5764,12,IEC 61000 : 4 : 3 1995
5764,13,IEC 61000 : 4 : 4 1995
5764,14,IEC 61020 : 5 : 1 1991
5764,15,ISO 630 : 1995
23718,1,ISO 13959 : 2014
23718,2,ISO 14971 : 2007
23718,3,ISO 11663 : 2014
23718,4,IEC 60601 : 1 : 2005
23718,5,IEC 61010 : 1 : 2010
30559,1,0 0 : 0 : 0 0
5775,1,0 0 : 0 : 0 0
21548,1,ISO 594 : 0 : 0 0
21548,2,ISO 594 : 0 : 0 0
21548,3,ISO 8637 : 0 : 0 0
21548,4,ISO 10993 : 1 : 0 0
21548,5,ISO 10993 : 7 : 0 0
21548,6,ISO 10993 : 11 : 0 0
21548,7,ISO 11134 : 0 : 0 0
21548,8,ISO 11135 : 0 : 0 0
21548,9,ISO 11137 : 0 : 0 0
21548,10,ISO 13485 : 0 : 0 0
21548,11,ISO 13488 : 0 : 0 0
25609,1,IEC 60060 : 1 : 2010
25609,2,IEC 60855 : 1 : 2009
25609,3,IEC 61318 : 2007
25609,4,IEC 60212 : 1971
25609,5,IEC 60417 : 0 : 0 0
25609,6,IEC 61477 : 2009
25609,7,ISO 8486 : 1 : 1996
22641,1,IEC 60060 : 1 : 2010
22641,2,IEC 61318 : 2007
22641,3,IEC 60212 : 1971
22641,4,IEC 60417 : 0 : 0 0
22641,5,IEC 61477 : 0 : 0 0
5777,1,IEC 60050 : 151 : 1978
5777,2,IEC 60060 : 0 : 0 0
5777,3,IEC 60410 : 1973
5777,4,IEC 60855 : 1985
5777,5,IEC 60743 : 1985
5778,1,ISO 10317 : 1992
5778,2,ISO 355 : 1977
5778,3,ISO 492 : 0 : 0 0
5784,1,ISO 5667 : 11 : 2009
23477,1,ISO 772 : 0 : 0 0
23477,2,ISO 5667 : 1 : 0 0
23477,3,ISO 5667 : 3 : 0 0
23477,4,ISO 5667 : 14 : 0 0
29574,1,0 0 : 0 : 0 0
5786,1,0 0 : 0 : 0 0
5787,1,0 0 : 0 : 0 0
5788,1,0 0 : 0 : 0 0
29654,1,0 0 : 0 : 0 0
29658,1,0 0 : 0 : 0 0
66790,1,0 0 : 0 : 0 0
23993,1,0 0 : 0 : 0 0
33314,1,0 0 : 0 : 0 0
5797,1,0 0 : 0 : 0 0
21302,1,ISO 188 : 0 : 0 0
21302,2,ISO 1431 : -1 : 0 0
21302,3,ISO 6957 : 0 : 0 0
21302,4,ISO 9227 : 0 : 0 0
21302,5,ISO 13984 : 0 : 0 0
21302,6,ISO 21010 : 0 : 0 0
21302,7,ISO 21013 : -3 : 0 0
21302,8,ISO 21014 : 0 : 0 0
21302,9,ISO 21028 : -1 : 0 0
27847,1,0 0 : 0 : 0 0
21727,1,0 0 : 0 : 0 0
5836,1,IEC 60050 : 826 : 1982
5836,2,IEC 60529 : 1989
5836,3,IEC 60536 : 1976
5836,4,ISO 4267 : 1 : 1984
17582,1,0 0 : 0 : 0 0
28371,1,0 0 : 0 : 0 0
33925,1,ISO 14026 : 0 : 0 0
33925,2,ISO 14021 : 0 : 0 0
17583,1,ISO 14026 : 0 : 0 0
17583,2,ISO 14021 : 0 : 0 0
33044,1,0 0 : 0 : 0 0
17586,1,0 0 : 0 : 0 0
28710,1,ISO 14050 : 2009
22472,1,ISO 14050 : 2009
17591,1,0 0 : 0 : 0 0
28373,1,0 0 : 0 : 0 0
21162,1,0 0 : 0 : 0 0
33027,1,0 0 : 0 : 0 0
33028,1,0 0 : 0 : 0 0
21284,1,0 0 : 0 : 0 0
21130,1,0 0 : 0 : 0 0
21131,1,0 0 : 0 : 0 0
25749,1,0 0 : 0 : 0 0
33029,1,ISO 14030 : 4 : 0 0
33029,2,ISO 14097 : 0 : 0 0
21362,1,ISO 14030 : 4 : 0 0
21362,2,ISO 14097 : 0 : 0 0
25774,1,0 0 : 0 : 0 0
5846,1,IEC 60034 : 11 : 1978
5846,2,BSI 4999 : 72 : 1972
5850,1,ISO 2064 : 1996
5850,2,ISO 2080 : 0 : 0 0
26431,1,IEC 60068 : 2 : 29 1987
5857,1,IEC 60068 : 2 : 29 1987
31620,1,ISO 5832 : 2 : 0 0
31620,2,ISO 5832 : 3 : 0 0
31620,3,ISO 5832 : 5 : 0 0
31620,4,ISO 5832 : 7 : 0 0
31620,5,ISO 5832 : 8 : 0 0
31620,6,ISO 14630 : 0 : 0 0
31620,7,15223 : 0 : 0 0
31620,8,ISO 16061 : 0 : 0 0
5864,1,ISO 5832 : 2 : 0 0
5864,2,ISO 5832 : 3 : 0 0
5864,3,ISO 5832 : 5 : 0 0
5864,4,ISO 5832 : 7 : 0 0
5864,5,ISO 5832 : 8 : 0 0
5864,6,ISO 14630 : 0 : 0 0
5864,7,15223 : 0 : 0 0
5864,8,ISO 16061 : 0 : 0 0
18369,1,ISO 9689 : 1990
18369,2,ISO 2768 : 1 : 1989
18369,3,ISO 3696 : 1987
530,1,ISO/IEC 7810 : 0 : 0 0
26094,1,ISO/IEC 7810 : 0 : 0 0
26094,2,ISO/IEC 7811 : 9 : 0 0
26094,3,ISO/IEC 14443 : 1 : 2018
26094,4,ISO/IEC 15693 : 1 : 0 0
26095,1,ISO/IEC 7810 : 0 : 0 0
5872,1,ISO/IEC 7810 : 0 : 0 0
5872,2,ISO/IEC 7811 : 9 : 0 0
5872,3,ISO/IEC 14443 : 1 : 2018
5872,4,ISO/IEC 15693 : 1 : 0 0
26096,1,ISO/IEC 7810 : 0 : 0 0
5873,1,ISO/IEC 7810 : 0 : 0 0
25412,1,ISO 3601 : 2 : 2008
25412,2,ISO 5783 : 0 : 0 0
5875,1,ISO 3601 : 2 : 2008
5875,2,ISO 5783 : 0 : 0 0
5876,1,ISO 921 : 1997
5877,1,BSI 1980 : 1953
5878,1,ISO 1101 : 1983
5878,2,ISO 1219 : 1 : 1991
5878,3,ISO 4401 : 1994
5878,4,ISO 5598 : 1985
32745,1,IEC 60734 : 2012
32745,2,IEC 62301 : 2011
32745,3,ISO 2060 : 1994
32745,4,ISO 7211 : 2 : 1984
5884,1,IEC 60734 : 2012
5884,2,IEC 62301 : 2011
5884,3,ISO 2060 : 1994
5884,4,ISO 7211 : 2 : 1984
23852,1,ISO 11135 : 1 : 0 0
23852,2,ISO 11138 : 1 : 2006
23852,3,ISO 11138 : 2 : 0 0
23852,4,ISO 11138 : 3 : 0 0
23852,5,ISO 11138 : 4 : 0 0
23852,6,ISO 11138 : 5 : 0 0
23852,7,ISO 11737 : 1 : 0 0
23852,8,ISO 14937 : 0 : 0 0
23852,9,ISO 17665 : 1 : 0 0
23852,10,ISO 18472 : 2006
5897,1,ISO 8778 : 0 : 0 0
5898,1,ISO 240 : 1994
5903,1,ISO/IEC 24789 : 2 : 0 0
31783,1,ISO/IEC 24789 : 2 : 0 0
5905,1,ISO 3166 : 1 : 0 0
5905,2,ISO 8583 : 1 : 0 0
28015,1,ISO 3166 : 1 : 0 0
28015,2,ISO 8583 : 1 : 0 0
322,1,ISO 10373 : 0 : 0 0
322,2,ISO 10536 : 0 : 0 0
322,3,ISO 14443 : 0 : 0 0
322,4,ISO 15693 : 0 : 0 0
5907,1,ISO/IEC 9171 : 1 : 1990
5907,2,ISO/IEC 9171 : 2 : 1990
5907,3,ISO/IEC 10994 : 1992
5907,4,ISO/IEC 11560 : 1992
5907,5,ISO/IEC 13422 : 0 : 0 0
5907,6,ISO/IEC 13481 : 1993
5907,7,ISO/IEC 13549 : 1993
5907,8,ISO/IEC 13842 : 0 : 0 0
5907,9,ISO/IEC 13963 : 1994
5908,1,ISO/IEC 2375 : 0 : 0 0
33911,1,ISO/IEC 2375 : 0 : 0 0
5913,1,ISO 15223 : 1 : 2012
5913,2,ISO 361 : 0 : 0 0
5913,3,ISO 3166 : 1 : 0 0
5913,4,ISO 3864 : 1 : 0 0
5913,5,ISO 7000 : 0 : 0 0
5913,6,ISO 7010 : 0 : 0 0
5913,7,ISO 8601 : 0 : 0 0
5913,8,ISO/IEC 11581 : 5 : 0 0
5913,9,IEC 60204 : 1 : 0 0
5913,10,IEC 60417 : 0 : 0 0
5913,11,IEC 60601 : 1 : 8 2006
5913,12,IEC 60601 : 2 : 18 2009
5913,13,IEC 60601 : 2 : 22 2007
5913,14,IEC 60601 : 2 : 57
5913,15,IEC 60747 : 1 : 0 0
5913,16,IEC 60825 : 1 : 0 0
5913,17,IEC 61310 : 1 : 0 0
5913,18,IEC 61140 : 0 : 0 0
5913,19,IEC 61558 : 1 : 0 0
5913,20,IEC 62368 : 1 : 0 0
5913,21,IEC 80416 : 0 : 0 0
31012,1,ISO 11844 : 1 : 2020
31012,2,ISO 11844 : 2 : 2020
31012,3,ISO 11844 : 3 : 2020
31012,4,ISO 9224 : 2012
5926,1,ISO 11844 : 1 : 2020
5926,2,ISO 11844 : 2 : 2020
5926,3,ISO 11844 : 3 : 2020
5926,4,ISO 9224 : 2012
5927,1,ISO 8117 : 0 : 0 0
5927,2,ISO 8188 : 0 : 0 0
5933,1,IEC 62097 : 2009
5933,2,ISO 2186 : 2007
5933,3,ISO 2533 : 1975
5933,4,ISO 4185 : 1980
28833,1,IEC 62097 : 2009
28833,2,ISO 2186 : 2007
28833,3,ISO 2533 : 1975
28833,4,ISO 4185 : 1980
5934,1,ISO 31 : 3 : 1992
5934,2,IEC 953 : 2 : 1990
5935,1,IEC 953 : 1 : 1990
5935,2,ISO 31 : 3 : 1992
5937,1,0 0 : 0 : 0 0
37,1,ISO/IEC 2382 : 37 : 0 0
38,1,ISO 9075 : 0 : 0 0
66350,1,ISO/IEC 2382 : 37 : 0 0
26929,1,ISO/IEC 8825 : 1 : 0 0
26929,2,ISO/IEC 8824 : 1 : 0 0
26929,3,ISO/IEC 8824 : 2 : 0 0
26929,4,ISO/IEC 8824 : 3 : 0 0
26929,5,ISO/IEC 8824 : 4 : 0 0
26929,6,ISO/IEC 9594 : 8 : 0 0
5945,1,ISO/IEC 10918 : 1 : 0 0
5945,2,ISO/IEC 11544 : 0 : 0 0
26209,1,ISO/IEC 8825 : 1 : 0 0
32486,1,ISO/IEC 10918 : 1 : 0 0
32486,2,ISO/IEC 11544 : 0 : 0 0
21739,1,ISO/IEC 8825 : 1 : 0 0
26097,1,ISO/IEC 2382 : 37 : 0 0
5947,1,IEC 651 : 1979
5947,2,IEC 953 : 1 : 1990
5947,3,IEC 953 : 2 : 1990
5947,4,ISO 2372 : 1974
5966,1,IEC 60060 : 1 : 1973
5966,2,IEC 60034 : 1 : 1983
5966,3,IEC 60071 : 1 : 1976
5971,1,ISO 8615 : 0 : 0 0
5971,2,ISO 261 : 0 : 0 0
5971,3,ISO 272 : 0 : 0 0
5971,4,ISO 965 : 2 : 0 0
5971,5,ISO 5832 : 1 : 0 0
5971,6,ISO 5832 : 2 : 0 0
5971,7,ISO 5823 : 3 : 0 0
5971,8,ISO 5832 : 4 : 0 0
5971,9,ISO 5832 : 5 : 0 0
5971,10,ISO 965 : 2 : 0 0
5971,11,ISO 5832 : 1 : 0 0
5971,12,ISO 5832 : 2 : 0 0
5971,13,ISO 5832 : 3 : 0 0
5971,14,ISO 5832 : 4 : 0 0
5971,15,ISO 5832 : 5 : 0 0
5971,16,ISO 5832 : 0 : 0 0
5971,17,ISO 5832 : 6 : 0 0
5971,18,ISO 5832 : 7 : 0 0
5971,19,ISO 5832 : 8 : 0 0
5971,20,ISO 5835 : 0 : 0 0
5971,21,ISO 5836 : 0 : 0 0
5971,22,ISO 6018 : 0 : 0 0
5971,23,ISO 9268 : 0 : 0 0
5971,24,ISO 9269 : 0 : 0 0
5972,1,ISO 5832 : 1 : 0 0
5972,2,ISO 5832 : 3 : 0 0
5972,3,ISO 5832 : 4 : 0 0
5972,4,ISO 5832 : 5 : 0 0
5972,5,ISO 6018 : 0 : 0 0
5972,6,ISO 6892 : 0 : 0 0
5972,7,ISO 8827 : 0 : 0 0
5973,1,ISO 9585 : 0 : 0 0
66375,1,IEC 60416 : 0 : 0 0
66375,2,IEC 60417 : 1 : 0 0
66375,3,IEC 60529 : 0 : 0 0
66375,4,IEC 60617 : 0 : 0 0
66375,5,IEC 60728 : 2 : 0 0
66375,6,IEC 60825 : 0 : 0 0
66375,7,IEC 60825 : 1 : 0 0
5977,1,IEC 60416 : 0 : 0 0
5977,2,IEC 60417 : 1 : 0 0
5977,3,IEC 60529 : 0 : 0 0
5977,4,IEC 60617 : 0 : 0 0
5977,5,IEC 60728 : 2 : 0 0
5977,6,IEC 60825 : 0 : 0 0
5977,7,IEC 60825 : 1 : 0 0
5982,1,IEC 60728 : 2 : 0 0
5982,2,IEC 13818 : 1 : 2007
5983,1,IEC 60169 : 8 : 0 0
5983,2,IEC 60728 : 6 : 0 0
5983,3,IEC 60793 : 2 : 0 0
5983,4,IEC 60874 : 14 : 0 0
5983,5,ISO/IEC 13818 : 1 : 0 0
5983,6,ISO/IEC 13818 : 9 : 0 0
5983,7,ISO/IEC 14165 : 0 : 0 0
5983,8,ISO 2110 : 0 : 0 0
5983,9,other 0 : 0 : 0 0
5983,10,other 0 : 0 : 0 0
5983,11,other 0 : 0 : 0 0
5987,1,ISO 13738 : 2000
5990,1,ISO 5598 : 1985
23143,1,ISO 5835 : 1991
5992,1,ISO 9714 : 1 : 0 0
5992,2,ISO 5835 : 0 : 0 0
5992,3,ISO 7153 : 1 : 0 0
5992,4,ISO 6475 : 0 : 0 0
5992,5,ISO 5836 : 0 : 0 0
5992,6,ISO 8319 : 1 : 0 0
5992,7,ISO 9269 : 0 : 0 0
5992,8,ISO 9585 : 0 : 0 0
5992,9,ISO 8319 : 2 : 0 0
5994,1,ISO 5835 : 0 : 0 0
5994,2,ISO 5835 : 0 : 0 0
5994,3,ISO 9714 : 1 : 0 0
5994,4,ISO 7153 : 1 : 0 0
5994,5,ISO 2014 : 0 : 0 0
30560,1,ISO 2808 : 2019
30560,2,ISO 4628 : 2 : 2016
410,1,ISO 2808 : 2019
410,2,ISO 4628 : 2 : 2016
25449,1,IEC 60068 : 2 : 1
25449,2,IEC 60068 : 2 : 2
25449,3,IEC 60068 : 2 : 6
25449,4,IEC 60068 : 2 : 14
25449,5,IEC 60068 : 2 : 27
25449,6,IEC 60068 : 2 : 30
25449,7,IEC 60068 : 2 : 31
25449,8,IEC 60068 : 2 : 32
25449,9,IEC 60364 : 0 : 0 0
25449,10,IEC 60417 : 0 : 0 0
25449,11,IEC 60529 : 0 : 0 0
25449,12,IEC 60664 : 1 : 0 0
25449,13,IEC 60664 : 3 : 0 0
25449,14,IEC 60695 : 2 : 1
25449,15,IEC 60707 : 0 : 0 0
25449,16,IEC 60947 : 5 : 1
25449,17,IEC 60947 : 7 : 1
25449,18,IEC 60950 : 1 : 0 0
25449,19,IEC 61000 : 4 : 2
25449,20,IEC 61000 : 4 : 3
25449,21,IEC 61000 : 4 : 4
25449,22,IEC 61000 : 4 : 5
25449,23,IEC 61000 : 4 : 6
25449,24,IEC 61000 : 4 : 8
25449,25,IEC 61000 : 4 : 12
25449,26,IEC 61010 : 1 : 0 0
6008,1,IEC 61131 : 2 : 0 0
6008,2,IEC 61131 : 3 : 0 0
6009,1,IEC 60068 : 2 : 1
6009,2,IEC 60068 : 2 : 2
6009,3,IEC 60068 : 2 : 6
6009,4,IEC 60068 : 2 : 14
6009,5,IEC 60068 : 2 : 27
6009,6,IEC 60068 : 2 : 30
6009,7,IEC 60068 : 2 : 31
6009,8,IEC 60068 : 2 : 32
6009,9,IEC 60364 : 0 : 0 0
6009,10,IEC 60417 : 0 : 0 0
6009,11,IEC 60529 : 0 : 0 0
6009,12,IEC 60664 : 1 : 0 0
6009,13,IEC 60664 : 3 : 0 0
6009,14,IEC 60695 : 2 : 1
6009,15,IEC 60707 : 0 : 0 0
6009,16,IEC 60947 : 5 : 1
6009,17,IEC 60947 : 7 : 1
6009,18,IEC 60950 : 1 : 0 0
6009,19,IEC 61000 : 4 : 2
6009,20,IEC 61000 : 4 : 3
6009,21,IEC 61000 : 4 : 4
6009,22,IEC 61000 : 4 : 5
6009,23,IEC 61000 : 4 : 6
6009,24,IEC 61000 : 4 : 8
6009,25,IEC 61000 : 4 : 12
6009,26,IEC 61010 : 1 : 0 0
6013,1,ISO 8424 : 1987
6013,2,ISO 3696 : 1987
6016,1,ISO 4184 : 1992
6016,2,BSI 3790 : 1981
23950,1,0 0 : 0 : 0 0
31539,1,0 0 : 0 : 0 0
25156,1,0 0 : 0 : 0 0
6044,1,0 0 : 0 : 0 0
21285,1,ISO 377 : 2017
21285,2,ISO 9147 : 1987
33367,1,ISO 377 : 2017
33367,2,ISO 9147 : 1987
6045,1,ISO 377 : 1 : 0 0
6045,2,ISO 9147 : 1987
24172,1,IEC 60269 : 6 : 0 0
24172,2,IEC 60891 : 0 : 0 0
24172,3,IEC 60904 : 1 : 0 0
24172,4,IEC 60904 : 1 : 2
24172,5,IEC 60904 : 3 : 0 0
24172,6,IEC 60904 : 10 : 0 0
24172,7,IEC 60904 : 13 : 0 0
24172,8,IEC 61140 : 0 : 0 0
24172,9,IEC 61215 : 1 : 1
24172,10,IEC 61215 : 2 : 0 0
24172,11,IEC 61730 : 1 : 2016
24172,12,IEC 61730 : 2 : 0 0
24172,13,IEC 61836 : 0 : 0 0
24172,14,IEC 61853 : 1 : 0 0
24172,15,IEC 62782 : 0 : 0 0
24172,16,IEC 62804 : 1 : 2015
24172,17,IEC 62852 : 0 : 0 0
24172,18,IEC 62915 : 0 : 0 0
24172,19,IEC 62941 : 0 : 0 0
24172,20,IEC 63163 : 0 : 0 0
24172,21,ISO/IEC 98 : 3 : 0 0
24173,1,IEC 60068 : 1 : 0 0
24174,1,IEC 60068 : 1 : 0 0
24175,1,IEC 60068 : 1 : 0 0
24176,1,IEC 60068 : 1 : 0 0
24178,1,IEC 60068 : 1 : 0 0
28819,1,IEC 60269 : 6 : 0 0
28819,2,IEC 60891 : 0 : 0 0
28819,3,IEC 60904 : 1 : 0 0
28819,4,IEC 60904 : 1 : 2
28819,5,IEC 60904 : 3 : 0 0
28819,6,IEC 60904 : 10 : 0 0
28819,7,IEC 60904 : 13 : 0 0
28819,8,IEC 61140 : 0 : 0 0
28819,9,IEC 61215 : 1 : 1
28819,10,IEC 61215 : 2 : 0 0
28819,11,IEC 61730 : 1 : 2016
28819,12,IEC 61730 : 2 : 0 0
28819,13,IEC 61836 : 0 : 0 0
28819,14,IEC 61853 : 1 : 0 0
28819,15,IEC 62782 : 0 : 0 0
28819,16,IEC 62804 : 1 : 2015
28819,17,IEC 62852 : 0 : 0 0
28819,18,IEC 62915 : 0 : 0 0
28819,19,IEC 62941 : 0 : 0 0
28819,20,IEC 63163 : 0 : 0 0
28819,21,ISO/IEC 98 : 3 : 0 0
28820,1,IEC 60068 : 1 : 0 0
28821,1,IEC 60068 : 1 : 0 0
28822,1,IEC 60068 : 1 : 0 0
28823,1,IEC 60068 : 1 : 0 0
28824,1,IEC 60068 : 1 : 0 0
6047,1,ISO/IEC 17025 : 1999
6047,2,IEC 60904 : 1 : 1987
6047,3,IEC 60904 : 2 : 1989
6047,4,IEC 60904 : 3 : 1989
6047,5,IEC 60904 : 9 : 1995
6047,6,ISO 60904 : 10 : 1998
6047,7,IEC 60068 : 1 : 1988
6047,8,IEC 60068 : 2 : 21 1983
6047,9,IEC 60410 : 1973
6047,10,IEC 60721 : 2 : 1 1982
6047,11,IEC 60891 : 1987
30843,1,ISO 8565 : 2011
30843,2,ISO 9223 : 2012
30843,3,ISO 9224 : 2012
30843,4,ISO 8407 : 2012
6057,1,ISO 8565 : 2011
6057,2,ISO 9223 : 2012
6057,3,ISO 9224 : 2012
6057,4,ISO 8407 : 2012
23851,1,0 0 : 0 : 0 0
27984,1,0 0 : 0 : 0 0
6058,1,0 0 : 0 : 0 0
31115,1,ISO 8044 : 2020
31115,2,ISO 9223 : 2012
6079,1,ISO 8044 : 2020
6079,2,ISO 9223 : 2012
30890,1,ISO 9223 : 2012
30890,2,ISO 11844 : 3 : 2020
6080,1,ISO 9223 : 2012
6080,2,ISO 11844 : 3 : 2020
6082,1,ISO 2854 : 0 : 0 0
32726,1,ISO 2854 : 0 : 0 0
6090,1,ISO 123 : 0 : 0 0
27504,1,0 0 : 0 : 0 0
6091,1,0 0 : 0 : 0 0
21005,1,0 0 : 0 : 0 0
6124,1,ISO 1502 : 1978
66185,1,ISO 1929 : 1974
66185,2,ISO 2976 : 1973
6128,1,ISO 1929 : 1974
6128,2,ISO 2976 : 1973
6148,1,0 0 : 0 : 0 0
33716,1,0 0 : 0 : 0 0
6152,1,IEC 60870 : 1 : 0 0
6152,2,IEC 60870 : 2 : 0 0
6152,3,IEC 60870 : 3 : 0 0
6154,1,ISO 898 : 1 : 1988
24299,1,ISO 14397 : 2 : 0 0
6167,1,ISO 18856 : 2004
29313,1,ISO 18856 : 2004
21978,1,ISO 11990 : 0 : 0 0
32029,1,AIS 9 : 2011
32029,2,AIS 126 : 2014
32029,3,AIS 0 : 2013
32029,4,AIS 38 : 2015
32029,5,AIS 156 : 2020
6174,1,AIS 9 : 2011
6174,2,AIS 126 : 2014
6174,3,AIS 0 : 2013
6174,4,AIS 38 : 2015
6174,5,AIS 156 : 2020
6184,1,ISO 16030 : 0 : 0 0
25413,1,ISO 16030 : 0 : 0 0
27419,1,ISO/TS 2963 : 2006
27419,2,ISO 8968 : 4 : 2001
27419,3,ISO 15151 : 2018
27419,4,ISO 15213 : 2003
27419,5,ISO 16958 : 2015
27419,6,ISO 20649 : 2015
27419,7,ISO 21424 : 2018
27419,8,ISO 22964 : 2017
27419,9,ISO 27105 : 2016
6194,1,ISO/TS 2963 : 2006
6194,2,ISO 8968 : 4 : 2001
6194,3,ISO 15151 : 2018
6194,4,ISO 15213 : 2003
6194,5,ISO 16958 : 2015
6194,6,ISO 20649 : 2015
6194,7,ISO 21424 : 2018
6194,8,ISO 22964 : 2017
6194,9,ISO 27105 : 2016
27285,1,ISO/TS 2963 : 2006
27285,2,ISO 8968 : 4 : 2001
27285,3,ISO 15151 : 2018
27285,4,ISO 15213 : 2003
27285,5,ISO 16958 : 2015
27285,6,ISO 20649 : 2015
27285,7,ISO 21424 : 2018
27285,8,ISO 22964 : 2017
27285,9,ISO 27105 : 2016
6196,1,ISO 1183 : 1987
6196,2,ISO 1133 : 1991
28882,1,ISO 1183 : 1987
28882,2,ISO 1133 : 1991
6205,1,ISO 9175 : 1 : 1988
6205,2,ISO 9175 : 2 : 1988
6210,1,ISO 7152 : 0 : 0 0
6210,2,ISO 9290 : 1990
6210,3,ISO 7152 : 1990
67139,1,0 0 : 0 : 0 0
6219,1,0 0 : 0 : 0 0
29289,1,0 0 : 0 : 0 0
6221,1,ISO 3635 : 0 : 0 0
6222,1,ISO 3635 : 1981
6223,1,0 0 : 0 : 0 0
6224,1,ISO 8119 : 2 : 1989
30738,1,0 0 : 0 : 0 0
6229,1,0 0 : 0 : 0 0
6231,1,0 0 : 0 : 0 0
31086,1,0 0 : 0 : 0 0
6234,1,0 0 : 0 : 0 0
30181,1,0 0 : 0 : 0 0
24369,1,ISO 4309 : 0 : 0 0
27448,1,ISO 4309 : 0 : 0 0
66869,1,ISO 2632 : 1 : 1985
6251,1,ISO 2632 : 1 : 1985
29697,1,ISO 3170 : 0 : 0 0
29697,2,ISO 3171 : 0 : 0 0
29697,3,ISO 3696 : 0 : 0 0
29697,4,ISO 4787 : 0 : 0 0
25102,1,ISO 3171 : 1988
28942,1,ISO 23572 : 2020
18,1,ISO 3170 : 2004
18,2,ISO 3696 : 1987
18,3,ISO 4787 : 2010
18,4,ISO 3171 : 1988
18,5,ASTM 2700 : 2012
19,1,ISO 3735 : 1999
19,2,ISO 1773 : 1997
19,3,ISO 3170 : 2004
19,4,ISO 4793 : 1980
19,5,ISO 5272 : 1979
19,6,ISO 3171 : 1988
20,1,ISO 3170 : 0 : 0 0
20,2,ISO 3171 : 0 : 0 0
20,3,ISO 3696 : 0 : 0 0
20,4,ISO 4787 : 0 : 0 0
34070,1,ISO 3105 : 1994
34070,2,ISO 3696 : 1987
34070,3,ASTM 2877 : 2012
33815,1,0 0 : 0 : 0 0
33816,1,0 0 : 0 : 0 0
33818,1,0 0 : 0 : 0 0
33819,1,0 0 : 0 : 0 0
30767,1,0 0 : 0 : 0 0
29493,1,0 0 : 0 : 0 0
575,1,ISO 0 : 1988
575,2,ASTM 0 : 2017
575,3,ASTM 0 : 2011
575,4,ASTM 0 : 2019
575,5,ISO 3171 : 1988
575,6,ASTM 0 : 2017
575,7,ASTM 0 : 2011
575,8,ASTM 0 : 2012
71,1,ISO 7536 : 1994
25931,1,ISO 3171 : 1988
25931,2,ASTM 0 : 2014
25931,3,BSI 0 : 1999
25931,4,BSI 2000 : 1999
596,1,ISO 3007 : 1999
596,2,ISO 3170 : 2004
27991,1,0 0 : 0 : 0 0
27992,1,0 0 : 0 : 0 0
27993,1,0 0 : 0 : 0 0
90,1,ISO 3171 : 1988
90,2,ASTM 0 : 2017
90,3,ASTM 0 : 2012
24671,1,0 0 : 0 : 0 0
32095,1,ISO 3171 : 1988
32095,2,ISO 15528 : 2020
23141,1,ISO 3015 : 1992
23141,2,ISO 3016 : 1994
23141,3,ISO 91 : 1 : 1992
23141,4,ISO 91 : 2 : 1991
23141,5,ISO 3170 : 1988
23141,6,ISO 3171 : 1988
23141,7,ISO 3696 : 1987
23141,8,ISO 3838 : 1983
23141,9,ISO 0 : 0 : 0 0
23910,1,ISO 6375 : 1980
23910,2,ISO 6997 : 1985
23910,3,ISO 8723 : 1986
23910,4,ISO 11412 : 1998
109,1,ISO 6615 : 1993
109,2,ISO 3170 : 2004
109,3,ISO 1772 : 1975
109,4,ISO 3405 : 2011
109,5,ISO 3171 : 1988
109,6,ISO 6245 : 0 : 0 0
109,7,ISO 4262 : 0 : 0 0
109,8,ISO 10370 : 0 : 0 0
109,9,ISO 4262 : 0 : 0 0
109,10,ISO 1772 : 1975
22896,1,ISO 683 : 17 : 1999
22896,2,ISO 3170 : 1988
6257,1,0 0 : 0 : 0 0
6258,1,0 0 : 0 : 0 0
116,1,ISO 2049 : 1996
116,2,ISO 3015 : 1992
116,3,ISO 3016 : 1994
116,4,ISO 3696 : 1987
116,5,ISO 6271 : 2004
116,6,ISO 6353 : 2 : 1983
117,1,ISO 3170 : 2004
117,2,ISO 3696 : 1987
117,3,ISO 4787 : 2010
117,4,ISO 3171 : 1988
117,5,ASTM 2700 : 2012
29301,1,0 0 : 0 : 0 0
120,1,ISO 7624 : 1997
120,2,ISO 3696 : 1987
120,3,ISO 4793 : 1980
6264,1,ISO 3012 : 1999
6264,2,ISO 3012 : 1974
6264,3,ISO 385 : 1 : 1984
6264,4,ISO 3170 : 2004
6264,5,ISO 3171 : 1988
6264,6,ISO 3675 : 1998
6264,7,ISO 3696 : 1987
6264,8,ISO 12185 : 1996
121,1,ISO 3534 : 1 : 0 0
121,2,ISO 3534 : 2 : 0 0
6265,1,ISO 3170 : 1988
6265,2,ISO 3171 : 1988
6265,3,ISO 3013 : 1997
6267,1,0 0 : 0 : 0 0
6270,1,0 0 : 0 : 0 0
132,1,ISO 3839 : 1996
132,2,ISO 3405 : 2011
132,3,ISO 3696 : 1987
6276,1,0 0 : 0 : 0 0
24964,1,ISO 3171 : 1988
133,1,ISO 2909 : 2002
133,2,ISO 3104 : 1994
22917,1,0 0 : 0 : 0 0
134,1,ISO 3170 : 2004
134,2,ISO 3171 : 1988
6280,1,0 0 : 0 : 0 0
6281,1,0 0 : 0 : 0 0
6282,1,0 0 : 0 : 0 0
24714,1,ISO 91 : 0 : 0 0
24714,2,ISO 3405 : 0 : 0 0
24714,3,ISO 3675 : 0 : 0 0
24714,4,ISO 3924 : 0 : 0 0
6283,1,0 0 : 0 : 0 0
24715,1,ISO 3171 : 0 : 0 0
24716,1,ISO 6353 : 2 : 0 0
24716,2,ISO 6618 : 0 : 0 0
6285,1,0 0 : 0 : 0 0
24717,1,ISO 91 : 1 : 0 0
24717,2,ISO 4260 : 0 : 0 0
24718,1,ISO 15528 : 0 : 0 0
6287,1,0 0 : 0 : 0 0
24719,1,ISO 3170 : 0 : 0 0
24720,1,ISO 3171 : 0 : 0 0
24721,1,ISO 3171 : 0 : 0 0
6293,1,0 0 : 0 : 0 0
6294,1,0 0 : 0 : 0 0
6297,1,0 0 : 0 : 0 0
6302,1,ASTM 0 : 1988
6302,2,ISO 3171 : 1988
6303,1,ISO 3171 : 1988
6303,2,ISO 3170 : 2004
6303,3,ISO 5272 : 1979
6303,4,ASTM 0 : 2015
6304,1,ISO 3170 : 1988
6304,2,ISO 3171 : 1988
6305,1,ISO 13757 : 1996
6305,2,ISO 3696 : 1987
6305,3,ISO 4257 : 1988
6306,1,ISO 7941 : 1988
6306,2,ISO 565 : 1990
6306,3,ISO 4257 : 1988
6307,1,ISO 6251 : 1996
6307,2,ISO 2160 : 1985
6307,3,ISO 6251 : 1996
6307,4,ISO 2160 : 1985
6307,5,ISO 3696 : 1987
22947,1,ISO 3170 : 2004
22947,2,ISO 3171 : 1988
6308,1,ISO 3675 : 1998
6308,2,ISO 649 : 1 : 1981
6308,3,ISO 3170 : 2004
6308,4,ISO 91 : 1 : 1992
6308,5,ISO 3171 : 1988
66725,1,ISO 3171 : 1988
66726,1,ISO 3171 : 1988
6313,1,ISO 3171 : 1988
6313,2,ISO 15528 : 2020
6314,1,ISO 1513 : 2010
6314,2,ISO 3171 : 1988
6314,3,ISO 15528 : 2013
6315,1,ISO 0 : 0 : 0 0
6316,1,ISO 756 : 1 : 1981
6316,2,ISO 3171 : 1988
6316,3,ISO 3837 : 1993
6319,1,ISO 3171 : 1988
6319,2,ASTM 0 : 2014
6319,3,BSI 0 : 1999
6319,4,BSI 2000 : 1999
6321,1,ISO 3171 : 1988
6321,2,ISO 4259 : 2006
6322,1,ISO 91 : 1 : 1992
6322,2,ISO 91 : 2 : 1992
6322,3,ISO 3007 : 1999
6322,4,ISO 653 : 1980
6322,5,ISO 3507 : 1999
6322,6,ISO 5024 : 1999
6326,1,ISO 3170 : 2004
6326,2,ISO 3170 : 1988
26551,1,0 0 : 0 : 0 0
6328,1,ISO 3170 : 1988
6328,2,ISO 9029 : 1990
6328,3,ISO 3171 : 1988
6328,4,ISO 4787 : 1984
6328,5,ISO 5272 : 1979
66233,1,ISO 3015 : 1992
66233,2,ISO 3016 : 1994
66233,3,ISO 91 : 1 : 1992
66233,4,ISO 91 : 2 : 1991
66233,5,ISO 3170 : 1988
66233,6,ISO 3171 : 1988
66233,7,ISO 3696 : 1987
66233,8,ISO 3838 : 1983
66233,9,ISO 0 : 0 : 0 0
22714,1,ISO 3170 : 0 : 0 0
29626,1,0 0 : 0 : 0 0
26555,1,ISO 683 : 17 : 1999
26555,2,ISO 3170 : 1988
29627,1,0 0 : 0 : 0 0
26557,1,ISO 0 : 1988
26557,2,ISO 0 : 1983
6339,1,ISO 4265 : 1986
6339,2,ISO 385 : 1 : 2005
6341,1,0 0 : 0 : 0 0
22217,1,ISO 2049 : 0 : 0 0
22217,2,ISO 2049 : 0 : 0 0
6347,1,ISO 23572 : 2020
26060,1,ISO 3170 : 2004
26060,2,ISO 3170 : 1988
6349,1,0 0 : 0 : 0 0
26061,1,ISO 3171 : 1988
26061,2,ASTM 0 : 2017
26061,3,ASTM 0 : 2012
6350,1,0 0 : 0 : 0 0
26063,1,ISO 0 : 1988
26063,2,ASTM 0 : 2017
26063,3,ASTM 0 : 2011
26063,4,ASTM 0 : 2019
26063,5,ISO 3171 : 1988
26063,6,ASTM 0 : 2017
26063,7,ASTM 0 : 2011
26063,8,ASTM 0 : 2012
6353,1,ISO 6353 : 2 : 1983
6353,2,ISO 6353 : 3 : 1987
26065,1,ISO 3171 : 1988
26065,2,ASTM 0 : 2014
26065,3,BSI 0 : 1999
26065,4,BSI 2000 : 1999
6354,1,0 0 : 0 : 0 0
22994,1,ISO 3105 : 1994
22994,2,ISO 3696 : 1987
22994,3,ASTM 2877 : 2012
6357,1,ISO 4256 : 1996
6357,2,ISO 3007 : 1986
6357,3,ISO 4257 : 1988
6358,1,0 0 : 0 : 0 0
28886,1,0 0 : 0 : 0 0
6359,1,ISO 8819 : 1993
26583,1,ISO 3171 : 1988
18393,1,ISO 3171 : 0 : 0 0
6365,1,ISO 3170 : 1988
6365,2,ISO 3405 : 1988
6365,3,ISO 3171 : 1988
6365,4,ISO 683 : 13 : 1986
6365,5,ISO 4262 : 1993
6368,1,ISO 385 : 1 : 1984
6368,2,ISO 835 : 1 : 1981
6368,3,ISO 1042 : 1998
6368,4,ISO 1770 : 1981
6368,5,ISO 3007 : 1986
6368,6,ISO 3170 : 1988
6368,7,ISO 3830 : 1993
30689,1,0 0 : 0 : 0 0
6370,1,0 0 : 0 : 0 0
66531,1,ISO 3171 : 1988
66531,2,ISO 3170 : 2004
66531,3,ISO 5272 : 1979
66531,4,ASTM 0 : 2015
6371,1,0 0 : 0 : 0 0
6373,1,0 0 : 0 : 0 0
6374,1,0 0 : 0 : 0 0
6375,1,ISO 11009 : 2000
6375,2,ISO 3696 : 1987
6376,1,ISO 3170 : 1988
6376,2,ISO 7120 : 1987
6376,3,ISO 3171 : 1988
6376,4,ISO 3696 : 1987
6376,5,ISO 4788 : 1980
6378,1,0 0 : 0 : 0 0
6379,1,ISO 3170 : 2004
6379,2,ISO 3448 : 1992
6379,3,ISO 3171 : 1988
23019,1,ISO 4257 : 1988
6380,1,ISO 3696 : 1987
21494,1,ISO 3170 : 0 : 0 0
21494,2,ISO 3696 : 0 : 0 0
21494,3,ISO 6246 : 0 : 0 0
21494,4,ISO 3171 : 0 : 0 0
21494,5,ISO 6353 : 2 : 0 0
26362,1,ISO 3171 : 1988
28924,1,0 0 : 0 : 0 0
66660,1,IEC 60780 : 0 : 0 0
66660,2,IEC 60880 : 0 : 0 0
66660,3,IEC 60980 : 0 : 0 0
66660,4,IEC 60987 : 0 : 0 0
66660,5,IEC 61000 : 4 : 12 2006
66660,6,IEC 61000 : 6 : 4 2006
66660,7,IEC 61069 : 1 : 1991
66660,8,IEC 61226 : 0 : 0 0
66660,9,IEC 61504 : 2000
66660,10,IEC 61559 : 2 : 2002
66660,11,IEC 62138 : 0 : 0 0
66660,12,IEC 62262 : 2002
66660,13,ISO 2889 : 2009
66660,14,IEC 60038 : 2002
6386,1,IEC 60780 : 0 : 0 0
6386,2,IEC 60880 : 0 : 0 0
6386,3,IEC 60980 : 0 : 0 0
6386,4,IEC 60987 : 0 : 0 0
6386,5,IEC 61000 : 4 : 12 2006
6386,6,IEC 61000 : 6 : 4 2006
6386,7,IEC 61069 : 1 : 1991
6386,8,IEC 61226 : 0 : 0 0
6386,9,IEC 61504 : 2000
6386,10,IEC 61559 : 2 : 2002
6386,11,IEC 62138 : 0 : 0 0
6386,12,IEC 62262 : 2002
6386,13,ISO 2889 : 2009
6386,14,IEC 60038 : 2002
6390,1,ISO 3635 : 1981
6393,1,ISO 2419 : 0 : 0 0
33532,1,ISO 2419 : 0 : 0 0
23575,1,IEC 60304 : 0 : 0 0
23575,2,IEC 61156 : 1 : 2002
23575,3,IEC 61156 : 2 : 1
23577,1,IEC 62153 : 4 : 9
23579,1,IEC 60304 : 0 : 0 0
23579,2,ISO/IEC 11801 : 0 : 0 0
23579,3,IEC 61156 : 1 : 2002
23583,1,IEC 60304 : 0 : 0 0
23583,2,ISO/IEC 11801 : 0 : 0 0
23583,3,IEC 61156 : 1 : 2002
21623,1,IEC 62153 : 4 : 9
33670,1,IEC 60332 : 1 : 2
33670,2,IEC 60332 : 2 : 2
33670,3,IEC 60332 : 3 : 24
33670,4,IEC 60332 : 3 : 25
33670,5,IEC 60708 : 0 : 0 0
33670,6,IEC 60754 : 2 : 0 0
33670,7,IEC 60794 : 1 : 21
33670,8,IEC 60811 : 201 : 0 0
33670,9,IEC 60811 : 202 : 0 0
33670,10,IEC 60811 : 203 : 0 0
33670,11,IEC 60811 : 401 : 0 0
33670,12,IEC 60811 : 501 : 0 0
33670,13,IEC 60811 : 502 : 0 0
33670,14,IEC 60811 : 504 : 0 0
33670,15,IEC 60811 : 506 : 0 0
33670,16,IEC 60811 : 508 : 0 0
33670,17,IEC 60811 : 509 : 0 0
33670,18,IEC 60811 : 510 : 0 0
33670,19,IEC 60332 : 1 : 2
33670,20,IEC 60332 : 2 : 2
33670,21,IEC 60332 : 3 : 24
33670,22,IEC 60332 : 3 : 25
33670,23,IEC 60708 : 0 : 0 0
33670,24,IEC 60754 : 2 : 0 0
33670,25,IEC 60794 : 1 : 21
33670,26,IEC 60811 : 201 : 0 0
33670,27,IEC 60811 : 202 : 0 0
33670,28,IEC 60811 : 203 : 0 0
33670,29,IEC 60811 : 401 : 0 0
33670,30,IEC 60811 : 501 : 0 0
33670,31,IEC 60811 : 502 : 0 0
33670,32,IEC 60811 : 504 : 0 0
33670,33,IEC 60811 : 506 : 0 0
33670,34,IEC 60811 : 508 : 0 0
33670,35,IEC 60811 : 509 : 0 0
33670,36,IEC 60811 : 510 : 0 0
33670,37,IEC 60332 : 1 : 2
33670,38,IEC 60332 : 2 : 2
33670,39,IEC 60332 : 3 : 24
33670,40,IEC 60332 : 3 : 25
33670,41,IEC 60708 : 0 : 0 0
33670,42,IEC 60754 : 2 : 0 0
33670,43,IEC 60794 : 1 : 21
33670,44,IEC 60811 : 201 : 0 0
33670,45,IEC 60811 : 202 : 0 0
33670,46,IEC 60811 : 203 : 0 0
33670,47,IEC 60811 : 401 : 0 0
33670,48,IEC 60811 : 501 : 0 0
33670,49,IEC 60811 : 502 : 0 0
33670,50,IEC 60811 : 504 : 0 0
33670,51,IEC 60811 : 506 : 0 0
33670,52,IEC 60811 : 508 : 0 0
33670,53,IEC 60811 : 509 : 0 0
33670,54,IEC 60811 : 510 : 0 0
29596,1,IEC 62153 : 4 : 9
29597,1,IEC 62153 : 4 : 9
6399,1,IEC 60332 : 1 : 2
6399,2,IEC 60332 : 2 : 2
6399,3,IEC 60332 : 3 : 24
6399,4,IEC 60332 : 3 : 25
6399,5,IEC 60708 : 0 : 0 0
6399,6,IEC 60754 : 2 : 0 0
6399,7,IEC 60794 : 1 : 21
6399,8,IEC 60811 : 201 : 0 0
6399,9,IEC 60811 : 202 : 0 0
6399,10,IEC 60811 : 203 : 0 0
6399,11,IEC 60811 : 401 : 0 0
6399,12,IEC 60811 : 501 : 0 0
6399,13,IEC 60811 : 502 : 0 0
6399,14,IEC 60811 : 504 : 0 0
6399,15,IEC 60811 : 506 : 0 0
6399,16,IEC 60811 : 508 : 0 0
6399,17,IEC 60811 : 509 : 0 0
6399,18,IEC 60811 : 510 : 0 0
6399,19,IEC 60332 : 1 : 2
6399,20,IEC 60332 : 2 : 2
6399,21,IEC 60332 : 3 : 24
6399,22,IEC 60332 : 3 : 25
6399,23,IEC 60708 : 0 : 0 0
6399,24,IEC 60754 : 2 : 0 0
6399,25,IEC 60794 : 1 : 21
6399,26,IEC 60811 : 201 : 0 0
6399,27,IEC 60811 : 202 : 0 0
6399,28,IEC 60811 : 203 : 0 0
6399,29,IEC 60811 : 401 : 0 0
6399,30,IEC 60811 : 501 : 0 0
6399,31,IEC 60811 : 502 : 0 0
6399,32,IEC 60811 : 504 : 0 0
6399,33,IEC 60811 : 506 : 0 0
6399,34,IEC 60811 : 508 : 0 0
6399,35,IEC 60811 : 509 : 0 0
6399,36,IEC 60811 : 510 : 0 0
6399,37,IEC 60332 : 1 : 2
6399,38,IEC 60332 : 2 : 2
6399,39,IEC 60332 : 3 : 24
6399,40,IEC 60332 : 3 : 25
6399,41,IEC 60708 : 0 : 0 0
6399,42,IEC 60754 : 2 : 0 0
6399,43,IEC 60794 : 1 : 21
6399,44,IEC 60811 : 201 : 0 0
6399,45,IEC 60811 : 202 : 0 0
6399,46,IEC 60811 : 203 : 0 0
6399,47,IEC 60811 : 401 : 0 0
6399,48,IEC 60811 : 501 : 0 0
6399,49,IEC 60811 : 502 : 0 0
6399,50,IEC 60811 : 504 : 0 0
6399,51,IEC 60811 : 506 : 0 0
6399,52,IEC 60811 : 508 : 0 0
6399,53,IEC 60811 : 509 : 0 0
6399,54,IEC 60811 : 510 : 0 0
6401,1,AIS 166 : 0 : 0 0
31540,1,AIS 166 : 0 : 0 0
24578,1,ISO 11664 : 1 : 0 0
24611,1,ISO/IEC 11172 : 3 : 0 0
24611,2,ISO/IEC 11172 : 4 : 0 0
24611,3,ISO/IEC 13818 : 3 : 0 0
24611,4,ISO/IEC 13818 : 4 : 0 0
24611,5,ISO/IEC 13818 : 7 : 0 0
24612,1,ISO/IEC 15444 : 1 : 2004
24612,2,ISO/IEC 14772 : 1 : 1997
24637,1,ISO/IEC 11172 : 2 : 1993
24637,2,ISO/IEC 13818 : 1 : 2000
24637,3,ISO/IEC 13818 : 2 : 2000
24387,1,0 0 : 0 : 0 0
24388,1,0 0 : 0 : 0 0
26180,1,ISO/IEC 11172 : 3 : 1993
26180,2,ISO/IEC 13818 : 7 : 2004
26180,3,ISO/IEC 23001 : 8 : 0 0
26180,4,ISO/IEC 23003 : 1 : 0 0
26180,5,ISO/IEC 23003 : 2 : 0 0
26180,6,ISO/IEC 23003 : 3 : 0 0
26180,7,ISO/IEC 23003 : 4 : 0 0
26180,8,ISO/IEC 13818 : 3 : 1998
26182,1,IEC 61966 : 2 : 1 2003
26182,2,ISO/IEC 10646 : 0 : 0 0
26182,3,ISO/IEC 15948 : 0 : 0 0
26182,4,IETF 0 : 0 : 0 0
26723,1,ISO/IEC 23008 : 2 : 2017
24423,1,ISO 639 : 2 : 1998
24423,2,ISO/IEC 10646 : 1 : 2000
24423,3,ISO/IEC 11172 : 2 : 1993
24423,4,ISO/IEC 11172 : 3 : 1993
24423,5,ISO/IEC 13818 : 3 : 1998
24423,6,ISO/IEC 13818 : 7 : 2006
24423,7,ISO/IEC 13818 : 2 : 2000
24423,8,ISO/IEC 10918 : 1 : 1994
24424,1,IETF 0 : 0 : 0 0
24424,2,IETF 0 : 0 : 0 0
24424,3,IETF 0 : 0 : 0 0
24424,4,IETF 0 : 0 : 0 0
24424,5,IETF 0 : 0 : 0 0
24424,6,IETF 0 : 0 : 0 0
24425,1,0 0 : 0 : 0 0
24681,1,ISO 639 : 1998
24681,2,ISO 8859 : 1 : 0 0
24681,3,IEC 461 : 1986
24681,4,IEC 908 : 1986
24681,5,ISO/IEC 9646 : 1 : 1994
24681,6,ISO/IEC 9646 : 2 : 1994
24681,7,ISO/IEC 9646 : 7 : 1995
24681,8,ISO/IEC 11172 : 1 : 1993
24681,9,ISO/IEC 11172 : 2 : 1993
24681,10,ISO/IEC 11172 : 3 : 1993
24681,11,ISO/IEC 11172 : 4 : 1995
24681,12,ISO/IEC 13818 : 3 : 1998
24681,13,ISO/IEC 13818 : 7 : 1997
24426,1,ISO/IEC 10646 : 0 : 0 0
24426,2,ISO/IEC 11578 : 0 : 0 0
24426,3,ISO 11664 : 0 : 0 0
24426,4,ISO 12232 : 0 : 0 0
24426,5,ISO/IEC 23001 : 0 : 0 0
24426,6,IETF 3986 : 0 : 0 0
24426,7,ISO/IEC 23002 : 0 : 0 0
24682,1,0 0 : 0 : 0 0
24427,1,ISO 639 : 2 : 1998
24427,2,ISO/IEC 9348 : 8 : 2005
24427,3,ISO/IEC 11578 : 1996
24427,4,ISO/IEC 15444 : 1 : 0 0
24427,5,ISO/IEC 15444 : 3 : 0 0
24427,6,ISO/IEC 15938 : 1 : 0 0
24427,7,ISO/IEC 23001 : 1 : 0 0
24427,8,ISO/IEC 23002 : 3 : 0 0
24427,9,ISO/IEC 29199 : 2 : 2012
24427,10,ISO 15076 : 1 : 2010
24427,11,ISO/IEC 23003 : 4 : 0 0
24430,1,ISO/IEC 23008 : 2 : 2017
24433,1,ISO/IEC 13818 : 1 : 0 0
24433,2,ISO/IEC 14882 : 2003
24433,3,ISO/IEC 16262 : 2002
31858,1,ISO/IEC 10646 : 0 : 0 0
31858,2,ISO/IEC 11578 : 0 : 0 0
31858,3,ISO 11664 : 0 : 0 0
31858,4,ISO 12232 : 0 : 0 0
31858,5,ISO/IEC 23001 : 0 : 0 0
31858,6,IETF 3986 : 0 : 0 0
31858,7,ISO/IEC 23002 : 0 : 0 0
66177,1,ISO 639 : 2 : 1998
66177,2,ISO/IEC 9348 : 8 : 2005
66177,3,ISO/IEC 11578 : 1996
66177,4,ISO/IEC 15444 : 1 : 0 0
66177,5,ISO/IEC 15444 : 3 : 0 0
66177,6,ISO/IEC 15938 : 1 : 0 0
66177,7,ISO/IEC 23001 : 1 : 0 0
66177,8,ISO/IEC 23002 : 3 : 0 0
66177,9,ISO/IEC 29199 : 2 : 2012
66177,10,ISO 15076 : 1 : 2010
66177,11,ISO/IEC 23003 : 4 : 0 0
24454,1,ISO/IEC 10646 : 1 : 1993
24743,1,ISO/IEC 11172 : 3 : 1993
24743,2,ISO/IEC 13818 : 7 : 2004
24743,3,ISO/IEC 23001 : 8 : 0 0
24743,4,ISO/IEC 23003 : 1 : 0 0
24743,5,ISO/IEC 23003 : 2 : 0 0
24743,6,ISO/IEC 23003 : 3 : 0 0
24743,7,ISO/IEC 23003 : 4 : 0 0
24743,8,ISO/IEC 13818 : 3 : 1998
24494,1,ISO/IEC 13818 : 6 : 1998
24495,1,0 0 : 0 : 0 0
24496,1,ISO 639 : 2 : 1998
24496,2,ISO 9613 : 1 : 1993
24496,3,ISO/IEC 11172 : 2 : 1993
24496,4,ISO/IEC 11172 : 3 : 1993
24496,5,ISO/IEC 13818 : 3 : 1998
24496,6,ISO/IEC 13818 : 7 : 2004
24496,7,ISO/IEC 14772 : 1 : 1997
24496,8,ISO/IEC 16262 : 2002
24496,9,ISO/IEC 13818 : 2 : 2000
24496,10,ISO/IEC 10918 : 1 : 1994
24498,1,ISO/IEC 23001 : 1 : 0 0
24532,1,IEC 60461 : 0 : 0 0
24532,2,ISO/IEC 13818 : 2 : 2013
22771,1,IEC 61966 : 2 : 1 2003
22771,2,ISO/IEC 10646 : 0 : 0 0
22771,3,ISO/IEC 15948 : 0 : 0 0
22771,4,IETF 0 : 0 : 0 0
24569,1,0 0 : 0 : 0 0
6408,1,ISO 1183 : 1987
6421,1,ISO 8984 : 2 : 1993
6421,2,ISO 4113 : 1988
6421,3,ISO 4020 : 1 : 1979
6421,4,ISO 4010 : 1977
6421,5,ISO 2974 : 1990
6422,1,ISO 4008 : 3 : 1987
6422,2,ISO 4113 : 1991
6422,3,ISO 7440 : 1 : 1988
6422,4,ISO 8984 : 1 : 1993
6432,1,IEC 189 : 0 : 0 0
6432,2,IEC 304 : 0 : 0 0
6432,3,IEC 344 : 0 : 0 0
6432,4,IEC 28 : 0 : 0 0
6432,5,IEC 332 : 1 : 0 0
6432,6,IEC 811 : 1 : 2
6432,7,IEC 811 : 3 : 2
6432,8,IEC 60028 : 0 : 0 0
6432,9,IEC 332 : 1 : 0 0
6432,10,IEC 60811 : 1 : 2
6440,1,ISO 10218 : 1992
6440,2,ISO 8373 : 1994
6440,3,ISO 3283 : 1998
6440,4,ISO 9283 : 1983
6440,5,ISO 9409 : 1 : 1996
6441,1,ISO 9283 : 1988
6441,2,ISO 9787 : 1990
6441,3,ISO 8373 : 1994
6441,4,ISO 10218 : 1992
6442,1,ISO 297 : 1999
6443,1,ISO 9283 : 1988
6443,2,ISO 8373 : 1994
6443,3,ISO 9787 : 1990
6443,4,ISO 9946 : 1991
26455,1,ISO 14533 : 1 : 0 0
66465,1,ISO 14533 : 1 : 0 0
6444,1,ISO 1043 : 2 : 2011
6444,2,ISO 1043 : 3 : 2016
6444,3,ISO 5677 : 2023
6444,4,ISO 14021 : 2016
6444,5,ISO 22095 : 2020
6444,6,EN 15343 : 2008
28568,1,ISO 1043 : 2 : 2011
28568,2,ISO 1043 : 3 : 2016
28568,3,ISO 5677 : 2023
28568,4,ISO 14021 : 2016
28568,5,ISO 22095 : 2020
28568,6,EN 15343 : 2008
6445,1,ISO 1133 : 1991
6454,1,ISO 16266 : 2 : 2018
30670,1,ISO 16266 : 2 : 2018
6456,1,ISO 4014 : 1999
6456,2,ISO 4014 : 1999
6456,3,ISO 1035 : 3 : 1980
6456,4,ISO 2768 : 1 : 1989
6457,1,ISO 1996 : 2 : 2017
6457,2,ISO/IEC 17025 : 0 : 0 0
6457,3,IEC 60942 : 2017
6457,4,IEC 61183 : 0 : 0 0
6457,5,IEC 61260 : 1 : 0 0
6457,6,IEC 61260 : 3 : 0 0
6457,7,IEC 61672 : 1 : 0 0
6457,8,IEC 61672 : 3 : 0 0
31844,1,ISO 1996 : 2 : 2017
31844,2,ISO/IEC 17025 : 0 : 0 0
31844,3,IEC 60942 : 2017
31844,4,IEC 61183 : 0 : 0 0
31844,5,IEC 61260 : 1 : 0 0
31844,6,IEC 61260 : 3 : 0 0
31844,7,IEC 61672 : 1 : 0 0
31844,8,IEC 61672 : 3 : 0 0
6458,1,ISO 8815 : 1994
6458,2,IEC 461 : 0 : 0 0
31541,1,0 0 : 0 : 0 0
6468,1,0 0 : 0 : 0 0
6469,1,ISO 2859 : 1 : 1989
6469,2,IEC 86 : 1 : 0 0
6469,3,IEC 86 : 2 : 0 0
28478,1,ISO 9227 : 2017
28478,2,ISO 17514 : 2004
6470,1,ISO 9227 : 2017
6470,2,ISO 17514 : 2004
6480,1,IEC 60034 : 8 : 1972
6480,2,IEC 60072 : 1 : 1990
26424,1,IEC 61010 : 2 : 30 2017
26424,2,IEC 61326 : 1 : 2020
26424,3,IEC 61557 : 12 : 2018
6482,1,IEC 61010 : 2 : 30 2017
6482,2,IEC 61326 : 1 : 2020
6482,3,IEC 61557 : 12 : 2018
31849,1,IEC 61010 : 2 : 30 2017
31849,2,IEC 61326 : 1 : 2020
31849,3,IEC 61557 : 12 : 2018
31049,1,ISO 2418 : 0 : 0 0
31049,2,ISO 3696 : 0 : 0 0
6487,1,ISO 2418 : 0 : 0 0
6487,2,ISO 3696 : 0 : 0 0
6488,1,ISO 6966 : 1993
6488,2,ISO 7000 : 1989
6488,3,ISO 7718 : 1984
6488,4,ISO 11995 : 1996
6488,5,ISO 12056 : 1996
6489,1,IEC 60050 : 151 : 1978
6489,2,IEC 60050 : 411 : 1996
6489,3,IEC 60050 : 441 : 1984
6489,4,IEC 60092 : 201 : 1994
6489,5,IEC 60092 : 202 : 1994
29668,1,IEC 60050 : 151 : 1978
29668,2,IEC 60050 : 411 : 1996
29668,3,IEC 60050 : 441 : 1984
29668,4,IEC 60092 : 201 : 1994
29668,5,IEC 60092 : 202 : 1994
6494,1,0 0 : 0 : 0 0
6502,1,ISO 2160 : 1998
6502,2,ISO 3014 : 1993
6502,3,ISO 3405 : 2011
6502,4,ISO 6618 : 1997
6502,5,ISO 8754 : 2003
6502,6,ISO 12185 : 1996
6502,7,ISO 13736 : 2013
6502,8,ASTM 86 : 2017
6502,9,ASTM 130 : 2018
6502,10,ASTM 156 : 2015
6502,11,ASTM 1298 : 2012
6502,12,ASTM 1322 : 2018
6502,13,ASTM 2622 : 2016
6502,14,ASTM 4052 : 2016
6502,15,ASTM 4294 : 2016
6502,16,ASTM 5453 : 2016
6502,17,ISO/IEC 0 : 0 : 0 0
67058,1,ISO 2160 : 1998
67058,2,ISO 3014 : 1993
67058,3,ISO 3405 : 2011
67058,4,ISO 6618 : 1997
67058,5,ISO 8754 : 2003
67058,6,ISO 12185 : 1996
67058,7,ISO 13736 : 2013
67058,8,ASTM 86 : 2017
67058,9,ASTM 130 : 2018
67058,10,ASTM 156 : 2015
67058,11,ASTM 1298 : 2012
67058,12,ASTM 1322 : 2018
67058,13,ASTM 2622 : 2016
67058,14,ASTM 4052 : 2016
67058,15,ASTM 4294 : 2016
67058,16,ASTM 5453 : 2016
67058,17,ISO/IEC 0 : 0 : 0 0
6514,1,ISO 3405 : 2019
6514,2,ISO 13759 : 1996
6514,3,EN 12662 : 2014
6514,4,EN 12916 : 2019
6514,5,EN 15751 : 2014
6514,6,EN 16091 : 2022
6514,7,ASTM 4046 : 2014
32706,1,ISO 3405 : 2019
32706,2,ISO 13759 : 1996
32706,3,EN 12662 : 2014
32706,4,EN 12916 : 2019
32706,5,EN 15751 : 2014
32706,6,EN 16091 : 2022
32706,7,ASTM 4046 : 2014
28985,1,0 0 : 0 : 0 0
6518,1,0 0 : 0 : 0 0
27241,1,ISO 7 : 1 : 1994
27241,2,ISO 7806 : 1983
6521,1,ISO 7 : 1 : 1994
6521,2,ISO 7806 : 1983
6522,1,ISO 14726 : 2008
6522,2,ISO 15583 : 2005
26497,1,ISO 14726 : 2008
26497,2,ISO 15583 : 2005
29812,1,IEC 61000 : 4 : 19
6530,1,IEC 61000 : 4 : 19
22883,1,ISO 5167 : 1 : 2022
22883,2,ISO 4006 : 1991
32867,1,ISO 5167 : 2 : 2022
32867,2,ISO 5167 : 3 : 2024
22884,1,ISO 5167 : 3 : 2022
22884,2,ISO 4006 : 1991
32868,1,ISO 5167 : 1 : 2022
32868,2,ISO 4006 : 1991
22885,1,ISO 5167 : 1 : 2022
22885,2,ISO 4006 : 1991
32871,1,ISO 5167 : 1 : 2022
32871,2,ISO 4006 : 1991
6531,1,ISO 5167 : 2 : 2022
6531,2,ISO 5167 : 3 : 2024
24205,1,ISO 5167 : 5 : 2016
30631,1,ISO 5167 : 3 : 2022
30631,2,ISO 4006 : 1991
33304,1,IEC 60825 : 1 : 2014
6539,1,IEC 60825 : 1 : 2014
65593,1,ISO 1043 : 1 : 2011
65593,2,ISO 11357 : 2 : 2020
65593,3,ISO 25101 : 2009
65593,4,IEC 60243 : 1 : 2013
65593,5,ASTM 0 : 2020
65593,6,ASTM 0 : 2017
65593,7,ASTM 0 : 2017
6551,1,ISO 1183 : 1987
6551,2,ISO 527 : 1 : 1993
6551,3,ISO 527 : 2 : 1993
66228,1,ISO 291 : 2008
66228,2,ISO 565 : 1990
66228,3,ISO 1133 : 1 : 2011
66228,4,ISO 11357 : 3 : 2018
66228,5,ASTM 0 : 2018
66228,6,ASTM 0 : 2017
66228,7,ASTM 0 : 2019
66228,8,ASTM 0 : 2018
66228,9,ASTM 0 : 2017
66228,10,BSI 4641 : 1986
25079,1,ISO 291 : 2008
25079,2,ISO 565 : 1990
25079,3,ISO 1133 : 1 : 2011
25079,4,ISO 11357 : 3 : 2018
25079,5,ASTM 0 : 2018
25079,6,ASTM 0 : 2017
25079,7,ASTM 0 : 2019
25079,8,ASTM 0 : 2018
25079,9,ASTM 0 : 2017
25079,10,BSI 4641 : 1986
6554,1,ISO/IEC 2382 : 20 : 0 0
6560,1,ISO 9000 : 1 : 1994
6560,2,ISO 9000 : 2 : 1993
6561,1,ISO 385 : 1 : 1984
6561,2,ISO 648 : 1977
6561,3,ISO 1042 : 1983
6561,4,ISO 5725 : 1986
6562,1,ISO 5725 : 1986
6562,2,ISO 7530 : 1 : 1990
6563,1,ISO 5725 : 1966
6563,2,ISO 7530 : 1 : 1990
6564,1,ISO 5725 : 1986
6564,2,ISO 7530 : 1 : 1990
6566,1,ISO 5725 : 1986
6566,2,ISO 7530 : 1 : 1990
6567,1,ISO 5725 : 1986
6567,2,ISO 7530 : 1 : 1990
6567,3,ISO 5725 : 1986
6568,1,ISO 5725 : 1970
6568,2,ISO 7530 : 1 : 1990
6569,1,ISO 5725 : 1986
6569,2,ISO 7530 : 1 : 1990
30561,1,0 0 : 0 : 0 0
6588,1,0 0 : 0 : 0 0
6590,1,ISO 7117 : 1995
6590,2,ISO/PAS 12158 : 2002
6604,1,ISO 772 : 2011
28135,1,ISO 772 : 2011
33538,1,IEC 61196 : 1 : 126
33538,2,IEC 61196 : 1 : 126
23585,1,IEC 61196 : 1 : 126
23585,2,IEC 61196 : 1 : 126
21624,1,IEC 61169 : 0 : 0 0
21624,2,IEC 61196 : 1 : 126
21624,3,IEC 61196 : 10 : 0 0
6618,1,IEC 60332 : 1 : 2 2004
6619,1,IEC 332 : 1 : 0 0
25057,1,IEC 61196 : 8 : 0 0
25058,1,IEC 61196 : 8 : 0 0
25058,2,IEC 61169 : 2 : 0 0
26099,1,IEC 60332 : 1 : 2 2004
33534,1,IEC 61169 : 0 : 0 0
33534,2,IEC 61196 : 1 : 126
33534,3,IEC 61196 : 10 : 0 0
6625,1,ISO 2859 : 0 : 0 0
6630,1,ISO 68 : 1998
25880,1,IEC 61000 : 4 : 20 2010
25880,2,IEC 60068 : 2 : 75 2014
6631,1,IEC 61000 : 4 : 20 2010
6631,2,IEC 60068 : 2 : 75 2014
30008,1,IEC 61000 : 4 : 6
23183,1,IEC 61000 : 2 : 9
23183,2,IEC 61000 : 2 : 10
23183,3,IEC 61000 : 4 : 20
23183,4,IEC 61000 : 4 : 23
23183,5,IEC 60050 : 161 : 0 0
22214,1,IEC 61000 : 2 : 2
22983,1,IEC 61000 : 2 : 4
22984,1,IEC 60038 : 0 : 0 0
22984,2,IEC 61000 : 2 : 9
22984,3,IEC 61000 : 2 : 10 1998
22984,4,IEC 61000 : 2 : 11
22984,5,IEC 61000 : 4 : 18
22984,6,IEC 61000 : 4 : 20
22984,7,IEC 61000 : 5 : 3
22984,8,IEC 61000 : 5 : 4
22984,9,IEC 61024 : 1 : 0 0
22985,1,IEC 61000 : 2 : 9
22985,2,IEC 61000 : 2 : 10
22991,1,IEC 61000 : 2 : 0 0
22991,2,IEC 61000 : 4 : 21
22756,1,IEC 61000 : 2 : 8
22756,2,IEC 61000 : 4 : 30
6636,1,IEC 60155 : 0 : 0 0
6637,1,IEC 60974 : 1 : 2005
6637,2,IEC 61000 : 3 : 11 2000
18413,1,IEC 61000 : 4 : 20
18413,2,IEC 61000 : 4 : 21
18413,3,IEC 61000 : 4 : 22
6638,1,IEC 61000 : 2 : 5
6638,2,IEC 61000 : 3 : 4
6638,3,IEC 61000 : 3 : 5
6638,4,IEC 61000 : 3 : 6
6638,5,IEC 61000 : 3 : 11
6638,6,IEC 61000 : 4 : 10
6638,7,IEC 61000 : 4 : 18
6638,8,IEC 61000 : 4 : 19
6638,9,IEC 61000 : 4 : 20
6638,10,IEC 61000 : 4 : 21
6638,11,IEC 61000 : 4 : 22
6638,12,IEC 61000 : 4 : 23
6638,13,IEC 61000 : 4 : 27
6638,14,IEC 61000 : 4 : 28
6638,15,IEC 61000 : 4 : 30
6638,16,IEC 61000 : 4 : 36
6638,17,IEC 61000 : 4 : 38
6639,1,IEC 61000 : 2 : 8
6641,1,IEC 61000 : 3 : 11
6641,2,IEC 61236 : 1 : 0 0
6642,1,0 0 : 0 : 0 0
6643,1,IEC 60050 : 161 : 0 0
6643,2,IEC 60068 : 1 : 0 0
30195,1,IEC 61000 : 3 : 11 2017
30195,2,IEC 61000 : 3 : 12 2011
30195,3,IEC 61000 : 4 : 20 2010
30195,4,IEC 16 : 1 : 2 2014
30195,5,IEC 16 : 2 : 3 2016
30195,6,IEC 16 : 2 : 4 2011
6644,1,IEC 61000 : 2 : 10
26100,1,IEC 61000 : 2 : 8
6645,1,IEC 61000 : 4 : 6
6647,1,IEC 61967 : 1 : 0 0
6650,1,IEC 61000 : 4 : 20
6650,2,IEC 61000 : 4 : 21
6650,3,IEC 61000 : 4 : 22
6651,1,IEC 61000 : 3 : 11 2017
6651,2,IEC 61000 : 3 : 12 2011
6651,3,IEC 61000 : 4 : 20 2010
6651,4,IEC 16 : 1 : 2 2014
6651,5,IEC 16 : 2 : 3 2016
6651,6,IEC 16 : 2 : 4 2011
6653,1,ISO 17375 : 2006
27902,1,ISO 17375 : 2006
22820,1,ISO 14117 : 2019
22820,2,ISO 5841 : 3 : 2000
22820,3,ISO 8601 : 0 : 0 0
22820,4,ISO 11318 : 2002
22820,5,IEC 60068 : 2 : 47
22820,6,IEC 60068 : 2 : 64
307,1,IEC 60068 : 2 : 14 2009
307,2,IEC 60068 : 2 : 27 2008
307,3,IEC 60068 : 2 : 47 2005
307,4,IEC 60068 : 2 : 64 2008
307,5,IEC 62304 : 2006
308,1,ISO 14708 : 1 : 2014
308,2,ISO 14971 : 2007
308,3,ISO 14117 : 2012
308,4,ISO 10974 : 2018
308,5,ISO 60601 : 1 : 2014
308,6,ISO 60601 : 1 : 2005
26259,1,ISO 14117 : 2019
26259,2,ISO 5841 : 3 : 2000
26259,3,ISO 8601 : 0 : 0 0
26259,4,ISO 11318 : 2002
26259,5,IEC 60068 : 2 : 47
26259,6,IEC 60068 : 2 : 64
24006,1,ISO 10993 : 1 : 2018
24006,2,ISO 11607 : 1 : 2006
24006,3,ISO 14155 : 2011
24006,4,ISO 14971 : 2007
24006,5,ISO 60601 : 1 : 2006
24006,6,IEC 60601 : 1 : 2 2014
24006,7,IEC 60068 : 2 : 27 2008
24006,8,IEC 60068 : 2 : 31 2008
24006,9,IEC 60068 : 2 : 47 2005
24006,10,IEC 60068 : 2 : 64 2008
24006,11,IEC 60068 : 2 : 75 2014
24006,12,IEC 60118 : 6 : 1999
24006,13,IEC 61000 : 4 : 2 2008
24006,14,IEC 62304 : 2006
24006,15,EN 1593 : 1999
24006,16,EN 13185 : 2001
6668,1,ISO 554 : 1976
6668,2,ISO 9862 : 1990
26425,1,ISO 554 : 1976
26425,2,ISO 9862 : 1990
6669,1,0 0 : 0 : 0 0
26620,1,0 0 : 0 : 0 0
6672,1,ISO 5963 : 0 : 0 0
6672,2,ISO 5963 : 0 : 0 0
6672,3,ISO 5964 : 0 : 0 0
6674,1,ISO 10135 : 1994
6674,2,ISO 128 : 1982
6674,3,ISO 7083 : 1983
6674,4,ISO 13715 : 1994
6674,5,ISO 3461 : 2 : 1987
6674,6,ISO 8062 : 1994
6686,1,ISO 4865 : 0 : 0 0
6686,2,ISO 5347 : 0 : 0 0
6686,3,IEC 263 : 0 : 0 0
6696,1,ISO 3658 : 1989
6696,2,ISO 228 : 1 : 1994
6696,3,ISO 261 : 1998
6696,4,ISO 5598 : 1985
6696,5,ISO 1179 : 1981
25414,1,ISO 8778 : 0 : 0 0
25414,2,ISO 16030 : 0 : 0 0
6697,1,CIE 15 : 0 : 0 0
29359,1,CIE 15 : 0 : 0 0
6708,1,ISO 11086 : 1996
6710,1,ISO 527 : 1 : 1993
6710,2,ISO 180 : 1993
6720,1,ISO 68 : 1 : 1998
6720,2,ISO 965 : 1 : 1998
6720,3,ISO 1502 : 1996
27603,1,ISO 68 : 1 : 1998
27603,2,ISO 965 : 1 : 1998
27603,3,ISO 1502 : 1996
33332,1,ISO 18856 : 0 : 0 0
33332,2,ISO 18857 : 2 : 0 0
6721,1,ISO 18856 : 0 : 0 0
6721,2,ISO 18857 : 2 : 0 0
6729,1,ISO 2330 : 1974
6729,2,ISO 2331 : 1974
25191,1,IEC 60695 : 2 : 11 2000
25191,2,IEC 60695 : 1 : 2 2003
25191,3,IEC 60981 : 2004
25191,4,IEC 61140 : 2001
452,1,IEC 60695 : 2 : 11 2000
452,2,IEC 60695 : 1 : 2 2003
452,3,IEC 60981 : 2004
452,4,IEC 61140 : 2001
6734,1,ISO 10314 : 2 : 1999
6744,1,ISO 93 : 1 : 2006
33857,1,ISO 247 : 1 : 0 0
33857,2,ISO 247 : 2 : 0 0
33857,3,ISO 248 : 1 : 0 0
33857,4,ISO 248 : 2 : 0 0
33857,5,ISO 1795 : 0 : 0 0
6749,1,ISO 247 : 1 : 0 0
6749,2,ISO 247 : 2 : 0 0
6749,3,ISO 248 : 1 : 0 0
6749,4,ISO 248 : 2 : 0 0
6749,5,ISO 1795 : 0 : 0 0
6750,1,ISO 5478 : 1990
6750,2,ISO 383 : 1976
6750,3,ISO 1407 : 1976
6750,4,ISO 1795 : 1974
6750,5,ISO 1796 : 1982
6750,6,ISO 4655 : 1985
6750,7,ISO 4661 : 2 : 1987
6753,1,ISO 3696 : 1987
6753,2,ISO 6091 : 2010
6755,1,ISO 1496 : 2 : 0 0
6755,2,ISO 6966 : 1993
6755,3,ISO 7000 : 1989
6755,4,ISO 8058 : 1985
6755,5,ISO 11995 : 1996
6755,6,ISO 10841 : 1996
692,1,ISO 6004 : 1991
692,2,ISO 11634 : 1996
692,3,ISO 9838 : 1991
692,4,ISO 11087 : 2004
22,1,ISO 247 : 1 : 2018
22,2,ISO 247 : 2 : 2018
22,3,ISO 248 : 1 : 0 0
22,4,ISO 248 : 2 : 0 0
22,5,ISO 1795 : 2017
22,6,ISO 2393 : 0 : 0 0
22,7,ISO 6502 : 1 : 0 0
22,8,ISO 6502 : 2 : 0 0
27799,1,ISO 247 : 1 : 2018
27799,2,ISO 247 : 2 : 2018
27799,3,ISO 248 : 1 : 0 0
27799,4,ISO 248 : 2 : 0 0
27799,5,ISO 1795 : 2017
27799,6,ISO 2393 : 0 : 0 0
27799,7,ISO 6502 : 1 : 0 0
27799,8,ISO 6502 : 2 : 0 0
6761,1,ISO 3168 : 1998
6762,1,ISO 3209 : 1998
24866,1,ISO 1942 : 2009
24866,2,ISO 7500 : 1 : 2014
24866,3,ISO 16443 : 2014
24866,4,ISO 1099 : 2017
26183,1,0 0 : 0 : 0 0
6765,1,0 0 : 0 : 0 0
31048,1,0 0 : 0 : 0 0
6766,1,ISO 4384 : 1 : 1984
6766,2,ISO 409 : 1 : 0 0
6766,3,ISO 410 : 0 : 0 0
6766,4,ISO 6506 : 0 : 0 0
6766,5,ISO 6507 : 1 : 0 0
6767,1,0 0 : 0 : 0 0
32634,1,ISO 4384 : 1 : 1984
32634,2,ISO 409 : 1 : 0 0
32634,3,ISO 410 : 0 : 0 0
32634,4,ISO 6506 : 0 : 0 0
32634,5,ISO 6507 : 1 : 0 0
27909,1,0 0 : 0 : 0 0
27720,1,ISO 12301 : 2007
6768,1,0 0 : 0 : 0 0
6769,1,ISO 12301 : 2007
6775,1,0 0 : 0 : 0 0
31730,1,0 0 : 0 : 0 0
6778,1,0 0 : 0 : 0 0
26622,1,0 0 : 0 : 0 0
6786,1,IEC 60994 : 0 : 0 0
6788,1,ISO 6639 : 2 : 0 0
6788,2,ISO 6633 : 0 : 0 0
6789,1,ISO 11670 : 1999
6789,2,ISO 11145 : 1994
6789,3,ISO 11146 : 1999
6789,4,IEC 61040 : 1990
32256,1,ISO 13694 : 2018
32256,2,EN 61040 : 1992
22290,1,ISO 13694 : 2018
22290,2,EN 61040 : 1992
6790,1,ISO 11146 : 1999
6790,2,ISO 11145 : 1994
6790,3,IEC 61040 : 1990
66814,1,ISO 11146 : 1999
66814,2,ISO 11145 : 1994
66814,3,IEC 61040 : 1990
6791,1,ISO 9022 : 13 : 1998
6791,2,ISO 9022 : 1 : 1994
6791,3,ISO 9022 : 2 : 1994
6791,4,ISO 9022 : 3 : 1994
6791,5,IEC 60068 : 2 : 1982
6792,1,ISO 9022 : 15 : 1998
6792,2,ISO 9022 : 1 : 1994
6792,3,ISO 9022 : 2 : 1994
6792,4,IEC 60068 : 2 : 1982
6793,1,ISO 9022 : 10 : 1988
6793,2,ISO 9022 : 1 : 1994
6793,3,ISO 9022 : 2 : 1994
6794,1,ISO 5855 : 2 : 1988
6794,2,ISO 8788 : 1987
6794,3,ISO 3191 : 1998
26717,1,ISO 6498 : 2012
6796,1,ISO 6498 : 2012
6799,1,ISO 6497 : 2002
6799,2,ISO 3696 : 1987
6799,3,ISO 6498 : 2012
26528,1,ISO 6497 : 2002
26528,2,ISO 3696 : 1987
26528,3,ISO 6498 : 2012
26426,1,0 0 : 0 : 0 0
6802,1,0 0 : 0 : 0 0
6803,1,ISO 6498 : 0 : 0 0
66682,1,ISO 639 : 1 : 0 0
66682,2,ISO 639 : 2 : 0 0
66682,3,ISO 10646 : 0 : 0 0
66684,1,ISO 2382 : 4 : 1987
6807,1,ISO 639 : 1 : 0 0
6807,2,ISO 639 : 2 : 0 0
6807,3,ISO 10646 : 0 : 0 0
23452,1,ISO 2382 : 4 : 1987
6810,1,ISO 3635 : 1981
6812,1,ISO 3635 : 1981
6814,1,IEC 60264 : 4 : 1 1989
6814,2,IEC 60264 : 2 : 1 1989
6814,3,IEC 60851 : 0 : 0 0
6814,4,IEC 60317 : 0 : 0 0
6815,1,IEC 60317 : 0 : 0 0
6815,2,IEC 60851 : 0 : 0 0
6815,3,IEC 60264 : 0 : 0 0
6821,1,ISO 6887 : 0 : 0 0
6821,2,ISO 7218 : 0 : 0 0
6822,1,ISO 6887 : 0 : 0 0
6822,2,ISO 7218 : 0 : 0 0
6826,1,ISO 3662 : 1976
6826,2,ISO 497 : 1973
6826,3,ISO 5598 : 1985
6827,1,ISO 4392 : 1 : 1989
6827,2,ISO 3448 : 1975
6827,3,ISO 4391 : 1983
6827,4,ISO 5598 : 1985
6828,1,ISO 4392 : 2 : 1989
6828,2,ISO 3448 : 1975
6828,3,ISO 4391 : 1983
6828,4,ISO 5598 : 1985
6829,1,ISO 4392 : 3 : 1993
6829,2,ISO 4219 : 1 : 1991
6829,3,ISO 3448 : 1992
6829,4,ISO 4391 : 1983
6829,5,ISO 4409 : 1986
27491,1,ISO 8245 : 1999
17593,1,ISO 8245 : 1999
27782,1,ISO 8245 : 1999
17594,1,ISO 8245 : 1999
6834,1,0 0 : 0 : 0 0
17595,1,ISO 8245 : 0 : 0 0
17595,2,ISO 13641 : 0 : 0 0
6835,1,ISO 3635 : 1981
26429,1,ISO 11721 : 1 : 0 0
20874,1,ISO 5663 : 1984
20875,1,ISO 11721 : 1 : 0 0
6846,1,0 0 : 0 : 0 0
6847,1,ISO 5609 : 1995
6848,1,ISO 3002 : 1 : 1982
6849,1,ISO 3002 : 1 : 1982
6850,1,ISO 3002 : 1 : 1982
31145,1,ISO 3408 : 1 : 1991
6856,1,ISO 3408 : 1 : 1991
6857,1,ISO 230 : 1 : 0 0
6857,2,ISO 2 : 2 : 1988
6857,3,ISO 3408 : 1 : 1991
6858,1,ISO 646 : 1991
6858,2,ISO 6429 : 1992
6858,3,ISO 10646 : 2003
67134,1,ISO/IEC 10646 : 0 : 0 0
67134,2,ISO/IEC 9945 : 2003
67134,3,ISO/IEC 10646 : 2003
24389,1,ISO/IEC 10646 : 0 : 0 0
24389,2,ISO/IEC 9945 : 2003
24389,3,ISO/IEC 10646 : 2003
28157,1,ISO/IEC 10646 : 0 : 0 0
28157,2,ISO/IEC 9945 : 2003
28157,3,ISO/IEC 10646 : 2003
6869,1,ISO 2041 : 0 : 0 0
6869,2,ISO 8042 : 0 : 0 0
27131,1,ISO 2041 : 0 : 0 0
27131,2,ISO 8042 : 0 : 0 0
27508,1,0 0 : 0 : 0 0
6870,1,0 0 : 0 : 0 0
24106,1,0 0 : 0 : 0 0
24107,1,ISO/IEC 10118 : 0 : 0 0
22373,1,ISO/IEC 10118 : 3 : 0 0
6873,1,ISO/IEC 10118 : 0 : 0 0
6873,2,ISO/IEC 14888 : 1 : 1998
29749,1,ISO 261 : 1998
29749,2,ISO 724 : 1993
29749,3,ISO 262 : 1998
6881,1,ISO 261 : 1998
6881,2,ISO 724 : 1993
6881,3,ISO 262 : 1998
26718,1,0 0 : 0 : 0 0
6884,1,0 0 : 0 : 0 0
6889,1,IEC 60749 : 23 : 0 0
6889,2,IEC 60749 : 34 : 0 0
6890,1,IEC 60050 : 0 : 0 0
6890,2,ISO 0 : 0 : 0 0
6893,1,IEC 60747 : 4 : 2007
6894,1,IEC 61340 : 0 : 0 0
6894,2,IEC 60749 : 23 : 2004
6894,3,IEC 60749 : 34 : 0 0
78,1,IEC 60633 : 0 : 0 0
78,2,IEC 391 : 2009
27492,1,IEC 60633 : 0 : 0 0
27492,2,IEC 391 : 2009
106,1,IEC 60633 : 0 : 0 0
106,2,IEC 60071 : 1 : 0 0
106,3,IEC 60700 : 1 : 0 0
106,4,IEC 60919 : 1 : 0 0
106,5,IEC 60919 : 3 : 0 0
106,6,IEC 60146 : 1 : 1
106,7,IEC 60146 : 1 : 2
106,8,IEC 60146 : 1 : 3
17596,1,ISO 3696 : 0 : 0 0
218,1,IEC 60146 : 1 : 1
218,2,IEC 60146 : 1 : 2
218,3,IEC 60146 : 1 : 3
218,4,IEC 60919 : 1 : 0 0
218,5,IEC 60919 : 2 : 0 0
6900,1,ISO 31 : 1 : 1992
6900,2,ISO 31 : 3 : 1992
6900,3,ISO 31 : 4 : 1992
6900,4,ISO 3046 : 1 : 1995
6900,5,ISO 3258 : 0 : 0 0
29762,1,0 0 : 0 : 0 0
6901,1,0 0 : 0 : 0 0
6903,1,IEC 60060 : 1 : 0 0
6903,2,IEC 60071 : 1 : 0 0
6903,3,IEC 60270 : 0 : 0 0
6903,4,IEC 60060 : 0 : 0 0
6903,5,IEC 60099 : 0 : 0 0
6903,6,IEC 61803 : 1999
6903,7,ISO/IEC 0 : 0 : 0 0
29954,1,IEC 61084 : 1 : 2017
6918,1,IEC 60417 : 0 : 0 0
6918,2,IEC 60695 : 11 : 2 2013
6919,1,IEC 61084 : 1 : 2017
29889,1,IEC 60417 : 0 : 0 0
29889,2,IEC 60695 : 11 : 2 2013
6926,1,ISO 3696 : 1987
6926,2,ISO 648 : 2008
6926,3,ISO 1042 : 1998
6927,1,ISO 7764 : 1987
6927,2,ISO 3696 : 1985
6927,3,ISO 2596 : 2006
6927,4,ISO 11323 : 2010
6928,1,ISO 7764 : 1985
6929,1,ISO 648 : 0 : 0 0
6929,2,ISO 1042 : 0 : 0 0
6929,3,ISO 3081 : 0 : 0 0
6929,4,ISO 3083 : 0 : 0 0
6929,5,ISO 7764 : 0 : 0 0
6929,6,ISO 648 : 0 : 0 0
6929,7,ISO 1042 : 0 : 0 0
6929,8,ISO 3081 : 0 : 0 0
6929,9,ISO 3082 : 0 : 0 0
6929,10,ISO 3083 : 0 : 0 0
6929,11,ISO 7764 : 0 : 0 0
26921,1,ISO 7764 : 1985
26924,1,ISO 7764 : 1985
24924,1,ISO 2596 : 0 : 0 0
26067,1,0 0 : 0 : 0 0
26321,1,ISO 11140 : 1 : 0 0
26321,2,IEC 61010 : 2 : 40
21760,1,ISO 4217 : 2008
21760,2,ISO 9564 : 1 : 2002
21760,3,ISO 3166 : 1 : 2006
21760,4,ISO 4909 : 2000
21760,5,ISO 7811 : 2 : 1995
21760,6,ISO 7812 : 1 : 2000
21760,7,ISO 7813 : 1990
21760,8,ISO 7816 : 6 : 0 0
21760,9,ISO 8601 : 2004
21760,10,ISO 7372 : 0 : 0 0
21760,11,ISO 8825 : 0 : 0 0
21760,12,ISO 9807 : 0 : 0 0
21760,13,ISO 13492 : 0 : 0 0
21760,14,ISO 18245 : 0 : 0 0
6943,1,ISO 8583 : 3 : 1998
6944,1,ISO 8583 : 1 : 1998
6944,2,ISO 8583 : -2 : 1998
67068,1,ISO 4217 : 2008
67068,2,ISO 9564 : 1 : 2002
67068,3,ISO 3166 : 1 : 2006
67068,4,ISO 4909 : 2000
67068,5,ISO 7811 : 2 : 1995
67068,6,ISO 7812 : 1 : 2000
67068,7,ISO 7813 : 1990
67068,8,ISO 7816 : 6 : 0 0
67068,9,ISO 8601 : 2004
67068,10,ISO 7372 : 0 : 0 0
67068,11,ISO 8825 : 0 : 0 0
67068,12,ISO 9807 : 0 : 0 0
67068,13,ISO 13492 : 0 : 0 0
67068,14,ISO 18245 : 0 : 0 0
6955,1,ISO 648 : 2008
6955,2,ISO 1042 : 1998
6955,3,ISO 385 : 2005
6958,1,0 0 : 0 : 0 0
33948,1,0 0 : 0 : 0 0
6959,1,IEC 60060 : 1 : 0 0
6959,2,IEC 60060 : 2 : 0 0
6959,3,IEC 60212 : 2010
6959,4,IEC 61318 : 0 : 0 0
6959,5,ISO 13850 : 0 : 0 0
6959,6,IEC 60417 : 0 : 0 0
6959,7,IEC 62237 : 2003
6959,8,ISO 16368 : 2010
6959,9,SAE 0 : 0 : 0 0
6959,10,SAE 0 : 0 : 0 0
26102,1,IEC 60060 : 1 : 0 0
26102,2,IEC 60060 : 2 : 0 0
26102,3,IEC 60212 : 2010
26102,4,IEC 61318 : 0 : 0 0
26102,5,ISO 13850 : 0 : 0 0
26102,6,IEC 60417 : 0 : 0 0
26102,7,IEC 62237 : 2003
26102,8,ISO 16368 : 2010
26102,9,SAE 0 : 0 : 0 0
26102,10,SAE 0 : 0 : 0 0
23365,1,ISO 9413 : 2019
23365,2,ISO 3877 : 2 : 1997
33987,1,ISO 9413 : 2019
33987,2,ISO 3877 : 2 : 1997
35,1,ISO 68 : 1 : 1998
35,2,ISO 261 : 1998
35,3,ISO 262 : 1998
35,4,ISO 724 : 1993
35,5,ISO 898 : 1 : 0 0
39,1,ISO 68 : 1 : 1998
39,2,ISO 261 : 1998
39,3,ISO 965 : 1 : 1998
39,4,ISO 5408 : 1983
6964,1,ISO 1 : 1998
6964,2,ISO 262 : 1998
6964,3,ISO 965 : 1 : 1998
6964,4,ISO 5468 : 1983
6965,1,ISO 68 : 1 : 1998
6965,2,ISO 262 : 1998
6965,3,ISO 898 : 1 : 0 0
6965,4,ISO 965 : 1 : 1998
6966,1,ISO 1 : 1998
6966,2,ISO 262 : 1998
6966,3,ISO 898 : 2 : 1992
6966,4,ISO 965 : 1 : 1998
28873,1,ISO 68 : 1 : 1998
28873,2,ISO 262 : 1998
28873,3,ISO 898 : 1 : 0 0
28873,4,ISO 965 : 1 : 1998
28107,1,ISO 68 : 1 : 1998
28107,2,ISO 261 : 1998
28107,3,ISO 965 : 1 : 1998
28107,4,ISO 5408 : 1983
6967,1,IEC 61040 : 1990
29119,1,IEC 61040 : 1990
6968,1,ISO 12844 : 1999
6968,2,ISO 7438 : 1985
6968,3,ISO 6508 : 1 : 1999
6969,1,CIE 59 : 1984
32635,1,CIE 59 : 1984
6970,1,ISO 9022 : 1 : 1994
6970,2,ISO 9022 : 2 : 1994
6970,3,ISO 9022 : 16 : 1988
6970,4,ISO 9022 : 3 : 1994
6970,5,IEC 60068 : 2 : 1982
6971,1,ISO 9022 : 1 : 1994
6971,2,ISO 9022 : 2 : 1994
6971,3,ISO 9022 : 21 : 1998
6975,1,0 0 : 0 : 0 0
23907,1,0 0 : 0 : 0 0
25750,1,0 0 : 0 : 0 0
6977,1,ISO 2186 : 2007
6977,2,ISO 7194 : 2008
32869,1,ISO 2186 : 2007
32869,2,ISO 7194 : 2008
6978,1,ISO 3846 : 0 : 0 0
6980,1,IEC 50 : 300 : 0 0
6980,2,IEC 359 : 0 : 0 0
6980,3,IEC 793 : 2 : 0 0
6980,4,IEC 300 : -3 : 12
6980,5,IEC 930 : 0 : 0 0
6980,6,IEC 31 : 0 : 0 0
6980,7,IEC 31 : 0 : 0 0
6980,8,IEC 25 : 0 : 0 0
65715,1,IEC 50 : 300 : 0 0
65715,2,IEC 359 : 0 : 0 0
65715,3,IEC 793 : 2 : 0 0
65715,4,IEC 300 : -3 : 12
65715,5,IEC 930 : 0 : 0 0
65715,6,IEC 31 : 0 : 0 0
65715,7,IEC 31 : 0 : 0 0
65715,8,IEC 25 : 0 : 0 0
6985,1,0 0 : 0 : 0 0
30683,1,0 0 : 0 : 0 0
6987,1,IEC 60050 : 151 : 1978
6987,2,IEC 60060 : 1 : 1989
6987,3,IEC 60298 : 1990
6987,4,IEC 60410 : 1973
6987,5,IEC 60439 : 1 : 1984
6987,6,IEC 60479 : 1 : 1984
6987,7,IEC 60855 : 1985
6993,1,ISO 6887 : 1983
6993,2,ISO 7218 : 1985
6994,1,ISO 6887 : 0 : 0 0
6994,2,ISO 7218 : 0 : 0 0
6995,1,ISO 6887 : 0 : 0 0
6995,2,ISO 7218 : 0 : 0 0
6995,3,ISO 11290 : 0 : 0 0
6996,1,IEC 60780 : 323 : 0 0
33904,1,IEC 60780 : 323 : 0 0
24390,1,IEC 60364 : 5 : 52
24390,2,IEC 60445 : 0 : 0 0
6998,1,ISO/IEC 24765 : 0 : 0 0
7000,1,ISO/IEC 24765 : 0 : 0 0
30694,1,ISO/IEC 24765 : 0 : 0 0
30696,1,ISO/IEC 24765 : 0 : 0 0
7002,1,ISO 3919 : 2005
7003,1,IEC 61318 : 2007
7003,2,IEC 60417 : 0 : 0 0
7003,3,IEC 61477 : 0 : 0 0
7004,1,IEC 60050 : 151 : 1978
7004,2,IEC 60410 : 1973
7004,3,ISO 9000 : 1987
7004,4,ISO 9001 : 2000
7004,5,ISO 9004 : 2000
7005,1,ISO 472 : 1999
7005,2,ISO 527 : 3 : 1995
7005,3,ISO 7765 : 1 : 1988
31709,1,ISO 472 : 1999
31709,2,ISO 527 : 3 : 1995
31709,3,ISO 7765 : 1 : 1988
339,1,0 0 : 0 : 0 0
340,1,ISO 376 : 2011
340,2,ISO 6506 : 1 : 2014
340,3,ISO 6506 : 3 : 2014
340,4,ISO 6507 : 1 : 2005
341,1,0 0 : 0 : 0 0
342,1,0 0 : 0 : 0 0
7012,1,ISO 6506 : 2 : 1999
7012,2,ISO 6506 : 2 : 1999
26066,1,ISO 376 : 2011
26066,2,ISO 6506 : 1 : 2014
26066,3,ISO 6506 : 3 : 2014
26066,4,ISO 6507 : 1 : 2005
21163,1,ISO 14971 : 0 : 0 0
238,1,ISO 14971 : 0 : 0 0
21799,1,ISO 5408 : 2009
343,1,ISO 6507 : 1 : 2018
347,1,ISO 6507 : 2 : 2018
347,2,ISO 6507 : 3 : 2018
7013,1,ISO 6507 : 2 : 1997
7013,2,ISO 6507 : 2 : 1997
7013,3,ISO 6507 : 2 : 2005
33453,1,ISO 6507 : 2 : 2018
33453,2,ISO 6507 : 3 : 2018
7014,1,ISO 5456 : 1 : 1996
7014,2,ISO 5456 : 2 : 1996
7014,3,ISO 5456 : 3 : 1996
7014,4,ISO 5456 : 4 : 1996
7014,5,ISO 10209 : 1 : 1992
7014,6,ISO 10209 : 2 : 1993
7014,7,ISO 128 : 1982
7015,1,ISO 5456 : 2 : 1996
7015,2,ISO 128 : 1982
7015,3,ISO 129 : 1985
7015,4,ISO 3098 : 1 : 1974
7015,5,ISO 3461 : 2 : 1987
7015,6,ISO 11714 : 1 : 1996
7016,1,ISO 5456 : 3 : 1996
7016,2,ISO 128 : 1982
7016,3,ISO 129 : 1985
7016,4,ISO 3098 : 1 : 1974
7016,5,ISO 5456 : 1 : 1996
7016,6,ISO 10209 : 1993
7017,1,ISO 5456 : 4 : 1996
7017,2,ISO 5456 : 1 : 1996
7017,3,ISO 5456 : 2 : 1996
7017,4,ISO 5456 : 3 : 1996
7017,5,ISO 10209 : 1 : 1992
7017,6,ISO 10209 : 2 : 1993
7018,1,ISO 81714 : 1 : 2010
7018,2,ISO 129 : 1 : 2004
7018,3,ISO/IEC 8859 : 2000
7018,4,ISO/IEC 10367 : 1991
7018,5,ISO/IEC 10646 : 2014
7019,1,ISO 5854 : 1 : 1995
7019,2,ISO 128 : 1982
7019,3,ISO 129 : 1985
7019,4,ISO 10209 : 1 : 1992
7019,5,ISO 10209 : 2 : 1993
7019,6,ISO 5854 : 2 : 1995
21348,1,ISO 11442 : 2006
21348,2,ISO 16016 : 2000
21348,3,ISO 10209 : 1 : 1992
21348,4,ISO 10209 : 2 : 1993
21348,5,ISO 16016 : 2000
21348,6,IEC 82045 : 1 : 2001
7021,1,ISO 11442 : 1 : 1993
7021,2,ISO 10209 : 1 : 1992
7021,3,ISO 10623 : 1991
7022,1,ISO 11442 : 2 : 1993
7022,2,ISO 10209 : 1993
7022,3,ISO 10623 : 1991
7023,1,ISO 11442 : 3 : 1993
7023,2,ISO 10209 : 1 : 1992
7023,3,ISO 10623 : 1991
7024,1,ISO 11442 : 4 : 1993
7024,2,ISO 10209 : 1 : 1992
7024,3,ISO 10623 : 1991
7025,1,ISO 10623 : 1991
7025,2,ISO 5456 : 1 : 1996
7025,3,ISO 10209 : 1 : 1992
7027,1,ISO 1087 : 1990
7027,2,ISO 10241 : 1992
7029,1,ISO 1087 : 1990
7029,2,ISO 10241 : 1992
7030,1,ISO 1087 : 1990
7030,2,ISO 10241 : 1992
7031,1,ISO 3166 : 1 : 1997
7031,2,ISO 1087 : 1990
7031,3,ISO 2382 : 12 : 1988
7035,1,1087 : 1990
7035,2,ISO 10241 : 1992
7040,1,ISO 11032 : 1994
7040,2,ISO 9283 : 1990
7040,3,ISO 8373 : 1994
7040,4,ISO 9283 : 1990
7040,5,ISO 9409 : 1 : 1988
7041,1,ISO 6210 : 1 : 1991
7041,2,ISO 497 : 1973
7042,1,ISO 11062 : 1994
7042,2,ISO 8373 : 1994
7042,3,ISO 9283 : 1990
7042,4,IEC 11 : 1990
7043,1,ISO 13309 : 1995
7043,2,ISO 9283 : 1990
7044,1,ISO 8373 : 1994
7045,1,60300 : 3 : 1
7045,2,1025 : 0 : 0 0
7046,1,IEC 61703 : 0 : 0 0
7047,1,IEC 60300 : 3 : 5 2001
7047,2,IEC 60605 : 4 : 0 0
7047,3,IEC 61014 : 2003
7047,4,IEC 60605 : 4 : 0 0
7047,5,IEC 60605 : 4 : 0 0
7047,6,IEC 60605 : 4 : 0 0
7047,7,IEC 60605 : 6 : 0 0
7048,1,IEC 60318 : 1 : 2009
7048,2,IEC 61000 : 4 : 6 2008
7048,3,IEC 0 : 20 : 2006
26218,1,ISO/IEC 7816 : 1 : 0 0
26218,2,ISO/IEC 7816 : 2 : 0 0
26218,3,ISO/IEC 7816 : 3 : 0 0
26218,4,ISO/IEC 7816 : 4 : 0 0
26218,5,ISO/IEC 7816 : 5 : 0 0
26218,6,ISO/IEC 7816 : 6 : 0 0
26218,7,ISO/IEC 7816 : 7 : 0 0
26218,8,ISO/IEC 7816 : 9 : 0 0
26218,9,ISO/IEC 7816 : 10 : 0 0
26218,10,ISO/IEC 7816 : 11 : 0 0
26218,11,ISO/IEC 7816 : 12 : 0 0
26218,12,ISO/IEC 7816 : 13 : 0 0
26218,13,ISO/IEC 7816 : 15 : 0 0
26219,1,ISO/IEC 7816 : 1 : 0 0
26219,2,ISO/IEC 7816 : 2 : 0 0
26219,3,ISO/IEC 7816 : 3 : 0 0
26219,4,ISO/IEC 7816 : 4 : 0 0
26219,5,ISO/IEC 7816 : 5 : 0 0
26219,6,ISO/IEC 7816 : 6 : 0 0
26219,7,ISO/IEC 7816 : 7 : 0 0
26219,8,ISO/IEC 7816 : 9 : 0 0
26219,9,ISO/IEC 7816 : 10 : 0 0
26219,10,ISO/IEC 7816 : 11 : 0 0
26219,11,ISO/IEC 7816 : 12 : 0 0
26219,12,ISO/IEC 7816 : 13 : 0 0
26219,13,ISO/IEC 7816 : 15 : 0 0
7052,1,ISO/IEC 7816 : 1 : 0 0
7052,2,ISO/IEC 7816 : 2 : 0 0
7052,3,ISO/IEC 7816 : 3 : 0 0
7052,4,ISO/IEC 7816 : 4 : 0 0
7052,5,ISO/IEC 7816 : 5 : 0 0
7052,6,ISO/IEC 7816 : 6 : 0 0
7052,7,ISO/IEC 7816 : 7 : 0 0
7052,8,ISO/IEC 7816 : 9 : 0 0
7052,9,ISO/IEC 7816 : 10 : 0 0
7052,10,ISO/IEC 7816 : 11 : 0 0
7052,11,ISO/IEC 7816 : 12 : 0 0
7052,12,ISO/IEC 7816 : 13 : 0 0
7052,13,ISO/IEC 7816 : 15 : 0 0
7053,1,ISO 9564 : 1 : 2002
7053,2,ISO 9564 : 3 : 0 0
7053,3,ISO/IEC 10116 : 0 : 0 0
7053,4,ISO 11568 : 2 : 1994
7053,5,other 2000 : 0 : 0 0
7053,6,other 92 : 1981
7053,7,other 10 : 1998
7053,8,other 2805 : 1992
21457,1,ISO 7811 : 1995
21457,2,ISO 7812 : 2000
21457,3,ISO 7816 : 1 : 1998
21457,4,ISO/IEC 7810 : 2003
21457,5,ISO/IEC 7813 : 2001
21457,6,ISO 13491 : 1 : 1998
21475,1,ISO 7816 : 0 : 0 0
21475,2,ISO 9564 : 1 : 2002
21475,3,ISO 9564 : 2 : 2005
21475,4,ISO 11568 : 2 : 2005
21475,5,other 2000 : 0 : 0 0
7054,1,ISO 7810 : 1985
7054,2,ISO 7812 : 1987
7054,3,ISO 10202 : 0 : 0 0
7054,4,ISO/IEC 7812 : 0 : 0 0
7054,5,ISO/IEC 7813 : 1995
7054,6,ISO/IEC 7816 : 3 : 1989
7054,7,ISO/IEC 7816 : 4 : 0 0
7054,8,ISO 4909 : 2000
7054,9,ISO 999 : 2 : 1998
7055,1,ISO 10579 : 1993
7055,2,ISO 1101 : 1983
7055,3,ISO 2692 : 1988
7055,4,ISO 5459 : 1981
7055,5,ISO 5458 : 1987
25417,1,ISO 5599 : 2 : 1990
25417,2,ISO 468 : 1982
25417,3,ISO 1101 : 1983
25417,4,ISO 1302 : 1978
25418,1,ISO 5599 : 2 : 1990
25418,2,ISO 468 : 1982
25418,3,ISO 1101 : 1983
25418,4,ISO 1302 : 1978
7056,1,ISO 5599 : 2 : 1990
7056,2,ISO 468 : 1982
7056,3,ISO 1101 : 1983
7056,4,ISO 1302 : 1978
7057,1,ISO 5599 : 2 : 1990
7057,2,ISO 468 : 1982
7057,3,ISO 1101 : 1983
7057,4,ISO 1302 : 1978
7058,1,ISO 5599 : 3 : 1990
7058,2,ISO 5598 : 1985
7058,3,ISO 599 : 1 : 1989
7059,1,ISO 6 : 0 : 0 0
7059,2,ISO 2240 : 0 : 0 0
7059,3,ISO 5800 : 0 : 0 0
7059,4,IEC 68 : 0 : 0 0
7059,5,IEC 68 : 0 : 0 0
7060,1,IEC 83 : 0 : 0 0
7060,2,IEC 320 : 0 : 0 0
7061,1,ISO 9334 : 0 : 0 0
7061,2,ISO 9335 : 0 : 0 0
7063,1,ISO 1203 : 0 : 0 0
7063,2,ISO 1754 : 0 : 0 0
7067,1,ISO 5460 : 0 : 0 0
7067,2,ISO 1101 : 1983
7067,3,ISO 2692 : 0 : 0 0
7067,4,ISO 5459 : 0 : 0 0
7067,5,ISO 4291 : 0 : 0 0
7067,6,ISO 7083 : 0 : 0 0
7068,1,ISO 216 : 0 : 0 0
7068,2,ISO 2014 : 0 : 0 0
7068,3,ISO 3166 : 0 : 0 0
7068,4,ISO 4217 : 0 : 0 0
7068,5,ISO 6166 : 0 : 0 0
7069,1,IEC 793 : -1 : -2 1995
28713,1,IEC 61000 : 4 : 20 2010
28713,2,IEC 61000 : 6 : 1 2005
28713,3,IEC 61000 : 6 : 2 2005
28713,4,IEC 61094 : 1 : 2020
28713,5,IEC 61094 : 4 : 1995
28713,6,IEC 61094 : 5 : 0 0
28713,7,ISO 266 : 1997
7072,1,IEC 61000 : 4 : 20 2010
7072,2,IEC 61000 : 6 : 1 2005
7072,3,IEC 61000 : 6 : 2 2005
7072,4,IEC 61094 : 1 : 2020
7072,5,IEC 61094 : 4 : 1995
7072,6,IEC 61094 : 5 : 0 0
7072,7,ISO 266 : 1997
7074,1,ISO 554 : 1976
7074,2,ISO 3696 : 1987
7074,3,ISO 7500 : 1 : 1986
7074,4,ISO 9862 : 0 : 0 0
7074,5,ISO 10319 : 1993
7077,1,IEC 60086 : 2 : 1994
7080,1,ISO 5429 : 1977
26267,1,0 0 : 0 : 0 0
26687,1,0 0 : 0 : 0 0
7085,1,ISO/TS 210 : 0 : 0 0
7085,2,ISO/TS 211 : 0 : 0 0
7085,3,ISO 212 : 0 : 0 0
7085,4,ISO 279 : 0 : 0 0
7085,5,ISO 280 : 0 : 0 0
7085,6,ISO 592 : 0 : 0 0
7085,7,ISO 875 : 0 : 0 0
7085,8,ISO 11024 : 1 : 0 0
7085,9,ISO 11024 : 2 : 0 0
7091,1,0 0 : 0 : 0 0
31710,1,0 0 : 0 : 0 0
26705,1,ISO 248 : 1 : 2011
26705,2,ISO 6502 : 0 : 0 0
26705,3,ISO 23529 : 0 : 0 0
26705,4,ISO 37 : 0 : 0 0
26705,5,ISO 247 : 0 : 0 0
26705,6,ISO 289 : 1 : 0 0
26705,7,ISO 1795 : 0 : 0 0
26705,8,ISO 2393 : 0 : 0 0
26705,9,ISO 3417 : 0 : 0 0
7092,1,ISO 248 : 1 : 2011
7092,2,ISO 6502 : 0 : 0 0
7092,3,ISO 23529 : 0 : 0 0
7092,4,ISO 37 : 0 : 0 0
7092,5,ISO 247 : 0 : 0 0
7092,6,ISO 289 : 1 : 0 0
7092,7,ISO 1795 : 0 : 0 0
7092,8,ISO 2393 : 0 : 0 0
7092,9,ISO 3417 : 0 : 0 0
7093,1,IEC 60747 : 5 : 1
7094,1,IEC 60793 : 1 : 20
7094,2,IEC 60793 : 1 : 21
7094,3,IEC 13882 : 1 : 1
24164,1,IEC 60143 : 2 : 0 0
7103,1,IEC 60060 : 0 : 0 0
7103,2,IEC 60071 : 2 : 1976
7103,3,IEC 60099 : 3 : 1990
7104,1,IEC 60099 : 1 : 1991
7104,2,IEC 60507 : 1991
7105,1,IEC 60099 : 6 : 2002
7111,1,ISO 1832 : 1991
7112,1,ISO 1832 : 1991
7113,1,0 0 : 0 : 0 0
31445,1,0 0 : 0 : 0 0
7114,1,ISO 9431 : 1990
7114,2,ISO 3098 : 1 : 1974
7114,3,ISO 5457 : 1980
7114,4,ISO 7200 : 1984
7115,1,ISO 683 : 1 : 1987
7115,2,ISO 1832 : 1991
7115,3,ISO 3002 : 1 : 1982
7115,4,ISO 3002 : 3 : 1984
7115,5,ISO 3685 : 1993
33357,1,ISO 6150 : 1988
33357,2,ISO 4399 : 1977
33357,3,ISO 4414 : 1982
33357,4,ISO 5598 : 1985
7118,1,ISO 6150 : 1988
7118,2,ISO 4399 : 1977
7118,3,ISO 4414 : 1982
7118,4,ISO 5598 : 1985
7124,1,ISO 1135 : 3 : 0 0
7124,2,ISO 1135 : 4 : 0 0
7124,3,ISO 247 : 0 : 0 0
7126,1,ISO 6508 : 0 : 0 0
7126,2,ISO 306 : 0 : 0 0
7127,1,ISO 1463 : 0 : 0 0
7127,2,ISO 3497 : 0 : 0 0
7127,3,ISO 4481 : 0 : 0 0
7127,4,ISO 6508 : 0 : 0 0
7128,1,ISO 1463 : 0 : 0 0
7128,2,ISO 3497 : 0 : 0 0
7128,3,ISO 4481 : 0 : 0 0
7129,1,ISO 1463 : 0 : 0 0
7129,2,ISO 3497 : 0 : 0 0
7129,3,ISO 4481 : 0 : 0 0
7129,4,ISO 6508 : 0 : 0 0
7131,1,ISO 301 : 0 : 0 0
7131,2,ISO 4481 : 0 : 0 0
7131,3,ISO 6508 : 0 : 0 0
7131,4,other 10088 : -1 : 0 0
7131,5,other 12875 : -1 : 0 0
7132,1,ISO 4481 : 0 : 0 0
7132,2,ISO 6508 : 0 : 0 0
7132,3,other 10088 : -1 : 0 0
7132,4,other 1904 : 0 : 0 0
7133,1,other 1904 : 0 : 0 0
7133,2,ISO 4481 : 0 : 0 0
7135,1,ISO 11461 : 0 : 0 0
7135,2,ISO 11464 : 0 : 0 0
26427,1,ISO 565 : 1990
26427,2,ISO 10381 : 8 : 2006
26427,3,ISO 16720 : 2005
7137,1,ISO 565 : 1990
7137,2,ISO 10381 : 8 : 2006
7137,3,ISO 16720 : 2005
26793,1,ISO 10381 : 6 : 2009
26793,2,ISO 10390 : 2005
26793,3,ISO 10694 : 1995
26793,4,ISO 10930 : 2012
26793,5,ISO 11260 : 2018
26793,6,ISO 11268 : 1 : 2012
26793,7,ISO 11268 : 2 : 2012
26793,8,ISO 11277 : 2020
26793,9,ISO 11465 : 1993
26793,10,ISO 20281 : 2006
7138,1,ISO 10381 : 6 : 2009
7138,2,ISO 10390 : 2005
7138,3,ISO 10694 : 1995
7138,4,ISO 10930 : 2012
7138,5,ISO 11260 : 2018
7138,6,ISO 11268 : 1 : 2012
7138,7,ISO 11268 : 2 : 2012
7138,8,ISO 11277 : 2020
7138,9,ISO 11465 : 1993
7138,10,ISO 20281 : 2006
7139,1,ISO 1321 : 0 : 0 0
7139,2,ISO 1319 : 0 : 0 0
7144,1,ISO 12925 : 1 : 1996
7144,2,ISO 2160 : 1998
7144,3,ISO 2592 : 0 : 0 0
7144,4,ISO 2909 : 1981
7144,5,ISO 3016 : 1994
7144,6,ISO 3448 : 1992
7144,7,ISO 6247 : 0 : 0 0
7144,8,ISO 7120 : 1987
7144,9,ISO 6614 : 1994
7144,10,ISO 6743 : 1990
26184,1,ISO 19363 : 0 : 0 0
24196,1,IEC 61851 : 22 : 0 0
24196,2,IEC 62196 : 0 : 0 0
24197,1,ISO/TR 8713 : 0 : 0 0
23969,1,0 0 : 0 : 0 0
23970,1,ISO/TS 62673 : 2013
23972,1,ISO 19363 : 0 : 0 0
7153,1,ISO 3696 : 0 : 0 0
7153,2,ISO 6498 : 0 : 0 0
7153,3,ISO 6498 : 0 : 0 0
31921,1,ISO 14532 : 2014
7158,1,ISO 14532 : 2014
7159,1,ISO 13443 : 1996
7159,2,ISO 6976 : 1995
30894,1,ISO 6326 : 1 : 0 0
30894,2,ISO 6326 : 3 : 0 0
30894,3,ISO 6326 : 5 : 0 0
30894,4,ISO 6327 : 0 : 0 0
30894,5,ISO 6570 : 0 : 0 0
30894,6,ISO 6974 : 1 : 0 0
30894,7,ISO 6974 : 6 : 0 0
30894,8,ISO 6975 : 0 : 0 0
30894,9,ISO 6978 : 1 : 0 0
30894,10,ISO 6978 : 2 : 0 0
30894,11,ISO 11541 : 0 : 0 0
30894,12,ISO 14532 : 0 : 0 0
30894,13,ISO 15970 : 2008
30894,14,ISO 15971 : 2008
30894,15,ISO 18453 : 0 : 0 0
30894,16,ISO 19739 : 0 : 0 0
30894,17,ISO 23874 : 0 : 0 0
7160,1,ISO 6326 : 1 : 0 0
7160,2,ISO 6326 : 3 : 0 0
7160,3,ISO 6326 : 5 : 0 0
7160,4,ISO 6327 : 0 : 0 0
7160,5,ISO 6570 : 0 : 0 0
7160,6,ISO 6974 : 1 : 0 0
7160,7,ISO 6974 : 6 : 0 0
7160,8,ISO 6975 : 0 : 0 0
7160,9,ISO 6978 : 1 : 0 0
7160,10,ISO 6978 : 2 : 0 0
7160,11,ISO 11541 : 0 : 0 0
7160,12,ISO 14532 : 0 : 0 0
7160,13,ISO 15970 : 2008
7160,14,ISO 15971 : 2008
7160,15,ISO 18453 : 0 : 0 0
7160,16,ISO 19739 : 0 : 0 0
7160,17,ISO 23874 : 0 : 0 0
7161,1,ISO 0 : 3 : 2008
7162,1,ISO 14111 : 1997
7162,2,ISO 6976 : 1995
26471,1,ISO 6974 : 3 : 2000
26471,2,ISO 6974 : 1 : 2000
26471,3,ISO 6974 : 2 : 2000
26471,4,ISO 7504 : 1984
17768,1,ISO 6974 : 3 : 2000
17768,2,ISO 6974 : 1 : 2000
17768,3,ISO 6974 : 2 : 2000
17768,4,ISO 7504 : 1984
25961,1,ISO 6974 : 5 : 2000
25961,2,ISO 6142 : 1981
25961,3,ISO 6974 : 1 : 2000
25961,4,ISO 6974 : 2 : 2000
25961,5,ISO 7504 : 1984
25451,1,ISO/IEC 0 : 3 : 1995
25451,2,ISO/IEC 0 : 3 : 1995
25451,3,ISO/IEC 98 : 3 : 1995
25451,4,ISO/IEC 0 : 3 : 1995
25451,5,ISO/IEC 0 : 3 : 1995
7164,1,ISO 6976 : 1995
7164,2,ISO 13443 : 1996
7165,1,ISO/IEC 0 : 3 : 1995
7165,2,ISO/IEC 0 : 3 : 1995
7165,3,ISO/IEC 98 : 3 : 1995
7165,4,ISO/IEC 0 : 3 : 1995
7165,5,ISO/IEC 0 : 3 : 1995
7166,1,ISO 6974 : 4 : 2000
7166,2,ISO 6142 : 1981
7166,3,ISO 6143 : 1981
7166,4,ISO 6974 : 1 : 2000
7166,5,ISO 6974 : 2 : 2000
7166,6,ISO 7504 : 1984
7167,1,ISO 6974 : 5 : 2000
7167,2,ISO 6142 : 1981
7167,3,ISO 6974 : 1 : 2000
7167,4,ISO 6974 : 2 : 2000
7167,5,ISO 7504 : 1984
7177,1,ISO 17373 : 2005
7177,2,ISO 139 : 2005
7183,1,0 0 : 0 : 0 0
32994,1,0 0 : 0 : 0 0
7184,1,ISO 254 : 1998
7184,2,ISO 1940 : 1 : 1986
7185,1,ISO 3410 : 0 : 0 0
7185,2,ISO 5289 : 0 : 0 0
7185,3,ISO 9981 : 0 : 0 0
7185,4,ISO 9982 : 0 : 0 0
7186,1,0 0 : 0 : 0 0
33215,1,0 0 : 0 : 0 0
7187,1,0 0 : 0 : 0 0
33216,1,0 0 : 0 : 0 0
7204,1,ISO 6099 : 1985
7204,2,ISO 5598 : 1985
27555,1,ISO 6099 : 1985
27555,2,ISO 5598 : 1985
7206,1,ISO 18413 : 2002
7211,1,ISO/IEC 17025 : 2005
7214,1,ISO 7745 : 1989
7214,2,ISO 5598 : 1985
7214,3,ISO 6743 : 4 : 1982
7214,4,ISO 1629 : 1995
7214,5,ISO 6702 : 1986
7214,6,ISO 3448 : 1992
25419,1,ISO 7745 : 1989
25419,2,ISO 5598 : 1985
25419,3,ISO 6743 : 4 : 1982
25419,4,ISO 1629 : 1995
25419,5,ISO 6702 : 1986
25419,6,ISO 3448 : 1992
65631,1,ISO 7745 : 1989
65631,2,ISO 5598 : 1985
65631,3,ISO 6743 : 4 : 1982
65631,4,ISO 1629 : 1995
65631,5,ISO 6702 : 1986
65631,6,ISO 3448 : 1992
7215,1,0 0 : 0 : 0 0
7215,2,ISO 815 : 1 : 0 0
7215,3,ISO 1629 : 0 : 0 0
7215,4,ISO 2393 : 0 : 0 0
7218,1,ISO 7870 : 2 : 0 0
7218,2,ISO/IEC 98 : 3 : 0 0
7219,1,ISO 9110 : 2 : 1990
7219,2,ISO 9110 : 1 : 1990
30344,1,ISO 7870 : 2 : 0 0
30344,2,ISO/IEC 98 : 3 : 0 0
30345,1,ISO 9110 : 2 : 1990
30345,2,ISO 9110 : 1 : 1990
7225,1,ISO 5667 : 1 : 0 0
7225,2,ISO 5667 : 2 : 0 0
7225,3,ISO 5667 : 2 : 0 0
7225,4,ISO 5667 : 3 : 0 0
7226,1,ISO 5667 : 1 : 0 0
7226,2,ISO 5667 : 2 : 0 0
7226,3,ISO 5667 : 3 : 0 0
7226,4,ISO 5667 : 3 : 0 0
7227,1,ISO 5667 : 1 : 0 0
7227,2,ISO 5667 : 2 : 0 0
7227,3,ISO 5667 : 3 : 0 0
7227,4,ISO 5667 : 3 : 0 0
7228,1,ISO 19458 : 0 : 0 0
7228,2,ISO 7704 : 0 : 0 0
27132,1,ISO 19458 : 0 : 0 0
27132,2,ISO 7704 : 0 : 0 0
28494,1,ISO/IEC 99 : 2007
17597,1,ISO/IEC 99 : 2007
31542,1,0 0 : 0 : 0 0
7235,1,0 0 : 0 : 0 0
24526,1,ISO 15193 : 2009
24526,2,ISO 15194 : 2009
24526,3,ISO 17511 : 2003
24526,4,ISO 18153 : 2003
24526,5,ISO/IEC 0 : 0 : 0 0
24526,6,ISO/IEC 0 : 0 : 0 0
7242,1,IEC 60050 : 811 : 0 0
7242,2,IEC 60077 : 1 : 0 0
7242,3,IEC 60310 : 0 : 0 0
7242,4,IEC 60322 : 0 : 0 0
7242,5,IEC 60349 : 1 : 0 0
7242,6,IEC 60349 : 2 : 0 0
7242,7,IEC 60349 : 4 : 0 0
7242,8,IEC 60571 : 0 : 0 0
7242,9,IEC 60850 : 0 : 0 0
7242,10,IEC 61148 : 0 : 0 0
7242,11,IEC 61373 : 0 : 0 0
7242,12,IEC 61881 : 0 : 0 0
7242,13,IEC 61991 : 0 : 0 0
7242,14,IEC 62236 : 3 : 1
7242,15,IEC 62236 : 3 : 2
7242,16,IEC 62497 : 1 : 0 0
7242,17,IEC 62498 : 1 : 0 0
7243,1,IEC 61287 : 1 : 1995
32732,1,IEC 60050 : 811 : 0 0
32732,2,IEC 60077 : 1 : 0 0
32732,3,IEC 60310 : 0 : 0 0
32732,4,IEC 60322 : 0 : 0 0
32732,5,IEC 60349 : 1 : 0 0
32732,6,IEC 60349 : 2 : 0 0
32732,7,IEC 60349 : 4 : 0 0
32732,8,IEC 60571 : 0 : 0 0
32732,9,IEC 60850 : 0 : 0 0
32732,10,IEC 61148 : 0 : 0 0
32732,11,IEC 61373 : 0 : 0 0
32732,12,IEC 61881 : 0 : 0 0
32732,13,IEC 61991 : 0 : 0 0
32732,14,IEC 62236 : 3 : 1
32732,15,IEC 62236 : 3 : 2
32732,16,IEC 62497 : 1 : 0 0
32732,17,IEC 62498 : 1 : 0 0
7246,1,ISO 3534 : 1 : 0 0
7246,2,ISO 3534 : 2 : 0 0
7246,3,ISO 3534 : 3 : 0 0
7246,4,ISO 9000 : 0 : 0 0
21638,1,ISO 3534 : 1 : 0 0
21638,2,ISO 3534 : 2 : 0 0
7250,1,ISO 6879 : 0 : 0 0
7253,1,ISO 6883 : 1983
7253,2,ISO 6879 : 0 : 0 0
7254,1,ISO 5725 : 1986
33681,1,ISO 5725 : 1986
7261,1,ISO 8217 : 1996
23745,1,ISO 15223 : 1 : 2007
23745,2,ISO 9186 : 1 : 2007
23745,3,IEC 80416 : 1 : 2008
21187,1,ISO 8601 : 2004
7270,1,ISO 304 : 0 : 0 0
7270,2,ISO 179 : 0 : 0 0
7270,3,ISO 527 : 1 : 0 0
7271,1,ISO 304 : 0 : 0 0
7271,2,ISO 179 : 0 : 0 0
7271,3,ISO 527 : 1 : 0 0
7271,4,ISO 178 : 0 : 0 0
7293,1,ISO 7 : 1 : 1982
7293,2,ISO 7388 : 1 : 1983
7293,3,ISO 7388 : 1 : 1983
7294,1,ISO 297 : 1988
7294,2,ISO 898 : 1 : 1988
7294,3,ISO 1947 : 1973
7294,4,ISO 4762 : 1989
7294,5,ISO 7388 : 1 : 0 0
7294,6,ISO 7388 : 3 : 0 0
7294,7,ISO 9524 : 0 : 1 1992
7295,1,ISO 3442 : 1991
7295,2,ISO 230 : 1 : 1986
21691,1,ISO 230 : 1 : 1986
21692,1,ISO 230 : 1 : 1996
21693,1,ISO 230 : 1 : 1996
21693,2,ISO 965 : 3 : 0 0
7296,1,ISO 965 : 3 : 1980
7298,1,ISO 841 : 2001
23460,1,ISO 841 : 2001
23463,1,ISO 8526 : 1 : 1990
23464,1,ISO 841 : 2001
31146,1,ISO 841 : 2001
31690,1,ISO 841 : 2001
7303,1,ISO 8908 : 0 : 0 0
7304,1,ISO 9564 : 1 : 2002
7304,2,ISO 9796 : 2 : 2002
7304,3,ISO/IEC 10116 : 1997
7304,4,ISO 11568 : 2005
7304,5,ISO 13491 : 2005
7304,6,ISO 16609 : 2004
7304,7,ISO/IEC 10118 : 0 : 0 0
7304,8,ISO 15782 : 1 : 2003
7304,9,ISO/IEC 11770 : 3 : 0 0
7304,10,ISO/IEC 14888 : 3 : 0 0
7304,11,ISO/IEC 15946 : 3 : 2002
7304,12,ISO/IEC 18033 : 2 : 0 0
7304,13,other 9 : 42 : 2003
21458,1,ISO 9564 : 1 : 2002
21458,2,ISO/IEC 10116 : 1997
21458,3,ISO 11568 : 1 : 2005
21458,4,ISO 13491 : 1 : 0 0
21458,5,ISO 13491 : 2 : 2000
21458,6,ISO 16609 : 2004
21458,7,ISO/IEC 18033 : 1 : 0 0
21458,8,other 19038 : 0 : 0 0
21458,9,other 9 : 1 : 2004
21458,10,other 9 : 65 : 2004
7305,1,ISO 1503 : 1977
7305,2,ISO 151 : 0 : 0 0
7309,1,0 0 : 0 : 0 0
27352,1,0 0 : 0 : 0 0
7310,1,ISO 3274 : 1996
7310,2,ISO 4287 : 1997
7310,3,ISO 4288 : 1996
7310,4,ISO 5436 : 1985
7310,5,ISO 11562 : 1996
7310,6,ISO 12085 : 1996
7310,7,ISO 13565 : 1 : 1996
7311,1,ISO 4287 : 1997
7311,2,ISO 3274 : 1996
7311,3,ISO 4288 : 1996
7311,4,ISO 11562 : 1996
7312,1,ISO 4288 : 1996
7312,2,ISO 1302 : 1992
7312,3,ISO 3274 : 1996
7312,4,ISO 12085 : 1996
7312,5,ISO 13565 : 1 : 1990
7313,1,ISO 8785 : 1998
26372,1,ISO 554 : 1976
26372,2,ISO 614 : 0 : 0 0
26372,3,ISO 3903 : 0 : 0 0
26372,4,ISO 5779 : 1987
26372,5,ISO 21005 : 0 : 0 0
26372,6,IEC 60092 : 101 : 0 0
26372,7,IEC 60529 : 2001
7315,1,ISO 554 : 1976
7315,2,ISO 614 : 0 : 0 0
7315,3,ISO 3903 : 0 : 0 0
7315,4,ISO 5779 : 1987
7315,5,ISO 21005 : 0 : 0 0
7315,6,IEC 60092 : 101 : 0 0
7315,7,IEC 60529 : 2001
7317,1,ISO 8037 : 1 : 1986
7318,1,ISO 4287 : 0 : 0 0
7318,2,ISO 8037 : 2 : 1997
7319,1,ISO 10934 : 1 : 0 0
7321,1,ISO 8255 : 1 : 1986
7321,2,ISO 7944 : 0 : 0 0
7322,1,ISO 8255 : 2 : 1997
7322,2,ISO 2859 : 1 : 1989
7322,3,ISO 8255 : 1 : 1986
7322,4,ISO 11455 : 1995
7324,1,ISO 2081 : 2018
7324,2,ISO 4892 : 2 : 2013
7324,3,ISO 9227 : 2017
7324,4,CEN 15977 : 2011
7326,1,ISO 4759 : 3 : 2000
7326,2,ISO 1101 : 0 : 0 0
7326,3,ISO 2692 : 1988
7326,4,ISO 4042 : 1999
26046,1,ISO 4759 : 3 : 2000
26046,2,ISO 1101 : 0 : 0 0
26046,3,ISO 2692 : 1988
26046,4,ISO 4042 : 1999
7328,1,ISO 48 : 1994
7328,2,ISO 228 : 1 : 1985
7328,3,ISO 5598 : 1985
7328,4,ISO 4397 : 1993
7328,5,ISO 4759 : 1 : 1978
7328,6,ISO 6149 : 1 : 1993
7328,7,ISO 6149 : 2 : 1993
7328,8,ISO 6149 : 3 : 1993
7328,9,ISO 8434 : 1 : 1994
7328,10,ISO 3601 : 3 : 1987
7328,11,ISO 261 : 1998
7328,12,ISO 1127 : 1992
7328,13,ISO 1179 : 1 : 0 0
7328,14,ISO 3304 : 1985
7328,15,ISO 3305 : 1985
7329,1,ISO 8434 : 5 : 1995
7329,2,ISO 48 : 194
7329,3,ISO 5598 : 1985
7329,4,ISO 3448 : 1992
7329,5,ISO 6508 : 1986
7329,6,ISO 3601 : 3 : 1987
7329,7,ISO 6803 : 1994
21248,1,ISO 565 : 0 : 0 0
21248,2,ISO 5017 : 0 : 0 0
18461,1,ISO 565 : 0 : 0 0
18461,2,ISO 836 : 0 : 0 0
18461,3,ISO 5022 : 0 : 0 0
24891,1,ISO 1927 : 5 : 0 0
29541,1,ISO 5022 : 1979
7332,1,ISO 5017 : 1 : 1983
7332,2,ISO 5018 : 1983
7333,1,ISO 5022 : 1979
7333,2,ISO 8656 : 1 : 1988
7334,1,ISO 758 : 1956
7334,2,ISO 5018 : 1983
7335,1,0 0 : 0 : 0 0
7339,1,ISO 5022 : 1979
7340,1,0 0 : 0 : 0 0
66183,1,ISO 6344 : 2 : 1998
66183,2,ISO 9284 : 1992
66183,3,ISO 3310 : 1 : 0 0
7352,1,ISO 6344 : 1 : 1998
7352,2,ISO 9284 : 1992
7353,1,ISO 6344 : 2 : 1998
7353,2,ISO 9284 : 1992
7353,3,ISO 3310 : 1 : 0 0
7354,1,ISO 13317 : 3 : 2001
31691,1,ISO 13317 : 3 : 2001
7355,1,ISO 8486 : 1 : 1996
7355,2,ISO 3310 : 1 : 1990
7355,3,ISO 9284 : 1992
7356,1,ISO 8486 : 2 : 1996
140,1,ISO 9136 : 2 : 1999
7357,1,ISO 9136 : 1989
192,1,ISO 9136 : 1 : 2004
7359,1,ISO 9138 : 1993
31715,1,ISO 9138 : 1993
30562,1,0 0 : 0 : 0 0
7360,1,0 0 : 0 : 0 0
7361,1,ISO 15187 : 2000
7362,1,ISO 691 : 1997
7362,2,ISO 1463 : 1982
7362,3,ISO 2859 : 1 : 1999
7362,4,ISO 3452 : 1984
7362,5,ISO 3887 : 1976
7362,6,ISO 4288 : 1996
7362,7,ISO 5855 : 2 : 1999
7362,8,ISO 7403 : 1998
7362,9,ISO 7481 : 0 : 0 0
7362,10,ISO 7870 : 1993
7362,11,ISO 7966 : 1993
7362,12,ISO 8258 : 1991
7362,13,ISO 5858 : 1999
7363,1,ISO 10450 : 1991
7364,1,ISO 10656 : 1996
7364,2,ISO 5826 : 0 : 0 0
7364,3,IEC 417 : 1973
26113,1,ISO 12100 : 1 : 2003
26113,2,ISO 12100 : 2 : 2003
26113,3,ISO 13849 : 1 : 2006
26113,4,ISO 13849 : 2 : 2009
26113,5,ISO 13850 : 2006
26113,6,ISO 14120 : 2002
26113,7,ISO 14121 : 1999
26113,8,ISO 14122 : 1 : 2001
26113,9,ISO 14122 : 2 : 2001
26113,10,ISO 14122 : 3 : 2001
26113,11,ISO 14122 : 4 : 2004
26113,12,IEC 60204 : 1 : 2005
26113,13,IEC 62061 : 2005
7365,1,ISO 12100 : 1 : 2003
7365,2,ISO 12100 : 2 : 2003
7365,3,ISO 13849 : 1 : 2006
7365,4,ISO 13849 : 2 : 2009
7365,5,ISO 13850 : 2006
7365,6,ISO 14120 : 2002
7365,7,ISO 14121 : 1999
7365,8,ISO 14122 : 1 : 2001
7365,9,ISO 14122 : 2 : 2001
7365,10,ISO 14122 : 3 : 2001
7365,11,ISO 14122 : 4 : 2004
7365,12,IEC 60204 : 1 : 2005
7365,13,IEC 62061 : 2005
136,1,0 0 : 0 : 0 0
31573,1,ISO 22568 : 1 : 0 0
31573,2,EN 13832 : 3 : 0 0
31581,1,ISO 17075 : 2007
31581,2,ISO 20344 : 2011
31581,3,ISO 0 : 0 : 0 0
31610,1,EN 13832 : 3 : 0 0
31632,1,ISO 22568 : 1 : 0 0
31632,2,ISO 17707 : 0 : 0 0
31632,3,ISO 4643 : 0 : 0 0
31632,4,ISO 5403 : 1 : 0 0
31632,5,ISO 22649 : 0 : 0 0
31632,6,ISO 14268 : 0 : 0 0
31632,7,ISO 6487 : 0 : 0 0
31632,8,ISO 13287 : 0 : 0 0
25530,1,ISO 17075 : 2007
25530,2,ISO 20344 : 2011
25530,3,ISO 0 : 0 : 0 0
7366,1,ISO 22568 : 1 : 0 0
7366,2,ISO 17707 : 0 : 0 0
7366,3,ISO 4643 : 0 : 0 0
7366,4,ISO 5403 : 1 : 0 0
7366,5,ISO 22649 : 0 : 0 0
7366,6,ISO 14268 : 0 : 0 0
7366,7,ISO 6487 : 0 : 0 0
7366,8,ISO 13287 : 0 : 0 0
7367,1,ISO 22568 : 1 : 0 0
7367,2,EN 13832 : 3 : 0 0
7368,1,ISO 17075 : 2007
7368,2,ISO 20344 : 2011
7368,3,ISO 0 : 0 : 0 0
7369,1,EN 13832 : 3 : 0 0
25301,1,ISO 22568 : 1 : 0 0
25301,2,EN 13832 : 3 : 0 0
137,1,ISO 603 : 4 : 0 0
137,2,ISO 603 : 7 : 0 0
137,3,ISO 603 : 8 : 0 0
137,4,ISO 12164 : 1 : 0 0
137,5,ISO 12164 : 2 : 0 0
7375,1,ISO 8695 : 2010
7380,1,ISO 12213 : 1 : 1997
7380,2,ISO 6976 : 1995
7380,3,ISO 13443 : 1996
7381,1,ISO 800000 : 4 : 2006
7381,2,ISO 800000 : 5 : 2007
7382,1,ISO 6976 : 1995
7382,2,ISO 12213 : 1997
7382,3,ISO 31 : 1992
7382,4,ISO 31 : 1992
7384,1,ISO 5855 : 2 : 1999
7384,2,ISO 13596 : 2000
33437,1,ISO 3696 : 1987
33437,2,ISO 7708 : 1995
33437,3,ISO 8655 : 1 : 0 0
33437,4,ISO 8655 : 6 : 0 0
33437,5,ISO 13137 : 0 : 0 0
33437,6,ISO 15202 : 2 : 0 0
33437,7,ISO 18158 : 0 : 0 0
33437,8,ISO 20581 : 0 : 0 0
33437,9,ISO 13205 : 0 : 0 0
23994,1,ISO 11357 : 1 : 2009
23994,2,ISO 11357 : 2 : 2013
23994,3,ISO 11357 : 3 : 2018
7385,1,ISO 3696 : 1987
7385,2,ISO 7708 : 1995
7385,3,ISO 8655 : 1 : 0 0
7385,4,ISO 8655 : 6 : 0 0
7385,5,ISO 13137 : 0 : 0 0
7385,6,ISO 15202 : 2 : 0 0
7385,7,ISO 18158 : 0 : 0 0
7385,8,ISO 20581 : 0 : 0 0
7385,9,ISO 13205 : 0 : 0 0
7388,1,ISO 3274 : 0 : 0 0
7388,2,ISO 4288 : 0 : 0 0
7388,3,ISO 6507 : 1 : 0 0
7388,4,ISO 1797 : 1 : 0 0
7389,1,ISO 4288 : 0 : 0 0
7389,2,ISO 3630 : 1 : 0 0
7389,3,ISO 3630 : 2 : 0 0
7393,1,ISO 5492 : 0 : 0 0
7393,2,ISO 6658 : 0 : 0 0
7395,1,ISO 4120 : 0 : 0 0
7395,2,ISO 4121 : 0 : 0 0
7395,3,ISO 5492 : 0 : 0 0
7395,4,ISO 6658 : 0 : 0 0
7396,1,ISO 5492 : 0 : 0 0
7396,2,ISO 6658 : 0 : 0 0
7396,3,ISO 8586 : 0 : 0 0
7397,1,ISO 9189 : 1993
7398,1,ISO 4626 : 1980
7398,2,ISO 14532 : 0 : 0 0
21563,1,ISO 15403 : 1 : 2006
21563,2,ISO 15403 : 2000
21563,3,ISO 6976 : 1995
7399,1,ISO 15403 : 2000
7399,2,ISO 6326 : 1 : 1989
7399,3,ISO 6326 : 2 : 1981
7399,4,ISO 6326 : 3 : 1989
7399,5,ISO 6326 : 4 : 1994
7399,6,ISO 6326 : 5 : 1989
7399,7,ISO 6327 : 1981
7399,8,ISO 6570 : 1 : 1983
7399,9,ISO 6570 : 2 : 1984
7399,10,ISO 6974 : 0 : 0 0
7399,11,ISO 6976 : 1995
7399,12,ISO 10101 : 1 : 1993
7399,13,ISO 10101 : 2 : 1993
7399,14,ISO 10101 : 3 : 1993
7399,15,ISO 11541 : 1997
7399,16,ISO 13734 : 1998
7399,17,ISO 14532 : 2001
7404,1,0 0 : 0 : 0 0
24133,1,0 0 : 0 : 0 0
33370,1,0 0 : 0 : 0 0
31647,1,ISO 3834 : 2 : 1994
31647,2,ISO 3834 : 3 : 1994 1994
31647,3,ISO 3834 : 4 : 1994
31647,4,ISO 8402 : 1994
31647,5,ISO 9001 : 2000
31647,6,ISO 9002 : 1994
27868,1,ISO 3834 : 5 : 2005
27869,1,ISO 3834 : 5 : 2005
27870,1,ISO 3834 : 5 : 2005
7405,1,ISO 3834 : 2 : 1994
7405,2,ISO 3834 : 3 : 1994 1994
7405,3,ISO 3834 : 4 : 1994
7405,4,ISO 8402 : 1994
7405,5,ISO 9001 : 2000
7405,6,ISO 9002 : 1994
7406,1,ISO 3834 : 5 : 2005
7407,1,ISO 3834 : 5 : 2005
7408,1,ISO 3834 : 5 : 2005
27871,1,ISO 25901 : 1 : 2016
7409,1,ISO 25901 : 1 : 2016
7412,1,ISO 7085 : 1999
7412,2,ISO 10666 : 1999
7413,1,ISO 11727 : 1999
7413,2,ISO 5599 : 1 : 1989
7413,3,ISO 1219 : 1 : 1999
7413,4,ISO 5598 : 1985
7413,5,ISO 5599 : 2 : 1990
7414,1,ISO 7285 : 1995
7414,2,ISO 4394 : 1 : 1980
7417,1,ISO 4080 : 2009
7417,2,ISO 23259 : 0 : 0 0
7437,1,ISO 37 : 0 : 0 0
7437,2,ISO 188 : 0 : 0 0
7437,3,ISO 2859 : 1 : 0 0
7437,4,ISO 4648 : 0 : 0 0
7437,5,ISO 7000 : 0 : 0 0
23732,1,ISO/TR 10993 : 33 : 2015
23733,1,ISO 37 : 2011
23733,2,ISO 188 : 2011
23733,3,ISO 2859 : 1 : 1999
23733,4,ISO 15223 : 2012
23733,5,ISO 10993 : 1 : 2009
23733,6,ISO 10993 : 2 : 2006
23733,7,ISO 10993 : 3 : 1995
23733,8,ISO 10993 : 4 : 2016
23733,9,ISO 10993 : 5 : 2009
23733,10,ISO 10993 : 6 : 2016
23733,11,ISO 10993 : 7 : 2008
23733,12,ISO 10993 : 9 : 2009
23733,13,ISO 10993 : 10 : 2010
23733,14,ISO 10993 : 11 : 2006
23733,15,ISO 10993 : 12 : 2012
23733,16,ISO 10993 : 13 : 2010
23733,17,ISO 10993 : 14 : 2001
23733,18,ISO 10993 : 15 : 2000
23733,19,ISO 10993 : 16 : 2010
23733,20,ISO 10993 : 17 : 2002
23733,21,ISO 10993 : 18 : 2005
23733,22,ISO 10993 : 19 : 2006
23733,23,ISO 10993 : 20 : 2006
23733,24,ISO 15223 : 2 : 2010
23733,25,ISO 23529 : 2016
30147,1,ISO/TR 10993 : 33 : 2015
7438,1,ISO 4080 : 0 : 0 0
33425,1,ISO 4080 : 0 : 0 0
7440,1,ISO 11315 : -3 : 0 0
7440,2,ISO 11315 : 2 : 0 0
7440,3,ISO 11315 : 4 : 0 0
7451,1,ISO 9000 : 2000
7451,2,ISO 9001 : 2000
7451,3,ISO 9004 : 2000
7461,1,ISO 14253 : 1 : 1998
7461,2,ISO 8402 : 1994
7461,3,ISO 3534 : 2 : 1993
7462,1,ISO 14978 : 2006
7462,2,ISO 17450 : 1 : 2011
7462,3,ISO 17450 : 2 : 2012
7462,4,ISO/IEC 98 : 3 : 2008
7462,5,ISO/IEC 99 : 2007
18471,1,ISO 14660 : 1 : 1999
18471,2,ISO/IEC 98 : 3 : 2008
18471,3,ISO/IEC 99 : 2007
28486,1,ISO 14253 : 1 : 1998
28486,2,ISO 8402 : 1994
28486,3,ISO 3534 : 2 : 1993
22905,1,ISO/IEC 98 : 3 : 2008
22905,2,ISO/IEC 99 : 2007
22905,3,ISO 14978 : 2006
22905,4,ISO 17450 : 2 : 2012
22905,5,ISO 21747 : 2006
7463,1,ISO 6318 : 1985
7464,1,ISO 4291 : 1985
7464,2,ISO 6318 : 1985
7465,1,ISO 4292 : 1985
7465,2,ISO 429 : 1 : 1985
7465,3,ISO 6318 : 1985
7466,1,ISO 11562 : 1996
7468,1,ISO 8670 : 1 : 1996
7470,1,ISO 3914 : 1 : 1994
24683,1,ISO 14698 : 1 : 2003
24683,2,ISO 14698 : 2 : 2003
7471,1,ISO 6507 : 1 : 1997
7471,2,ISO 6507 : 2 : 1997
7475,1,IEC 60068 : 2 : 2
7475,2,IEC 60068 : 2 : 14
7475,3,IEC 61140 : 0 : 0 0
7477,1,IEC 60068 : 2 : 1
7477,2,IEC 60068 : 2 : 2
7477,3,IEC 60068 : 2 : 14
7477,4,IEC 60068 : 2 : 78
7477,5,IEC 60454 : 3 : 1 1998
7477,6,IEC 60664 : 1 : 2007
7477,7,IEC 60326 : 2 : 1990
7477,8,IEC 61189 : 2 : 2006
7477,9,IEC 61189 : 3 : 2007
7477,10,IEC 61249 : 2 : 0 0
7477,11,IEC 0 : 2010
7477,12,ISO/IEC 0 : 0 : 0 0
27721,1,IEC 60068 : 2 : 2
27721,2,IEC 60068 : 2 : 14
27721,3,IEC 61140 : 0 : 0 0
25053,1,IEC 62066 : 0 : 0 0
7479,1,ISO 286 : 1 : 1988
7479,2,ISO 8489 : 1 : 1995
7480,1,ISO 1505 : 1993
7481,1,ISO 2726 : 1995
7481,2,ISO 2728 : 1995
7483,1,ISO 1089 : 0 : 0 0
7483,2,ISO 1302 : 0 : 0 0
7483,3,ISO 5182 : 0 : 0 0
7483,4,ISO 5829 : 0 : 0 0
7485,1,ISO 2108 : 1990
7485,2,ISO 3166 : 1 : 1997
7485,3,ISO 3297 : 1998
7485,4,ISO 8601 : 1988
7485,5,ISO 10161 : 1 : 1997
7485,6,ISO 10616 : 2 : 1997
22838,1,ISO 21929 : 1 : 0 0
25751,1,ISO 21929 : 1 : 0 0
25873,1,ISO 5725 : 1 : 0 0
25873,2,ISO 5725 : 2 : 0 0
25873,3,ISO 3534 : 1 : 0 0
25873,4,ISO 3534 : 1 : 0 0
25873,5,ISO 5725 : 1 : 0 0
25873,6,ISO 5725 : 2 : 0 0
7489,1,ISO 3534 : 1 : 0 0
7489,2,ISO 5725 : 2 : 0 0
7489,3,ISO 5725 : 3 : 0 0
7489,4,ISO 5725 : 4 : 0 0
7490,1,ISO 5725 : 2 : 2019
7491,1,ISO 3534 : 1 : 0 0
7491,2,ISO 5725 : 1 : 0 0
7491,3,ISO 5725 : 2 : 0 0
7491,4,ISO 0 : 0 : 0 0
7491,5,other 35 : 0 : 0 0
7492,1,ISO 5725 : 1 : 0 0
7492,2,ISO 5725 : 2 : 0 0
7492,3,ISO 3534 : 1 : 0 0
7492,4,ISO 3534 : 1 : 0 0
7492,5,ISO 5725 : 1 : 0 0
7492,6,ISO 5725 : 2 : 0 0
7493,1,ISO 3534 : 1 : 0 0
7493,2,ISO 3534 : 3 : 0 0
7493,3,5725 : 1 : 0 0
7493,4,ISO 5725 : 2 : 0 0
7494,1,ISO 3534 : 1 : 0 0
7494,2,ISO 5725 : 1 : 0 0
7494,3,ISO 5725 : 2 : 0 0
7494,4,ISO 5725 : 3 : 0 0
7494,5,ISO 5725 : 4 : 0 0
7494,6,ISO 0 : 0 : 0 0
7494,7,ISO 0 : 0 : 0 0
7494,8,ISO/IEC 0 : 0 : 0 0
25826,1,ISO 5725 : 2 : 2019
34088,1,IEC 60671 : 0 : 0 0
34088,2,IEC 61069 : 2 : 1993
34088,3,IEC 61513 : 0 : 0 0
34088,4,ISO/IEC 9126 : 0 : 0 0
7498,1,IEC 60671 : 0 : 0 0
7498,2,IEC 61069 : 2 : 1993
7498,3,IEC 61513 : 0 : 0 0
7498,4,ISO/IEC 9126 : 0 : 0 0
7499,1,IEC 60780 : 323 : 0 0
7499,2,IEC 61513 : 2011
7499,3,IEC 61709 : 0 : 0 0
7499,4,IEC 62003 : 0 : 0 0
7499,5,IEC 62138 : 2018
7499,6,IEC 62566 : 2012
7499,7,IEC 62566 : 2 : 0 0
7499,8,ISO 28590 : 0 : 0 0
33905,1,IEC 60780 : 323 : 0 0
33905,2,IEC 61513 : 2011
33905,3,IEC 61709 : 0 : 0 0
33905,4,IEC 62003 : 0 : 0 0
33905,5,IEC 62138 : 2018
33905,6,IEC 62566 : 2012
33905,7,IEC 62566 : 2 : 0 0
33905,8,ISO 28590 : 0 : 0 0
7506,1,ISO 3175 : 2 : 1998
7506,2,ISO 6330 : 2000
7506,3,ISO 15025 : 2000
7508,1,IEC 60050 : 151 : 1978
7508,2,IEC 60060 : 1 : 1989
7508,3,IEC 60093 : 1980
7508,4,IEC 60112 : 1979
7508,5,IEC 60243 : 1 : 1988
7508,6,IEC 60587 : 1984
7509,1,ISO/IEC 15415 : 0 : 0 0
7509,2,ISO/IEC 15416 : 0 : 0 0
25452,1,ISO/IEC 15415 : 0 : 0 0
25452,2,ISO/IEC 15416 : 0 : 0 0
33328,1,ISO 18856 : 2004
7512,1,ISO 18856 : 2004
7513,1,ISO 2787 : 1984
138,1,ISO 3166 : 1 : 2013
7515,1,ISO/IEC 4217 : 0 : 0 0
7515,2,ISO/IEC 7810 : 0 : 0 0
7515,3,ISO/IEC 7811 : 0 : 0 0
7515,4,ISO/IEC 7812 : 0 : 0 0
26909,1,ISO 3166 : 0 : 0 0
26909,2,ISO 4217 : 2001
7516,1,ISO 3166 : 0 : 0 0
7516,2,ISO 4217 : 2001
7517,1,0 0 : 0 : 0 0
18475,1,ISO 366 : 3 : 1988
18475,2,ISO 9473 : 1988
7518,1,ISO 366 : 4 : 1992
7518,2,ISO 9473 : 1988
7522,1,ISO 148 : 2 : 1998
7522,2,ISO 148 : 3 : 1998
7523,1,ISO 13565 : 1 : 1996
7523,2,ISO 13562 : 2 : 1996
7523,3,ISO 13565 : 3 : 1998
7523,4,ISO 3274 : 1996
7524,1,ISO 13562 : 2 : 1996
7524,2,ISO 13565 : 1 : 1996
7524,3,ISO 1302 : 1992
7524,4,ISO 15421 : 3 : 0 0
7525,1,ISO 13565 : 3 : 1998
7525,2,ISO 1302 : 1992
7525,3,ISO 15421 : 1 : 0 0
7526,1,ISO 12085 : 1996
7526,2,ISO 1302 : 1992
7526,3,ISO 3274 : 1996
7526,4,ISO 4287 : 1996
7526,5,ISO 4288 : 1996
32044,1,ISO 5436 : 2 : 2001
32044,2,ISO 3274 : 1996
32044,3,ISO 5436 : 1 : 2000
32044,4,ISO 11562 : 1996
7527,1,ISO 5436 : 2000
7527,2,ISO 3274 : 1996
7527,3,ISO 4287 : 1997
7527,4,ISO 4288 : 1996
7528,1,ISO 5436 : 2 : 2001
7528,2,ISO 3274 : 1996
7528,3,ISO 5436 : 1 : 2000
7528,4,ISO 11562 : 1996
27913,1,ISO 6753 : 1 : 2005
27693,1,ISO 6753 : 1 : 2005
27693,2,ISO 948 : 10 : 2013
7529,1,ISO 9182 : 1 : 1992
7531,1,ISO 6753 : 1 : 2005
7531,2,ISO 948 : 10 : 2013
7532,1,ISO 6753 : 1 : 2005
7533,1,ISO 6753 : 1 : 2005
27800,1,ISO 6753 : 1 : 2005
7534,1,ISO 9131 : 1990
7535,1,ISO 643 : 0 : 0 0
7535,2,ISO 9042 : 0 : 0 0
22045,1,ISO 37 : 2017
22045,2,ISO 188 : 2011
22045,3,ISO 703 : 2017
22045,4,ISO 4649 : 2017
22045,5,ISO 10247 : 1990
22045,6,ISO 15236 : 2 : 2004
22045,7,ISO 284 : 0 : 0 0
22045,8,ISO 7590 : 0 : 0 0
22045,9,ISO 7622 : 2 : 0 0
22045,10,ISO 8094 : 0 : 0 0
22045,11,EN 12882 : 0 : 0 0
22045,12,ISO 7623 : 0 : 0 0
22045,13,EN 13827 : 0 : 0 0
28044,1,ISO 37 : 2017
28044,2,ISO 188 : 2011
28044,3,ISO 703 : 2017
28044,4,ISO 4649 : 2017
28044,5,ISO 10247 : 1990
28044,6,ISO 15236 : 2 : 2004
28044,7,ISO 284 : 0 : 0 0
28044,8,ISO 7590 : 0 : 0 0
28044,9,ISO 7622 : 2 : 0 0
28044,10,ISO 8094 : 0 : 0 0
28044,11,EN 12882 : 0 : 0 0
28044,12,ISO 7623 : 0 : 0 0
28044,13,EN 13827 : 0 : 0 0
28045,1,ISO 15236 : 1 : 2016
28045,2,ISO 15236 : 4 : 2004
22527,1,ISO 15236 : 1 : 2016
22527,2,ISO 15236 : 4 : 2004
7537,1,ISO 3324 : 1 : 1997
7537,2,ISO 3324 : 2 : 1998
7540,1,ISO 37 : 0 : 0 0
7540,2,ISO 48 : 2 : 0 0
7540,3,ISO 188 : 0 : 0 0
7540,4,ISO 815 : 1 : 0 0
7540,5,ISO 815 : 2 : 0 0
7540,6,ISO 1431 : 1 : 0 0
7540,7,ISO 1817 : 0 : 0 0
7540,8,ISO 3302 : 1 : 0 0
7540,9,ISO 3384 : 1 : 2011
7540,10,ISO 9691 : 1992
7540,11,ISO 23529 : 0 : 0 0
29426,1,ISO 37 : 0 : 0 0
29426,2,ISO 48 : 2 : 0 0
29426,3,ISO 188 : 0 : 0 0
29426,4,ISO 815 : 1 : 0 0
29426,5,ISO 815 : 2 : 0 0
29426,6,ISO 1431 : 1 : 0 0
29426,7,ISO 1817 : 0 : 0 0
29426,8,ISO 3302 : 1 : 0 0
29426,9,ISO 3384 : 1 : 2011
29426,10,ISO 9691 : 1992
29426,11,ISO 23529 : 0 : 0 0
7542,1,ISO 7989 : 1997
7542,2,ISO 286 : 2 : 1988
7542,3,ISO 1052 : 1982
7542,4,ISO 2944 : 1974
7542,5,ISO 1629 : 1995
7542,6,ISO 3274 : 1996
7542,7,ISO 4288 : 1996
7542,8,ISO 6743 : 4 : 1982
21842,1,ISO 565 : 0 : 0 0
21842,2,ISO 3084 : 0 : 0 0
21842,3,ISO 3085 : 0 : 0 0
21842,4,ISO 3086 : 0 : 0 0
21842,5,ISO 3534 : 1 : 0 0
21842,6,ISO 3534 : 2 : 0 0
21842,7,ISO 3534 : 3 : 0 0
21842,8,ISO 5725 : 1 : 0 0
21842,9,ISO 5725 : 2 : 0 0
21842,10,ISO 5725 : 3 : 0 0
21842,11,ISO 5725 : 4 : 0 0
21842,12,ISO 5725 : 6 : 0 0
21842,13,ISO 11648 : 1 : 0 0
21842,14,ISO 13909 : 7 : 0 0
21842,15,ISO 13909 : 8 : 0 0
7546,1,ISO 565 : 0 : 0 0
7546,2,ISO 3534 : 1 : 0 0
7546,3,ISO 3534 : 2 : 0 0
7546,4,ISO 3534 : 3 : 0 0
7546,5,ISO 5725 : 1 : 0 0
7546,6,5725 : 2 : 0 0
7546,7,5725 : 3 : 0 0
7546,8,5725 : 4 : 0 0
7546,9,5725 : 5 : 0 0
7546,10,5725 : 6 : 0 0
31492,1,ISO 14275 : 0 : 0 0
31492,2,ISO 14276 : 0 : 0 0
7547,1,ISO 14275 : 0 : 0 0
7547,2,ISO 14276 : 0 : 0 0
7548,1,ISO 157 : 1996
7548,2,ISO 331 : 1983
7548,3,ISO 334 : 1994
7548,4,ISO 351 : 1995
7548,5,ISO 1015 : 1992
7548,6,ISO 1170 : 1977
7548,7,ISO 1988 : 1975
7548,8,ISO 5068 : 1983
7548,9,ISO 5069 : 2 : 1983
7550,1,ISO 625 : 1996
7550,2,ISO 331 : 1983
7550,3,ISO 687 : 1974
7550,4,ISO 925 : 1997
7550,5,ISO 1015 : 1992
7550,6,ISO 1170 : 1977
7550,7,ISO 1988 : 1975
7550,8,ISO 2309 : 1980
7550,9,ISO 5068 : 1983
7550,10,ISO 5069 : 2 : 1983
7552,1,IEC 60068 : 2 : 64
7552,2,60300 : 2 : 0 0
7552,3,60300 : 2 : 0 0
7552,4,60300 : 2 : 0 0
7552,5,61165 : 0 : 0 0
7552,6,61165 : 0 : 0 0
7552,7,IEC 61649 : 0 : 0 0
7552,8,IEC 61649 : 0 : 0 0
7553,1,0 0 : 0 : 0 0
7554,1,IEC 60757 : 1983
7554,2,IEC 15 : 2004
7563,1,0 0 : 0 : 0 0
7564,1,0 0 : 0 : 0 0
7565,1,0 0 : 0 : 0 0
7567,1,0 0 : 0 : 0 0
7568,1,0 0 : 0 : 0 0
7569,1,0 0 : 0 : 0 0
7570,1,0 0 : 0 : 0 0
7571,1,0 0 : 0 : 0 0
7572,1,0 0 : 0 : 0 0
7573,1,0 0 : 0 : 0 0
7574,1,IEC 60335 : 2 : 28 2021
7575,1,0 0 : 0 : 0 0
32436,1,IEC 60335 : 2 : 28 2021
32438,1,0 0 : 0 : 0 0
7588,1,0 0 : 0 : 0 0
7593,1,ISO 6887 : 0 : 0 0
7593,2,ISO 7218 : 0 : 0 0
7594,1,ASTM 0 : 0 : 0 0
7594,2,ASTM 0 : 0 : 0 0
7594,3,EN 15721 : 0 : 0 0
7594,4,ASTM 0 : 0 : 0 0
7594,5,ASTM 0 : 0 : 0 0
7594,6,ASTM 0 : 0 : 0 0
7594,7,ASTM 0 : 0 : 0 0
7594,8,ASTM 0 : 0 : 0 0
7594,9,ASTM 0 : 0 : 0 0
7594,10,ASTM 0 : 0 : 0 0
27123,1,ASTM 0 : 0 : 0 0
27123,2,ASTM 0 : 0 : 0 0
27123,3,EN 15721 : 0 : 0 0
27123,4,ASTM 0 : 0 : 0 0
27123,5,ASTM 0 : 0 : 0 0
27123,6,ASTM 0 : 0 : 0 0
27123,7,ASTM 0 : 0 : 0 0
27123,8,ASTM 0 : 0 : 0 0
27123,9,ASTM 0 : 0 : 0 0
27123,10,ASTM 0 : 0 : 0 0
66361,1,ISO 4589 : 2 : 1996
66361,2,ISO 5145 : 1990
7595,1,ISO 4589 : 2 : 1996
7595,2,ISO 5145 : 1990
31543,1,ISO 4095 : 0 : 0 0
7599,1,ISO 4095 : 0 : 0 0
7600,1,ISO 5531 : 0 : 0 0
7601,1,ISO 691 : 0 : 0 0
7601,2,ISO 1463 : 0 : 0 0
7601,3,ISO 2859 : 1 : 1998
7601,4,ISO 4288 : 0 : 0 0
7601,5,ISO 5855 : 2 : 0 0
7601,6,ISO 7403 : 0 : 0 0
7601,7,ISO 7870 : 1 : 0 0
7601,8,ISO 7966 : 0 : 0 0
7601,9,ISO 8258 : 0 : 0 0
7601,10,ISO 8642 : 0 : 0 0
7601,11,ISO 8788 : 0 : 0 0
7601,12,ISO 9199 : 0 : 0 0
7601,13,ISO 8641 : 2008
7603,1,ISO 1872 : 1 : 1997
7603,2,ISO 183 : 1976
23576,1,IEC 60050 : 191 : 0 0
23576,2,IEC 60300 : 3 : 2
23576,3,IEC 60300 : 3 : 4
23576,4,IEC 60300 : 3 : 5
23576,5,IEC 60300 : 3 : 10
23576,6,IEC 60706 : 1 : 0 0
23576,7,IEC 60706 : 2 : 0 0
23576,8,IEC 61165 : 0 : 0 0
23576,9,IEC 61709 : 0 : 0 0
23576,10,IEC 61882 : 0 : 0 0
66345,1,0 0 : 0 : 0 0
66346,1,IEC 60300 : 2 : 2004
66346,2,IEC 60300 : 3 : 12
66346,3,IEC 61025 : 0 : 0 0
66346,4,IEC 61649 : 0 : 0 0
17770,1,IEC 60050 : 191 : 1990
17770,2,IEC 60050 : 191 : 1990
17770,3,IEC 60300 : 1 : 0 0
17770,4,IEC 60300 : 1 : 0 0
17770,5,IEC 60300 : 2 : 1995
17770,6,IEC 60300 : 2 : 1995
17770,7,IEC 61160 : 1992
24479,1,0 0 : 0 : 0 0
24480,1,IEC 60300 : 2 : 2004
24480,2,IEC 60300 : 3 : 12
24480,3,IEC 61025 : 0 : 0 0
24480,4,IEC 61649 : 0 : 0 0
22955,1,0 0 : 0 : 0 0
22955,2,IEC 60050 : 191 : 0 0
22955,3,IEC 60050 : 1 : 0 0
22955,4,IEC 60050 : 191 : 0 0
22955,5,IEC 60050 : 191 : 0 0
22955,6,ISO 0 : 0 : 0 0
22955,7,IEC 60050 : 191 : 0 0
22955,8,ISO 0 : 0 : 0 0
22956,1,IEC 60050 : 191 : 0 0
22956,2,IEC 60300 : 2 : 0 0
22956,3,IEC 60300 : 3 : 2
22956,4,IEC 60300 : 3 : 4
22956,5,IEC 61025 : 0 : 0 0
22956,6,IEC 61070 : 0 : 0 0
22956,7,IEC 61649 : 0 : 0 0
22956,8,IEC 61650 : 0 : 0 0
22956,9,IEC 61710 : 0 : 0 0
22956,10,ISO 11453 : 0 : 0 0
22956,11,ISO 3534 : 0 : 0 0
22957,1,IEC 60050 : 191 : 0 0
22957,2,IEC 60300 : 1 : 0 0
22957,3,IEC 60300 : 2 : 0 0
22957,4,IEC 60300 : 3 : 0 0
22957,5,IEC 60300 : 3 : 2
22957,6,IEC 60300 : 3 : 9
22957,7,IEC 60706 : 0 : 0 0
22957,8,IEC 60706 : 2 : 5
22957,9,IEC 60706 : 5 : 0 0
22957,10,IEC 60863 : 0 : 0 0
22957,11,IEC 61025 : 0 : 0 0
22957,12,IEC 61160 : 0 : 0 0
7604,1,IEC 60030 : 3 : 3
25813,1,0 0 : 0 : 0 0
27707,1,ISO 683 : 1 : 2016
27707,2,ISO 1204 : 1990
27707,3,ISO 3046 : 1 : 2002
7607,1,ISO 683 : 1 : 2016
7607,2,ISO 1204 : 1990
7607,3,ISO 3046 : 1 : 2002
25522,1,0 0 : 0 : 0 0
7612,1,0 0 : 0 : 0 0
7613,1,ISO 6887 : 0 : 0 0
7613,2,ISO 7218 : 0 : 0 0
25664,1,IEC 60050 : 731 : 0 0
25664,2,IEC 62627 : 9 : 0 0
25664,3,IEC 61300 : 0 : 0 0
7615,1,IEC 60050 : 731 : 0 0
7615,2,IEC 62627 : 9 : 0 0
7615,3,IEC 61300 : 0 : 0 0
32440,1,ISO 3551 : 1 : 1992
7616,1,ISO 3551 : 1 : 1992
7618,1,ISO 12858 : 1 : 1999
7618,2,ISO 9849 : 0 : 0 0
7618,3,ISO 2768 : 1 : 0 0
7619,1,ISO 12858 : 2 : 1999
7619,2,ISO 9849 : 0 : 0 0
7619,3,ISO 2768 : 1 : 0 0
31725,1,ISO 12858 : 2 : 1999
31725,2,ISO 9849 : 0 : 0 0
31725,3,ISO 2768 : 1 : 0 0
7623,1,ISO 5053 : 1987
7624,1,ISO 5053 : 1987
27712,1,0 0 : 0 : 0 0
27713,1,0 0 : 0 : 0 0
7627,1,0 0 : 0 : 0 0
7628,1,0 0 : 0 : 0 0
7636,1,0 0 : 0 : 0 0
7638,1,ISO 7239 : 1984
7638,2,ISO 3864 : 1984
7638,3,ISO 4196 : 1984
7638,4,ISO 7000 : 1989
7638,5,ISO 7001 : 1990
26652,1,ISO 9241 : 303 : 0 0
26652,2,ISO 9241 : 400 : 0 0
26652,3,ISO 9241 : 12 : 0 0
21944,1,ISO 9241 : 303 : 0 0
21944,2,ISO 9241 : 400 : 0 0
21944,3,ISO 9241 : 12 : 0 0
21945,1,ISO 19186 : 2 : 2008
21945,2,ISO 17724 : 0 : 0 0
21945,3,ISO 9186 : 2 : 2008
21945,4,ISO 9186 : 2001
7639,1,ISO 9186 : 2001
7639,2,ISO 3864 : 0 : 0 0
7639,3,ISO 7000 : 0 : 0 0
7639,4,ISO 7001 : 0 : 0 0
7639,5,ISO 7239 : 1984
28789,1,ISO 3864 : 1 : 2011
28789,2,ISO 17724 : 2003
28789,3,ISO 22727 : 2007
7640,1,ISO 3864 : 1 : 2011
7640,2,ISO 17724 : 2003
7640,3,ISO 22727 : 2007
7645,1,ISO 1275 : 1995
7645,2,ISO 286 : 2 : 1988
7645,3,ISO 606 : 1994
7647,1,ISO 3512 : 1992
67016,1,ISO 9633 : 2001
67016,2,ISO 606 : 2004
7648,1,ISO 9633 : 2001
7648,2,ISO 606 : 2004
17771,1,ISO 10787 : 1 : 1994
17771,2,ISO 569 : 1982
17771,3,ISO 2768 : 1 : 1989
17771,4,ISO 286 : 2 : 1988
17771,5,ISO 363 : 1992
17771,6,ISO 364 : 1983
17771,7,ISO 11677 : 1 : 1994
17771,8,ISO 11677 : 2 : 1994
17772,1,ISO 10787 : 2 : 1994
17772,2,ISO 569 : 1982
17772,3,ISO 2768 : 1 : 1989
17773,1,ISO 10787 : 1 : 1994
17773,2,ISO 569 : 1982
17773,3,ISO 2768 : 1 : 1989
7655,1,0 0 : 0 : 0 0
18500,1,0 0 : 0 : 0 0
25815,1,ISO 286 : 2 : 2010
7666,1,ISO 286 : 2 : 2010
31852,1,ISO 1101 : 2017
31852,2,ISO 6742 : 2 : 2023
31852,3,ISO 8124 : 1 : 2018
31852,4,ISO 11243 : 2023
7669,1,ISO 1101 : 2017
7669,2,ISO 6742 : 2 : 2023
7669,3,ISO 8124 : 1 : 2018
7669,4,ISO 11243 : 2023
7670,1,ISO 5028 : 0 : 0 0
26393,1,ISO 1101 : 0 : 0 0
26393,2,ISO 2859 : 1 : 0 0
26393,3,ISO 7500 : 1 : 0 0
26393,4,ISO 9187 : 0 : 0 0
26393,5,ISO 720 : 0 : 0 0
26393,6,ISO 1101 : 0 : 0 0
26393,7,ISO 2859 : 1 : 0 0
26393,8,ISO 4802 : 1 : 0 0
26393,9,ISO 4802 : 2 : 0 0
7673,1,ISO 1101 : 0 : 0 0
7673,2,ISO 2859 : 1 : 0 0
7673,3,ISO 7500 : 1 : 0 0
7673,4,ISO 9187 : 0 : 0 0
7673,5,ISO 720 : 0 : 0 0
7673,6,ISO 1101 : 0 : 0 0
7673,7,ISO 2859 : 1 : 0 0
7673,8,ISO 4802 : 1 : 0 0
7673,9,ISO 4802 : 2 : 0 0
7674,1,ISO 9284 : 1992
21440,1,ISO 11134 : 0 : 0 0
21440,2,ISO 11135 : 0 : 0 0
21440,3,ISO 11137 : 0 : 0 0
21440,4,ISO 11607 : 0 : 0 0
21440,5,ISO 13485 : 0 : 0 0
21440,6,ISO 13488 : 0 : 0 0
21440,7,ISO 14160 : 0 : 0 0
21440,8,ISO 14630 : 0 : 0 0
21440,9,ISO 14937 : 0 : 0 0
21440,10,ISO 14971 : 1 : 0 0
21440,11,other 556 : 0 : 0 0
7676,1,BSI 6346 : 1969
7676,2,IEC 60502 : 1983
7677,1,IEC 60502 : 1983
7683,1,ISO 4287 : 0 : 0 0
7683,2,ISO 4288 : 0 : 0 0
26623,1,ISO 4287 : 0 : 0 0
26623,2,ISO 4288 : 0 : 0 0
7692,1,ISO 13485 : 0 : 0 0
7692,2,ISO 15189 : 0 : 0 0
7692,3,other 9100 : 0 : 0 0
7693,1,0 0 : 0 : 0 0
17775,1,ISO 6892 : 1 : 1998
17775,2,ISO 7500 : 1 : 1999
7695,1,ISO 3310 : 3 : 1990
7695,2,ISO 565 : 1990
7702,1,ISO 4000 : 1 : 0 0
7705,1,0 0 : 0 : 0 0
7706,1,ISO 10485 : 1991
7706,2,ISO 898 : 2 : 1992
7706,3,ISO 898 : 6 : 1994
7709,1,ISO 1065 : 1992
28236,1,IEC 60094 : 2 : 0 0
28236,2,IEC 60268 : 11 : 1987
28236,3,IEC 60268 : 12 : 0 0
28236,4,IEC 60603 : 11 : 1992
17776,1,IEC 60094 : 2 : 0 0
17776,2,IEC 60268 : 11 : 1987
17776,3,IEC 60268 : 12 : 0 0
17776,4,IEC 60603 : 11 : 1992
7710,1,ISO 24153 : 2009
25315,1,ISO 24153 : 2009
7711,1,ISO 6508 : 1 : 1999
7711,2,ISO 6507 : 1 : 1999
7711,3,ISO 6506 : 1 : 2000
7711,4,ISO 4507 : 2000
7711,5,ISO 4516 : 2002
7711,6,ISO 6892 : 1998
7711,7,ISO 7501 : 1 : 1999
27268,1,ISO 6508 : 1 : 1999
27268,2,ISO 6507 : 1 : 1999
27268,3,ISO 6506 : 1 : 2000
27268,4,ISO 4507 : 2000
27268,5,ISO 4516 : 2002
27268,6,ISO 6892 : 1998
27268,7,ISO 7501 : 1 : 1999
7712,1,other 0 : 1 : 0 0
7712,2,IEC 60050 : 801 : 0 0
7712,3,other 16 : 1 : 0 0
7713,1,IEC 61000 : 4 : 6 2008
7713,2,IEC 61000 : 4 : 20 2010
7713,3,IEC 61000 : 6 : 2 2005
7713,4,IEC 61094 : 1 : 0 0
7713,5,IEC 61094 : 5 : 0 0
7713,6,IEC 61183 : 0 : 0 0
7713,7,IEC 62585 : 0 : 0 0
7713,8,ISO 26101 : 2012
28413,1,IEC 61000 : 4 : 6 2008
28413,2,IEC 61000 : 4 : 20 2010
28413,3,IEC 61000 : 6 : 2 2005
28413,4,IEC 61094 : 1 : 0 0
28413,5,IEC 61094 : 5 : 0 0
28413,6,IEC 61183 : 0 : 0 0
28413,7,IEC 62585 : 0 : 0 0
28413,8,ISO 26101 : 2012
7715,1,ISO 9974 : 1 : 1996
7715,2,ISO 9974 : 3 : 19896
7715,3,ISO 261 : 1998
7715,4,ISO 5598 : 1985
7715,5,ISO 9974 : 2 : 1996
7716,1,ISO 9974 : 3 : 1996
7716,2,ISO 261 : 1998
7716,3,ISO 5598 : 1985
7716,4,ISO 3448 : 1992
7716,5,ISO 4759 : 1 : 2000
17777,1,ISO 9974 : 2 : 1996
17777,2,ISO 3448 : 1992
17777,3,ISO 48 : 1994
17777,4,ISO 4759 : 1 : 2000
17777,5,ISO 261 : 1998
17777,6,ISO 5598 : 0 : 0 0
597,1,ISO/IEC 15504 : 2 : 2003
17779,1,ISO 10683 : 0 : 0 0
7718,1,ISO 10683 : 0 : 0 0
7718,2,ISO 16048 : 0 : 0 0
7720,1,ISO 2738 : 0 : 0 0
7720,2,ISO 2738 : 0 : 0 0
7720,3,ISO 2739 : 0 : 0 0
7720,4,ISO 2740 : 0 : 0 0
7720,5,ISO 2795 : 0 : 0 0
7720,6,ISO 6892 : 0 : 0 0
26624,1,ISO 6166 : 1994
26624,2,ISO 6166 : 1994
7721,1,ISO 6166 : 1994
7721,2,ISO 6166 : 1994
28767,1,ISO 6166 : 1994
28767,2,ISO 6166 : 1994
28773,1,ISO 6166 : 1994
28773,2,ISO 6166 : 1994
7722,1,ISO/IEC 646 : 0 : 0 0
7722,2,ISO/IEC 8859 : 1 : 0 0
7722,3,ISO 9735 : 0 : 0 0
7722,4,ISO/IEC 10646 : 1 : 0 0
7722,5,ISO 15022 : 2 : 1999
7723,1,ISO 15022 : 1 : 1999
7732,1,ISO 4880 : 1997
7732,2,ISO 6940 : 0 : 0 0
7734,1,IEC 1260 : 0 : 0 0
7736,1,IEC 61260 : 0 : 0 0
18491,1,ISO 1683 : 0 : 0 0
7740,1,IEC 60417 : 2002
7740,2,IEC 61000 : 4 : 29 2000
7740,3,IEC 61606 : 1 : 2009
7741,1,IEC 60263 : 0 : 0 0
7741,2,IEC 60268 : 12 : 0 0
7741,3,IEC 60268 : 14 : 0 0
7741,4,IEC 61260 : 0 : 0 0
7741,5,ISO 3744 : 0 : 0 0
7741,6,ISO 3745 : 0 : 0 0
7742,1,IEC 60050 : 801 : 1994
7742,2,IEC 60086 : 1 : 0 0
7742,3,IEC 106 : 0 : 0 0
7742,4,IEC 60268 : 11 : 0 0
7742,5,IEC 60711 : 0 : 0 0
7742,6,ISO 3741 : 0 : 0 0
7742,7,ISO 4869 : 1 : 0 0
7742,8,ISO 7619 : 1 : 0 0
66496,1,IEC 60050 : 801 : 1994
66496,2,IEC 60086 : 1 : 0 0
66496,3,IEC 106 : 0 : 0 0
66496,4,IEC 60268 : 11 : 0 0
66496,5,IEC 60711 : 0 : 0 0
66496,6,ISO 3741 : 0 : 0 0
66496,7,ISO 4869 : 1 : 0 0
66496,8,ISO 7619 : 1 : 0 0
22223,1,IEC 60268 : 11 : 1987
22223,2,IEC 61000 : 43 : 2006
22223,3,EN 55103 : 2 : 2009
22223,4,IEC 60268 : 12 : 1987
22223,5,EN 300422 : 2 : 2011
28374,1,IEC 60417 : 2002
28374,2,IEC 61000 : 4 : 29 2000
28374,3,IEC 61606 : 1 : 2009
28384,1,IEC 60268 : 11 : 1987
28384,2,IEC 61000 : 43 : 2006
28384,3,EN 55103 : 2 : 2009
28384,4,IEC 60268 : 12 : 1987
28384,5,EN 300422 : 2 : 2011
7743,1,IEC 60289 : 1988
7743,2,IEC 60633 : 1998
7743,3,IEC 60700 : 1 : 1988
7743,4,IEC 60871 : 1 : 1999
7743,5,IEC 60076 : 1 : 1993
7743,6,IEC 60747 : 6 : 1983
30090,1,IEC 60289 : 1988
30090,2,IEC 60633 : 1998
30090,3,IEC 60700 : 1 : 1988
30090,4,IEC 60871 : 1 : 1999
30090,5,IEC 60076 : 1 : 1993
30090,6,IEC 60747 : 6 : 1983
7744,1,IEC 60489 : 3 : 0 0
25968,1,ISO 8601 : 0 : 0 0
25968,2,ISO/TR 13668 : 0 : 0 0
29772,1,ISO 9960 : 3 : 1994
7758,1,ISO 9960 : 3 : 1994
32030,1,ISO 3691 : 1 : 2011
32030,2,ISO 5053 : 1 : 2020
18493,1,ISO 3691 : 1 : 2011
18493,2,ISO 5053 : 1 : 2020
7760,1,ISO 1496 : 2 : 1996
7760,2,ISO 3874 : 1997
7760,3,ISO 5353 : 1995
7769,1,IEC 60071 : 11 : 2022
7769,2,IEC 60071 : 12 : 2022
31928,1,IEC 60071 : 11 : 2022
31928,2,IEC 60071 : 12 : 2022
30294,1,0 0 : 0 : 0 0
7772,1,0 0 : 0 : 0 0
7773,1,ISO 4381 : 0 : 0 0
7773,2,ISO 4382 : 1 : 0 0
66870,1,ISO 6691 : 2000
66870,2,ISO 527 : 1 : 0 0
66870,3,ISO 527 : 2 : 0 0
66870,4,ISO 527 : 3 : 0 0
66870,5,ISO 527 : 4 : 0 0
66870,6,ISO 527 : 5 : 0 0
66870,7,ISO 1133 : 0 : 0 0
7777,1,ISO 6691 : 2000
7777,2,ISO 527 : 1 : 0 0
7777,3,ISO 527 : 2 : 0 0
7777,4,ISO 527 : 3 : 0 0
7777,5,ISO 527 : 4 : 0 0
7777,6,ISO 527 : 5 : 0 0
7777,7,ISO 1133 : 0 : 0 0
27919,1,ISO 128 : 2001
27919,2,ISO 2768 : 1 : 1989
27919,3,ISO 4379 : 0 : 0 0
7778,1,ISO 128 : 2001
7778,2,ISO 2768 : 1 : 1989
7778,3,ISO 4379 : 0 : 0 0
7781,1,ISO 8839 : 0 : 0 0
27556,1,ISO 8839 : 0 : 0 0
33483,1,ISO 225 : 1983
33483,2,ISO 261 : 1998
33483,3,ISO 888 : 1976
33483,4,ISO 898 : 5 : 1998
29763,1,ISO 9960 : 2 : 1994
7783,1,ISO 9960 : 2 : 1994
21470,1,ISO 6873 : 0 : 0 0
33574,1,ISO 225 : 1983
33574,2,ISO 261 : 1988
33574,3,ISO 888 : 1976
33574,4,ISO 898 : 5 : 1998
33484,1,ISO 225 : 1983
33484,2,ISO 261 : 1998
33484,3,ISO 888 : 1976
33484,4,ISO 898 : 5 : 1998
7786,1,0 0 : 0 : 0 0
21506,1,ISO 15635 : 2001
21506,2,ISO 554 : 1976
7789,1,ISO 10360 : 1 : 2000
7790,1,ISO 10360 : 2 : 2009
7790,2,ISO 10360 : 1 : 2000
7790,3,ISO 14253 : 1 : 1998
7790,4,ISO 14660 : 1 : 1999
7790,5,ISO 23165 : 2006
7791,1,ISO 10360 : 3 : 2000
7791,2,ISO 10360 : 1 : 2000
7791,3,ISO 14253 : 1 : 1998
7792,1,ISO 10366 : 4 : 2000
7792,2,ISO 10360 : 1 : 2000
7792,3,ISO 14253 : 1 : 1998
7792,4,ISO 10360 : 5 : 2000
7793,1,ISO/IEC 0 : 0 : 0 0
7794,1,ISO 10360 : 6 : 2001
7794,2,ISO 12179 : 2000
7794,3,ISO 3274 : 1996
7794,4,ISO 4287 : 1997
7794,5,ISO 5436 : 1 : 2000
7794,6,ISO 12085 : 1996
23952,1,ISO 14660 : 1 : 1999
23952,2,ISO/IEC 0 : 0 : 0 0
23952,3,ISO/TS 23165 : 2006
23952,4,ISO/TS 23165 : 2006
23953,1,ISO/TS 23165 : 2006
23953,2,ISO/IEC 0 : 0 : 0 0
23954,1,ISO/IEC 0 : 2007
30658,1,ISO/IEC 0 : 0 : 0 0
7797,1,0 0 : 0 : 0 0
27513,1,IEC 98 : 0 : 0 0
30335,1,0 0 : 0 : 0 0
7800,1,ISO 5353 : 1995
7800,2,ISO 5766 : 1992
7800,3,ISO 10658 : 1996
7801,1,ISO 10101 : 1 : 1993
7801,2,ISO 6712 : 1982
7801,3,ISO 10101 : 2 : 1993
7801,4,ISO 10101 : 3 : 1993
7802,1,ISO 10101 : 2 : 1993
7802,2,ISO 383 : 1976
7802,3,ISO 6712 : 1982
7802,4,ISO 7504 : 1984
7802,5,ISO 10101 : 1 : 1993
7802,6,ISO 10101 : 3 : 1993
7803,1,ISO 10101 : 3 : 1993
7803,2,ISO 10101 : 1 : 1993
7803,3,ISO 5725 : 1986
66739,1,ISO 10101 : 3 : 1993
66739,2,ISO 10101 : 1 : 1993
66739,3,ISO 5725 : 1986
21132,1,other 536 : 0 : 0 0
7805,1,IEC 60068 : 2 : 75
7805,2,IEC 60083 : 0 : 0 0
7805,3,IEC 60086 : 2 : 0 0
7805,4,IEC 60320 : 1 : 0 0
7805,5,IEC 60384 : 14 : 0 0
7805,6,IEC 60417 : 1 : 0 0
7805,7,IEC 60529 : 1989
7805,8,IEC 60695 : 2 : 2 1991
7805,9,IEC 60695 : 2 : 11 1991
7805,10,IEC 60695 : 13 : 0 0
7805,11,IEC 60695 : 10 : 2
7805,12,IEC 60730 : 1 : 1999
7805,13,IEC 60738 : 1 : 0 0
7805,14,IEC 60825 : 1 : 1993
7805,15,IEC 61032 : 1997
7805,16,IEC 61558 : 2 : 7
7805,17,ISO 7000 : 0 : 0 0
7805,18,ISO 8124 : 1 : 2000
7805,19,ISO 8124 : 3 : 0 0
7805,20,ISO 9772 : 0 : 0 0
7806,1,ISO 3911 : 0 : 0 0
22828,1,ISO 772 : 1996
7815,1,0 0 : 0 : 0 0
26529,1,0 0 : 0 : 0 0
7816,1,IEC 60068 : 0 : 0 0
7816,2,IEC 60870 : 2 : 1
7816,3,IEC 60870 : 5 : 101
7816,4,IEC 60780 : 5 : 104
26185,1,ISO 4200 : 0 : 0 0
26185,2,ISO 14691 : 0 : 0 0
26185,3,ISO 7005 : 1 : 0 0
26185,4,ISO 7005 : 2 : 0 0
26185,5,ISO 8501 : 0 : 0 0
26185,6,ISO 9906 : 0 : 0 0
26185,7,ISO 10438 : 0 : 0 0
26185,8,ISO 10441 : 0 : 0 0
26185,9,ISO 10721 : 2 : 0 0
26185,10,ISO 14691 : 0 : 0 0
26185,11,ISO 15156 : 1 : 0 0
26185,12,ISO 15609 : 0 : 0 0
26185,13,ISO 15649 : 0 : 0 0
26185,14,IEC 60034 : 2 : 1
26185,15,EN 953 : 0 : 0 0
26185,16,EN 13445 : 0 : 0 0
26185,17,EN 13463 : 1 : 0 0
7819,1,ISO 4200 : 0 : 0 0
7819,2,ISO 14691 : 0 : 0 0
7819,3,ISO 7005 : 1 : 0 0
7819,4,ISO 7005 : 2 : 0 0
7819,5,ISO 8501 : 0 : 0 0
7819,6,ISO 9906 : 0 : 0 0
7819,7,ISO 10438 : 0 : 0 0
7819,8,ISO 10441 : 0 : 0 0
7819,9,ISO 10721 : 2 : 0 0
7819,10,ISO 14691 : 0 : 0 0
7819,11,ISO 15156 : 1 : 0 0
7819,12,ISO 15609 : 0 : 0 0
7819,13,ISO 15649 : 0 : 0 0
7819,14,IEC 60034 : 2 : 1
7819,15,EN 953 : 0 : 0 0
7819,16,EN 13445 : 0 : 0 0
7819,17,EN 13463 : 1 : 0 0
25365,1,0 0 : 0 : 0 0
25433,1,0 0 : 0 : 0 0
7820,1,0 0 : 0 : 0 0
7822,1,ISO 8501 : 1 : 1988
7822,2,ISO 8502 : 9 : 1998
7822,3,ISO 8503 : 4 : 1988
7822,4,ISO 8503 : 5 : 1998
7822,5,ISO 8503 : 5 : 1998
7822,6,ISO 9000 : 2000
7822,7,ISO 10474 : 1991
7822,8,ISO 10474 : 1991
7822,9,ISO 11124 : 3 : 1993
7822,10,ISO 11357 : 1 : 1997
7822,11,ISO 14001 : 2004
7824,1,ISO 6892 : 1988
7825,1,ISO 3744 : 0 : 0 0
7825,2,ISO 3977 : 5 : 0 0
7825,3,ISO 10437 : 0 : 0 0
7825,4,ISO 10441 : 0 : 0 0
7825,5,ISO 13691 : 0 : 0 0
7825,6,other 550 : 0 : 0 0
7825,7,other 670 : 0 : 0 0
7825,8,other 10 : 0 : 0 0
7825,9,other 388 : 0 : 0 0
7825,10,other 175 : 0 : 0 0
7825,11,other 496 : 0 : 0 0
7830,1,ISO 5167 : 0 : 0 0
7830,2,ISO 6190 : 0 : 0 0
7830,3,IEC 60034 : 2 : 0 0
7833,1,ISO 2314 : 1989
7834,1,IEC 60034 : 1 : 0 0
7834,2,IEC 60079 : 0 : 0 0
7834,3,ISO 3977 : 1 : 1997
7834,4,ISO 3977 : 2 : 1997
7834,5,ISO 3977 : 4 : 2002
7834,6,ISO 3977 : 7 : 2002
7834,7,ISO 3977 : 8 : 2002
7834,8,ISO 3977 : 9 : 1999
7834,9,ISO 11086 : 1996
7835,1,ISO 3977 : 1 : 1996
7835,2,ISO 3977 : 3 : 2004
7835,3,ISO 11086 : 1996
7836,1,ISO 3977 : 1 : 1996
7836,2,ISO 3977 : 2 : 1997
7836,3,ISO 3977 : 3 : 2004
7836,4,ISO 3977 : 4 : 2002
7836,5,ISO 3977 : 7 : 2002
7836,6,ISO 3977 : 7 : 2002
7836,7,ISO 3977 : 9 : 1996
7836,8,ISO 11086 : 1996
7837,1,ISO 3977 : 1 : 1996
7837,2,ISO 3977 : 3 : 2004
7837,3,ISO 3977 : 4 : 2002
7837,4,ISO 11086 : 1996
7838,1,IEC 60034 : 4 : 1985
7838,2,ISO 3977 : 1 : 1997
7838,3,ISO 3977 : 2 : 1997
7838,4,ISO 3977 : 3 : 2004
7838,5,ISO 3977 : 4 : 2002
7838,6,ISO 11086 : 1996
7838,7,ISO 2314 : 1989
7839,1,ISO 2314 : 1989
7840,1,ISO 3977 : 2 : 1997
7840,2,ISO 2314 : 1989
7841,1,IEC 475 : 1974
7841,2,IEC 567 : 1992
7842,1,ISO 5667 : 1 : 1980
7842,2,ISO 5667 : 2 : 1991
7842,3,ISO/TR 13530 : 1997
7843,1,ISO 5667 : 1 : 1980
7843,2,ISO 5667 : 2 : 1991
7844,1,ISO/IEC 24765 : 0 : 0 0
30697,1,ISO/IEC 24765 : 0 : 0 0
7845,1,ISO 10790 : 1999
21549,1,ISO 10993 : 1 : 0 0
21549,2,ISO 10993 : 7 : 0 0
21549,3,ISO 10993 : 11 : 0 0
21549,4,ISO 11134 : 0 : 0 0
21549,5,ISO 11135 : 0 : 0 0
21549,6,ISO 11137 : 0 : 0 0
21549,7,ISO 11607 : 0 : 0 0
21549,8,ISO 13485 : 0 : 0 0
21549,9,ISO 13488 : 0 : 0 0
21549,10,ISO 14937 : 0 : 0 0
24336,1,ISO 14937 : 2009
24336,2,ISO 17665 : 1 : 2006
27276,1,ISO 527 : 1 : 2012
27276,2,ISO 9352 : 2012
27276,3,ISO 10993 : 1 : 2009
27276,4,ISO 10993 : 7 : 2008
27276,5,ISO 11135 : 2014
27276,6,ISO 11137 : 1 : 2006
27276,7,ISO 11137 : 2 : 2013
27276,8,ISO 11607 : 1 : 2006
27276,9,ISO 11607 : 2 : 2006
27276,10,ISO 34 : 1 : 2010
27276,11,ISO 10993 : 11 : 2017
27276,12,ISO 17665 : 1 : 2006
27276,13,ISO 14937 : 2009
27276,14,ASTM 0 : 2000
27276,15,ASTM 0 : 4 : 2004
7849,1,ISO 527 : 1 : 2012
7849,2,ISO 9352 : 2012
7849,3,ISO 10993 : 1 : 2009
7849,4,ISO 10993 : 7 : 2008
7849,5,ISO 11135 : 2014
7849,6,ISO 11137 : 1 : 2006
7849,7,ISO 11137 : 2 : 2013
7849,8,ISO 11607 : 1 : 2006
7849,9,ISO 11607 : 2 : 2006
7849,10,ISO 34 : 1 : 2010
7849,11,ISO 10993 : 11 : 2017
7849,12,ISO 17665 : 1 : 2006
7849,13,ISO 14937 : 2009
7849,14,ASTM 0 : 2000
7849,15,ASTM 0 : 4 : 2004
22468,1,ISO 527 : 1 : 2012
22468,2,ISO 9352 : 2012
22468,3,ISO 10993 : 1 : 2009
22468,4,ISO 10993 : 7 : 2008
22468,5,ISO 11135 : 2014
22468,6,ISO 11137 : 1 : 2006
22468,7,ISO 11137 : 2 : 2013
22468,8,ISO 11607 : 1 : 2006
22468,9,ISO 11607 : 2 : 2006
22468,10,ISO 34 : 1 : 2010
22468,11,ISO 10993 : 11 : 2017
22468,12,ISO 17665 : 1 : 2006
22468,13,ISO 14937 : 2009
22468,14,ASTM 0 : 2000
22468,15,ASTM 0 : 4 : 2004
26530,1,0 0 : 0 : 0 0
7854,1,0 0 : 0 : 0 0
7870,1,ISO 5564 : 1982
7875,1,ISO 7540 : 0 : 0 0
7884,1,ISO 9000 : 0 : 0 0
7887,1,ISO 4516 : 2002
7889,1,ISO 4759 : 1 : 2000
7889,2,ISO 23429 : 1983
7894,1,ISO 3014 : 1993
7894,2,ISO 3104 : 1994
7894,3,ISO 4259 : 2006
7894,4,ISO 4260 : 1987
7894,5,ISO 4406 : 1999
7894,6,ISO 6297 : 1997
7894,7,ISO 8754 : 2003
7894,8,ISO 12185 : 1996
7894,9,ISO 14596 : 2007
7894,10,ISO 3675 : 1998
7894,11,ISO 3405 : 2011
7894,12,ISO 2160 : 1998
7894,13,ISO 6249 : 1999
7894,14,ISO 20846 : 2011
7894,15,ISO 20884 : 2004
7894,16,ASTM 0 : 2017
7894,17,ASTM 0 : 2005
7894,18,ASTM 0 : 2015
7894,19,ASTM 0 : 2006
7894,20,ASTM 0 : 2018
7894,21,ASTM 0 : 2017
7894,22,ASTM 0 : 2018
7894,23,ASTM 0 : 2016
7894,24,ASTM 0 : 2016
7894,25,ASTM 0 : 2018
7894,26,ASTM 0 : 2014
7894,27,ASTM 0 : 2016
7894,28,ASTM 0 : 2018
7894,29,ASTM 0 : 2012
7894,30,ASTM 0 : 2004
7894,31,ASTM 0 : 2016
7894,32,ASTM 0 : 2015
7894,33,ASTM 0 : 2013
7894,34,ASTM 0 : 2014
7894,35,ASTM 0 : 2012
7894,36,ASTM 0 : 2016
7894,37,ASTM 0 : 2016
7894,38,ASTM 0 : 2012
7894,39,ASTM 0 : 2015
7894,40,ASTM 0 : 2015
7894,41,ASTM 0 : 2016
7894,42,ASTM 0 : 2017
7894,43,ASTM 0 : 2017
7894,44,ASTM 0 : 0 : 0 0
26700,1,0 0 : 0 : 0 0
7912,1,0 0 : 0 : 0 0
7913,1,ISO 3175 : 2 : 0 0
7913,2,ISO 3175 : 3 : 0 0
7913,3,ISO 3175 : 4 : 0 0
7913,4,ISO 4880 : 0 : 0 0
7913,5,ISO 10528 : 0 : 0 0
7914,1,ISO 3175 : 2 : 0 0
7914,2,ISO 3175 : 3 : 0 0
7914,3,ISO 3175 : 4 : 0 0
7914,4,ISO 4880 : 0 : 0 0
7914,5,ISO 10528 : 0 : 0 0
7915,1,ISO 12952 : 1 : 0 0
7915,2,ISO 12952 : 4 : 0 0
7915,3,ISO 3175 : 0 : 0 0
7915,4,ISO 26330 : 0 : 0 0
7916,1,ISO 12952 : 3 : 0 0
7916,2,ISO 3175 : 0 : 0 0
7916,3,ISO 26330 : 0 : 0 0
27872,1,0 0 : 0 : 0 0
7917,1,0 0 : 0 : 0 0
7918,1,ISO 14313 : 0 : 0 0
7918,2,ISO 17636 : 0 : 0 0
7918,3,IEC 60079 : 14 : 0 0
7918,4,other 61152 : 0 : 0 0
7918,5,other 334 : 0 : 0 0
7918,6,other 12186 : 0 : 0 0
7918,7,other 14382 : 0 : 0 0
26394,1,0 0 : 0 : 0 0
67143,1,ISO 14971 : 0 : 0 0
67144,1,0 0 : 0 : 0 0
23919,1,0 0 : 0 : 0 0
7922,1,ISO 14971 : 0 : 0 0
7924,1,0 0 : 0 : 0 0
7929,1,ISO 10286 : 0 : 0 0
7929,2,ISO 10286 : 1992
7929,3,ISO 10286 : 1992
7929,4,ISO 10286 : 1992
7933,1,ISO 279 : 1998
7933,2,ISO 592 : 1998
7933,3,ISO 280 : 1998
7933,4,ISO 1041 : 1973
21953,1,ISO 2787 : 1984
21953,2,ISO 5391 : 2003
21953,3,ISO 3744 : 1994
21953,4,ISO 4871 : 1996
21953,5,ISO 8662 : 2 : 0 0
21953,6,ISO 8662 : 7 : 0 0
21953,7,ISO 8662 : 8 : 0 0
21953,8,ISO 8662 : 14 : 0 0
21953,9,ISO 11203 : 1995
21953,10,IEC 60651 : 0 : 0 0
21953,11,IEC 60804 : 0 : 0 0
21953,12,292 : 2 : 1991
7940,1,ISO 3376 : 2011
7940,2,ISO 3377 : 1 : 0 0
7940,3,ISO 4048 : 0 : 0 0
7940,4,ISO 5077 : 0 : 0 0
7940,5,ISO 13688 : 0 : 0 0
27449,1,ISO 3376 : 2011
27449,2,ISO 3377 : 1 : 0 0
27449,3,ISO 4048 : 0 : 0 0
27449,4,ISO 5077 : 0 : 0 0
27449,5,ISO 13688 : 0 : 0 0
7942,1,ISO 383 : 0 : 0 0
7942,2,ISO 384 : 0 : 0 0
7942,3,ISO 3585 : 0 : 0 0
7942,4,ISO 4803 : 0 : 0 0
7942,5,ISO 4785 : 0 : 0 0
7946,1,ISO/IEC 8802 : 11 : 0 0
7946,2,IEC 60050 : 845 : 0 0
7946,3,IEC 60825 : 1 : 0 0
7948,1,ISO 6892 : 1984
7948,2,ISO 7500 : 1 : 1988
7948,3,ISO 9513 : 1989
7948,4,ISO 10113 : 1991
27711,1,ISO 6892 : 1984
27711,2,ISO 7500 : 1 : 1988
27711,3,ISO 9513 : 1989
27711,4,ISO 10113 : 1991
7949,1,ISO 15151 : 2018
7949,2,ISO 20649 : 2015
7949,3,ISO 21424 : 2018
7949,4,ISO 15213 : 2003
7949,5,ISO 21446 : 2019
7949,6,ISO 16958 : 2015
7949,7,ISO 14377 : 2002
27420,1,ISO 15151 : 2018
27420,2,ISO 20649 : 2015
27420,3,ISO 21424 : 2018
27420,4,ISO 15213 : 2003
27420,5,ISO 21446 : 2019
27420,6,ISO 16958 : 2015
27420,7,ISO 14377 : 2002
7950,1,IEC 60584 : 3 : 0 0
7951,1,ISO 139 : 1973
7951,2,IEC 60584 : 1 : 0 0
7953,1,0 0 : 0 : 0 0
7954,1,ISO 683 : 1 : 0 0
18501,1,ISO 12179 : 2000
18501,2,ISO 3274 : 1996
18501,3,ISO 3274 : 1996
18501,4,ISO 4287 : 1997
29898,1,ISO 12179 : 2000
29898,2,ISO 3274 : 1996
29898,3,ISO 3274 : 1996
29898,4,ISO 4287 : 1997
7957,1,ISO 11677 : 1 : 1994
7957,2,ISO 11677 : 2 : 1994
7958,1,ISO 11677 : 3 : 1995
7958,2,ISO 6457 : 1982
7958,3,ISO 11677 : 2 : 1994
7958,4,ISO 11677 : 1 : 1994
7959,1,ISO 3 : 0 : 0 0
7959,2,ISO 3 : 1973
7960,1,ISO 3 : 1973
7960,2,ISO 96 : 2 : 2009
27309,1,ISO 5208 : 0 : 0 0
27309,2,ISO 5209 : 0 : 0 0
27309,3,ISO 5752 : 0 : 0 0
27309,4,ISO 15609 : 1 : 0 0
27309,5,ISO 15610 : 0 : 0 0
27309,6,ISO 15614 : 1 : 0 0
27309,7,ISO 15614 : 2 : 0 0
27309,8,ISO 15649 : 0 : 0 0
27309,9,EN 1092 : 1 : 0 0
27309,10,EN 10269 : 0 : 0 0
27309,11,EN 12516 : 1 : 0 0
27309,12,ASME 0 : 0 : 0 0
27309,13,ASME 0 : 0 : 0 0
27309,14,ASME 0 : 0 : 0 0
27309,15,ASME 0 : 0 : 0 0
27309,16,ASME 0 : 0 : 0 0
27309,17,ASME 0 : 0 : 0 0
27309,18,ASME 0 : 0 : 0 0
27309,19,ASME 0 : 0 : 0 0
27309,20,ASME 0 : 0 : 0 0
27309,21,ASTM 0 : 0 : 0 0
21471,1,ISO 5208 : 0 : 0 0
21471,2,ISO 5209 : 0 : 0 0
21471,3,ISO 5752 : 0 : 0 0
21471,4,ISO 15609 : 1 : 0 0
21471,5,ISO 15610 : 0 : 0 0
21471,6,ISO 15614 : 1 : 0 0
21471,7,ISO 15614 : 2 : 0 0
21471,8,ISO 15649 : 0 : 0 0
21471,9,EN 1092 : 1 : 0 0
21471,10,EN 10269 : 0 : 0 0
21471,11,EN 12516 : 1 : 0 0
21471,12,ASME 0 : 0 : 0 0
21471,13,ASME 0 : 0 : 0 0
21471,14,ASME 0 : 0 : 0 0
21471,15,ASME 0 : 0 : 0 0
21471,16,ASME 0 : 0 : 0 0
21471,17,ASME 0 : 0 : 0 0
21471,18,ASME 0 : 0 : 0 0
21471,19,ASME 0 : 0 : 0 0
21471,20,ASME 0 : 0 : 0 0
21471,21,ASTM 0 : 0 : 0 0
7961,1,ISO 296 : 1991
7987,1,ISO 15654 : 2004
7987,2,ISO 606 : 2004
66041,1,ISO 15654 : 2004
66041,2,ISO 606 : 2004
18504,1,ISO 3402 : 0 : 0 0
18504,2,ISO 5725 : 2 : 1994
23202,1,ISO 10993 : 1 : 0 0
23202,2,ISO 10993 : 2 : 0 0
23202,3,ISO 10993 : 6 : 0 0
23202,4,ISO 10993 : 9 : 0 0
23202,5,ISO 10993 : 16 : 0 0
23202,6,ISO 11135 : 1 : 0 0
23202,7,ISO 11137 : 1 : 0 0
23202,8,ISO 11137 : 2 : 0 0
23202,9,ISO 11607 : 1 : 0 0
23202,10,ISO 14155 : 0 : 0 0
23202,11,ISO 14971 : 0 : 0 0
23202,12,ISO 15223 : 1 : 0 0
23202,13,ISO 22442 : 1 : 0 0
23202,14,ISO 22442 : 2 : 0 0
23202,15,ISO 22442 : 3 : 0 0
23202,16,ISO 11137 : 3 : 0 0
23202,17,ISO 13408 : 1 : 0 0
23202,18,ISO 14630 : 0 : 0 0
23202,19,ISO 15223 : 2 : 0 0
23202,20,ISO 17665 : 1 : 0 0
23202,21,EN 980 : 0 : 0 0
23202,22,EN 1041 : 0 : 0 0
24235,1,ISO 12651 : 0 : 0 0
8004,1,ISO 4254 : 1 : 2013
8004,2,ISO 4254 : 7 : 2008
8004,3,ISO 6889 : 2 : 1997
8007,1,ISO 3175 : 2 : 1998
24300,1,ISO 13766 : 0 : 0 0
24300,2,IEC 60068 : 1 : 31
18506,1,ASTM 1922 : 2009
12,1,0 0 : 0 : 0 0
27494,1,0 0 : 0 : 0 0
8026,1,ISO 13534 : 1 : 2000
8026,2,ISO 2100 : 1 : 1992
8026,3,ISO 13852 : 1996
8026,4,ISO 15234 : 0 : 0 0
8027,1,ISO 15534 : 2 : 2000
8027,2,ISO 2100 : 1 : 1992
8027,3,ISO 13852 : 1996
8028,1,ISO 15534 : 3 : 0 0
8028,2,ISO 15534 : 1 : 0 0
8028,3,ISO 15534 : 2 : 0 0
8028,4,ISO 7250 : 1996
33779,1,ISO 15534 : 3 : 0 0
33779,2,ISO 15534 : 1 : 0 0
33779,3,ISO 15534 : 2 : 0 0
33779,4,ISO 7250 : 1996
21050,1,ISO 4990 : 0 : 0 0
31964,1,ISO 4990 : 0 : 0 0
25834,1,ISO 4990 : 0 : 0 0
18508,1,ISO 2768 : 1 : 1989
20975,1,ISO 6004 : 1991
20975,2,ISO 10958 : 1 : 1998
20975,3,ISO 11634 : 1996
20975,4,ISO 10958 : 2 : 2004
21539,1,ISO 68 : 1 : 1998
21118,1,ISO 10045 : 1991
21118,2,ISO 6004 : 1991
28612,1,ISO 68 : 1 : 1998
20984,1,ISO 9123 : 2017
21626,1,ISO 6508 : 2 : 2023
21626,2,ISO 6508 : 3 : 2023
21627,1,ISO 6508 : 1 : 2023
21627,2,ISO 6508 : 2 : 2023
21627,3,ISO 376 : 2011
21657,1,ISO 6508 : 1 : 2023
21657,2,ISO 6508 : 3 : 2023
21657,3,ISO 6507 : 1 : 2023
21657,4,ISO 376 : 2011
33454,1,ISO 6508 : 1 : 2023
33454,2,ISO 6508 : 3 : 2023
33454,3,ISO 6507 : 1 : 2023
33454,4,ISO 376 : 2011
33455,1,ISO 6508 : 1 : 2023
33455,2,ISO 6508 : 2 : 2023
33455,3,ISO 376 : 2011
33732,1,ISO 6508 : 2 : 2023
33732,2,ISO 6508 : 3 : 2023
25594,1,ISO 6508 : 1 : 2023
25594,2,ISO 6508 : 2 : 2023
25594,3,ISO 376 : 2011
8035,1,ISO 8754 : 2003
8035,2,ISO 4260 : 1987
8035,3,ISO 14596 : 2007
8035,4,ISO 12185 : 1996
8035,5,ISO 4406 : 1999
8035,6,ISO 3014 : 1993
8035,7,ASTM 4176 : 2014
8035,8,ASTM 156 : 2015
8035,9,ASTM 6045 : 2012
8035,10,ASTM 5452 : 2012
8035,11,ASTM 1319 : 2015
8035,12,ASTM 1266 : 2013
8035,13,ASTM 1552 : 2016
8035,14,ASTM 2622 : 2016
8035,15,ASTM 4294 : 2016
8035,16,ASTM 5453 : 2016
8035,17,ASTM 3227 : 2013
8035,18,ASTM 4052 : 2015
8035,19,ASTM 5972 : 2016
8035,20,ASTM 7153 : 2015
8035,21,ASTM 3338 : 2009
8035,22,ASTM 4809 : 2013
8035,23,ASTM 1322 : 2015
8035,24,ASTM 5001 : 2010
8035,25,ASTM 3241 : 2016
8035,26,ASTM 445 : 2015
8035,27,ASTM 5006 : 2011
8035,28,ASTM 0 : 0 : 0 0
18514,1,ISO 15867 : 2003
18515,1,ISO 262 : 0 : 0 0
26719,1,ISO 262 : 0 : 0 0
25152,1,ISO 3046 : 1 : 2002
25152,2,ISO 3911 : 2004
22806,1,ISO 228 : 1 : 0 0
22806,2,ISO 10012 : 0 : 0 0
22806,3,ISO 7000 : 0 : 0 0
22806,4,ISO 14644 : 3 : 2005
22806,5,ISO 14971 : 0 : 0 0
22806,6,IEC 60417 : 0 : 0 0
22806,7,IEC 60584 : 1 : 1995
22806,8,IEC 60751 : 1983
22806,9,IEC 61010 : 2 : 45
22806,10,IEC 80416 : 1 : 0 0
27035,1,ISO 0 : 0 : 0 0
31889,1,IEC 61000 : 4 : 5 2005
31889,2,IEC 61000 : 4 : 6 2008
31889,3,IEC 62052 : 11 : 2003
21168,1,IEC 61000 : 4 : 5 2005
21168,2,IEC 61000 : 4 : 6 2008
21168,3,IEC 62052 : 11 : 2003
21199,1,ISO 24276 : 2006
21249,1,ISO 9092 : 2019
21249,2,ISO 11224 : 2003
21250,1,ISO 139 : 1973
21250,2,ISO 186 : 1985
21250,3,ISO 3801 : 1977
32023,1,ISO 9092 : 2019
32023,2,ISO 11224 : 2003
32023,3,ASTM 3574 : 2017
32031,1,ISO 9092 : 2019
32031,2,ISO 11224 : 2003
32032,1,ISO 139 : 1973
32032,2,ISO 186 : 1985
32032,3,ISO 5081 : 1977
21292,1,ISO 139 : 1973
21292,2,ISO 186 : 1985
21292,3,ISO 5081 : 1977
21303,1,ISO 139 : 1973
21303,2,ISO 186 : 1985
21564,1,ISO 139 : 1973
21564,2,ISO 186 : 1985
21564,3,ISO 565 : 1990
21565,1,ISO 139 : 1973
21565,2,ISO 186 : 1985
21565,3,ISO 9073 : 1 : 1989
21566,1,ISO 139 : 1973
21566,2,ISO 186 : 1985
21566,3,ISO 3696 : 1987
32083,1,ISO 139 : 1973
32083,2,ISO 186 : 1985
32118,1,ISO 9092 : 2019
32118,2,ISO 11224 : 2003
21628,1,ISO 139 : 1973
21628,2,ISO 186 : 1985
21628,3,ISO 9073 : 1 : 1989
21628,4,ISO 139 : 2005
21628,5,ISO 186 : 2002
65935,1,ISO 139 : 1973
65935,2,ISO 186 : 1985
65935,3,ISO 565 : 1990
65936,1,ISO 139 : 1973
65936,2,ISO 186 : 1985
65936,3,ISO 9073 : 1 : 1989
22425,1,ISO 14644 : 1 : 1
22426,1,ISO 139 : 0 : 0 0
22426,2,ISO 3951 : 5 : 5 2006
22426,3,ISO 9073 : 6 : 6 2000
22496,1,ISO 139 : 0 : 0 0
22496,2,ISO 186 : 0 : 0 0
22496,3,ISO 10012 : 2003
22497,1,ISO 139 : 1973
22497,2,ISO 186 : 2002
22497,3,ISO 3696 : 1987
22497,4,ISO 9073 : 6 : 6 2000
22497,5,ISO 9073 : 8 : 8 1995
22498,1,ISO 139 : 1973
22498,2,ISO 3696 : 1987
22499,1,ISO 9092 : 2019
22499,2,ISO 11224 : 2003
22500,1,ISO 9092 : 2019
22500,2,ISO 11224 : 2003
22500,3,ASTM 3574 : 2017
21274,1,0 0 : 0 : 0 0
21241,1,ISO 3160 : 2 : 1982
21241,2,ISO 3497 : 1990
21241,3,ISO 3543 : 1981
21241,4,ISO 9220 : 1988
29973,1,ISO 8601 : 2004
29973,2,ISO 10116 : 1997
29973,3,ISO 11568 : 1994
29973,4,ISO 7746 : 1998
29973,5,ISO 8583 : 1993
29973,6,ISO 8732 : 1998
29973,7,ISO/IEC 9797 : 0 : 0 0
29973,8,ISO/IEC 10118 : 3 : 1998
29973,9,ISO 13941 : 0 : 0 0
29973,10,other 3 : 92 : 1981
29973,11,other 9 : 52 : 1998
21459,1,ISO 8601 : 2004
21459,2,ISO 10116 : 1997
21459,3,ISO 11568 : 1994
21459,4,ISO 7746 : 1998
21459,5,ISO 8583 : 1993
21459,6,ISO 8732 : 1998
21459,7,ISO/IEC 9797 : 0 : 0 0
21459,8,ISO/IEC 10118 : 3 : 1998
21459,9,ISO 13941 : 0 : 0 0
21459,10,other 3 : 92 : 1981
21459,11,other 9 : 52 : 1998
8039,1,0 0 : 0 : 0 0
21233,1,ISO 14001 : 0 : 0 0
21233,2,ISO 15189 : 0 : 0 0
21234,1,ISO 14001 : 0 : 0 0
21234,2,ISO 15189 : 0 : 0 0
21254,1,ISO 4628 : 2 : 2016
21254,2,ISO 4628 : 3 : 2016
21254,3,ISO 9227 : 2022
32014,1,ISO 4628 : 2 : 2016
32014,2,ISO 4628 : 3 : 2016
32014,3,ISO 9227 : 2022
21236,1,ISO 16160 : 2005
21293,1,ISO 4671 : 2007
21293,2,ISO 463 : 0 : 0 0
21293,3,ISO 3599 : 0 : 0 0
21293,4,ISO 3611 : 0 : 0 0
21237,1,0 0 : 0 : 0 0
21238,1,0 0 : 0 : 0 0
21426,1,ISO 228 : 0 : 0 0
21426,2,ISO 261 : 0 : 0 0
23716,1,0 0 : 0 : 0 0
21476,1,ISO 13441 : 1 : 0 0
21477,1,ISO 5682 : 1 : 0 0
21477,2,ISO 5682 : 1 : 0 0
32569,1,0 0 : 0 : 0 0
21427,1,0 0 : 0 : 0 0
21428,1,ISO 22369 : 0 : 0 0
21349,1,ISO 22369 : 0 : 0 0
21349,2,ISO 22369 : 0 : 0 0
66681,1,0 0 : 0 : 0 0
23717,1,0 0 : 0 : 0 0
629,1,ISO 3411 : 0 : 0 0
629,2,ISO 3767 : 1 : 0 0
629,3,ISO 3767 : 2 : 0 0
629,4,ISO 3767 : 3 : 0 0
629,5,ISO 3789 : 1 : 0 0
629,6,ISO 3789 : 2 : 0 0
629,7,ISO 5395 : 0 : 0 0
21478,1,ISO 668 : 195
21478,2,ISO 4302 : 1981
21478,3,ISO 3874 : 1997
8041,1,ISO 3104 : 1994
8041,2,ISO 4259 : 2006
8041,3,ISO 8754 : 2003
8041,4,ISO 10307 : 2 : 2009
8041,5,ISO 10370 : 2014
8041,6,ISO 2719 : 2016
66226,1,ISO 3104 : 1994
66226,2,ISO 4259 : 2006
66226,3,ISO 8754 : 2003
66226,4,ISO 10307 : 2 : 2009
66226,5,ISO 10370 : 2014
66226,6,ISO 2719 : 2016
21294,1,ISO 1307 : 2006
22025,1,IEC 61747 : 1 : 1 2014
22025,2,IEC 61747 : 10 : 1
22025,3,IEC 61747 : 10 : 2
26931,1,IEC 61747 : 1 : 1 2014
26931,2,IEC 61747 : 10 : 1
26931,3,IEC 61747 : 10 : 2
21567,1,IEC 60410 : 1973
21567,2,IEC 60747 : 1 : 2006
21567,3,IEC 60748 : 0 : 0 0
21567,4,IEC 60749 : 0 : 0 0
21567,5,IEC 61747 : 5 : 0 0
21567,6,IEC 61747 : 10 : 1
21567,7,ISO 2859 : 1 : 0 0
21567,8,IEC 60747 : 10 : 1991
21567,9,IEC 61747 : 1 : 2
21567,10,IEC 61747 : 10 : 2
21567,11,IEC 61747 : 20 : 0 0
21567,12,IEC 61747 : 30 : 1
21567,13,ISO 2859 : 10 : 0 0
21827,1,IEC 61747 : 1 : 1
21827,2,IEC 61747 : 3 : 0 0
21827,3,IEC 60749 : 14 : 0 0
21827,4,IEC 61747 : 10 : 2
21828,1,IEC 61747 : 1 : 0 0
21829,1,IEC 61747 : 1 : 1 2014
21830,1,ISO 13406 : 1 : 1999
21830,2,ISO 13406 : 2 : 2001
26994,1,IEC 61747 : 1 : 1 2014
26994,2,IEC 61747 : 10 : 1
26994,3,IEC 61747 : 10 : 2
21631,1,IEC 61747 : 1 : 1 2014
21631,2,IEC 61747 : 10 : 1
21631,3,IEC 61747 : 10 : 2
22224,1,IEC 60746 : 0 : 0 0
22224,2,IEC 60749 : 14 : 0 0
26588,1,IEC 60410 : 1973
26588,2,IEC 60747 : 1 : 2006
26588,3,IEC 60748 : 0 : 0 0
26588,4,IEC 60749 : 0 : 0 0
26588,5,IEC 61747 : 5 : 0 0
26588,6,IEC 61747 : 10 : 1
26588,7,ISO 2859 : 1 : 0 0
26588,8,IEC 60747 : 10 : 1991
26588,9,IEC 61747 : 1 : 2
26588,10,IEC 61747 : 10 : 2
26588,11,IEC 61747 : 20 : 0 0
26588,12,IEC 61747 : 30 : 1
26588,13,ISO 2859 : 10 : 0 0
26103,1,IEC 61747 : 1 : 1
26103,2,IEC 61747 : 3 : 0 0
26103,3,IEC 60749 : 14 : 0 0
26103,4,IEC 61747 : 10 : 2
26104,1,IEC 61747 : 1 : 0 0
26105,1,IEC 61747 : 1 : 1 2014
357,1,ASTM 0 : 2003
357,2,ASTM 0 : 2015
25453,1,ASTM 0 : 2003
25453,2,ASTM 0 : 2015
66075,1,ISO 3696 : 0 : 0 0
21295,1,ISO 3696 : 0 : 0 0
32601,1,ISO 3696 : 1987
21429,1,ISO 3696 : 1987
21460,1,0 0 : 0 : 0 0
25835,1,0 0 : 0 : 0 0
25752,1,0 0 : 0 : 0 0
21461,1,0 0 : 0 : 0 0
21351,1,ISO 15785 : 2002
21351,2,ISO 3098 : 1997
21351,3,ISO 2553 : 1992
21351,4,ISO 128 : 20 : 1996
21351,5,ISO 128 : 24 : 1999
21351,6,ISO 129 : 1 : 2004
21351,7,ISO 17654 : 2002
21352,1,ISO 3082 : 2000
21352,2,ISO 3085 : 2002
21541,1,ISO 554 : 1976
23115,1,ISO/IEC 15946 : 5 : 0 0
21353,1,ISO 3696 : 0 : 0 0
21353,2,ISO 6498 : 0 : 0 0
21542,1,ISO 3696 : 0 : 0 0
21542,2,ISO 3696 : 1987
21542,3,6498 : 1998
21543,1,ISO 3696 : 1987
21543,2,ISO 6498 : 1998
21544,1,ISO 6498 : 1998
21640,1,ISO 188 : 1998
21640,2,ISO 143 : 1 : 2004
21640,3,ISO 6957 : 0 : -1 1988
21640,4,ISO 9227 : 1990
21640,5,IEC 60529 : 2001
21526,1,ISO 14532 : 2014
21526,2,ASTM 3246 : 2015
21526,3,EN 16723 : 2 : 2017
29759,1,ISO 14532 : 2014
29759,2,ASTM 3246 : 2015
29759,3,EN 16723 : 2 : 2017
34147,1,ISO 16163 : 2005
21605,1,ISO 16163 : 2005
21572,1,ISO 12639 : 0 : 0 0
21572,2,ISO 13655 : 0 : 0 0
21573,1,ISO 5 : 3 : 2009
21573,2,ISO 13468 : 1 : 2019
21573,3,ISO 13468 : 2 : 2021
21573,4,ISO 13655 : 2017
21573,5,ISO 14782 : 1999
21573,6,ISO 17223 : 2014
21573,7,ISO 17972 : 1 : 2015
21573,8,ISO 17972 : 4 : 2014
21573,9,ISO/TS 10128 : 2009
21901,1,ISO 3664 : 0 : 0 0
21901,2,ISO 12040 : 0 : 0 0
21901,3,ISO 12640 : 0 : 0 0
21901,4,ISO 15397 : 0 : 0 0
21901,5,ISO 15930 : 0 : 0 0
21901,6,ISO/TS 18621 : 21 : 2020
27848,1,ISO 3664 : 0 : 0 0
27848,2,ISO 12040 : 0 : 0 0
27848,3,ISO 12640 : 0 : 0 0
27848,4,ISO 15397 : 0 : 0 0
27848,5,ISO 15930 : 0 : 0 0
27848,6,ISO/TS 18621 : 21 : 2020
27353,1,ISO 5 : 3 : 2009
27353,2,ISO 13468 : 1 : 2019
27353,3,ISO 13468 : 2 : 2021
27353,4,ISO 13655 : 2017
27353,5,ISO 14782 : 1999
27353,6,ISO 17223 : 2014
27353,7,ISO 17972 : 1 : 2015
27353,8,ISO 17972 : 4 : 2014
27353,9,ISO/TS 10128 : 2009
309,1,ISO 3082 : 0 : 0 0
309,2,ISO 3310 : 1 : 2000
309,3,ISO 3310 : 2 : 1999
309,4,ISO 11323 : 1996
309,5,ISO 11323 : 1996
8044,1,ISO 148 : 1 : 2016
32707,1,ISO 148 : 1 : 2016
17598,1,ISO 8245 : 1999
462,1,ISO 8245 : 1999
28540,1,ISO 4833 : 0 : 0 0
28540,2,ISO 5552 : 0 : 0 0
28540,3,ISO 6579 : 0 : 0 0
28540,4,ISO 6887 : 1 : 0 0
28540,5,ISO 6887 : 2 : 0 0
28540,6,ISO 7218 : 0 : 0 0
28540,7,ISO 7251 : 0 : 0 0
28540,8,ISO 10272 : 0 : 0 0
28540,9,ISO 10273 : 0 : 0 0
28540,10,ISO 13720 : 0 : 0 0
28540,11,ISO 16654 : 0 : 0 0
21641,1,ISO 4833 : 0 : 0 0
21641,2,ISO 5552 : 0 : 0 0
21641,3,ISO 6579 : 0 : 0 0
21641,4,ISO 6887 : 1 : 0 0
21641,5,ISO 6887 : 2 : 0 0
21641,6,ISO 7218 : 0 : 0 0
21641,7,ISO 7251 : 0 : 0 0
21641,8,ISO 10272 : 0 : 0 0
21641,9,ISO 10273 : 0 : 0 0
21641,10,ISO 13720 : 0 : 0 0
21641,11,ISO 16654 : 0 : 0 0
8045,1,0 0 : 0 : 0 0
29584,1,0 0 : 0 : 0 0
21642,1,ISO 18593 : 2018
28596,1,ISO 18593 : 2018
24281,1,0 0 : 0 : 0 0
21643,1,ISO 4217 : 2001
21643,2,ISO 8459 : 2009
66663,1,ISO 23081 : 1 : 2006
66663,2,ISO 11179 : 1 : 0 0
66663,3,ISO 15489 : 1 : 2001
21644,1,0 0 : 0 : 0 0
21661,1,ISO 23081 : 1 : 2006
21661,2,ISO 11179 : 1 : 0 0
21661,3,ISO 15489 : 1 : 2001
23986,1,ISO 15489 : 1 : 2001
23986,2,ISO/IEC 1119 : 1 : 0 0
21645,1,ISO/IEC 10646 : 0 : 0 0
26396,1,0 0 : 0 : 0 0
66661,1,0 0 : 0 : 0 0
21646,1,0 0 : 0 : 0 0
24393,1,ISO 13766 : 0 : 0 0
29191,1,IEC 60034 : 19 : 0 0
29191,2,IEC 60034 : 29 : 0 0
29191,3,IEC 60051 : 0 : 0 0
31068,1,0 0 : 0 : 0 0
21344,1,IEC 60034 : 19 : 0 0
21344,2,IEC 60034 : 29 : 0 0
21344,3,IEC 60051 : 0 : 0 0
22388,1,IEC 60027 : 4 : 0 0
22388,2,IEC 60034 : 25 : 0 0
22388,3,IEC 60034 : 29 : 0 0
22388,4,IEC 60045 : 0 : 0 0
22388,5,IEC 61148 : 0 : 0 0
22388,6,IEC 61293 : 0 : 0 0
22389,1,IEC 60034 : 4 : 1
22389,2,IEC 60045 : 1 : 0 0
28834,1,IEC 60034 : 4 : 1
28834,2,IEC 60045 : 1 : 0 0
22522,1,IEC 60034 : 1 : 2010
22522,2,IEC 60034 : 5 : 2000
22522,3,IEC 60034 : 17 : 2005
22522,4,ISO 3741 : 2010
22522,5,ISO 3743 : 1 : 2010
22522,6,ISO 3743 : 2 : 2010
8048,1,ISO 9000 : 2000
8048,2,ISO 10011 : 1 : 1990
8048,3,ISO 10011 : 2 : 1991
8048,4,ISO 10011 : 3 : 1993
8048,5,ISO 10012 : 1 : 1992
8048,6,ISO 10012 : 2 : 1997
17464,1,IEC 60050 : 0 : 0 0
17464,2,IEC 60060 : 0 : 0 0
17464,3,IEC 60068 : 1 : 1982
17464,4,IEC 60068 : 2 : 0 0
17464,5,IEC 60068 : 2 : 1 1974
17464,6,IEC 60068 : 2 : 2 1974
17464,7,IEC 60068 : 2 : 3 1969
17464,8,IEC 60068 : 2 : 4 1969
17464,9,IEC 60068 : 2 : 6 1982
17464,10,IEC 60068 : 2 : 7 1983
17464,11,IEC 60068 : 2 : 10 1984
17464,12,IEC 60068 : 2 : 11 1981
17464,13,IEC 60068 : 2 : 13 1983
17464,14,IEC 60068 : 2 : 14 1984
17464,15,IEC 60068 : 2 : 17 1978
17464,16,IEC 60068 : 2 : 20 1979
17464,17,IEC 60068 : 2 : 21 1983
17464,18,IEC 60068 : 2 : 27 1987
17464,19,IEC 60068 : 2 : 28 1980
17464,20,IEC 60144 : 1963
17464,21,IEC 60147 : 5 : 1977
17464,22,IEC 60255 : 0 : 20 1974
17464,23,IEC 60255 : 1 : 1975
17464,24,IEC 60255 : 5 : 1977
17464,25,IEC 60443 : 1974
17465,1,IEC 60572 : 1972
17465,2,IEC 60255 : 7 : 1978
24394,1,ISO 13766 : 0 : 0 0
577,1,ISO 17652 : 2 : 2003
577,2,ISO 17652 : 3 : 2003
577,3,ISO 17652 : 4 : 2004
578,1,ISO 4063 : 1998
578,2,ISO 6947 : 1993
578,3,ISO 6947 : 1993
578,4,ISO 2808 : 1999
578,5,ISO 8501 : 1 : 2001
578,6,ISO 15609 : 1 : 2000
578,7,ISO 17652 : 1 : 2003
579,1,ISO 10025 : 0 : 0 0
579,2,ISO 10238 : 0 : 0 0
579,3,ISO 2808 : 0 : 0 0
579,4,ISO 8501 : 1 : 1988
579,5,ISO 9513 : 2002
579,6,ISO 17652 : 1 : 2003
580,1,ISO 2808 : 1999
580,2,ISO 4063 : 1998
580,3,ISO 6947 : 1993
580,4,ISO 10025 : 1990
580,5,ISO 10238 : 0 : 0 0
580,6,ISO 15011 : 1 : 2002
580,7,ISO 15011 : 2 : 2002
580,8,ISO 17652 : 1 : 2003
581,1,ISO 15609 : 1 : 0 0
581,2,ISO 15609 : 2 : 0 0
581,3,ISO 15609 : 3 : 0 0
581,4,ISO 15609 : 4 : 0 0
581,5,ISO 15609 : 5 : 0 0
581,6,ISO 15609 : 6 : 0 0
581,7,ISO 15610 : 0 : 0 0
581,8,ISO 15612 : 0 : 0 0
581,9,ISO 15613 : 0 : 0 0
581,10,ISO 15614 : 1 : 0 0
581,11,ISO 15614 : 2 : 0 0
581,12,ISO 15614 : 3 : 0 0
581,13,ISO 15614 : 4 : 0 0
581,14,ISO 15614 : 5 : 0 0
581,15,ISO 15614 : 6 : 0 0
581,16,ISO 15614 : 7 : 0 0
581,17,ISO 15614 : 8 : 0 0
581,18,ISO 15614 : 9 : 0 0
581,19,ISO 15614 : 10 : 0 0
581,20,ISO 15614 : 11 : 0 0
581,21,ISO 15614 : 12 : 0 0
581,22,ISO 15614 : 13 : 0 0
581,23,ISO 25901 : 0 : 0 0
27873,1,ISO 15609 : 1 : 0 0
27873,2,ISO 15609 : 2 : 0 0
27873,3,ISO 15609 : 3 : 0 0
27873,4,ISO 15609 : 4 : 0 0
27873,5,ISO 15609 : 5 : 0 0
27873,6,ISO 15609 : 6 : 0 0
27873,7,ISO 15610 : 0 : 0 0
27873,8,ISO 15612 : 0 : 0 0
27873,9,ISO 15613 : 0 : 0 0
27873,10,ISO 15614 : 1 : 0 0
27873,11,ISO 15614 : 2 : 0 0
27873,12,ISO 15614 : 3 : 0 0
27873,13,ISO 15614 : 4 : 0 0
27873,14,ISO 15614 : 5 : 0 0
27873,15,ISO 15614 : 6 : 0 0
27873,16,ISO 15614 : 7 : 0 0
27873,17,ISO 15614 : 8 : 0 0
27873,18,ISO 15614 : 9 : 0 0
27873,19,ISO 15614 : 10 : 0 0
27873,20,ISO 15614 : 11 : 0 0
27873,21,ISO 15614 : 12 : 0 0
27873,22,ISO 15614 : 13 : 0 0
27873,23,ISO 25901 : 0 : 0 0
32258,1,0 0 : 0 : 0 0
195,1,0 0 : 0 : 0 0
30304,1,ISO 9564 : 1 : 2011
30304,2,ISO 11568 : 1 : 2005
30304,3,ISO 11568 : 2 : 2012
30304,4,ISO 11568 : 4 : 2007
30304,5,ISO 13491 : 1 : 2016
30304,6,ISO 16609 : 2012
30304,7,ISO/IEC 18031 : 2011
141,1,ISO 11568 : 1 : 2005
141,2,ISO 11568 : 2 : 2012
141,3,ISO 11568 : 4 : 2013
141,4,ISO 13491 : 2 : 2017
142,1,ISO 9564 : 1 : 2011
142,2,ISO 11568 : 1 : 2005
142,3,ISO 11568 : 2 : 2012
142,4,ISO 11568 : 4 : 2007
142,5,ISO 13491 : 1 : 2016
142,6,ISO 16609 : 2012
142,7,ISO/IEC 18031 : 2011
65690,1,ISO 11568 : 1 : 2005
65690,2,ISO 11568 : 2 : 2012
65690,3,ISO 11568 : 4 : 2013
65690,4,ISO 13491 : 2 : 2017
196,1,ISO 15022 : 1 : 1999
196,2,ISO 15022 : 2 : 1999
26697,1,ISO/IEC 8825 : 1 : 2015
197,1,ISO/IEC 8825 : 1 : 2015
21612,1,ISO 2178 : 1982
32357,1,ISO 4829 : 3 : 2023
32357,2,ISO 37 : 2017
32357,3,ISO 974 : 2000
32357,4,ISO 9223 : 2012
32357,5,ISO 22479 : 2019
21613,1,ISO 4829 : 3 : 2023
21613,2,ISO 37 : 2017
21613,3,ISO 974 : 2000
21613,4,ISO 9223 : 2012
21613,5,ISO 22479 : 2019
25525,1,ISO 4829 : 3 : 2023
25525,2,ISO 37 : 2017
25525,3,ISO 974 : 2000
25525,4,ISO 9223 : 2012
25525,5,ISO 22479 : 2019
23595,1,0 0 : 0 : 0 0
21681,1,ISO 15495 : 0 : 0 0
32822,1,ISO 3308 : 2012
32822,2,ISO 3402 : 2023
32822,3,ISO 4387 : 2019
91,1,ISO 3308 : 2012
91,2,ISO 3402 : 2023
91,3,ISO 4387 : 2019
583,1,ISO 4387 : 2000
27006,1,ISO 4387 : 2000
607,1,ISO 1572 : 0 : 0 0
607,2,ISO 3696 : 0 : 0 0
607,3,ISO 7513 : 0 : 0 0
567,1,ISO 3696 : 0 : 0 0
567,2,ISO 3726 : 0 : 0 0
567,3,ISO 6673 : 0 : 0 0
567,4,ISO 11817 : 0 : 0 0
568,1,ISO 760 : 0 : 0 0
609,1,ISO 1042 : 0 : 0 0
609,2,ISO 3509 : 0 : 0 0
609,3,ISO 3726 : 0 : 0 0
610,1,ISO 3509 : 0 : 0 0
574,1,ISO 787 : 0 : 0 0
574,2,ISO 6670 : 0 : 0 0
611,1,ISO 3509 : 0 : 0 0
611,2,ISO 3509 : 0 : 0 0
612,1,ISO 3509 : 0 : 0 0
613,1,ISO 565 : 0 : 0 0
613,2,ISO 3696 : 0 : 0 0
613,3,ISO 4072 : 0 : 0 0
614,1,ISO 3509 : 0 : 0 0
614,2,ISO 4072 : 0 : 0 0
614,3,ISO 10470 : 0 : 0 0
20986,1,ISO 37 : 0 : 0 0
20986,2,ISO 4074 : 2002
21259,1,ISO 31 : 1992
21259,2,ISO 2859 : 1 : 1999
21259,3,ISO 4074 : 2002
21259,4,ISO 9000 : 2005
21259,5,ISO 14155 : 1 : 2003
21259,6,ISO 14155 : 1 : 2003
615,1,ISO 3509 : 0 : 0 0
615,2,ISO 4072 : 0 : 0 0
569,1,ISO 1447 : 0 : 0 0
569,2,ISO 3726 : 0 : 0 0
569,3,ISO 4072 : 0 : 0 0
569,4,ISO 6670 : 0 : 0 0
569,5,ISO 6673 : 0 : 0 0
8049,1,ISO 3013 : 1997
8049,2,ISO 2160 : 1998
8049,3,ISO 6246 : 1995
8049,4,ISO 6297 : 1997
27544,1,ISO 3013 : 1997
27544,2,ISO 2160 : 1998
27544,3,ISO 6246 : 1995
27544,4,ISO 6297 : 1997
616,1,ISO 4072 : 0 : 0 0
616,2,ISO 6673 : 0 : 0 0
617,1,ISO 1573 : 0 : 0 0
617,2,ISO 3696 : 0 : 0 0
570,1,ISO 4387 : 0 : 0 0
26107,1,ISO 4387 : 0 : 0 0
23335,1,ISO/IEC 51 : 0 : 0 0
23336,1,ISO/IEC 51 : 0 : 0 0
21633,1,IEC 60050 : 486 : 0 0
21633,2,IEC 60051 : 0 : 0 0
21633,3,IEC 60285 : 0 : 0 0
21633,4,IEC 61440 : 0 : 0 0
21633,5,IEC 61951 : 1 : 0 0
21633,6,IEC 61951 : 2 : 0 0
21633,7,IEC 60485 : 0 : 0 0
21633,8,IEC 61436 : 0 : 0 0
21633,9,IEC 61960 : 0 : 0 0
21634,1,IEC 60050 : 482 : 0 0
21634,2,IEC 61000 : 4 : 2
277,1,IEC 60050 : 482 : 2004
277,2,IEC 60086 : 1 : 0 0
277,3,IEC 61951 : 0 : 0 0
277,4,IEC 62133 : 1 : 0 0
277,5,IEC 60086 : 2 : 0 0
278,1,IEC 60050 : 482 : 2004
278,2,IEC 60086 : 1 : 0 0
278,3,IEC 61959 : 0 : 0 0
278,4,IEC 62133 : 1 : 0 0
278,5,IEC 60086 : 2 : 0 0
26443,1,IEC 60050 : 482 : 2004
26443,2,IEC 60086 : 1 : 0 0
26443,3,IEC 61951 : 0 : 0 0
26443,4,IEC 62133 : 1 : 0 0
26443,5,IEC 60086 : 2 : 0 0
26500,1,IEC 60050 : 482 : 2004
26500,2,IEC 60086 : 1 : 0 0
26500,3,IEC 61959 : 0 : 0 0
26500,4,IEC 62133 : 1 : 0 0
26500,5,IEC 60086 : 2 : 0 0
279,1,IEC 60050 : 486 : 0 0
279,2,IEC 60051 : 0 : 0 0
279,3,IEC 60410 : 0 : 0 0
279,4,IEC 60485 : 0 : 0 0
22225,1,ISO 7225 : 0 : 0 0
22225,2,ISO 11623 : 0 : 0 0
22225,3,ISO 13769 : 0 : 0 0
22225,4,ISO 25760 : 0 : 0 0
198,1,ISO 5019 : 1 : 1984
198,2,ISO 5019 : 2 : 1984
198,3,ISO 5019 : 3 : 1984
198,4,ISO 5019 : 4 : 1984
198,5,ISO 5019 : 5 : 1984
198,6,ISO 5019 : 6 : 1984
198,7,ISO 5019 : 6 : 1984
199,1,ISO 5019 : 1984
21981,1,ISO/IEC 17000 : 0 : 0 0
21981,2,other 711 : 0 : 0 0
21981,3,other 722 : 0 : 0 0
21981,4,other 728 : 0 : 0 0
21981,5,other 221 : 0 : 0 0
21981,6,other 230 : 0 : 0 0
21981,7,other 242 : 0 : 0 0
21981,8,other 243 : 0 : 0 0
21981,9,other 224 : 0 : 0 0
21981,10,other 99 : 0 : 0 0
21982,1,ISO 17000 : 0 : 0 0
21982,2,other 711 : 0 : 0 0
21982,3,other 722 : 0 : 0 0
21982,4,other 728 : 0 : 0 0
21982,5,other 221 : 0 : 0 0
21982,6,other 224 : 0 : 0 0
21982,7,other 230 : 0 : 0 0
21982,8,other 242 : 0 : 0 0
21982,9,other 243 : 0 : 0 0
420,1,other 67 : 0 : 0 0
8051,1,IEC 7004 : 15 : 2
8051,2,IEC 7004 : 14 : 6
8051,3,IEC 7004 : 22 : 5
8051,4,IEC 7004 : 11 : 7
8051,5,IEC 7004 : 11 : 6
8051,6,IEC 7004 : 12 : 5
8051,7,IEC 7004 : 49 : 3
8051,8,IEC 61 : 1 : 0 0
25624,1,ISO 19880 : 8 : 0 0
25624,2,ISO 21087 : 0 : 0 0
397,1,ISO 19880 : 8 : 0 0
397,2,ISO 21087 : 0 : 0 0
66736,1,ISO 19880 : 8 : 0 0
66736,2,ISO 21087 : 0 : 0 0
565,1,ISO 0 : 0 : 0 0
369,1,ISO 7218 : 0 : 0 0
369,2,ISO 6887 : 1 : 0 0
229,1,ISO 7218 : 0 : 0 0
229,2,ISO 6887 : 1 : 0 0
280,1,ISO 6887 : 1 : 0 0
280,2,ISO 6887 : 2 : 0 0
280,3,ISO 6887 : 3 : 0 0
280,4,ISO 6887 : 4 : 0 0
280,5,ISO 6887 : 5 : 0 0
280,6,ISO 7218 : 0 : 0 0
280,7,ISO 8261 : 0 : 0 0
280,8,ISO 11133 : 0 : 0 0
280,9,ISO 21527 : 0 : 0 0
370,1,ISO 6887 : 1 : 0 0
370,2,ISO 6887 : 2 : 0 0
370,3,ISO 6887 : 3 : 0 0
370,4,ISO 6887 : 4 : 0 0
370,5,ISO 6887 : 5 : 0 0
370,6,ISO 7218 : 0 : 0 0
370,7,ISO 11133 : 0 : 0 0
281,1,IEC 60076 : 6 : 2007
281,2,IEC 60099 : 4 : 2004
281,3,IEC 61803 : 1999
281,4,IEC 61000 : 4 : 7
281,5,IEC 61000 : 3 : 6
31546,1,0 0 : 0 : 0 0
26199,1,0 0 : 0 : 0 0
26200,1,IEC 0 : 1 : 2016
26200,2,IEC 0 : 4 : 2016
26201,1,IEC 0 : 3 : 6 2008
26201,2,IEC 61000 : 4 : 30
26202,1,0 0 : 0 : 0 0
31863,1,0 0 : 0 : 0 0
33547,1,IEC 60060 : 1 : 1989
33547,2,IEC 60071 : 1 : 2006
33547,3,IEC 60700 : 1 : 1998
33547,4,ISO/IEC 17025 : 2005
282,1,IEC 60060 : 1 : 1989
282,2,IEC 60071 : 1 : 2006
282,3,IEC 60700 : 1 : 1998
282,4,ISO/IEC 17025 : 2005
283,1,IEC 60633 : 1998
283,2,IEC 60919 : 2 : 2008
371,1,ISO/IEC 17025 : 0 : 0 0
371,2,IEC 60904 : 1 : 0 0
371,3,IEC 60904 : 2 : 0 0
371,4,IEC 60904 : 3 : 0 0
371,5,IEC 60904 : 7 : 0 0
371,6,IEC 60904 : 9 : 0 0
371,7,IEC 61215 : 0 : 0 0
371,8,IEC 60068 : 1 : 0 0
371,9,IEC 60068 : 2 : 21
371,10,IEC 60410 : 0 : 0 0
371,11,IEC 60721 : 2 : 1
371,12,IEC 60891 : 0 : 0 0
284,1,ISO 7500 : 1 : 0 0
284,2,ISO 10320 : 0 : 0 0
285,1,ISO 6492 : 1999
23154,1,ISO 7500 : 1 : 2004
23154,2,ISO 9513 : 1999
8052,1,ISO 286 : 2 : 1988
8052,2,ISO 377 : 1997
8052,3,ISO 2566 : 1 : 1984
8052,4,ISO 2566 : 2 : 1984
8052,5,ISO 7500 : 1 : 1986
8052,6,ISO 9513 : 1989
26998,1,ISO 7500 : 1 : 2004
26998,2,ISO 9513 : 1999
230,1,IEC 60156 : 0 : 0 0
230,2,IEC 60475 : 0 : 0 0
230,3,IEC 60628 : 0 : 0 0
230,4,IEC 60814 : 0 : 0 0
230,5,IEC 61039 : 0 : 0 0
230,6,IEC 61620 : 0 : 0 0
230,7,ISO 2592 : 0 : 0 0
230,8,IEC 60247 : 0 : 0 0
230,9,IEC 61125 : 0 : 0 0
230,10,IEC 62021 : 1 : 0 0
230,11,IEC 62021 : 2 : 0 0
230,12,ISO 2211 : 0 : 0 0
230,13,ISO 2719 : 0 : 0 0
230,14,ISO 3016 : 0 : 0 0
230,15,ISO 3104 : 0 : 0 0
230,16,ISO 3675 : 0 : 0 0
230,17,ISO 12185 : 0 : 0 0
288,1,IEC 60475 : 1974
289,1,IEC 60465 : 1988
372,1,ISO 3104 : 1994
372,2,ISO 3105 : 1994
28499,1,IEC 60567 : 0 : 0 0
373,1,IEC 60567 : 0 : 0 0
374,1,IEC 60475 : 0 : 0 0
374,2,ISO 5725 : 1 : 1994
374,3,ISO 5725 : 2 : 1994
374,4,ISO 5725 : 3 : 1994
374,5,ISO 5725 : 4 : 1944
374,6,IEC 60247 : 1978
207,1,ISO 14532 : 2014
207,2,ISO 16960 : 2014
207,3,ISO 20729 : 2017
34003,1,ISO 14532 : 2014
34003,2,ISO 16960 : 2014
34003,3,ISO 20729 : 2017
54,1,ISO 9864 : 1990
375,1,ISO 3509 : 0 : 0 0
375,2,ISO 6670 : 0 : 0 0
23767,1,ISO 4373 : 0 : 0 0
422,1,ISO 9626 : 0 : 0 0
422,2,ISO 3696 : 0 : 0 0
376,1,IEC 61203 : 1992
376,2,IEC 567 : 1992
376,3,IEC 599 : 0 : 1978 0
376,4,IEC 1099 : 1992
21450,1,IEC 60050 : 845 : 1987
21450,2,IEC 60061 : 1 : 0 0
33906,1,ISO 7089 : 2000
33907,1,IEC 60050 : 845 : 1987
33907,2,IEC 60081 : 0 : 0 0
33907,3,CIE 13 : 3 : 1995
33907,4,CIE 177 : 2007
26263,1,0 0 : 0 : 0 0
21452,1,ISO 7089 : 2000
21496,1,IEC 60050 : 845 : 1987
21496,2,IEC 60081 : 0 : 0 0
21496,3,CIE 13 : 3 : 1995
21496,4,CIE 177 : 2007
26268,1,0 0 : 0 : 0 0
30239,1,0 0 : 0 : 0 0
425,1,0 0 : 0 : 0 0
426,1,ISO 6887 : 3 : 0 0
426,2,ISO 8199 : 0 : 0 0
426,3,ISO 8261 : 0 : 0 0
426,4,ISO 8655 : 0 : 0 0
426,5,ISO 11133 : 0 : 0 0
426,6,ISO 16140 : 0 : 0 0
426,7,ISO 19036 : 0 : 0 0
426,8,ISO 22174 : 0 : 0 0
427,1,ISO 13053 : 2 : 0 0
57,1,0 0 : 0 : 0 0
21144,1,0 0 : 0 : 0 0
27300,1,0 0 : 0 : 0 0
58,1,ISO 639 : 0 : 0 0
58,2,ISO 3166 : 2 : 0 0
514,1,other 0 : 101 : 0 0
514,2,ISO/IEC 13818 : 1 : 0 0
514,3,ISO/IEC 13818 : 2 : 0 0
514,4,ISO/IEC 14496 : 3 : 0 0
514,5,14496 : 15 : 0 0
514,6,ISO/IEC 11172 : 3 : 0 0
514,7,ISO/IEC 7816 : 0 : 0 0
21761,1,ISO 16163 : 2005
25999,1,ISO 228 : 1 : 2000
25999,2,ISO 898 : 1 : 2013
25999,3,ISO 1167 : 1 : 2006
25999,4,ISO 5211 : 2017
25999,5,ISO 8233 : 1988
25999,6,ISO 8659 : 1989
25999,7,ISO 9393 : 2 : 2005
25999,8,ISO/TR 10358 : 1998
25999,9,ISO 10931 : 2005
25999,10,ISO 12162 : 2009
25999,11,ISO 15493 : 2003
25999,12,ISO 15494 : 2015
25999,13,EN 558 : 2017
25999,14,EN 736 : 3 : 2008
25999,15,EN 1092 : 1 : 2018
25999,16,EN 1267 : 2012
25999,17,EN 1759 : 1 : 2004
25999,18,EN 12266 : 1 : 2012
25999,19,EN 12570 : 2000
66397,1,ASTM 867 : 0 : 0 0
66397,2,ASTM 408 : 0 : 0 0
66397,3,ASTM 457 : 0 : 0 0
21695,1,ASTM 867 : 0 : 0 0
21695,2,ASTM 408 : 0 : 0 0
21695,3,ASTM 457 : 0 : 0 0
21696,1,ASTM 501 : 0 : 0 0
33523,1,ASTM 501 : 0 : 0 0
33537,1,ISO 16200 : 1 : 0 0
21762,1,ISO 16200 : 1 : 0 0
21763,1,ISO 16200 : 1 : 0 0
33535,1,ISO 16200 : 1 : 0 0
21850,1,ISO 722 : 1990
21850,2,ISO 723 : 1990
24070,1,ISO 11073 : 2014
24070,2,ISO 11135 : 2017
24070,3,ISO 11137 : 2017
24070,4,ISO 11138 : 2017
24070,5,ISO 11140 : 2014
24070,6,ISO 11607 : 2006
24070,7,ISO 11737 : 2018
24070,8,ISO 13485 : 2016
24070,9,ISO 14971 : 2017
24070,10,ISO 15197 : 2013
24070,11,ISO 15223 : 1 : 2012
24070,12,ISO/IEC 17025 : 2005
24070,13,ISO/IEC 61010 : 2 : 101 2018
24070,14,ISO 22442 : 2015
24070,15,ISO 2849 : 1999
24070,16,ISO 3951 : 2013
24070,17,ISO/TR>ISO 13004 : 2013
24070,18,ISO 13408 : 2018
24070,19,ISO 14161 : 2009
24070,20,ISO 14644 : 1 : 2015
24070,21,ISO 14698 : 1 : 2003
24070,22,ISO 14937 : 2009
24070,23,ISO 15193 : 2009
24070,24,ISO 15194 : 2009
24070,25,ISO 15195 : 2003
24070,26,ISO 16269 : 2014
24070,27,ISO 15882 : 2008
24070,28,ISO 17511 : 2003
24070,29,ISO 17593 : 2007
24070,30,ISO 17665 : 2006
24070,31,ISO 18113 : 2009
24070,32,ISO 18153 : 2003
24070,33,ISO 18472 : 2018
24070,34,ISO 20857 : 2010
24070,35,ISO 23640 : 2011
24070,36,ISO/TR>ISO 24971 : 2013
24070,37,ISO 25424 : 2009
24070,38,ISO/IEC 15026 : 2 : 2011
24070,39,IEC 60068 : 2 : 2018
24070,40,IEC 60812 : 2018
24070,41,IEC 60825 : 2019
24070,42,IEC 61326 : 2 : 6 2012
21889,1,0 0 : 0 : 0 0
23768,1,ISO 1135 : 1 : 1987
23768,2,ISO 3826 : 1993
23768,3,ISO 5361 : 1999
23768,4,ISO 5362 : 2006
23768,5,ISO 5366 : 2000
23768,6,ISO 5367 : 2000
23768,7,ISO 5832 : 2016
23768,8,ISO 5834 : 2011
23768,9,ISO 5838 : 2013
23768,10,ISO 5840 : 2015
23768,11,ISO 5841 : 2013
23768,12,ISO 6474 : 1 : 2010
23768,13,ISO 7197 : 2006
23768,14,ISO 7199 : 2009
23768,15,ISO 7206 : 2011
23768,16,ISO 7207 : 2011
23768,17,ISO 7376 : 2009
23768,18,ISO 7396 : 2016
23768,19,ISO 7405 : 2018
23768,20,ISO 7864 : 1993
23768,21,ISO 7886 : 2017
23768,22,ISO 8536 : 2015
23768,23,ISO 8637 : 2010
23768,24,ISO 8638 : 2010
23768,25,ISO 8827 : 1988
23768,26,ISO 8828 : 2014
23768,27,ISO 9168 : 1991
23768,28,ISO 9170 : 2017
23768,29,ISO 9713 : 2002
23768,30,ISO 10079 : 2015
23768,31,ISO 10524 : 2018
23768,32,ISO 10555 : 2013
23768,33,ISO 10651 : 2006
23768,34,ISO 10993 : 2018
23768,35,ISO 11040 : 2015
23768,36,ISO 11073 : 2014
23768,37,ISO 11135 : 2014
23768,38,ISO 11135 : 2017
23768,39,ISO 11138 : 2017
23768,40,ISO 11140 : 2014
23768,41,ISO 11197 : 2016
23768,42,ISO 11607 : 2006
23768,43,ISO 11737 : 2018
23768,44,ISO 13402 : 1995
23768,45,ISO 13782 : 1996
23768,46,ISO 14155 : 2011
23768,47,ISO 14408 : 2005
23768,48,ISO 14708 : 2014
23768,49,ISO 14971 : 2007
23768,50,ISO 15001 : 2010
23768,51,ISO 15002 : 2002
23768,52,ISO 15223 : 1 : 2012
23768,53,ISO 15883 : 2016
23768,54,ISO 21534 : 2007
23768,55,ISO 21535 : 2007
23768,56,ISO 22442 : 2015
23768,57,ISO 25539 : 1 : 2003
23768,58,ISO 11073 : 2014
23768,59,ISO 17510 : 2015
23768,60,ISO 21536 : 2007
23768,61,IEC 60601 : 1 : 3 2008
23768,62,IEC 60601 : 1 : 2005
23768,63,IEC 60601 : 1 : 2 2007
23768,64,IEC 60878 : 2003
23768,65,IEC 60336 : 2005
23768,66,IEC 60601 : 2 : 2 2017
23768,67,IEC 61689 : 2013
23768,68,IEC 62220 : 2015
23768,69,ISO/IEC 80601 : 2 : 12 2011
23768,70,ISO 0 : 0 : 0 0
23768,71,ISO 3107 : 2011
23768,72,ISO 5359 : 2014
23768,73,ISO 5360 : 2016
23768,74,ISO 7000 : 2014
23768,75,ISO 7010 : 2011
23768,76,ISO 3107 : 2011
23768,77,ISO 5359 : 2014
23768,78,ISO 5360 : 2016
23768,79,ISO 3107 : 2011
23768,80,ISO 3107 : 2011
23768,81,ISO 5359 : 2014
23768,82,ISO 3107 : 2011
23768,83,ISO 3107 : 2011
23768,84,ISO 3107 : 2011
23768,85,ISO 0 : 0 : 0 0
23768,86,ISO 3107 : 2011
23768,87,ISO 3107 : 2011
23768,88,ISO 3107 : 2011
23768,89,ISO 3107 : 2011
23768,90,ISO 3107 : 2015
25962,1,ISO 579 : 2013
25962,2,ISO 687 : 2010
25962,3,ISO 13909 : 1 : 2016
25962,4,ISO 13909 : 5 : 2016
25962,5,ISO 13909 : 7 : 2016
25962,6,ISO 13909 : 8 : 2016
25962,7,ISO 21398 : 2019
25983,1,ISO 565 : 1990
25983,2,ISO 3310 : 1 : 2016
25983,3,ISO 5725 : 1 : 1994
25984,1,ISO 589 : 2008
25984,2,ISO 3310 : 1 : 2016
25984,3,ISO 13909 : 1 : 2016
25984,4,ISO 13909 : 2 : 2016
25984,5,ISO 13909 : 3 : 2016
25984,6,ISO 13909 : 7 : 2016
25984,7,ISO 13909 : 8 : 2016
25754,1,ISO 13909 : 1 : 2016
25754,2,ISO 13909 : 4 : 2016
25754,3,ISO 13909 : 7 : 2016
25754,4,ISO 13909 : 8 : 2016
25757,1,ISO 13909 : 1 : 2016
25757,2,ISO 13909 : 2 : 2016
25757,3,ISO 13909 : 4 : 2016
25757,4,ISO 13909 : 7 : 2016
25757,5,ISO 13909 : 8 : 2016
21682,1,ISO 565 : 1990
21682,2,ISO 3310 : 1 : 2016
21682,3,ISO 5725 : 1 : 1994
21683,1,ISO 13909 : 1 : 2016
21683,2,ISO 13909 : 4 : 2016
21683,3,ISO 13909 : 7 : 2016
21683,4,ISO 13909 : 8 : 2016
21684,1,ISO 13909 : 1 : 2016
21684,2,ISO 13909 : 2 : 2016
21684,3,ISO 13909 : 4 : 2016
21684,4,ISO 13909 : 7 : 2016
21684,5,ISO 13909 : 8 : 2016
21685,1,ISO 589 : 2008
21685,2,ISO 3310 : 1 : 2016
21685,3,ISO 13909 : 1 : 2016
21685,4,ISO 13909 : 2 : 2016
21685,5,ISO 13909 : 3 : 2016
21685,6,ISO 13909 : 7 : 2016
21685,7,ISO 13909 : 8 : 2016
21686,1,ISO 13909 : 1 : 2016
21686,2,ISO 13909 : 6 : 2016
21686,3,ISO 13909 : 7 : 2016
21686,4,ISO 13909 : 8 : 2016
21686,5,ISO 21398 : 2019
21687,1,ISO 579 : 2013
21687,2,ISO 687 : 2010
21687,3,ISO 13909 : 1 : 2016
21687,4,ISO 13909 : 5 : 2016
21687,5,ISO 13909 : 7 : 2016
21687,6,ISO 13909 : 8 : 2016
21687,7,ISO 21398 : 2019
21688,1,ISO 13909 : 1 : 2016
21688,2,ISO 13909 : 2 : 2016
21688,3,ISO 13909 : 3 : 2016
21688,4,ISO 13909 : 4 : 2016
21688,5,ISO 13909 : 5 : 2016
21688,6,ISO 13909 : 6 : 2016
21688,7,ISO 13909 : 8 : 2016
25792,1,ISO 13909 : 1 : 2016
25792,2,ISO 13909 : 6 : 2016
25792,3,ISO 13909 : 7 : 2016
25792,4,ISO 13909 : 8 : 2016
25792,5,ISO 21398 : 2019
21697,1,ISO 13909 : 1 : 2016
21697,2,ISO 13909 : 4 : 2016
21697,3,ISO 13909 : 6 : 2016
21697,4,ISO 13909 : 7 : 2016
21697,5,ISO 21398 : 2019
25837,1,ISO 13909 : 1 : 2016
25837,2,ISO 13909 : 2 : 2016
25837,3,ISO 13909 : 3 : 2016
25837,4,ISO 13909 : 4 : 2016
25837,5,ISO 13909 : 5 : 2016
25837,6,ISO 13909 : 6 : 2016
25837,7,ISO 13909 : 8 : 2016
25838,1,ISO 13909 : 1 : 2016
25838,2,ISO 13909 : 4 : 2016
25838,3,ISO 13909 : 6 : 2016
25838,4,ISO 13909 : 7 : 2016
25838,5,ISO 21398 : 2019
21711,1,IEC 60050 : 845 : 1987
21711,2,IEC 60061 : 1 : 0 0
21711,3,IEC 60598 : 1 : 0 0
21711,4,IEC 60923 : 0 : 0 0
21711,5,IEC 60927 : 0 : 0 0
21711,6,IEC 62035 : 0 : 0 0
21711,7,IEC 62471 : 0 : 0 0
21742,1,IEC 60904 : 1 : 0 0
21742,2,IEC 60904 : 3 : 0 0
21742,3,IEC 61215 : 0 : 0 0
21742,4,IEC 61646 : 0 : 0 0
30041,1,0 0 : 0 : 0 0
21716,1,0 0 : 0 : 0 0
29226,1,0 0 : 0 : 0 0
17838,1,0 0 : 0 : 0 0
21717,1,ISO/IEC 17025 : 2005
21717,2,IEC 62321 : 2008
21717,3,ISO 3696 : 1987
21718,1,IEC 60060 : 1 : 1989
21718,2,IEC 61318 : 2007
21718,3,IEC 60212 : 1971
26048,1,IEC 61836 : 0 : 0 0
21744,1,IEC 61836 : 0 : 0 0
23213,1,ISO 9059 : 0 : 0 0
21745,1,IEC 60904 : 1 : 0 0
21745,2,IEC 60904 : 2 : 0 0
21745,3,IEC 60904 : 3 : 0 0
21745,4,IEC 60904 : 5 : 0 0
21745,5,IEC 60904 : 7 : 0 0
21745,6,IEC 60904 : 9 : 0 0
21745,7,IEC 60891 : 0 : 0 0
21745,8,IEC 61215 : 0 : 0 0
21745,9,IEC 61646 : 0 : 0 0
21733,1,ISO 15835 : 1 : 2018
21733,2,ISO 15835 : 2 : 2018
21733,3,ISO 15835 : 3 : 2018
29934,1,ISO 15835 : 1 : 2018
29934,2,ISO 15835 : 2 : 2018
29934,3,ISO 15835 : 3 : 2018
21832,1,ISO 2859 : 1 : 1999
21832,2,ISO 3534 : 1 : 0 0
21832,3,ISO 3534 : 2 : 0 0
21832,4,ISO 5725 : 1 : 0 0
21832,5,ISO 11648 : 1 : 0 0
21843,1,ISO 3534 : -1 : 93
21843,2,ISO 3534 : 2 : 93
22021,1,IEC 60050 : 845 : 1987
22021,2,IEC 61988 : 1 : 2003
22021,3,IEC 62341 : 1 : 2 2007
66592,1,IEC 60060 : 1 : 0 0
66592,2,IEC 60060 : 2 : 0 0
66592,3,IEC 60212 : 0 : 0 0
66592,4,IEC 61318 : 2007
21833,1,IEC 60060 : 1 : 0 0
21833,2,IEC 60060 : 2 : 0 0
21833,3,IEC 60212 : 0 : 0 0
21833,4,IEC 61318 : 2007
65604,1,0 0 : 0 : 0 0
23746,1,0 0 : 0 : 0 0
21764,1,ISO 8666 : 0 : 0 0
21764,2,ISO 12215 : 4 : -1
24940,1,ISO 12215 : 5 : 2008
21834,1,ISO/IEC 9594 : 2 : 0 0
21834,2,ISO/IEC 9594 : 8 : 0 0
21834,3,ISO/IEC 9834 : 1 : 0 0
21834,4,ISO/IEC 10021 : 4 : 0 0
21834,5,ISO 15782 : 1 : 0 0
21834,6,other 791 : 1981
21834,7,other 822 : 1982
21834,8,other 1035 : 1987
21834,9,other 1630 : 1994
21834,10,other 140 : 1 : 1993
21844,1,ISO/IEC 15408 : 1 : 2005
21844,2,ISO/IEC 15408 : 2 : 2005
21844,3,ISO/IEC 15408 : 3 : 2005
21844,4,ISO 16609 : 2004
21844,5,ISO 21188 : 2006
21844,6,ISO/IEC 8824 : 0 : 0 0
21844,7,ISO/IEC 8825 : 0 : 0 0
21844,8,ISO/IEC 9594 : 8 : 0 0
21844,9,ISO 15782 : 2 : 2000
21783,1,ISO 2108 : 2005
21783,2,ISO 3297 : 2007
21783,3,ISO 5127 : 2001
21783,4,6196 : 1 : 1993
21783,5,ISO 2789 : 2006
21845,1,ISO 15420 : 0 : 0 0
66463,1,ISO 15420 : 0 : 0 0
21765,1,ISO 3534 : 0 : 0 0
21765,2,ISO 5725 : 0 : 0 0
22058,1,ISO 331 : 1983
22058,2,687 : 1974
22058,3,ISO 925 : 1980
22058,4,ISO 1015 : 1992
22058,5,ISO 1170 : 1977
22058,6,ISO 1988 : 1975
22058,7,ISO 2309 : 1980
22058,8,ISO 5068 : 1983
22058,9,ISO 5069 : 2 : 1983
22058,10,ISO 687 : 1974
23124,1,ISO 78 : 2 : 0 0
23124,2,ISO 3696 : 0 : 0 0
23125,1,IEC 62321 : 2008
21857,1,ISO 78 : 2 : 1992
21857,2,ISO/IEC 17025 : 0 : 0 0
21858,1,IEC 62321 : 1 : 0 0
21858,2,IEC 62321 : 3 : 1
21858,3,IEC 62321 : 3 : 2
21858,4,IEC 62321 : 4 : 0 0
21858,5,IEC 62321 : 5 : 0 0
21858,6,IEC 62321 : 5 : 0 0
21859,1,IEC 62321 : 1 : 2013
21859,2,IEC 62321 : 2 : 2013
21860,1,ISO 10304 : 1 : 2007
21860,2,ISO 8466 : 1 : 0 0
21860,3,ISO 3696 : 0 : 0 0
21861,1,IEC 62321 : 1 : 2013
21861,2,IEC 62321 : 2 : 2013
21861,3,IEC 62321 : 3 : 1 2013
21861,4,IEC 62554 : 2011
21862,1,IEC 62321 : 1 : 2013
21862,2,IEC 62321 : 2 : 2013
21862,3,IEC 62321 : 3 : 1 2013
28589,1,ISO 10304 : 1 : 2007
28589,2,ISO 8466 : 1 : 0 0
28589,3,ISO 3696 : 0 : 0 0
27933,1,ISO 3166 : 1 : 2006
21846,1,ISO 3166 : 1 : 2006
21863,1,ISO 12651 : 1999
21812,1,ISO 105 : 2 : 1993
21812,2,ISO 105 : 1 : 1997
21812,3,ISO 139 : 1973
21812,4,ISO 1957 : 2000
21812,5,ISO 9405 : 2015
21811,1,ISO 11092 : 1993
21766,1,0 0 : 0 : 0 0
28525,1,0 0 : 0 : 0 0
21767,1,ISO 7233 : 2006
21767,2,ISO 4671 : 2007
21767,3,ISO 23529 : 2010
21768,1,ISO 2230 : 0 : 0 0
21787,1,0 0 : 0 : 0 0
21786,1,ISO 12651 : 0 : 0 0
21786,2,ISO 12653 : 1 : 0 0
21786,3,12653 : 2 : 0 0
21786,4,ISO 15775 : 2 : 0 0
21785,1,ISO 10646 : 0 : 0 0
26395,1,ISO 10646 : 0 : 0 0
21784,1,ISO 3166 : 1 : 2006
21784,2,ISO 4217 : 2008
21784,3,ISO 8601 : 2004
21784,4,ISO 639 : 2 : 0 0
21784,5,ISO 3166 : 2 : 0 0
22059,1,IEC 60417 : 0 : 0 0
22059,2,IEC 60445 : 0 : 0 0
22059,3,IEC 61056 : 2 : 0 0
22061,1,IEC 62109 : 1 : 0 0
21819,1,ISO 15769 : 2014
21800,1,ISO 12780 : 1 : 2001
21800,2,ISO 11562 : 1996
21800,3,ISO 12780 : 2 : 2011
21801,1,ISO 12780 : 2 : 2011
21801,2,ISO 11562 : 1996
21801,3,ISO 12780 : 2 : 2011
21802,1,ISO 12180 : 1 : 2011
21802,2,ISO 11562 : 1996
21802,3,ISO 12181 : 1 : 2011
21802,4,ISO 12780 : 1 : 2011
21802,5,ISO 14660 : 1 : 1999
21803,1,ISO 12180 : 2 : 2011
21803,2,ISO 11562 : 1996
21803,3,ISO 12180 : 1 : 2000
21803,4,ISO 12780 : 1 : 2011
21804,1,ISO 12181 : 1 : 2011
21805,1,ISO 11562 : 1996
21805,2,ISO 12180 : 1 : 2011
21805,3,ISO 12780 : 1 : 2011
22062,1,IEC 60038 : 0 : 0 0
22062,2,IEC 61869 : 11 : 0 0
22063,1,IEC 61869 : 1 : 0 0
22063,2,IEC 60038 : 0 : 0 0
22063,3,IEC 60050 : 601 : 0 0
22063,4,IEC 60050 : 604 : 0 0
22063,5,IEC 60358 : 0 : 0 0
22906,1,IEC 60068 : 2 : 6 2007
22906,2,IEC 60603 : 7 : 1 2011
22906,3,IEC 60794 : 3 : 2014
22906,4,IEC 61000 : 4 : 10 1993
22906,5,IEC 61000 : 4 : 18 2006
22906,6,IEC 61000 : 4 : 29 2000
22906,7,IEC 61025 : 2006
22906,8,IEC 61076 : 2 : 101 2012
22906,9,IEC 61850 : 2 : 2003
22906,10,IEC 61850 : 7 : 4 2010
22906,11,IEC 61869 : 103 : 2012
22906,12,EN 50160 : 2010
22907,1,IEC 6158 : 2009
22907,2,IEC 61850 : 6 : 2009
22907,3,IEC 61850 : 7 : 1 2010
22907,4,IEC 61850 : 7 : 2 2010
22907,5,IEC 61850 : 7 : 3 2010
22907,6,IEC 61850 : 8 : 1 2011
22907,7,IEC 61850 : 9 : 2 2011
22907,8,IEC 61850 : 9 : 3 2011
22907,9,IEC 61850 : 10 : 2012
23547,1,IEC 61869 : 3 : 2011
23547,2,IEC 61869 : 5 : 2011
22064,1,IEC 60529 : 0 : 0 0
22064,2,IEC 60664 : 1 : 2020
22064,3,IEC 60721 : 2 : 1
22064,4,IEC 60904 : 1 : 2020
22064,5,IEC 60904 : 1 : 1 2017
22064,6,IEC 60904 : 1 : 2 2019
22064,7,IEC 60904 : 2 : 2015
22064,8,IEC 60904 : 3 : 2019
22064,9,IEC 60904 : 4 : 2019
22064,10,IEC 60904 : 5 : 2011
22064,11,IEC 60904 : 7 : 2019
22064,12,IEC 60904 : 8 : 2014
22064,13,IEC 60904 : 8 : 1 2017
22064,14,IEC 61140 : 2016
22064,15,IEC 61210 : 2010
22064,16,IEC 61215 : 1 : 2021
22064,17,IEC 61215 : 2 : 2021
22064,18,IEC 61836 : 2016
22064,19,IEC 61853 : 1 : 2011
22064,20,IEC 61853 : 2 : 2016
22064,21,IEC 61853 : 3 : 2018
22064,22,IEC 62670 : 1 : 0 0
22064,23,IEC 62670 : 3 : 2017
22064,24,IEC 62790 : 2020
22064,25,IEC 62852 : 2014
31594,1,IEC 60529 : 0 : 0 0
31594,2,IEC 60664 : 1 : 2020
31594,3,IEC 60721 : 2 : 1
31594,4,IEC 60904 : 1 : 2020
31594,5,IEC 60904 : 1 : 1 2017
31594,6,IEC 60904 : 1 : 2 2019
31594,7,IEC 60904 : 2 : 2015
31594,8,IEC 60904 : 3 : 2019
31594,9,IEC 60904 : 4 : 2019
31594,10,IEC 60904 : 5 : 2011
31594,11,IEC 60904 : 7 : 2019
31594,12,IEC 60904 : 8 : 2014
31594,13,IEC 60904 : 8 : 1 2017
31594,14,IEC 61140 : 2016
31594,15,IEC 61210 : 2010
31594,16,IEC 61215 : 1 : 2021
31594,17,IEC 61215 : 2 : 2021
31594,18,IEC 61836 : 2016
31594,19,IEC 61853 : 1 : 2011
31594,20,IEC 61853 : 2 : 2016
31594,21,IEC 61853 : 3 : 2018
31594,22,IEC 62670 : 1 : 0 0
31594,23,IEC 62670 : 3 : 2017
31594,24,IEC 62790 : 2020
31594,25,IEC 62852 : 2014
22065,1,IEC 60068 : 2 : 6
22065,2,IEC 60068 : 2 : 60 2015
22065,3,IEC 60068 : 2 : 68
22065,4,IEC 60068 : 2 : 78
22065,5,IEC 60068 : 3 : 5 2018
22065,6,IEC 60068 : 3 : 6
22065,7,IEC 60529 : 1989
22065,8,IEC 60721 : 3 : 3
22065,9,IEC 60721 : 3 : 4
22065,10,IEC 61000 : 3 : 2
22065,11,IEC 61000 : 3 : 12
22065,12,IEC 61000 : 3 : 14
22065,13,IEC 61180 : 0 : 0 0
22065,14,IEC 61557 : 1 : 0 0
22065,15,IEC 61836 : 0 : 0 0
22065,16,IEC 62109 : 2010
22065,17,IEC 62116 : 2014
22065,18,IEC 62477 : 1 : 2012
22065,19,IEC 62716 : 2013
22065,20,IEC 62852 : 0 : 0 0
22065,21,IEC 62894 : 2014
22065,22,IEC 63106 : 2 : 0 0
22065,23,ISO 4892 : 2 : 0 0
22065,24,ISO 12103 : 1 : 2016
22065,25,ISO 22479 : 2019
22065,26,IEC 60068 : 2 : 2
31431,1,IEC 60068 : 2 : 6
31431,2,IEC 60068 : 2 : 60 2015
31431,3,IEC 60068 : 2 : 68
31431,4,IEC 60068 : 2 : 78
31431,5,IEC 60068 : 3 : 5 2018
31431,6,IEC 60068 : 3 : 6
31431,7,IEC 60529 : 1989
31431,8,IEC 60721 : 3 : 3
31431,9,IEC 60721 : 3 : 4
31431,10,IEC 61000 : 3 : 2
31431,11,IEC 61000 : 3 : 12
31431,12,IEC 61000 : 3 : 14
31431,13,IEC 61180 : 0 : 0 0
31431,14,IEC 61557 : 1 : 0 0
31431,15,IEC 61836 : 0 : 0 0
31431,16,IEC 62109 : 2010
31431,17,IEC 62116 : 2014
31431,18,IEC 62477 : 1 : 2012
31431,19,IEC 62716 : 2013
31431,20,IEC 62852 : 0 : 0 0
31431,21,IEC 62894 : 2014
31431,22,IEC 63106 : 2 : 0 0
31431,23,ISO 4892 : 2 : 0 0
31431,24,ISO 12103 : 1 : 2016
31431,25,ISO 22479 : 2019
31431,26,IEC 60068 : 2 : 2
22271,1,ISO 9845 : 1 : 1992
22271,2,ISO 10291 : 1994
22271,3,ISO 10293 : 1997
27310,1,ISO 209 : 2007
27310,2,ISO 877 : 1994
22066,1,ISO 187 : 0 : 0 0
26108,1,ISO 187 : 0 : 0 0
33548,1,IEC 60364 : 4 : 42
33548,2,IEC 60384 : 14 : 0 0
33548,3,IEC 60755 : 0 : 0 0
33548,4,IEC 61000 : 2 : 2 2002
33548,5,IEC 60477 : 1 : 2012
33806,1,IEC 60146 : 2 : 1999
33806,2,IEC 60364 : 1 : 2005
33806,3,IEC 60364 : 5 : 52 2009
33806,4,IEC 60721 : 4 : 3 2001
33806,5,IEC 61000 : 2 : 2 2002
33806,6,IEC 61000 : 3 : 4 1998
33806,7,IEC 61000 : 3 : 12 2011
33806,8,ISO 3744 : 2010
33806,9,ISO 3746 : 2010
21835,1,IEC 60364 : 4 : 42
21835,2,IEC 60384 : 14 : 0 0
21835,3,IEC 60755 : 0 : 0 0
21835,4,IEC 61000 : 2 : 2 2002
21835,5,IEC 60477 : 1 : 2012
21895,1,IEC 61000 : 2 : 2 2002
21895,2,IEC 61000 : 3 : 12 2011
21896,1,IEC 60146 : 2 : 1999
21896,2,IEC 60364 : 1 : 2005
21896,3,IEC 60364 : 5 : 52 2009
21896,4,IEC 60721 : 4 : 3 2001
21896,5,IEC 61000 : 2 : 2 2002
21896,6,IEC 61000 : 3 : 4 1998
21896,7,IEC 61000 : 3 : 12 2011
21896,8,ISO 3744 : 2010
21896,9,ISO 3746 : 2010
22667,1,0 0 : 0 : 0 0
28046,1,0 0 : 0 : 0 0
21875,1,ISO/IEC 98 : 3 : 0 0
21875,2,ISO 7504 : 0 : 0 0
22030,1,ISO 6143 : 0 : 0 0
22030,2,ISO 14912 : 0 : 0 0
22030,3,ISO 7504 : 0 : 0 0
22030,4,ISO 12963 : 0 : 0 0
22030,5,ISO 19229 : 0 : 0 0
22051,1,ISO 6145 : 10 : 2002
22107,1,ISO 6143 : 0 : 0 0
22107,2,ISO 6145 : 1 : 0 0
22107,3,ISO 7504 : 0 : 0 0
22107,4,ISO 12963 : 0 : 0 0
22107,5,ISO 19229 : 0 : 0 0
26514,1,ISO 6143 : 0 : 0 0
26514,2,ISO 14912 : 0 : 0 0
26514,3,ISO 7504 : 0 : 0 0
26514,4,ISO 12963 : 0 : 0 0
26514,5,ISO 19229 : 0 : 0 0
21984,1,ISO 14912 : 0 : 0 0
21984,2,ISO 7504 : 0 : 0 0
21984,3,ISO/IEC 98 : 3 : 0 0
21984,4,ISO/IEC 99 : 0 : 0 0
21985,1,ISO 6143 : 0 : 0 0
21985,2,ISO 16664 : 0 : 0 0
21985,3,ISO 7504 : 0 : 0 0
21985,4,ISO 9300 : 0 : 0 0
21985,5,ISO 12963 : 0 : 0 0
21986,1,ISO 6145 : 9 : 2009
21987,1,ISO 6145 : 11 : 2005
27150,1,ISO 2419 : 0 : 0 0
21923,1,ISO 2419 : 0 : 0 0
21903,1,ISO 6141 : 0 : 0 0
21903,2,ISO 6143 : 0 : 0 0
21903,3,ISO 14912 : 0 : 0 0
21903,4,ISO 16664 : 0 : 0 0
21903,5,ISO 7504 : 0 : 0 0
21903,6,ISO 19229 : 0 : 0 0
21903,7,ISO/TR>ISO 29041 : 0 : 0 0
21903,8,ISO 0 : 0 : 0 0
22530,1,0 0 : 0 : 0 0
26589,1,0 0 : 0 : 0 0
26398,1,0 0 : 0 : 0 0
21877,1,0 0 : 0 : 0 0
21878,1,ISO 30300 : 2011
26548,1,ISO 30300 : 2011
22139,1,ISO 2602 : 0 : 0 0
21836,1,IEC 62902 : 0 : 0 0
30289,1,IEC 62902 : 0 : 0 0
21904,1,ISO/IEC 7064 : 0 : 0 0
21818,1,0 0 : 0 : 0 0
30844,1,0 0 : 0 : 0 0
22108,1,ISO 772 : 1996
66685,1,0 0 : 0 : 0 0
24774,1,0 0 : 0 : 0 0
21926,1,ISO 15767 : 0 : 0 0
21926,2,ISO 482 : 2006
21926,3,ISO 689 : 0 : 0 0
21926,4,ISO 13205 : 0 : 0 0
21905,1,ISO 25901 : 0 : 0 0
21905,2,ISO/IEC 98 : 3 : 0 0
21906,1,IEC 60617 : 10 : 0 0
21908,1,0 0 : 0 : 0 0
22076,1,ISO 2418 : 0 : 0 0
27970,1,ISO 2418 : 0 : 0 0
22586,1,0 0 : 0 : 0 0
31193,1,0 0 : 0 : 0 0
21909,1,ISO 16015 : 2003
21909,2,ISO 1501 : 2002
21933,1,ISO 13934 : 2 : 1999
22232,1,IEC 62341 : 1 : 2
22384,1,ISO 3696 : 1987
27007,1,ISO 3696 : 1987
22297,1,IEC 60559 : 1989
22297,2,IEC 60625 : 2 : 1993
22297,3,ISO/IEC 8482 : 1993
22297,4,ISO/IEC 1118 : 1990
27313,1,ISO 20611 : 0 : 0 0
27313,2,ISO 21103 : 0 : 0 0
27313,3,ISO 21101 : 0 : 0 0
27313,4,ISO 13289 : 0 : 0 0
27313,5,ISO 24801 : 1 : 0 0
27313,6,ISO 24803 : 0 : 0 0
22233,1,ISO 20611 : 0 : 0 0
22233,2,ISO 21103 : 0 : 0 0
22233,3,ISO 21101 : 0 : 0 0
22233,4,ISO 13289 : 0 : 0 0
22233,5,ISO 24801 : 1 : 0 0
22233,6,ISO 24803 : 0 : 0 0
33858,1,0 0 : 0 : 0 0
22254,1,0 0 : 0 : 0 0
22282,1,IEC 60215 : 1987
22283,1,IEC 60215 : 0 : 0 0
22283,2,IEC 60244 : 1 : 0 0
22283,3,other 0 : 0 : 0 0
22283,4,other 0 : 2004
22283,5,other 0 : 0 : 0 0
22283,6,other 0 : 0 : 0 0
27962,1,ISO 139 : 0 : 0 0
27962,2,ISO 6330 : 2000
27963,1,ISO 139 : 0 : 0 0
27963,2,ISO 6330 : 2000
239,1,ISO 139 : 0 : 0 0
239,2,ISO 6330 : 2000
239,3,ISO 4921 : 0 : 0 0
239,4,ISO 8388 : 0 : 0 0
240,1,ISO 139 : 0 : 0 0
240,2,ISO 6330 : 2000
241,1,ISO 139 : 0 : 0 0
241,2,ISO 6330 : 2000
22250,1,IEC 60050 : 466 : 1993
22250,2,IEC 60743 : 2001
22250,3,IEC 61230 : 0 : 0 0
22250,4,IEC 60050 : 651 : 1999
22250,5,IEC 61477 : 2001
21946,1,EN 300328 : 0 : 0 0
21946,2,EN 301489 : 1 : 0 0
21946,3,EN 301489 : 3 : 0 0
21946,4,EN 301489 : 7 : 0 0
21946,5,EN 301489 : 17 : 0 0
21946,6,EN 301489 : 19 : 0 0
21946,7,EN 301489 : 24 : 0 0
21946,8,EN 301511 : 0 : 0 0
21946,9,EN 301893 : 0 : 0 0
21946,10,EN 301908 : 1 : 0 0
21946,11,EN 301908 : 2 : 0 0
21946,12,EN 301908 : 13 : 0 0
22251,1,IEC 61334 : 0 : 0 0
22251,2,IEC 62056 : 0 : 0 0
22251,3,CEN 13757 : 0 : 0 0
22251,4,IEC 62325 : 0 : 0 0
22251,5,IEC 61085 : 0 : 0 0
22251,6,IEC 61400 : 25 : 0 0
22251,7,IEC 12139 : 2009
22251,8,IEC 61850 : 90 : 5 2012
22251,9,IEC 62257 : 0 : 0 0
22251,10,IEC 60309 : 0 : 0 0
22251,11,IEC 61851 : 0 : 0 0
22251,12,IEC 61980 : 0 : 0 0
22251,13,ISO/IEC 13335 : 0 : 0 0
22182,1,0 0 : 0 : 0 0
22035,1,0 0 : 0 : 0 0
22196,1,ISO/IEC 10646 : 0 : 0 0
22120,1,ISO 13938 : 0 : 2 1999
22120,2,ISO 10321 : 1992
32412,1,ISO 13938 : 0 : 2 1999
32412,2,ISO 10321 : 1992
22183,1,ISO 21182 : 2013
22183,2,ISO 3574 : 0 : 0 0
22183,3,ISO 7500 : 1 : 0 0
22183,4,ISO 18573 : 0 : 0 0
22183,5,ISO 21183 : 1 : 0 0
22043,1,ISO 8419 : 2003
22043,2,ISO 1081 : 0 : 0 0
22043,3,ISO 5290 : 2001
22043,4,ISO 9608 : 0 : 0 0
22470,1,ISO 9011 : 1987
22532,1,ISO 23529 : 0 : 0 0
32996,1,ISO 23529 : 0 : 0 0
22606,1,0 0 : 0 : 0 0
33705,1,0 0 : 0 : 0 0
22535,1,ISO 7500 : 1 : 0 0
22535,2,ISO 18573 : 0 : 0 0
22537,1,0 0 : 0 : 0 0
22581,1,ISO 1081 : 0 : 0 0
22581,2,ISO 4183 : 0 : 0 0
22581,3,ISO 5290 : 0 : 0 0
22581,4,ISO 5291 : 0 : 0 0
22581,5,ISO 9982 : 0 : 0 0
22538,1,ISO 7500 : 1 : 2018
22538,2,ISO 18573 : 2012
22538,3,ISO 282 : 1992
28480,1,ISO 7500 : 1 : 2018
28480,2,ISO 18573 : 2012
28480,3,ISO 282 : 1992
22117,1,ISO 13938 : 0 : 2 1999
22117,2,ISO 10321 : 1992
33883,1,0 0 : 0 : 0 0
8074,1,0 0 : 0 : 0 0
23995,1,ISO 5833 : 2002
23995,2,ISO 16428 : 2005
22567,1,0 0 : 0 : 0 0
29599,1,0 0 : 0 : 0 0
22558,1,0 0 : 0 : 0 0
28389,1,0 0 : 0 : 0 0
22559,1,0 0 : 0 : 0 0
29600,1,0 0 : 0 : 0 0
26720,1,ISO/IEC 7064 : 0 : 0 0
27317,1,ISO/IEC 9594 : 8 : 0 0
22992,1,ISO/IEC 7064 : 0 : 0 0
26980,1,ISO/IEC 19770 : 5 : 0 0
26980,2,IETF 3986 : 0 : 0 0
22145,1,0 0 : 0 : 0 0
26590,1,ISO/IEC 19770 : 5 : 0 0
26590,2,IETF 3986 : 0 : 0 0
33315,1,0 0 : 0 : 0 0
22632,1,0 0 : 0 : 0 0
23398,1,ISO 15330 : 0 : 0 0
22317,1,0 0 : 0 : 0 0
30963,1,0 0 : 0 : 0 0
24435,1,ISO 15076 : 1 : 2005
23233,1,ISO/IEC 10918 : 1 : 1994
23233,2,ISO/IEC 14492 : 2001
23233,3,ISO 15076 : 1 : 2005
23233,4,ISO/IEC 10646 : 0 : 0 0
23233,5,ISO/IEC 15444 : 2 : 2004
24102,1,IEC 61300 : 2 : 1
24102,2,IEC 61300 : 2 : 2
24102,3,IEC 61300 : 2 : 4
24102,4,IEC 61300 : 2 : 5
24102,5,IEC 61300 : 2 : 6
24102,6,IEC 61300 : 2 : 7
24102,7,IEC 61300 : 2 : 12
24102,8,IEC 61300 : 2 : 17
24102,9,IEC 61300 : 2 : 18
24102,10,IEC 61300 : 2 : 19
24102,11,IEC 61300 : 2 : 21
24102,12,IEC 61300 : 2 : 22
24102,13,IEC 61300 : 2 : 27
24102,14,IEC 61300 : 2 : 42
24102,15,IEC 61300 : 3 : 3
24102,16,IEC 61300 : 3 : 4
24102,17,ISO 61300 : 3 : 6
24102,18,IEC 61300 : 3 : 34
25665,1,IEC 61300 : 0 : 0 0
22146,1,IEC 61300 : 0 : 0 0
65627,1,ISO 19115 : 2003
65627,2,ISO 639 : 2 : 1998
65627,3,ISO 8601 : 2004
22208,1,ISO 19115 : 2003
22208,2,ISO 639 : 2 : 1998
22208,3,ISO 8601 : 2004
22331,1,ISO 24801 : 1 : 2014
22331,2,ISO 24801 : 2 : 2014
22331,3,ISO 24801 : 3 : 2014
22331,4,ISO 24802 : 1 : 2014
22331,5,ISO 24803 : 0 : 0 0
22332,1,ISO 24801 : 3 : 2014
22332,2,ISO 24802 : 1 : 2014
22332,3,ISO 24802 : 2 : 2014
22332,4,ISO 24803 : 0 : 0 0
22333,1,ISO 24801 : 3 : 2014
22333,2,ISO 24802 : 1 : 2014
22333,3,ISO 24802 : 2 : 2014
22333,4,ISO 24803 : 0 : 0 0
22360,1,0 0 : 0 : 0 0
30835,1,0 0 : 0 : 0 0
22303,1,ISO/IEC 15939 : 0 : 0 0
26260,1,ISO/IEC 15939 : 0 : 0 0
22336,1,ISO/IEC 15939 : 0 : 0 0
22336,2,ISO/IEC 25022 : 0 : 0 0
22336,3,ISO/IEC 25023 : 0 : 0 0
22336,4,ISO/IEC 25024 : 0 : 0 0
26367,1,ISO/IEC 15939 : 0 : 0 0
26367,2,ISO/IEC 25022 : 0 : 0 0
26367,3,ISO/IEC 25023 : 0 : 0 0
26367,4,ISO/IEC 25024 : 0 : 0 0
28936,1,0 0 : 0 : 0 0
22540,1,0 0 : 0 : 0 0
28941,1,ISO 3864 : 1 : 2011
28941,2,ISO 3864 : 3 : 2012
22888,1,ISO 3864 : 1 : 2011
22888,2,ISO 3864 : 3 : 2012
31273,1,0 0 : 0 : 0 0
22189,1,0 0 : 0 : 0 0
22285,1,ISO 4593 : 2003
22285,2,ISO 8296 : 2003
22285,3,ISO 15106 : 1 : 2003
22285,4,ISO 15106 : 2 : 2003
22285,5,ISO 15106 : 3 : 2003
29427,1,ISO 4593 : 2003
29427,2,ISO 8296 : 2003
29427,3,ISO 15106 : 1 : 2003
29427,4,ISO 15106 : 2 : 2003
29427,5,ISO 15106 : 3 : 2003
24613,1,ISO/IEC 10646 : 2017
24613,2,ISO/IEC 19785 : 1 : 0 0
24613,3,ISO/IEC 19785 : 4 : 2010
22191,1,ISO/IEC 19784 : 1 : 0 0
22191,2,ISO/IEC 19794 : 7 : 0 0
22236,1,0 0 : 0 : 0 0
22166,1,ISO 13934 : 2 : 1999
28442,1,ASTM 0 : 0 : 0 0
23873,1,ISO 4386 : 3 : 1992
23874,1,0 0 : 0 : 0 0
31446,1,ISO 4386 : 3 : 1992
22238,1,ASTM 0 : 0 : 0 0
30943,1,0 0 : 0 : 0 0
22814,1,0 0 : 0 : 0 0
26264,1,0 0 : 0 : 0 0
22474,1,IEC 60243 : 1 : 1998
22474,2,IEC 60554 : 2 : 2001
22474,3,ISO 0 : 0 : 0 0
22428,1,IEC 60204 : 1 : 2016
24992,1,0 0 : 0 : 0 0
28836,1,IEC 60204 : 1 : 2016
25618,1,IEC 60825 : 1 : 2014
26186,1,IEC 60825 : 1 : 2014
32074,1,IEC 60825 : 1 : 2014
29284,1,IEC 61496 : 1 : 2020
29284,2,IEC 62471 : 0 : 0 0
29284,3,ISO 13855 : 0 : 0 0
29284,4,ISO 20471 : 0 : 0 0
29284,5,IEC 60825 : 1 : 0 0
22429,1,IEC 61496 : 1 : 2020
22429,2,IEC 62471 : 0 : 0 0
22429,3,ISO 13855 : 0 : 0 0
22429,4,ISO 20471 : 0 : 0 0
22429,5,IEC 60825 : 1 : 0 0
32237,1,IEC 60825 : 1 : 2014
25149,1,IEC 60071 : 2 : 1996
25149,2,IEC 60076 : 5 : 0 0
25149,3,IEC 60204 : 1 : 2016
25149,4,IEC 60529 : 0 : 0 0
25149,5,IEC 60865 : 1 : 0 0
25149,6,IEC 61800 : 0 : 0 0
25149,7,IEC 62061 : 0 : 0 0
25149,8,IEC 62271 : 102 : 0 0
25149,9,IEC 62271 : 103 : 0 0
25149,10,IEC 62271 : 105 : 0 0
25149,11,IEC 62271 : 200 : 2011
25149,12,IEC 62271 : 201 : 0 0
25149,13,IEC 62745 : 0 : 0 0
25149,14,ISO 13849 : 1 : 0 0
25149,15,ISO 3864 : 1 : 2011
25149,16,ISO 3864 : 2 : 2016
25149,17,ISO 7010 : 2011
25149,18,ISO 12100 : 0 : 0 0
25149,19,IEC 60364 : 5 : 54 2011
25149,20,IEC 60417 : 0 : 0 0
25149,21,IEC 60445 : 0 : 0 0
25149,22,IEC 61936 : 1 : 2010
25149,23,IEC 62271 : 107 : 0 0
25149,24,IEC 62745 : 0 : 0 0
24208,1,IEC 60034 : 1 : 0 0
24208,2,IEC 60034 : 5 : 0 0
24265,1,IEC 60038 : 0 : 0 0
24265,2,IEC 60529 : 1989
24279,1,IEC 60034 : 1 : 0 0
22488,1,IEC 60034 : 1 : 0 0
22488,2,IEC 60072 : 0 : 0 0
22488,3,IEC 60309 : 1 : 0 0
22488,4,IEC 60529 : 0 : 0 0
22488,5,IEC 60664 : 1 : 0 0
22488,6,IEC 60947 : 2 : 0 0
22488,7,IEC 60947 : 3 : 0 0
22488,8,IEC 60947 : 5 : 1 2003
22488,9,IEC 61310 : 0 : 0 0
25026,1,ISO 9809 : 1 : 0 0
25026,2,ISO 1182 : 0 : 0 0
25026,3,ISO 3746 : 0 : 0 0
25026,4,ISO 3864 : 2 : 0 0
25026,5,ISO 4126 : 1 : 0 0
25026,6,ISO 4126 : 2 : 0 0
25026,7,ISO 4126 : 6 : 0 0
25026,8,ISO 7010 : 0 : 0 0
25026,9,ISO 7866 : 0 : 0 0
25026,10,ISO 9300 : 0 : 0 0
25026,11,ISO 9951 : 0 : 0 0
25026,12,ISO 9614 : 1 : 0 0
25026,13,ISO 9809 : 1 : 0 0
25026,14,ISO 10286 : 0 : 0 0
25026,15,ISO 10790 : 0 : 0 0
25026,16,ISO 11119 : 1 : 0 0
25026,17,ISO 11119 : 2 : 0 0
25026,18,ISO 11119 : 3 : 0 0
25026,19,ISO 12100 : 0 : 0 0
25026,20,ISO 12499 : 0 : 0 0
25026,21,ISO 13709 : 0 : 0 0
25026,22,ISO 13850 : 0 : 0 0
25026,23,ISO 13854 : 0 : 0 0
25026,24,ISO 13857 : 0 : 0 0
25026,25,ISO 14511 : 0 : 0 0
25026,26,ISO 14847 : 0 : 0 0
25026,27,ISO 15534 : 1 : 0 0
25026,28,ISO 15534 : 2 : 0 0
25026,29,ISO 15649 : 0 : 0 0
25026,30,ISO 16111 : 0 : 0 0
25026,31,ISO 16528 : 1 : 0 0
25026,32,ISO 17398 : 0 : 0 0
25026,33,ISO 26142 : 0 : 0 0
25026,34,IEC 31010 : 0 : 0 0
25026,35,IEC 60068 : 2 : 18 2017
25026,36,ISO 9809 : 1 : 0 0
25026,37,ISO 1182 : 0 : 0 0
25026,38,ISO 3746 : 0 : 0 0
25026,39,ISO 3864 : 2 : 0 0
25026,40,ISO 4126 : 1 : 0 0
25026,41,ISO 4126 : 2 : 0 0
25026,42,ISO 4126 : 6 : 0 0
25026,43,ISO 7010 : 0 : 0 0
25026,44,ISO 7866 : 0 : 0 0
25026,45,ISO 9300 : 0 : 0 0
25026,46,ISO 9951 : 0 : 0 0
25026,47,ISO 9614 : 1 : 0 0
25026,48,ISO 9809 : 1 : 0 0
25026,49,ISO 10286 : 0 : 0 0
25026,50,ISO 10790 : 0 : 0 0
25026,51,ISO 11119 : 1 : 0 0
25026,52,ISO 11119 : 2 : 0 0
25026,53,ISO 11119 : 3 : 0 0
25026,54,ISO 12100 : 0 : 0 0
25026,55,ISO 12499 : 0 : 0 0
25026,56,ISO 13709 : 0 : 0 0
25026,57,ISO 13850 : 0 : 0 0
25026,58,ISO 13854 : 0 : 0 0
25026,59,ISO 13857 : 0 : 0 0
25026,60,ISO 14511 : 0 : 0 0
25026,61,ISO 14847 : 0 : 0 0
25026,62,ISO 15534 : 1 : 0 0
25026,63,ISO 15534 : 2 : 0 0
25026,64,ISO 15649 : 0 : 0 0
25026,65,ISO 16111 : 0 : 0 0
25026,66,ISO 16528 : 1 : 0 0
25026,67,ISO 17398 : 0 : 0 0
25026,68,ISO 26142 : 0 : 0 0
25026,69,IEC 31010 : 0 : 0 0
25026,70,IEC 60068 : 2 : 18 2017
25026,71,IEC 60534 : 0 : 0 0
25026,72,IEC 60097 : 0 : 0 0
24395,1,0 0 : 0 : 0 0
24408,1,0 0 : 0 : 0 0
22340,1,0 0 : 0 : 0 0
27986,1,0 0 : 0 : 0 0
22431,1,ISO 16100 : 1 : 2002
22431,2,ISO 16100 : 2 : 2003
22431,3,ISO 0 : 0 : 0 0
26932,1,ISO 10370 : 0 : 0 0
26932,2,EN 12916 : 0 : 0 0
26932,3,EN 15751 : 0 : 0 0
26932,4,EN 14078 : 0 : 0 0
26932,5,EN 12662 : 0 : 0 0
26932,6,ASTM 7371 : 0 : 0 0
22173,1,ISO 10370 : 0 : 0 0
22173,2,EN 12916 : 0 : 0 0
22173,3,EN 15751 : 0 : 0 0
22173,4,EN 14078 : 0 : 0 0
22173,5,EN 12662 : 0 : 0 0
22173,6,ASTM 7371 : 0 : 0 0
22241,1,ISO 2186 : 2007
22241,2,ISO 5198 : 1987
22241,3,ISO 3354 : 2008
22241,4,ISO 5199 : 2002
33549,1,IEC 60050 : 551 : 20 2001
33549,2,IEC 61000 : 2 : 4 2002
33549,3,IEC 61000 : 3 : 12 2011
33549,4,IEC 61000 : 6 : 4 2018
33549,5,IEC 61378 : 1 : 2011
33549,6,IEC 62477 : 1 : 2022
33549,7,IEC 62477 : 2 : 2018
22481,1,IEC 60050 : 551 : 20 2001
22481,2,IEC 61000 : 2 : 4 2002
22481,3,IEC 61000 : 3 : 12 2011
22481,4,IEC 61000 : 6 : 4 2018
22481,5,IEC 61378 : 1 : 2011
22481,6,IEC 62477 : 1 : 2022
22481,7,IEC 62477 : 2 : 2018
22203,1,ISO 3585 : 1998
22203,2,ISO 9845 : 1 : 2022
31211,1,ISO 3585 : 1998
31211,2,ISO 9845 : 1 : 2022
22171,1,ISO 17665 : 1 : 2006
22621,1,0 0 : 0 : 0 0
22460,1,ISO 1081 : 0 : 0 0
33221,1,ISO 1081 : 0 : 0 0
22570,1,ISO 7933 : 0 : 0 0
22570,2,ISO 13731 : 0 : 0 0
27417,1,ISO 15151 : 2018
27417,2,ISO 15213 : 2003
27417,3,ISO 20649 : 2015
27417,4,ISO 21424 : 2018
27417,5,ISO 14377 : 2002
27417,6,ISO 21446 : 2019
8080,1,ISO 15151 : 2018
8080,2,ISO 15213 : 2003
8080,3,ISO 20649 : 2015
8080,4,ISO 21424 : 2018
8080,5,ISO 14377 : 2002
8080,6,ISO 21446 : 2019
24810,1,ISO 7730 : 1994
26933,1,ISO 7779 : 0 : 0 0
26933,2,ISO 0 : 0 : 0 0
26933,3,ISO 9241 : 6 : 0 0
26933,4,ISO 13731 : 0 : 0 0
26933,5,IEC 60651 : 0 : 0 0
22489,1,ISO 6385 : 0 : 0 0
22489,2,ISO 11064 : 3 : 0 0
22723,1,ISO 748 : 2007
22723,2,ISO 772 : 2011
22723,3,ISO 3454 : 2008
22723,4,ISO 4366 : 2005
22575,1,ISO 13852 : 0 : 0 0
33223,1,ISO/IEC 8859 : 1 : 0 0
22490,1,ISO/IEC 8859 : 1 : 0 0
22491,1,0 0 : 0 : 0 0
31737,1,0 0 : 0 : 0 0
22972,1,ISO 22174 : 2005
22482,1,IEC 62637 : 2 : 0 0
24745,1,ISO 0 : 6 : 1995
22319,1,IEC 60404 : 9 : 2018
22319,2,IEC 60404 : 16 : 2018
22319,3,IEC 60404 : 1 : 2016
22319,4,IEC 60050 : 121 : 1998
22319,5,IEC 60050 : 221 : 1990
29508,1,IEC 60404 : 9 : 2018
29508,2,IEC 60404 : 16 : 2018
29508,3,IEC 60404 : 1 : 2016
29508,4,IEC 60050 : 121 : 1998
29508,5,IEC 60050 : 221 : 1990
30483,1,IEC 60050 : 121 : 1998
30483,2,IEC 60050 : 221 : 1990
22320,1,IEC 60050 : 121 : 1998
22320,2,IEC 60050 : 221 : 1990
29964,1,ISO 3744 : 2010
29964,2,ISO 3747 : 2010
29964,3,ISO 9614 : 1 : 1993
29964,4,ISO 9614 : 2 : 1996
22523,1,ISO 3744 : 2010
22523,2,ISO 3747 : 2010
22523,3,ISO 9614 : 1 : 1993
22523,4,ISO 9614 : 2 : 1996
28692,1,IEC 60050 : 195 : 0 0
26399,1,IEC 0 : 0 : 0 0
28707,1,ISO 10225 : 0 : 0 0
31267,1,IEC 60050 : 151 : 0 0
31267,2,IEC 60529 : 0 : 0 0
31267,3,IEC 60974 : 1 : 2021
28709,1,IEC 61000 : 3 : 11 2017
28709,2,IEC 61000 : 3 : 12 2011
28709,3,IEC 61000 : 6 : 4 2018
22311,1,IEC 60050 : 195 : 0 0
22312,1,ISO 10225 : 0 : 0 0
22313,1,IEC 61000 : 3 : 11 2017
22313,2,IEC 61000 : 3 : 12 2011
22313,3,IEC 61000 : 6 : 4 2018
27181,1,IEC 60974 : 1 : 2017
27181,2,ISO 21904 : 3 : 2018
31289,1,IEC 60050 : 151 : 0 0
31289,2,IEC 60050 : 851 : 0 0
31289,3,IEC 60245 : 6 : 0 0
31289,4,IEC 60417 : 0 : 0 0
31289,5,IEC 60445 : 0 : 0 0
31289,6,IEC 60529 : 0 : 0 0
31289,7,IEC 60664 : 1 : 2020
31289,8,IEC 60664 : 3 : 0 0
31289,9,IEC 60695 : 11 : 10
31289,10,IEC 60974 : 7 : 0 0
31289,11,IEC 60974 : 10 : 0 0
31289,12,IEC 61140 : 0 : 0 0
31289,13,IEC 61558 : 2 : 4
31289,14,IEC 61558 : 2 : 6
31289,15,IEC 62133 : 1 : 2017
31289,16,IEC 62133 : 2 : 2017
31289,17,IEC 62301 : 2011
31289,18,ISO 7010 : 2019
22396,1,IEC 60974 : 1 : 2012
22396,2,IEC 60974 : 7 : 2013
22396,3,IEC 60974 : 11 : 0 0
27079,1,IEC 60050 : 195 : 0 0
27079,2,IEC 60050 : 851 : 0 0
27079,3,IEC 60974 : 1 : 2012
27079,4,IEC 61557 : 4 : 0 0
27080,1,IEC 60974 : 1 : 2012
27080,2,IEC 60974 : 7 : 2013
27080,3,IEC 60974 : 11 : 0 0
27084,1,IEC 60050 : 151 : 0 0
27084,2,IEC 60529 : 0 : 0 0
27084,3,IEC 60974 : 1 : 2021
22990,1,IEC 60050 : 195 : 0 0
22990,2,IEC 60050 : 851 : 0 0
22990,3,IEC 60974 : 1 : 2012
22990,4,IEC 61557 : 4 : 0 0
26859,1,IEC 60050 : 151 : 0 0
26859,2,IEC 60050 : 851 : 0 0
26859,3,IEC 60245 : 6 : 0 0
26859,4,IEC 60417 : 0 : 0 0
26859,5,IEC 60445 : 0 : 0 0
26859,6,IEC 60529 : 0 : 0 0
26859,7,IEC 60664 : 1 : 2020
26859,8,IEC 60664 : 3 : 0 0
26859,9,IEC 60695 : 11 : 10
26859,10,IEC 60974 : 7 : 0 0
26859,11,IEC 60974 : 10 : 0 0
26859,12,IEC 61140 : 0 : 0 0
26859,13,IEC 61558 : 2 : 4
26859,14,IEC 61558 : 2 : 6
26859,15,IEC 62133 : 1 : 2017
26859,16,IEC 62133 : 2 : 2017
26859,17,IEC 62301 : 2011
26859,18,ISO 7010 : 2019
22792,1,0 0 : 0 : 0 0
22821,1,0 0 : 0 : 0 0
23385,1,ISO 9241 : 2 : 1992
23385,2,ISO 6385 : 1981
23385,3,ISO 9241 : 3 : 1992
23385,4,ISO 9241 : 6 : 0 0
66190,1,ISO 9241 : 2 : 1992
66190,2,ISO 6385 : 1981
66190,3,ISO 9241 : 3 : 1992
66190,4,ISO 9241 : 6 : 0 0
31711,1,0 0 : 0 : 0 0
26400,1,0 0 : 0 : 0 0
22866,1,0 0 : 0 : 0 0
24867,1,ISO 9646 : 1 : 0 0
26401,1,ISO/IEC 15961 : 1 : 0 0
26401,2,ISO/IEC 15962 : 0 : 0 0
26401,3,ISO/IEC 18000 : 3 : 0 0
26401,4,ISO/IEC 18046 : 3 : 0 0
26401,5,ISO/TR 18047 : 3 : 0 0
22826,1,ISO/IEC 15961 : 0 : 0 0
66506,1,ISO/IEC 15961 : 1 : 0 0
66506,2,ISO/IEC 15962 : 0 : 0 0
66506,3,ISO/IEC 18000 : 3 : 0 0
66506,4,ISO/IEC 18046 : 3 : 0 0
66506,5,ISO/TR 18047 : 3 : 0 0
66509,1,ISO/IEC 15961 : 0 : 0 0
22761,1,ISO/IEC 15961 : 1 : 0 0
22761,2,ISO/IEC 15962 : 0 : 0 0
22761,3,ISO/IEC 18000 : 3 : 0 0
22761,4,ISO/IEC 18046 : 3 : 0 0
22761,5,ISO/TR 18047 : 3 : 0 0
34073,1,0 0 : 0 : 0 0
25884,1,ISO 15241 : 2012
66398,1,ISO 15241 : 2012
23392,1,0 0 : 0 : 0 0
23572,1,IEC 60793 : 2 : 10 2015
23572,2,IEC 61280 : 1 : 4 2015
23572,3,IEC 61280 : 4 : 1 2009
23057,1,ISO 2631 : 1 : 2004
23057,2,ISO 3746 : 2010
23057,3,ISO 3864 : 1 : 2011
23057,4,ISO 4871 : 1996
23057,5,ISO 7000 : 2014
23057,6,ISO 7010 : 2011
23057,7,ISO 11202 : 2010
23057,8,ISO 12100 : 2010
23057,9,ISO 13849 : 1 : 2006
23057,10,ISO 13850 : 2006
23057,11,ISO 13854 : 1996
23057,12,ISO 13855 : 2010
23057,13,ISO 13856 : 1 : 2013
23057,14,ISO 13857 : 2008
23057,15,ISO 14118 : 2000
23057,16,ISO 14119 : 2013
23057,17,ISO 14120 : 2002
23057,18,IEC 60204 : 1 : 2009
23057,19,IEC 60335 : 1 : 2010
23057,20,IEC 60335 : 2 : 29 2002
23057,21,IEC 60417 : 1 : 2002
23057,22,IEC 60529 : 1989
23057,23,IEC 60825 : 1 : 2014
23057,24,IEC 61140 : 2001
23057,25,IEC 61496 : 1 : 2015
23057,26,IEC 62061 : 2012
23057,27,ISO 62471 : 2006
22892,1,ISO 351 : 1996
22892,2,ISO 687 : 2010
22892,3,ISO 5068 : 2 : 2007
22892,4,ISO 11722 : 2010
28853,1,ISO 13909 : 1 : 2016
28853,2,ISO 13909 : 2 : 2016
28853,3,ISO 13909 : 3 : 2016
28853,4,ISO 18283 : 2006
23384,1,ISO 1213 : 1 : 2020
23384,2,ISO 1213 : 2 : 2016
23384,3,ISO 13909 : 1 : 2016
23384,4,ISO 13909 : 4 : 2016
23384,5,ISO 13909 : 8 : 2016
27133,1,ISO 1213 : 1 : 2020
27133,2,ISO 1213 : 2 : 2016
27133,3,ISO 13909 : 1 : 2016
27133,4,ISO 13909 : 4 : 2016
27133,5,ISO 13909 : 8 : 2016
23443,1,ISO 687 : 2010
23443,2,ISO 5068 : 2 : 2007
23443,3,ISO 5069 : 2 : 1983
23443,4,ISO 11722 : 2013
65895,1,IEC 61347 : 1 : 2015
22893,1,IEC 61347 : 1 : 2015
23397,1,ISO 4172 : 1991
23397,2,ISO 128 : 1979
23397,3,ISO 129 : 1971
23397,4,ISO 1046 : 1973
23397,5,ISO 2444 : 1988
23397,6,ISO 2445 : 1972
23397,7,ISO 2553 : 1984
23397,8,ISO 4157 : 1 : 1980
23397,9,ISO 6284 : 1985
23397,10,ISO 7437 : 1984
23397,11,ISO 8048 : 1984
22810,1,ISO 1213 : 2 : 2016
27081,1,ISO 1213 : 2 : 2016
23383,1,0 0 : 0 : 0 0
26120,1,IEC 60112 : 0 : 0 0
26120,2,IEC 60479 : 1 : 2005
26120,3,IEC 60529 : 1989
26120,4,IEC 60664 : 1 : 2007
26120,5,IEC 60664 : 3 : 0 0
26120,6,IEC 61318 : 0 : 0 0
26120,7,IEC 60068 : 2 : 75 1997
26120,8,IEC 60942 : 0 : 0 0
26120,9,IEC 61260 : 0 : 0 0
26120,10,IEC 61672 : 1 : 0 0
26120,11,ISO 354 : 0 : 0 0
26120,12,ISO 286 : 1 : 0 0
26120,13,IEC 61140 : 2001
26120,14,IEC 60068 : 2 : 6 1995
26120,15,IEC 60068 : 2 : 31
26120,16,IEC 60304 : 0 : 0 0
26120,17,IEC 60417 : 0 : 0 0
26120,18,IEC 60695 : 10 : 2 2003
26120,19,IEC 61010 : 31 : 2002
26120,20,IEC 61010 : 1 : 2001
26120,21,IEC 61180 : 1 : 0 0
26120,22,IEC 61180 : 2 : 0 0
26120,23,IEC 61326 : 1 : 2005
26120,24,IEC 61477 : 0 : 0 0
26120,25,IEC 61557 : 7 : 2007
26120,26,ISO 286 : 2 : 0 0
26120,27,ISO 3744 : 1994
26120,28,ISO 3745 : 0 : 0 0
26120,29,ISO 7000 : 0 : 0 0
26121,1,IEC 60050 : 151 : 1978
26121,2,IEC 60060 : 1 : 1989
26121,3,IEC 60529 : 1989
26121,4,IEC 60096 : 0 : 1 1990
26121,5,IEC 60227 : 3 : 1993
26121,6,IEC 60068 : 2 : 11 1981
26121,7,IEC 60068 : 2 : 6 1995
26121,8,IEC 60068 : 2 : 14 1984
26121,9,IEC 60384 : 0 : 0 0
26121,10,IEC 60536 : 1976
26121,11,IEC 60068 : 2 : 3 1969
26121,12,IEC 60068 : 2 : 63 1991
26121,13,IEC 60225 : 1966
26121,14,IEC 60352 : 1 : 1983
26121,15,IEC 60352 : 2 : 1990
26121,16,IEC 60352 : 5 : 1995
26121,17,IEC 60603 : 11 : 1992
26121,18,IEC 60694 : 1980
26121,19,IEC 60760 : 1989
26121,20,IEC 60999 : 1990
26121,21,IEC 61010 : 2 : 31 1993
26121,22,ISO 3740 : 1980
26121,23,ISO 3744 : 1994
26121,24,ISO 3745 : 1977
26121,25,ISO 3746 : 1995
26122,1,IEC 61318 : 2007
30035,1,IEC 60068 : 2 : 6
30035,2,IEC 60417 : 0 : 0 0
30035,3,IEC 61260 : 0 : 0 0
30035,4,IEC 61326 : 1 : 0 0
30035,5,IEC 61477 : 0 : 0 0
30035,6,ISO 3744 : 2010
30035,7,CIE 15 : 0 : 0 0
30035,8,IEC 60068 : 2 : 14
23192,1,IEC 60068 : 2 : 6
23192,2,IEC 60417 : 0 : 0 0
23192,3,IEC 61260 : 0 : 0 0
23192,4,IEC 61326 : 1 : 0 0
23192,5,IEC 61477 : 0 : 0 0
23192,6,ISO 3744 : 2010
23192,7,CIE 15 : 0 : 0 0
23192,8,IEC 60068 : 2 : 14
22949,1,IEC 60050 : 151 : 1978
22949,2,IEC 60060 : 601 : 1985
22949,3,IEC 60060 : 1 : 1989
22949,4,IEC 60855 : 1985
22949,5,IEC 61318 : 1994
22949,6,IEC 61235 : 1993
22949,7,IEC 60651 : 1979
22949,8,ISO 9000 : 1987
22949,9,IEC 60068 : 1 : 1988
22949,10,IEC 60068 : 2 : 14 1984
22949,11,IEC 60071 : 1 : 1993
22949,12,IEC 60068 : 2 : 6 1982
22949,13,IEC 60068 : 2 : 32 1975
22949,14,IEC 60417 : 0 : 0 0
22949,15,ISO 2859 : 1 : 1999
22949,16,ISO 3745 : 1977
22949,17,ISO 8402 : 1986
22949,18,ISO 9002 : 1987
22949,19,ISO 9004 : 1987
22949,20,ISO 0 : 0 : 0 0
23801,1,IEC 60 : 1 : 1989
23801,2,IEC 743 : 1983
23801,3,IEC 61318 : 1994
23801,4,IEC 50 : 151 : 1978
23801,5,ISO 2859 : 1 : 1999
23801,6,IEC 212 : 1971
22775,1,IEC 60060 : 1 : 1989
22775,2,IEC 61318 : 2007
22775,3,IEC 60068 : 2 : 11 1981
22775,4,IEC 60068 : 2 : 42 2003
22775,5,IEC 60811 : 1 : 4 1985
22775,6,IEC 60811 : 2 : 1 1998
22775,7,IEC 60811 : 3 : 1 1985
22775,8,IEC 61138 : 2007
22775,9,IEC 61477 : 2001
23584,1,IEC 60027 : 2015
23584,2,IEC 60050 : 731 : 0 0
23584,3,IEC 60617 : 2015
23584,4,IEC 60825 : 1 : 0 0
23584,5,IEC 61300 : 2015
23584,6,IEC 61930 : 2015
23584,7,IEC 61931 : 2015
23584,8,ISO 129 : 1 : 2015
23584,9,ISO 286 : 1 : 2015
23584,10,ISO 1101 : 2015
23584,11,ISO 8601 : 2015
25683,1,ISO 4309 : 0 : 0 0
25683,2,ISO 10425 : 0 : 0 0
25683,3,ISO 17893 : 0 : 0 0
33031,1,ISO/IEC 11404 : 2007
33031,2,ISO 19108 : 2002
33031,3,ISO 19123 : 2005
33031,4,ISO/IEC 19757 : 3 : 0 0
33031,5,IETF 2396 : 0 : 0 0
23417,1,ISO 19148 : 2012
23417,2,ISO/IEC 13249 : 3 : 201
22724,1,ISO/IEC 11404 : 2007
22724,2,ISO 19108 : 2002
22724,3,ISO 19123 : 2005
22724,4,ISO/IEC 19757 : 3 : 0 0
22724,5,IETF 2396 : 0 : 0 0
24363,1,ISO/IEC 13594 : 1994
24363,2,ISO/IEC 10745 : 1994
24363,3,ISO/IEC 8825 : 1990
24363,4,ISO/IEC 10731 : 1994
24363,5,ISO/IEC 8878 : 1992
24363,6,ISO/IEC 9646 : 1 : 1994
24363,7,ISO/IEC 9646 : 2 : 1994
24363,8,ISO/IEC 9594 : 8 : 1990
24363,9,ISO/IEC 8208 : 1990
24363,10,ISO 8648 : 1988
24363,11,ISO/IEC 9834 : 1 : 1993
24363,12,ISO/IEC 9834 : 3 : 1990
24363,13,ISO/IEC 9979 : 1991
23240,1,ISO 5361 : 1 : 2016
23240,2,ISO 18190 : 2016
23240,3,ISO 18562 : 1 : 0 0
32093,1,ISO 1628 : 5 : 1998
32093,2,EN 15512 : 2019
32093,3,EN 14372 : 2004
32093,4,EN 15348 : 2014
22734,1,ISO 1628 : 5 : 1998
22734,2,EN 15512 : 2019
22734,3,EN 14372 : 2004
22734,4,EN 15348 : 2014
24365,1,IEC 60050 : 466 : 0 0
24365,2,IEC 60050 : 651 : 0 0
22776,1,0 0 : 0 : 0 0
22702,1,0 0 : 0 : 0 0
26001,1,ISO 712 : 0 : 0 0
26001,2,ISO 6540 : 0 : 0 0
26001,3,ISO 24557 : 0 : 0 0
23062,1,ISO 0 : 0 : 0 0
23206,1,ISO/IEC 11179 : 0 : 0 0
23207,1,ISO/IEC 11179 : 0 : 0 0
23023,1,0 0 : 0 : 0 0
23024,1,0 0 : 0 : 0 0
23025,1,0 0 : 0 : 0 0
23028,1,0 0 : 0 : 0 0
23027,1,0 0 : 0 : 0 0
23209,1,ISO 37 : 1977
23209,2,ISO 471 : 1983
23209,3,ISO 48 : 1979
23209,4,ISO 458 : 1 : 1985
23209,5,ISO 0 : 1965
23209,6,ISO 10335 : 1990
23541,1,ASTM 0 : 2012
23541,2,ISO 0 : 0 : 0 0
32842,1,ISO 3696 : 0 : 0 0
23284,1,ISO 3696 : 0 : 0 0
22506,1,ISO 13688 : 0 : 0 0
22506,2,ISO 13934 : 1 : 0 0
22506,3,ISO 13935 : 2 : 0 0
22506,4,ISO 13937 : 2 : 0 0
22506,5,ISO 13938 : 1 : 0 0
22506,6,ISO 13938 : 2 : 0 0
22506,7,ISO 15025 : 0 : 0 0
22506,8,EN 1149 : 2 : 0 0
23178,1,0 0 : 0 : 0 0
23208,1,IEC 62817 : 2014
23208,2,ISO 2859 : 1 : 0 0
23208,3,ISO 9060 : 0 : 0 0
23211,1,ISO 9060 : 0 : 0 0
23211,2,ISO 0 : 0 : 0 0
22794,1,IEC 62727 : 2012
22894,1,IEC 62716 : 2013
22864,1,IEC 62747 : 0 : 0 0
31907,1,IEC 62747 : 0 : 0 0
23503,1,ISO 10993 : 1 : 2009
23503,2,ISO 10993 : 2 : 2006
23503,3,ISO 11607 : 1 : 2006
23503,4,ISO 14155 : 2011
23503,5,ISO 14971 : 2007
23503,6,ISO 15223 : 1 : 2012
23503,7,ISO 22442 : 1 : 2007
23503,8,ISO 13408 : 1 : 2008
23503,9,ISO 14630 : 2012
23503,10,EN 1041 : 2008
23210,1,ISO 10993 : 1 : 2009
23210,2,ISO 10993 : 2 : 2006
23210,3,ISO 10993 : 6 : 2007
23210,4,ISO 11135 : 1 : 2007
23210,5,ISO 11137 : 1 : 2001
23210,6,ISO 11607 : 1 : 2006
23210,7,ISO 14155 : 2011
23210,8,ISO 14971 : 2007
23210,9,ISO 15223 : 1 : 2012
23210,10,ISO 13408 : 1 : 2008
23210,11,ISO 14630 : 2012
23210,12,ISO 17665 : 1 : 2005
23210,13,ISO 20857 : 2010
23210,14,EN 1041 : 2008
32702,1,0 0 : 0 : 0 0
22778,1,0 0 : 0 : 0 0
23097,1,ISO 817 : 2014
23097,2,ISO 4126 : 1 : 2013
23097,3,ISO 4126 : 2 : 2003
23097,4,ISO 5149 : 1 : 2014
23097,5,ISO 5149 : 4 : 2014
23097,6,ISO 6708 : 1995
23097,7,ISO 7010 : 2011
23097,8,ISO 12100 : 2010
23097,9,ISO 14903 : 2012
23097,10,IEC 60204 : 1 : 2005
23097,11,IEC 60335 : 2 : 24 2010
23097,12,IEC 60335 : 2 : 40 2013
23097,13,IEC 60335 : 2 : 89 2010
23097,14,IEC 60730 : 2 : 6 2015
31897,1,IEC 60335 : 2 : 104
22958,1,ISO 5149 : 1 : 2014
22958,2,ISO 5149 : 2 : 2014
22958,3,ISO 13850 : 2015
22958,4,IEC 60204 : 1 : 2005
22958,5,IEC 60364 : 1 : 2005
22958,6,IEC 60364 : 5 : 2002
22959,1,IEC 60335 : 2 : 104
23266,1,ISO 817 : 2014
23266,2,ISO 5149 : 2 : 2014
23266,3,ISO 5149 : 3 : 2014
22822,1,ISO 2602 : 1980
22822,2,ISO 21904 : 1 : 2020
27874,1,ISO 2602 : 1980
27874,2,ISO 21904 : 1 : 2020
22796,1,ISO 10780 : 2010
22796,2,ISO 10780 : 1994
22797,1,ISO 12749 : 0 : 0 0
22797,2,IEC 17025 : 0 : 0 0
22797,3,IEC 60050 : 395 : 0 0
25666,1,ISO 12749 : 0 : 0 0
25666,2,IEC 17025 : 0 : 0 0
25666,3,IEC 60050 : 395 : 0 0
22815,1,ISO/IEC 7501 : 1 : 2008
22815,2,ISO/IEC 9797 : 1 : 0 0
22815,3,ISO/IEC 19790 : 0 : 0 0
26995,1,ISO/IEC 7501 : 1 : 2008
26995,2,ISO/IEC 9797 : 1 : 0 0
26995,3,ISO/IEC 19790 : 0 : 0 0
26996,1,ISO/IEC 7816 : 15 : 2004
22811,1,ISO 772 : 1996
22811,2,ISO 4363 : 2002
22811,3,ISO 13320 : 2009
22918,1,ISO 772 : 1996
22918,2,ISO 4373 : 2008
23810,1,ISO 772 : 0 : 0 0
23107,1,ISO 8601 : 2004
23107,2,ISO 19111 : 0 : 0 0
26187,1,ISO/TS 19103 : 2005
26187,2,ISO 19143 : 2010
26187,3,ISO 0 : 0 : 0 0
22969,1,ISO 17196 : 2014
22969,2,ISO 17197 : 2014
22969,3,ISO 17786 : 2015
22969,4,ISO 17198 : 2014
22969,5,ISO 29945 : 0 : 0 0
33859,1,ISO 247 : 1 : 0 0
33859,2,ISO 1408 : 0 : 0 0
33859,3,ISO 1795 : 0 : 0 0
33859,4,ASTM 297 : 0 : 0 0
25671,1,ISO 247 : 1 : 0 0
25671,2,ISO 1408 : 0 : 0 0
25671,3,ISO 1795 : 0 : 0 0
25671,4,ASTM 297 : 0 : 0 0
23321,1,ISO 247 : 1 : 0 0
23321,2,ISO 1408 : 0 : 0 0
23321,3,ISO 1795 : 0 : 0 0
23321,4,ASTM 297 : 0 : 0 0
33860,1,ISO 247 : 1 : 0 0
33860,2,ISO 1408 : 0 : 0 0
33860,3,ISO 1795 : 0 : 0 0
33860,4,ASTM 297 : 0 : 0 0
27653,1,ISO 8501 : 1 : 2007
22919,1,ISO 8501 : 1 : 2007
23837,1,ISO 11375 : 1998
65756,1,ISO 11375 : 1998
24165,1,ISO 3014 : 1993
24165,2,ISO 4259 : 2017
24165,3,ISO 8754 : 2003
24165,4,ISO 10307 : 2009
24165,5,ISO 10307 : 2009
24165,6,ISO 10370 : 2014
24165,7,ISO 10478 : 1994
24165,8,ISO 12937 : 2000
24165,9,ISO 14596 : 2007
24165,10,ISO 14597 : 1997
24165,11,ASTM 0 : 2017
24165,12,ASTM 0 : 2016
24165,13,ASTM 0 : 2015
24165,14,ASTM 0 : 2014
24165,15,EN 14214 : 2003
23597,1,0 0 : 0 : 0 0
23405,1,ISO 14405 : 1 : 0 0
23004,1,ASTM 5741 : 96 : 2011
23005,1,0 0 : 0 : 0 0
23346,1,ISO 1176 : 1990
23346,2,ISO 2768 : 1 : 1989
23346,3,ISO 6957 : 1988
23346,4,ISO 9227 : 2012
23346,5,ISO 21013 : 3 : 2016
23346,6,ISO 21014 : 2006
23346,7,ISO 21028 : 1 : 2004
23346,8,ISO 21029 : 1 : 2004
23346,9,ISO 23208 : 2005
23401,1,0 0 : 0 : 0 0
23478,1,ISO/IEC 7498 : 0 : 0 0
23478,2,ISO/IEC 14762 : 2009
23478,3,ISO/IEC 18012 : 1 : 2004
23479,1,ISO/IEC 18012 : 2 : 2012
22863,1,ISO 1086 : 0 : 0 0
22863,2,ISO 2145 : 0 : 0 0
22863,3,ISO 5966 : 0 : 0 0
22862,1,ISO 25964 : 1 : 2011
22910,1,ISO 14978 : 2006
22910,2,ISO/IEC 98 : 3 : 2008
22910,3,ISO/IEC 99 : 2007
23093,1,ISO 11119 : 1 : 0 0
23093,2,ISO 11119 : 2 : 0 0
23093,3,ISO 11119 : 3 : 0 0
23093,4,ISO 11119 : 4 : 0 0
23093,5,ISO 14687 : 3 : 0 0
23093,6,ISO 16110 : 2 : 0 0
23093,7,ISO 16111 : 0 : 0 0
23093,8,ISO 17268 : 0 : 0 0
23093,9,ISO 19880 : 1 : 0 0
23093,10,ISO 19881 : 0 : 0 0
23093,11,ISO 19884 : 0 : 0 0
23093,12,ISO 22734 : 2 : 0 0
23243,1,ISO 3082 : 2009
23243,2,ISO 3084 : 1998
23243,3,ISO 3085 : 2002
23243,4,ISO 11323 : 2010
22861,1,ISO 7743 : 1989
22860,1,ISO 3 : 0 : 0 0
22860,2,ISO 23529 : 0 : 0 0
26934,1,ISO 29464 : 2017
22839,1,ISO 29464 : 2011
22840,1,ISO 5167 : 1 : 2003
22840,2,ISO 29464 : 2011
22841,1,ISO 5167 : 1 : 0 0
22841,2,ISO 21501 : 4 : 0 0
31072,1,ISO 5167 : 1 : 0 0
31072,2,ISO 21501 : 4 : 0 0
22911,1,ISO 29464 : 2017
23277,1,ISO 29464 : 2011
23015,1,ISO 7437 : 1990
23015,2,ISO 3766 : 1977
23015,3,ISO 6284 : 1985
23015,4,ISO 0 : 0 : 0 0
22859,1,ISO 16851 : 2012
22858,1,ISO 4649 : 2010
22858,2,ISO 2393 : 2014
22858,3,ISO 9298 : 1995
22858,4,ISO 18899 : 2004
22858,5,ISO 23529 : 2016
23516,1,ISO 3684 : 1990
23516,2,ISO 3 : 1973
23516,3,ISO 1536 : 1975
23516,4,ISO 7590 : 1988
22928,1,ISO 22264 : 2006
22960,1,0 0 : 0 : 0 0
67018,1,ISO 6289 : 2003
67018,2,ISO 0 : 0 : 0 0
22996,1,ISO 6289 : 2003
22996,2,ISO 0 : 0 : 0 0
23244,1,ISO 7518 : 1983
23244,2,ISO 3098 : 1 : 1980
22857,1,ISO 11088 : 2023
22857,2,ISO 11110 : 2015
23885,1,ISO 14890 : 2013
23885,2,ISO 0 : 0 : 0 0
23016,1,ISO 7519 : 1991
23016,2,ISO 0 : 0 : 0 0
31046,1,ISO 5355 : 2019
31046,2,ISO 9838 : 2023
31046,3,ISO 11087 : 2015
31046,4,ISO 23223 : 2021
23017,1,ISO 5355 : 2019
23017,2,ISO 9838 : 2023
23017,3,ISO 11087 : 2015
23017,4,ISO 23223 : 2021
26159,1,ISO 1401 : 1999
26159,2,ISO 1746 : 1983
26159,3,ISO 8033 : 1991
26159,4,ISO 37 : 1994
26159,5,ISO 188 : 1982
26159,6,ISO 471 : 1995
26159,7,ISO 1307 : 1992
26159,8,ISO 1402 : 1994
26159,9,ISO 1817 : 1985
26159,10,ISO 4671 : 1984
26159,11,ISO 7326 : 1991
8099,1,ISO 1401 : 1999
8099,2,ISO 1746 : 1983
8099,3,ISO 8033 : 1991
8099,4,ISO 37 : 1994
8099,5,ISO 188 : 1982
8099,6,ISO 471 : 1995
8099,7,ISO 1307 : 1992
8099,8,ISO 1402 : 1994
8099,9,ISO 1817 : 1985
8099,10,ISO 4671 : 1984
8099,11,ISO 7326 : 1991
22929,1,ISO 9465 : 2012
22929,2,ISO 9838 : 1991
22856,1,ISO 7500 : 1 : 2004
22855,1,ISO 7500 : 1 : 2004
22876,1,ISO 23529 : 0 : 0 0
22912,1,ISO 3170 : 2004
22912,2,ISO 3722 : 1976
22912,3,ISO 4021 : 1992
23811,1,ISO 4157 : 3 : 1998
23811,2,ISO 4157 : 2 : 1998
23811,3,ISO 4157 : 1 : 1998
23415,1,ISO 4157 : 2 : 1984
23214,1,ISO 4157 : 1 : 1998
23047,1,ISO 216 : 0 : 0 0
23047,2,ISO 15592 : 1 : 0 0
23047,3,ISO 15592 : 2 : 0 0
26722,1,ISO 216 : 0 : 0 0
26722,2,ISO 15592 : 1 : 0 0
26722,3,ISO 15592 : 2 : 0 0
23048,1,0 0 : 0 : 0 0
23407,1,IEC 60352 : 2 : 2006
23407,2,IEC 60352 : 3 : 1993
23407,3,IEC 60352 : 4 : 1994
23407,4,IEC 60352 : 5 : 2012
23407,5,IEC 60352 : 6 : 1997
23407,6,IEC 60352 : 7 : 2002
23407,7,IEC 60364 : 7 : 712 2002
23407,8,IEC 60512 : 1 : 2001
23407,9,IEC 60512 : 11 : 7 2003
23407,10,IEC 60695 : 2 : 11 2014
23407,11,IEC 60695 : 11 : 10 2013
23407,12,IEC 60943 : 1998
23407,13,IEC 60998 : 2 : 3 2002
23407,14,IEC 60999 : 1 : 1999
23407,15,IEC 60999 : 2 : 2003
23407,16,IEC 61140 : 2001
23407,17,IEC 61210 : 2010
23407,18,IEC 61984 : 2008
23407,19,IEC 62444 : 2010
23407,20,ISO 6988 : 1985
22842,1,IEC 61836 : 0 : 0 0
28837,1,IEC 61836 : 0 : 0 0
24378,1,IEC 60060 : 1 : 2010
24378,2,IEC 60695 : 11 : 5 2004
24378,3,ISO 868 : 2003
24378,4,ISO 4287 : 1997
24378,5,ISO 4892 : 2 : 2006
24378,6,ISO 9227 : 2012
66700,1,IEC 60060 : 1 : 2010
66700,2,IEC 60695 : 11 : 5 2004
66700,3,ISO 868 : 2003
66700,4,ISO 4287 : 1997
66700,5,ISO 4892 : 2 : 2006
66700,6,ISO 9227 : 2012
23074,1,IEC 60383 : 1 : 1993
23074,2,IEC 60383 : 2 : 1993
23074,3,IEC 61466 : 1 : 2016
23074,4,IEC 62217 : 2005
23074,5,ISO 3452 : 0 : 0 0
65861,1,IEC 60383 : 1 : 1993
65861,2,IEC 60383 : 2 : 1993
65861,3,IEC 61466 : 1 : 2016
65861,4,IEC 62217 : 2005
65861,5,ISO 3452 : 0 : 0 0
66140,1,IEC 60383 : 1 : 1993
66140,2,IEC 60383 : 2 : 1993
66140,3,IEC 61466 : 1 : 2016
66140,4,IEC 62217 : 2005
66140,5,ISO 3452 : 0 : 0 0
23705,1,ASTM 0 : 0 : 0 0
23705,2,ASTM 0 : 0 : 0 0
23705,3,ASTM 0 : 0 : 0 0
23473,1,0 0 : 0 : 0 0
23179,1,0 0 : 0 : 0 0
23326,1,ISO 15489 : 1 : 2016
23326,2,ISO/TR>ISO 0 : 0 : 0 0
23327,1,ISO 15489 : 1 : 2001
66464,1,ISO 15489 : 1 : 2001
23367,1,ISO/IEC 15415 : 2011
23367,2,ISO/IEC 15416 : 2000
23367,3,ISO 28219 : 2009
23367,4,ISO 22742 : 2010
24893,1,IEC 60050 : 581 : 0 0
24893,2,IEC 60050 : 826 : 0 0
24893,3,IEC 60068 : 1 : 0 0
24893,4,IEC 60212 : 0 : 0 0
24893,5,IEC 60216 : 5 : 0 0
24893,6,IEC 60243 : 2 : 0 0
24893,7,IEC 60296 : 0 : 0 0
24893,8,IEC 61140 : 0 : 0 0
24893,9,IEC 6189 : 3 : 0 0
24893,10,ISO 291 : 0 : 0 0
24893,11,ISO 527 : 0 : 0 0
24893,12,ISO 2409 : 2013
24893,13,ISO 2808 : 0 : 0 0
24893,14,ISO 2813 : 0 : 0 0
24893,15,ISO 4587 : 2003
24893,16,ISO 4593 : 0 : 0 0
24893,17,ISO 11359 : 1 : 0 0
24893,18,ISO 11359 : 2 : 0 0
24893,19,ISO 11664 : 1 : 0 0
24893,20,ISO 11664 : 2 : 0 0
24893,21,ISO 11664 : 4 : 0 0
24893,22,ISO 15105 : 1 : 0 0
24893,23,ISO 15106 : 1 : 0 0
24893,24,ISO 15106 : 2 : 0 0
24893,25,ISO 15106 : 3 : 0 0
24893,26,ISO 17223 : 0 : 0 0
24893,27,ASTM 374 : 16 : 0 0
24893,28,ASTM 3487 : 16 : 0 0
24893,29,ASTM 5402 : 6 : 0 0
24893,30,ASTM 7869 : 17 : 0 0
24893,31,ASTM 1461 : 0 : 0 0
24894,1,IEC 62788 : 2 : 0 0
24894,2,ASTM 0 : 0 : 0 0
24894,3,ASTM 151 : 0 : 0 0
24894,4,ASTM 154 : 0 : 0 0
24894,5,ASTM 155 : 0 : 0 0
24894,6,ASTM 7869 : 0 : 0 0
23896,1,IEC 60904 : 2 : 0 0
23896,2,ISO 291 : 2008
23896,3,ISO 11664 : 1 : 2007
23896,4,ISO 11664 : 2 : 2007
23896,5,ISO 13468 : 2 : 1999
23896,6,ISO 17223 : 2014
28865,1,IEC 61215 : 1 : 0 0
28865,2,ISO/IEC 17025 : 2005
28865,3,ISO 6427 : 2013
28865,4,ISO 14577 : 1 : 0 0
28865,5,ISO 291 : 2008
28865,6,ISO 6721 : 1 : 0 0
28865,7,ISO 11357 : 1 : 2009
28865,8,ISO 10147 : 2011
24781,1,ISO 291 : 2008
24781,2,ISO 11357 : 2 : 2013
24781,3,ISO 11357 : 3 : 2011
24781,4,ASTM 0 : 6 : 0 0
23788,1,IEC 61340 : 2 : 3 2000
23788,2,IEC 62631 : 3 : 2 2015
23788,3,ASTM 0 : 14 : 0 0
24570,1,IEC 61215 : 1 : 0 0
24570,2,ISO/IEC 17025 : 2005
24570,3,ISO 6427 : 2013
24570,4,ISO 14577 : 1 : 0 0
24570,5,ISO 291 : 2008
24570,6,ISO 6721 : 1 : 0 0
24570,7,ISO 11357 : 1 : 2009
24570,8,ISO 10147 : 2011
23895,1,ISO 10071 : 1 : 2008
23984,1,ISO 10071 : 1 : 2008
23480,1,ISO 10071 : 2 : 0 0
23891,1,0 0 : 0 : 0 0
23894,1,0 0 : 0 : 0 0
25593,1,0 0 : 0 : 0 0
27914,1,0 0 : 0 : 0 0
23694,1,0 0 : 0 : 0 0
23481,1,0 0 : 0 : 0 0
23247,1,ISO 1407 : 0 : 0 0
23247,2,ISO 18046 : 0 : 0 0
22930,1,0 0 : 0 : 0 0
23036,1,IEC 60034 : 27 : 0 0
23685,1,ISO 772 : 0 : 0 0
23685,2,ISO 14139 : 0 : 0 0
23687,1,ISO/IEC 51 : 0 : 0 0
66959,1,ISO/IEC 51 : 0 : 0 0
23770,1,EN 353 : 1 : 2014
23770,2,EN 795 : 0 : 0 0
67177,1,IEC 60050 : 191 : 1990
67177,2,ISO/TR>ISO 22100 : 2 : 2013
67177,3,ISO/TR>ISO 23849 : 0 : 0 0
23749,1,IEC 60050 : 191 : 1990
23749,2,ISO/TR>ISO 22100 : 2 : 2013
23749,3,ISO/TR>ISO 23849 : 0 : 0 0
23679,1,IEC 60947 : 5 : 3
23726,1,EN 894 : 3 : 0 0
23740,1,IEC 0 : 0 : 0 0
28756,1,0 0 : 0 : 0 0
28757,1,0 0 : 0 : 0 0
23482,1,0 0 : 0 : 0 0
23515,1,0 0 : 0 : 0 0
23524,1,ISO 12117 : 1997
23985,1,ISO/IEC 0 : 0 : 0 0
23973,1,IEC 60068 : 2 : 32
23973,2,IEC 60068 : 2 : 47
24646,1,ISO/IEC 16825 : 1999
23034,1,IEC 60068 : 2 : 32
23033,1,IEC 60335 : 0 : 0 0
23032,1,ISO/IEC 0 : 0 : 0 0
23031,1,ISO 385 : 1 : 2005
23031,2,ISO 3696 : 1987
23031,3,ISO 607 : 1980
23030,1,ISO 3696 : 1987
23030,2,ISO 607 : 1980
23029,1,ISO 3696 : 1987
23029,2,ISO 5725 : 2 : 1994
23029,3,ISO 607 : 1980
23682,1,ISO 60068 : 2 : 6
23682,2,ISO 60068 : 2 : 14
23682,3,ISO 60068 : 2 : 78
23682,4,ISO 60947 : 5 : 5 1997
23682,5,ISO 61439 : 1 : 2009
23741,1,ISO 60068 : 2 : 6
23741,2,ISO 60068 : 2 : 14
23741,3,ISO 60068 : 2 : 78
23741,4,ISO 61439 : 1 : 2011
23743,1,ISO 60068 : 2 : 6
23743,2,ISO 60028 : 2 : 14
23743,3,ISO 60068 : 2 : 78
23743,4,ISO 61439 : 1 : 0 0
65708,1,ISO/IEC 8859 : 1 : 1998
23789,1,ISO/IEC 8859 : 1 : 1998
23701,1,IEC 60156 : 1995
23701,2,IEC 60247 : 0 : 0 0
23701,3,IEC 60475 : 0 : 0 0
23701,4,IEC 60628 : 0 : 0 0
23701,5,IEC 60814 : 0 : 0 0
23701,6,IEC 60944 : 0 : 0 0
23701,7,IEC 61039 : 2008
23701,8,IEC 62021 : 0 : 0 0
23701,9,ISO 2592 : 0 : 0 0
23701,10,ISO 2719 : 0 : 0 0
23701,11,ISO 3016 : 0 : 0 0
23701,12,ISO 3104 : 0 : 0 0
23701,13,ISO 3675 : 0 : 0 0
23701,14,ISO 5661 : 0 : 0 0
23701,15,IEC 60296 : 0 : 0 0
23701,16,ISO 2211 : 0 : 0 0
23701,17,ISO 12185 : 0 : 0 0
23803,1,IEC 0 : 1960
23803,2,IEC 0 : 1976
23803,3,IEC 0 : 1977
23803,4,IEC 0 : 1976
23803,5,IEC 0 : 1976
23803,6,IEC 0 : 1963
23803,7,IEC 0 : 1974
23803,8,ISO 3534 : 1977
23803,9,IEC 0 : 1973
23803,10,IEC 0 : 1973
23803,11,ISO 2854 : 1976
23803,12,ISO 5725 : 1986
23634,1,IEC 60250 : 0 : 0 0
23634,2,IEC 61620 : 0 : 0 0
23634,3,IEC 60475 : 0 : 0 0
23634,4,IEC 60093 : 0 : 0 0
23704,1,IEC 60836 : 1988
27008,1,0 0 : 0 : 0 0
23688,1,0 0 : 0 : 0 0
23689,1,ISO 12106 : 0 : 0 0
24040,1,0 0 : 0 : 0 0
23664,1,ISO 3402 : 0 : 0 0
31045,1,0 0 : 0 : 0 0
23444,1,0 0 : 0 : 0 0
23648,1,ISO 3170 : 2004
23648,2,ISO 3722 : 1976
23648,3,ISO 4021 : 1992
24041,1,IEC 61850 : 7 : 2 2010
24041,2,IEC 61850 : 7 : 4 2010
23544,1,ISO 12480 : 1 : 1997
26910,1,ISO 15513 : 0 : 0 0
26910,2,ISO 16715 : 0 : 0 0
23661,1,ISO 15513 : 0 : 0 0
23661,2,ISO 16715 : 0 : 0 0
23691,1,IEC 60156 : 1963
23691,2,IEC 60243 : 1967
23691,3,IEC 60247 : 1978
23691,4,IEC 60475 : 1974
23691,5,IEC 60666 : 1979
23691,6,IEC 60628 : 1985
23691,7,IEC 60814 : 1985
23691,8,ISO 2592 : 1973
23691,9,ISO 2719 : 1973
23691,10,ISO 3016 : 1974
23691,11,ISO 3675 : 1976
23691,12,ISO 4793 : 1980
23691,13,IEC 60733 : 1982
23691,14,ISO 3104 : 1976
23691,15,ISO 3838 : 1983
26911,1,ISO 7000 : 0 : 0 0
26911,2,ISO 80416 : 2 : 0 0
26911,3,IEC 80416 : 1 : 0 0
23703,1,0 0 : 0 : 0 0
23771,1,ISO 7000 : 0 : 0 0
23771,2,ISO 80416 : 2 : 0 0
23771,3,IEC 80416 : 1 : 0 0
22801,1,ISO 3104 : 1994
22801,2,ISO 3405 : 2011
22801,3,ISO 6296 : 2000
22801,4,ISO 8754 : 2003
22801,5,ISO 4264 : 2007
22801,6,ISO 10370 : 2014
22801,7,ISO 12156 : 1 : 2016
22801,8,ISO 12185 : 1996
22801,9,ISO 12937 : 2000
22801,10,ISO 14596 : 2007
66732,1,ISO 3104 : 1994
66732,2,ISO 3405 : 2011
66732,3,ISO 6296 : 2000
66732,4,ISO 8754 : 2003
66732,5,ISO 4264 : 2007
66732,6,ISO 10370 : 2014
66732,7,ISO 12156 : 1 : 2016
66732,8,ISO 12185 : 1996
66732,9,ISO 12937 : 2000
66732,10,ISO 14596 : 2007
23683,1,IEC 62321 : 0 : 0 0
23406,1,IEC 60475 : 0 : 0 0
23408,1,ISO 6619 : 0 : 0 0
23408,2,ISO 5725 : 0 : 0 0
23408,3,IEC 60475 : 0 : 0 0
23408,4,IEC 60567 : 0 : 0 0
23409,1,IEC 60475 : 2011
23409,2,ISO 5725 : 0 : 0 0
23409,3,ISO 6619 : 0 : 0 0
23714,1,ISO 4892 : 2 : 2013
23714,2,ISO 11357 : 2 : 2013
23714,3,ASTM 1044 : 2013
23522,1,ISO 12480 : 1 : 1997
23607,1,IEC 695 : 2 : 4 1991
23607,2,ISO 0 : 0 : 0 0
23588,1,ISO 4589 : 1984
23589,1,IEC 554 : 3 : 1 1979
23589,2,IEC 1125 : 1992
23589,3,ISO 3016 : 1974
23589,4,IEC 296 : 1982
23589,5,IEC 450 : 1974
23589,6,ISO 3104 : 1976
23589,7,IEC 733 : 1982
23553,1,0 0 : 0 : 0 0
23410,1,IEC 61125 : 1992
24501,1,0 0 : 0 : 0 0
22964,1,ISO 811 : 1981
22964,2,ISO 12171 : 1 : 2015
22964,3,ISO 13994 : 2005
22964,4,ISO 13996 : 1999
22964,5,ISO 13997 : 1999
22964,6,ISO 17493 : 2016
23567,1,0 0 : 0 : 0 0
23790,1,0 0 : 0 : 0 0
23775,1,0 0 : 0 : 0 0
26654,1,ISO 9241 : 303 : 0 0
26654,2,ISO 9241 : 400 : 0 0
26654,3,ISO 9241 : 125 : 0 0
23447,1,ISO 105 : 0 : 0 0
23447,2,ISO 2076 : 0 : 0 0
23447,3,ISO 10526 : 0 : 0 0
23447,4,ISO 10527 : 0 : 0 0
23447,5,EN 1049 : 2 : 0 0
23447,6,ISO 12127 : 0 : 0 0
23447,7,BSI 5441 : 0 : 0 0
23447,8,BSI 2 : 1991
27223,1,0 0 : 0 : 0 0
23494,1,0 0 : 0 : 0 0
23433,1,0 0 : 0 : 0 0
23523,1,0 0 : 0 : 0 0
23395,1,ISO 291 : 0 : 0 0
23395,2,ISO 2409 : 0 : 0 0
23395,3,ISO 2813 : 0 : 0 0
23395,4,ISO 4046 : 4 : 2002
23395,5,ISO 4589 : 2 : 1996
23395,6,ISO 4892 : 2 : 0 0
23395,7,ISO 4892 : 4 : 0 0
23395,8,ISO 7784 : 3 : 0 0
23395,9,ISO 9227 : 0 : 0 0
23395,10,IEC 60695 : 2 : 10
23395,11,ISO 60695 : 2 : 11
23395,12,ISO 0 : 0 : 0 0
22965,1,ISO 811 : 2018
22965,2,ISO 4920 : 2012
22965,3,ISO 5077 : 2007
22965,4,ISO 11092 : 2014
22965,5,ISO 17493 : 2016
22965,6,ISO 23616 : 2024
22965,7,ISO 3175 : 2 : 2017
32464,1,ISO 811 : 2018
32464,2,ISO 4920 : 2012
32464,3,ISO 5077 : 2007
32464,4,ISO 11092 : 2014
32464,5,ISO 17493 : 2016
32464,6,ISO 23616 : 2024
32464,7,ISO 3175 : 2 : 2017
23672,1,IEC 60068 : 2 : 64
23672,2,IEC 61434 : 0 : 0 0
23672,3,ISO 16750 : 3 : 0 0
23672,4,ISO 16750 : 4 : 0 0
23673,1,IEC 61434 : 0 : 0 0
66960,1,IEC 61434 : 0 : 0 0
66961,1,IEC 60068 : 2 : 64
66961,2,IEC 61434 : 0 : 0 0
66961,3,ISO 16750 : 3 : 0 0
66961,4,ISO 16750 : 4 : 0 0
23655,1,IEC 61140 : 0 : 0 0
23656,1,IEC 60622 : 2002
23656,2,IEC 60623 : 2001
23656,3,IEC 60755 : 0 : 0 0
23656,4,IEC 60896 : 11 : 2002
23656,5,IEC 60896 : 21 : 2004
23656,6,IEC 60896 : 22 : 2004
23656,7,IEC 61140 : 0 : 0 0
23656,8,IEC 61340 : 4 : 1
23656,9,IEC 61660 : 1 : 0 0
23656,10,IEC 61660 : 2 : 0 0
23657,1,IEC 60068 : 2 : 32
23657,2,IEC 60068 : 2 : 47
23657,3,IEC 60993 : 0 : 0 0
23657,4,IEC 61429 : 1995
23657,5,ISO 7000 : 0 : 0 0
23173,1,IEC 60417 : 0 : 0 0
23173,2,IEC 61429 : 1995
23042,1,ISO 5725 : 2 : 1994
23042,2,ISO 3696 : 1987
23042,3,ISO 607 : 1980
23368,1,ISO 5725 : 2 : 1994
23368,2,ISO 3696 : 1987
23368,3,ISO 607 : 1980
23449,1,IEC 80416 : 1 : 2001
23450,1,ISO/IEC 11581 : 2 : 0 0
23450,2,ISO/IEC 11581 : 3 : 0 0
23450,3,ISO 11581 : 5 : 0 0
23450,4,ISO 11581 : 6 : 0 0
23450,5,IEC 80416 : 1 : 0 0
23450,6,ISO 60417 : 0 : 0 0
28523,1,IEC 62961 : 0 : 0 0
28523,2,ISO 21018 : 3 : 0 0
24287,1,IEC 62961 : 0 : 0 0
24287,2,ISO 21018 : 3 : 0 0
24364,1,ISO 11596 : 0 : 0 0
26858,1,ISO 11596 : 0 : 0 0
23890,1,ISO 11596 : 0 : 0 0
27301,1,ISO 11596 : 0 : 0 0
29454,1,0 0 : 0 : 0 0
23315,1,0 0 : 0 : 0 0
23425,1,ISO 6487 : 0 : 0 0
23425,2,AIS 52 : 0 : 0 0
23424,1,AIS 96 : 2017
23424,2,AIS 98 : 2016
23649,1,ASTM 0 : 2014
23649,2,ASTM 0 : 2001
23649,3,ISO 0 : 0 : 0 0
8109,1,ISO 22 : 1975
8109,2,ISO 99 : 1975
8109,3,ISO 100 : 1975
8109,4,ISO/TR 254 : 1962
25054,1,IEC 60268 : 16 : 2011
25054,2,IEC 60839 : 5 : 1 2014
25054,3,IEC 60839 : 5 : 2 2016
25054,4,IEC 60839 : 5 : 3 2016
25054,5,IEC 60839 : 7 : 12 2001
25054,6,IEC 62599 : 1 : 2010
25054,7,IEC 62599 : 2 : 0 0
25054,8,IEC 62820 : 1 : 2 2017
25054,9,IEC 62820 : 2 : 0 0
25054,10,IEC 62820 : 3 : 1
25054,11,IEC 62851 : 2 : 0 0
25054,12,IEC 62851 : 3 : 0 0
25054,13,ISO/IEC 31010 : 0 : 0 0
25054,14,EN 50134 : 2 : 2016
25054,15,EN 50134 : 3 : 2012
29147,1,IEC 60060 : 1 : 0 0
29147,2,IEC 60068 : 1 : 0 0
29147,3,IEC 60068 : 2 : 14 2009
29147,4,IEC 60068 : 2 : 75
29147,5,IEC 60068 : 2 : 78
29147,6,IEC 60216 : 1 : 0 0
29147,7,IEC 60216 : 5 : 0 0
29147,8,IEC 60352 : 2 : 0 0
29147,9,IEC 60352 : 3 : 0 0
29147,10,IEC 60352 : 4 : 0 0
29147,11,IEC 60352 : 5 : 0 0
29147,12,IEC 60352 : 6 : 0 0
29147,13,IEC 60352 : 7 : 0 0
29147,14,IEC 60529 : 0 : 0 0
29147,15,IEC 60664 : 1 : 2007
29147,16,IEC 60695 : 2 : 11
29147,17,IEC 60695 : 10 : 2
29147,18,IEC 60695 : 11 : 10
29147,19,IEC 60695 : 11 : 20
29147,20,IEC 60947 : 7 : 1
29147,21,IEC 60998 : 2 : 3
29147,22,IEC 60999 : 1 : 1999
29147,23,IEC 60999 : 2 : 0 0
29147,24,IEC 61032 : 0 : 0 0
29147,25,IEC 61140 : 2016
29147,26,IEC 61191 : 1 : 0 0
29147,27,IEC 61210 : 0 : 0 0
29147,28,IEC 61215 : 1 : 2016
29147,29,IEC 61215 : 2 : 2016
29147,30,IEC 61730 : 1 : 2016
29147,31,IEC 62852 : 0 : 0 0
29147,32,IEC 62930 : 0 : 0 0
29147,33,ISO 868 : 2003
29147,34,ISO 4892 : 2 : 0 0
29147,35,ISO 4892 : 3 : 0 0
23007,1,IEC 60060 : 1 : 0 0
23007,2,IEC 60068 : 1 : 0 0
23007,3,IEC 60068 : 2 : 14 2009
23007,4,IEC 60068 : 2 : 75
23007,5,IEC 60068 : 2 : 78
23007,6,IEC 60216 : 1 : 0 0
23007,7,IEC 60216 : 5 : 0 0
23007,8,IEC 60352 : 2 : 0 0
23007,9,IEC 60352 : 3 : 0 0
23007,10,IEC 60352 : 4 : 0 0
23007,11,IEC 60352 : 5 : 0 0
23007,12,IEC 60352 : 6 : 0 0
23007,13,IEC 60352 : 7 : 0 0
23007,14,IEC 60529 : 0 : 0 0
23007,15,IEC 60664 : 1 : 2007
23007,16,IEC 60695 : 2 : 11
23007,17,IEC 60695 : 10 : 2
23007,18,IEC 60695 : 11 : 10
23007,19,IEC 60695 : 11 : 20
23007,20,IEC 60947 : 7 : 1
23007,21,IEC 60998 : 2 : 3
23007,22,IEC 60999 : 1 : 1999
23007,23,IEC 60999 : 2 : 0 0
23007,24,IEC 61032 : 0 : 0 0
23007,25,IEC 61140 : 2016
23007,26,IEC 61191 : 1 : 0 0
23007,27,IEC 61210 : 0 : 0 0
23007,28,IEC 61215 : 1 : 2016
23007,29,IEC 61215 : 2 : 2016
23007,30,IEC 61730 : 1 : 2016
23007,31,IEC 62852 : 0 : 0 0
23007,32,IEC 62930 : 0 : 0 0
23007,33,ISO 868 : 2003
23007,34,ISO 4892 : 2 : 0 0
23007,35,ISO 4892 : 3 : 0 0
23379,1,0 0 : 0 : 0 0
23386,1,0 0 : 0 : 0 0
32605,1,0 0 : 0 : 0 0
32606,1,0 0 : 0 : 0 0
23753,1,0 0 : 0 : 0 0
23601,1,0 0 : 0 : 0 0
23078,1,0 0 : 0 : 0 0
23079,1,0 0 : 0 : 0 0
23080,1,0 0 : 0 : 0 0
23081,1,ISO 4957 : 0 : 0 0
28260,1,ISO 4957 : 0 : 0 0
26123,1,0 0 : 0 : 0 0
23083,1,ISO 4957 : 0 : 0 0
17840,1,0 0 : 0 : 0 0
23084,1,0 0 : 0 : 0 0
23088,1,0 0 : 0 : 0 0
23089,1,0 0 : 0 : 0 0
23090,1,0 0 : 0 : 0 0
23126,1,IEC 60204 : 1 : 0 0
23126,2,IEC 62061 : 0 : 0 0
23126,3,IEC 61508 : 0 : 0 0
23127,1,IEC 60794 : 1 : 21
23127,2,IEC 60794 : 1 : 22
17694,1,ISO 9000 : 2005
23484,1,0 0 : 0 : 0 0
25969,1,ISO 3696 : 1987
25969,2,ISO 10523 : 0 : 0 0
25969,3,ISO 19458 : 0 : 0 0
23177,1,IEC 60050 : 192 : 0 0
23176,1,IEC 60050 : 191 : 0 0
23176,2,IEC 60300 : 1 : 0 0
23176,3,IEC 60300 : 2 : 0 0
23176,4,IEC 62198 : 0 : 0 0
23176,5,IEC 62239 : 0 : 0 0
23176,6,IEC 62258 : 0 : 0 0
23176,7,IEC 62309 : 0 : 0 0
23813,1,ISO 927 : 2009
23813,2,ISO 928 : 1997
23813,3,ISO 930 : 1997
23813,4,ISO 939 : 2021
23813,5,ISO 1108 : 1992
23813,6,ISO 948 : 1980
23813,7,ISO 2825 : 1981
23813,8,ISO 7541 : 2020
33228,1,ISO 927 : 2009
33228,2,ISO 928 : 1997
33228,3,ISO 930 : 1997
33228,4,ISO 939 : 2021
33228,5,ISO 1108 : 1992
33228,6,ISO 948 : 1980
33228,7,ISO 2825 : 1981
33228,8,ISO 7541 : 2020
23204,1,IEC 62548 : 2013
23204,2,ISO 61557 : 0 : 0 0
24782,1,IEC 61095 : 0 : 0 0
24782,2,IEC 62446 : 2 : 0 0
24782,3,IEC 62930 : 0 : 0 0
24782,4,ISO 9712 : 0 : 0 0
31421,1,0 0 : 0 : 0 0
23755,1,0 0 : 0 : 0 0
23046,1,ISO 16050 : 2003
24647,1,ISO/IEC 10149 : 0 : 0 0
24647,2,ISO/IEC 16448 : 0 : 0 0
24647,3,ISO/IEC 16449 : 0 : 0 0
24647,4,ISO/IEC 17592 : 0 : 0 0
24647,5,ISO/IEC 17342 : 0 : 0 0
24647,6,ISO/IEC 23912 : 0 : 0 0
24647,7,ISO/IEC 12862 : 0 : 0 0
24647,8,ISO/IEC 13170 : 0 : 0 0
24647,9,ISO/IEC 25434 : 0 : 0 0
24647,10,ISO/IEC 17344 : 0 : 0 0
24647,11,ISO/IEC 17341 : 0 : 0 0
24647,12,ISO/IEC 26925 : 0 : 0 0
24647,13,ISO/IEC 29642 : 0 : 0 0
24647,14,ISO/IEC 30190 : 0 : 0 0
24647,15,ISO/IEC 30191 : 0 : 0 0
24647,16,ISO/IEC 30192 : 0 : 0 0
24647,17,ISO/IEC 30193 : 0 : 0 0
23625,1,ISO 6887 : 1 : 1999
23625,2,ISO 7218 : 2007
24929,1,ISO 19107 : 0 : 0 0
24929,2,ISO 19110 : 0 : 0 0
24929,3,ISO 19112 : 0 : 0 0
23314,1,ISO 19107 : 0 : 0 0
23314,2,ISO 19108 : 0 : 0 0
23314,3,ISO 19111 : 0 : 0 0
23314,4,ISO 19112 : 0 : 0 0
23314,5,ISO 19118 : 0 : 0 0
23313,1,ISO 19101 : 0 : 0 0
23313,2,ISO 19107 : 0 : 0 0
23313,3,ISO 19108 : 0 : 0 0
23313,4,ISO 19112 : 0 : 0 0
23312,1,ISO 19107 : 2003
23312,2,ISO 19108 : 2002
23312,3,ISO 19112 : 2003
23312,4,ISO 19115 : 1 : 2014
23312,5,ISO 19115 : 2 : 2009
23312,6,ISO 19123 : 2005
23312,7,ISO 19156 : 2011
23312,8,ISO 19157 : 2013
23312,9,ISO/IEC 19505 : 2 : 2012
23050,1,ISO 261 : 1973
23050,2,ISO 3799 : 1976
23051,1,ISO 34 : 1 : 2010
23051,2,ISO 37 : 2005
23051,3,ISO 188 : 2011
23051,4,ISO 815 : 1 : 2008
23051,5,ISO 1431 : 1 : 2004
23051,6,ISO 7619 : 1 : 2010
23053,1,0 0 : 0 : 0 0
23175,1,0 0 : 0 : 0 0
27533,1,ISO 48 : 1994
27533,2,ISO 6508 : 1 : 2005
23186,1,ISO 48 : 1994
23186,2,EN 3 : 2004
23186,3,ASTM 53 : 0 : 0 0
23201,1,ISO 48 : 1994
23201,2,ISO 6508 : 1 : 2005
23245,1,ISO 48 : 2010
23245,2,ISO 6508 : 1 : 2005
23539,1,0 0 : 0 : 0 0
23626,1,ISO 6887 : 1 : 1999
23626,2,ISO 7218 : 2007
31633,1,0 0 : 0 : 0 0
23188,1,0 0 : 0 : 0 0
23217,1,0 0 : 0 : 0 0
31946,1,0 0 : 0 : 0 0
23218,1,ISO 8791 : 2 : 2013
23218,2,ISO 0 : 0 : 0 0
25060,1,0 0 : 0 : 0 0
23627,1,ISO 7218 : 2007
23627,2,ISO 20838 : 2006
23627,3,ISO 22174 : 2005
23052,1,IEC 60079 : 10 : 1
23341,1,ISO/TR 16178 : 2012
66642,1,ISO/TR 16178 : 2012
23095,1,ISO 639 : 2 : 1998
23095,2,ISO 3002 : 3 : 1984
23095,3,ISO 10303 : 41 : 2005
23095,4,ISO 10303 : 42 : 2003
23095,5,ISO 10303 : 43 : 2011
23095,6,ISO 10303 : 44 : 2014
23095,7,ISO 10303 : 45 : 2008
23095,8,ISO 10303 : 46 : 1994
23095,9,ISO 10303 : 47 : 2014
23095,10,ISO 10303 : 56 : 2005
23095,11,ISO 10303 : 214 : 2010
23095,12,ISO 13584 : 26 : 2000
23095,13,ISO 13584 : 42 : 2010
23311,1,0 0 : 0 : 0 0
23128,1,IEC 61157 : 12 : 2007
23129,1,IEC 61157 : 8 : 2014
23220,1,ISO/TS 27687 : 2008
17675,1,0 0 : 0 : 0 0
24566,1,0 0 : 0 : 0 0
23221,1,ISO 591 : 1 : 0 0
17691,1,ISO/IEC 17000 : 0 : 0 0
23222,1,ISO/TS 80004 : 1 : 0 0
17692,1,ISO/IEC 17000 : 2004
28054,1,0 0 : 0 : 0 0
23223,1,0 0 : 0 : 0 0
33486,1,0 0 : 0 : 0 0
30712,1,0 0 : 0 : 0 0
17693,1,ISO/IEC 17000 : 2004
23375,1,ISO 6266 : 2013
23338,1,0 0 : 0 : 0 0
23338,2,ISO 24510 : 2007
23338,3,ISO 24511 : 2007
23416,1,0 0 : 0 : 0 0
33671,1,0 0 : 0 : 0 0
24266,1,IEC 60068 : 2 : 1 2007
24266,2,IEC 60068 : 2 : 2 2007
24266,3,IEC 60068 : 3 : 1 2011
24266,4,IEC 60068 : 2 : 78 2012
24266,5,IEC 60068 : 3 : 4 2001
24266,6,IEC 60068 : 2 : 47 2005
24266,7,IEC 60068 : 2 : 64 2008
24266,8,IEC 60068 : 3 : 8 2003
24266,9,IEC 60512 : 11 : 8 1995
24266,10,IEC 60721 : 2 : 5 1991
24266,11,IEC 60529 : 2013
24266,12,IEC 60068 : 2 : 18 2017
24266,13,IEC 60512 : 14 : 7 1997
24266,14,IEC 61000 : 2 : 1 1990
24266,15,IEC 60654 : 2 : 1992
24266,16,IEC 61000 : 4 : 11 2017
24266,17,IEC 61000 : 4 : 4 2012
24266,18,IEC 61000 : 4 : 5 2017
24266,19,IEC 61000 : 4 : 2 2008
24266,20,IEC 61000 : 4 : 3 2010
24266,21,IEC 61000 : 4 : 6 2013
24266,22,ISO 16750 : 2 : 2012
24266,23,ISO 7637 : 2 : 2011
24266,24,ISO 7637 : 3 : 2016
23299,1,0 0 : 0 : 0 0
17676,1,ISO 9000 : 2000
17676,2,ISO/IEC 17000 : 2004
23475,1,ISO/IEC 17000 : 2004
24838,1,IEC 60309 : 4 : 2006
24838,2,IEC 61851 : 23 : 2014
23332,1,ISO 15118 : 1 : 2013
23332,2,IEC 61439 : 7 : 2014
23332,3,IEC 61851 : 24 : 2013
23332,4,IEC 62335 : 2008
23332,5,IEC 62752 : 2016
23332,6,IEC 62196 : 1 : 2014
23332,7,IEC 62196 : 2 : 2016
23332,8,IEC 62196 : 3 : 2014
23332,9,IEC 61851 : 23 : 2014
23332,10,ISO 0 : 0 : 0 0
23332,11,IEC 61316 : 1999
23332,12,IEC 61558 : 2 : 4 2009
23332,13,IEC 61558 : 2 : 4 2009
23332,14,IEC 61180 : 2016
23332,15,IEC 62262 : 2002
24880,1,IEC 60309 : 4 : 2006
24880,2,IEC 61851 : 23 : 2014
26554,1,ISO 11898 : 1 : 2003
26554,2,ISO 11898 : 2 : 2003
26554,3,ISO 15118 : 1 : 0 0
26554,4,ISO 15118 : 2 : 0 0
26554,5,ISO 15118 : 3 : 0 0
24309,1,IEC 61000 : 3 : 11 2000
24309,2,IEC 61000 : 3 : 12 2011
24309,3,ISO 8713 : 2012
24309,4,ISO 7637 : 2 : 2011
24309,5,ISO 11451 : 1 : 2015
24309,6,ISO 11451 : 2 : 2015
24309,7,ISO 11452 : 1 : 2015
24309,8,ISO 11452 : 2 : 2004
24309,9,ISO 11452 : 4 : 2011
24310,1,IEC 61000 : 3 : 11 2000
24310,2,IEC 61000 : 3 : 12 2011
24310,3,IEC 61000 : 6 : 4 2006
24310,4,IEC 61851 : 23 : 2014
24818,1,IEC 60309 : 4 : 2006
24818,2,IEC 61851 : 23 : 2014
23333,1,IEC 62253 : 2011
23333,2,IEC 60068 : 2 : 6 2007
23333,3,IEC 60068 : 2 : 30 2005
27632,1,IEC 62253 : 2011
27632,2,IEC 60068 : 2 : 6 2007
27632,3,IEC 60068 : 2 : 30 2005
17842,1,ISO/IEC 17000 : 0 : 0 0
23560,1,ISO/IEC 17021 : 1 : 2015
23560,2,ISO 45001 : 2018
23561,1,ISO/IEC 17021 : 1 : 2015
23561,2,ISO 37001 : 2016
17677,1,ISO 9000 : 2005
17677,2,ISO 19011 : 2002
17677,3,ISO/IEC 17000 : 2004
23322,1,ISO 3405 : 2011
23322,2,ISO 12185 : 1996
23322,3,ISO 22854 : 2016
23322,4,EN 1601 : 2014
23322,5,ISO 13016 : 1 : 2007
23322,6,EN 13132 : 2000
23322,7,ASTM 86 : 2017
23322,8,ASTM 130 : 2012
23322,9,ASTM 381 : 2012
23322,10,ASTM 525 : 2012
23322,11,ASTM 1298 : 2012
23322,12,ASTM 1319 : 2015
23322,13,ASTM 2622 : 2016
23322,14,ASTM 2699 : 2016
23322,15,ASTM 2700 : 2016
23322,16,ASTM 3120 : 2008
23322,17,ASTM 3237 : 2017
23322,18,ASTM 3606 : 2017
23322,19,ASTM 4052 : 2016
23322,20,ASTM 4815 : 2015
23322,21,ASTM 4953 : 2015
23322,22,ASTM 5059 : 2014
23322,23,ASTM 5191 : 2015
23322,24,ASTM 5453 : 2016
23322,25,ASTM 5580 : 2015
23322,26,ASTM 6277 : 2007
23322,27,ASTM 6730 : 2001
23322,28,ASTM 6839 : 2018
23322,29,ASTM 7039 : 2015
23322,30,ASTM 7220 : 2012
23322,31,ISO 0 : 0 : 0 0
23331,1,ISO 3405 : 2011
23331,2,ISO 12185 : 1996
23331,3,ISO 22854 : 2016
23331,4,EN 1601 : 2014
23331,5,ISO 13016 : 1 : 2007
23331,6,EN 13132 : 2000
23331,7,ASTM 86 : 2017
23331,8,ASTM 130 : 2012
23331,9,ASTM 381 : 2012
23331,10,ASTM 525 : 2012
23331,11,ASTM 1298 : 2012
23331,12,ASTM 1319 : 2015
23331,13,ASTM 2622 : 2016
23331,14,ASTM 2699 : 2016
23331,15,ASTM 2700 : 2016
23331,16,ASTM 3120 : 2008
23331,17,ASTM 3237 : 2017
23331,18,ASTM 3606 : 2017
23331,19,ASTM 4052 : 2016
23331,20,ASTM 4815 : 2015
23331,21,ASTM 4953 : 2015
23331,22,ASTM 5059 : 2014
23331,23,ASTM 5191 : 2015
23331,24,ASTM 5453 : 2016
23331,25,ASTM 5580 : 2015
23331,26,ASTM 6277 : 2007
23331,27,ASTM 6730 : 2001
23331,28,ASTM 6839 : 2018
23331,29,ASTM 7039 : 2015
23331,30,ASTM 7220 : 2012
23331,31,ISO 0 : 0 : 0 0
25190,1,ISO/IEC 17021 : 1 : 2015
25190,2,ISO 17021 : 2 : 2012
25190,3,ISO 17021 : 4 : 2013
25190,4,ISO 17021 : 5 : 2014
25190,5,ISO 17021 : 6 : 2014
25190,6,ISO 17021 : 7 : 2014
25748,1,ISO/TR 44000 : 0 : 0 0
25748,2,ISO 44001 : 2017
25776,1,ISO 37100 : 0 : 0 0
25776,2,ISO 37101 : 2016
25780,1,ISO 41001 : 2018
25780,2,ISO 41011 : 0 : 0 0
25780,3,ISO 41012 : 0 : 0 0
23257,1,ISO/IEC 17021 : 1 : 2015
23257,2,ISO 17021 : 2 : 2012
23257,3,ISO 17021 : 4 : 2013
23257,4,ISO 17021 : 5 : 2014
23257,5,ISO 17021 : 6 : 2014
23257,6,ISO 17021 : 7 : 2014
23258,1,ISO/IEC 17021 : 1 : 2015
23258,2,ISO 17021 : 2 : 2012
23258,3,ISO 17021 : 3 : 2013
23258,4,ISO 17021 : 5 : 2014
23258,5,ISO 17021 : 6 : 2014
23258,6,ISO 17021 : 7 : 2014
23258,7,ISO 20121 : 2012
23260,1,ISO/IEC 17000 : 2004
23260,2,ISO 17021 : 1 : 2015
23260,3,ISO 17021 : 2 : 2012
23260,4,ISO 17021 : 3 : 2013
23260,5,ISO 17021 : 4 : 2013
23260,6,ISO 17021 : 6 : 2014
23260,7,ISO 17021 : 7 : 2014
23260,8,ISO 55000 : 2014
23260,9,ISO 55001 : 2014
23260,10,ISO 55002 : 2014
23013,1,ISO 9000 : 2015
23559,1,ISO 64 : 2008
23262,1,ISO/IEC 17000 : 2004
23262,2,ISO 17021 : 1 : 2015
23510,1,ISO 0 : 0 : 0 0
23510,2,ISO 468 : 0 : 0 0
23510,3,ISO 513 : 0 : 0 0
23510,4,ISO 0 : 3 : 0 0
23510,5,ISO 1641 : 1 : 0 0
23510,6,ISO 2854 : 0 : 0 0
23510,7,ISO 3685 : 0 : 0 0
23510,8,ISO 4957 : 0 : 0 0
17679,1,ISO 9001 : 2015
17679,2,ISO 17000 : 2004
23511,1,EN 1070 : 0 : 0 0
23511,2,ISO 3855 : 0 : 0 0
23263,1,ISO/IEC 17000 : 2004
23263,2,ISO 17065 : 2012
23263,3,ISO 17067 : 2013
23264,1,0 0 : 0 : 0 0
24614,1,0 0 : 0 : 0 0
31333,1,0 0 : 0 : 0 0
24284,1,0 0 : 0 : 0 0
25832,1,0 0 : 0 : 0 0
23550,1,0 0 : 0 : 0 0
23568,1,EN 50160 : 2010
23568,2,IEC 61000 : 2 : 2 2002
23568,3,IEC 61000 : 2 : 8 2002
23568,4,IEC 61000 : 4 : 30 2015
23578,1,IEC 60050 : 195 : 1998
23578,2,IEC 60245 : 0 : 0 0
23578,3,IEC 60245 : 4 : 1994
66701,1,IEC 60050 : 195 : 1998
66701,2,IEC 60245 : 0 : 0 0
66701,3,IEC 60245 : 4 : 1994
17680,1,ISO/IEC 17000 : 2004
24930,1,ISO/IEC 24765 : 2010
24930,2,ISO/IEC 0 : 2002
24930,3,ISO/IEC 18044 : 2004
23566,1,ISO 3675 : 1998
23566,2,ISO 12185 : 1996
23566,3,ISO 22241 : 1 : 2006
23566,4,ISO 1070 : 1992
23566,5,ISO 4259 : 1 : 2017
23566,6,ISO 4259 : 2 : 2017
23594,1,ISO 22241 : 1 : 2006
23594,2,ISO 22241 : 2 : 2006
25531,1,ISO 12185 : 1 : 0 0
25531,2,ISO 3696 : 0 : 0 0
23758,1,ISO 12185 : 1 : 0 0
23758,2,ISO 3696 : 0 : 0 0
23759,1,ISO 22241 : 3 : 2017
23629,1,ISO 0 : 0 : 0 0
23629,2,ISO 468 : 0 : 0 0
23629,3,ISO 513 : 0 : 0 0
23629,4,ISO 0 : 3 : 0 0
23629,5,ISO 2854 : 0 : 0 0
23629,6,ISO 3685 : 0 : 0 0
23590,1,BSI 7655 : 6 : 1997
23590,2,BSI 7655 : 8 : 2000
23590,3,IEC 60092 : 360 : 2014
23590,4,IEC 60684 : 2 : 2011
23489,1,ASTM 0 : 2016
23489,2,ASTM 0 : 2011
23489,3,ASTM 0 : 2017
23489,4,ASTM 0 : 2016
23489,5,ASTM 0 : 2010
23489,6,ASTM 0 : 2015
23650,1,IEC 60050 : 826 : 1982
23650,2,IEC 60068 : 2 : 75 1997
29029,1,IEC 60050 : 826 : 1982
29029,2,IEC 60068 : 2 : 75 1997
23784,1,ASTM 0 : 2009
23793,1,ASTM 0 : 2009
28524,1,IEC 60050 : 826 : 0 0
28524,2,IEC 62271 : 4 : 2013
23805,1,IEC 60050 : 826 : 0 0
23805,2,IEC 62271 : 4 : 2013
23903,1,ISO 385 : 2005
23903,2,ISO 607 : 1980
23903,3,ISO 1042 : 1998
23903,4,ISO 3696 : 1987
23903,5,ISO 2271 : 1989
23905,1,ISO 385 : 2005
23905,2,ISO 1042 : 1998
23905,3,ISO 607 : 1980
23905,4,ISO 2271 : 1989
25434,1,ISO 7132 : 0 : 0 0
25434,2,ISO 10268 : 0 : 0 0
23707,1,ISO 3449 : 2005
23707,2,ISO 3450 : 2011
23708,1,ISO 2330 : 2002
23708,2,ISO 6016 : 2008
23708,3,ISO 14397 : 2007
23709,1,ISO 6683 : 2005
23709,2,ISO 0 : 0 : 0 0
23966,1,0 0 : 0 : 0 0
23978,1,0 0 : 0 : 0 0
23979,1,ISO 7136 : 0 : 0 0
23979,2,ISO 7597 : 0 : 0 0
23979,3,ISO 8813 : 0 : 0 0
23979,4,ISO 16625 : 0 : 0 0
23979,5,ISO 19472 : 0 : 0 0
23980,1,ISO 13539 : 1998
23981,1,ISO 15219 : 0 : 0 0
23982,1,ISO 3744 : 0 : 0 0
23982,2,ISO 11201 : 0 : 0 0
23982,3,ISO 20643 : 0 : 0 0
23996,1,ISO 14397 : 0 : 0 0
23997,1,ISO 7132 : 0 : 0 0
23997,2,ISO 10268 : 0 : 0 0
23998,1,ISO 10268 : 0 : 0 0
24004,1,ISO 19472 : 0 : 0 0
23814,1,ISO 282 : 1992
24504,1,0 0 : 0 : 0 0
23772,1,ASTM 51261 : 2013
23772,2,ASTM 52628 : 2013
23772,3,ASTM 52701 : 2013
23772,4,ASTM 51026 : 2015
23772,5,ASTM 51275 : 2013
23772,6,ASTM 51310 : 2004
23772,7,ASTM 51539 : 2017
23772,8,ASTM 51607 : 2013
23772,9,ASTM 51707 : 2015
23772,10,ASTM 51936 : 2016
23772,11,ASTM 52116 : 2013
23772,12,ISO 52116 : 2015
27654,1,ISO 14470 : 0 : 0 0
27654,2,ASTM 0 : 0 : 0 0
27654,3,ASTM 0 : 0 : 0 0
27654,4,ASTM 0 : 0 : 0 0
27654,5,ISO 51026 : 0 : 0 0
27654,6,ISO 51205 : 0 : 0 0
27654,7,ISO 51275 : 0 : 0 0
27654,8,ISO 51276 : 0 : 0 0
27654,9,ISO 51310 : 0 : 0 0
27654,10,ISO 51401 : 0 : 0 0
27654,11,ISO 51538 : 0 : 0 0
27654,12,ISO 51540 : 0 : 0 0
27654,13,ISO 51607 : 0 : 0 0
27654,14,ISO 51608 : 0 : 0 0
27654,15,ISO 51631 : 0 : 0 0
27654,16,ISO 51649 : 0 : 0 0
27654,17,ISO 51650 : 0 : 0 0
27654,18,ISO 51707 : 0 : 0 0
27654,19,ISO 51900 : 0 : 0 0
27654,20,ISO 51940 : 0 : 0 0
27654,21,ISO 51956 : 0 : 0 0
27654,22,ISO 52116 : 0 : 0 0
27654,23,ISO 52303 : 0 : 0 0
27654,24,ISO 0 : 0 : 0 0
23887,1,ISO 14470 : 0 : 0 0
23887,2,ASTM 0 : 0 : 0 0
23887,3,ASTM 0 : 0 : 0 0
23887,4,ASTM 0 : 0 : 0 0
23887,5,ISO 51026 : 0 : 0 0
23887,6,ISO 51205 : 0 : 0 0
23887,7,ISO 51275 : 0 : 0 0
23887,8,ISO 51276 : 0 : 0 0
23887,9,ISO 51310 : 0 : 0 0
23887,10,ISO 51401 : 0 : 0 0
23887,11,ISO 51538 : 0 : 0 0
23887,12,ISO 51540 : 0 : 0 0
23887,13,ISO 51607 : 0 : 0 0
23887,14,ISO 51608 : 0 : 0 0
23887,15,ISO 51631 : 0 : 0 0
23887,16,ISO 51649 : 0 : 0 0
23887,17,ISO 51650 : 0 : 0 0
23887,18,ISO 51707 : 0 : 0 0
23887,19,ISO 51900 : 0 : 0 0
23887,20,ISO 51940 : 0 : 0 0
23887,21,ISO 51956 : 0 : 0 0
23887,22,ISO 52116 : 0 : 0 0
23887,23,ISO 52303 : 0 : 0 0
23887,24,ISO 0 : 0 : 0 0
23815,1,ASTM 51261 : 2013
23815,2,ASTM 52628 : 2013
23815,3,ASTM 0 : 2017
23815,4,ASTM 0 : 2008
23815,5,ASTM 0 : 1995
23815,6,ASTM 0 : 2015
23815,7,ASTM 51205 : 2017
23815,8,ASTM 51707 : 2017
23974,1,IEC 61649 : 2008
23974,2,IEC 61810 : 1 : 2008
23794,1,IEC 60068 : 2 : 7 1994
23794,2,IEC 60364 : 4 : 44 2007
23794,3,IEC 60417 : 0 : 0 0
23794,4,IEC 60664 : 5 : 2007
23794,5,IEC 60695 : 2 : 10 2013
23794,6,IEC 60695 : 2 : 11 2000
23794,7,IEC 60695 : 2 : 12 2010
23794,8,IEC 60695 : 2 : 13 2010
23794,9,IEC 60695 : 10 : 2 2003
23794,10,IEC 60999 : 1 : 1999
23794,11,IEC 61210 : 2010
23794,12,IEC 61760 : 1 : 2006
23794,13,IEC 61984 : 2008
23806,1,IEC 61810 : 1 : 2015
23806,2,IEC 61810 : 2 : 2017
23806,3,IEC 61810 : 3 : 0 0
23806,4,IEC 13849 : 1 : 2006
23806,5,ISO 0 : 0 : 0 0
23795,1,IEC 60068 : 2 : 17 1994
23795,2,IEC 60068 : 2 : 8 2004
23795,3,IEC 60068 : 2 : 58 2004
23795,4,IEC 61810 : 1 : 2008
23795,5,IEC 61810 : 2 : 2011
23795,6,IEC 61810 : 7 : 2006
23720,1,IEC 60068 : 2 : 78
23816,1,IEC 60364 : 6 : 0 0
23816,2,IEC 61850 : 90 : 7
23816,3,IEC 61936 : 1 : 0 0
26457,1,IEC 60068 : 2 : 52
26457,2,IEC 60364 : 4 : 41
26457,3,IEC 60364 : 4 : 43
26457,4,IEC 60364 : 4 : 44
26457,5,IEC 60364 : 5 : 571
26457,6,IEC 60364 : 6 : 0 0
26457,7,IEC 61000 : 1 : 2
26457,8,IEC 61000 : 6 : 7
26457,9,IEC 61660 : 1 : 0 0
26457,10,IEC 61660 : 2 : 0 0
26457,11,IEC 61882 : 0 : 0 0
26457,12,IEC 61936 : 1 : 0 0
26457,13,IEC 63115 : 2 : 6
26457,14,IEC 62984 : 2 : 5
23721,1,0 0 : 0 : 0 0
23011,1,ISO/IEC 17000 : 2004
23011,2,ISO 17065 : 2012
23819,1,CEN 584 : 1 : 2006
23819,2,CEN 14096 : 2 : 2003
23820,1,CEN 444 : 1994
23820,2,CEN 1435 : 1997
23820,3,CEN 12681 : 1997
23820,4,CEN 14096 : 1 : 2003
23820,5,ISO 5579 : 2013
23886,1,ISO 6133 : 2015
31861,1,ISO 6133 : 2015
23883,1,ISO 16532 : 1 : 2008
29227,1,0 0 : 0 : 0 0
23904,1,0 0 : 0 : 0 0
23750,1,ISO 24153 : 2009
23750,2,ISO 3675 : 1998
23752,1,ISO 2160 : 1998
23752,2,ISO 3675 : 1998
23752,3,ISO 3837 : 1993
23752,4,ISO 5163 : 2005
23752,5,ISO 7536 : 1994
23752,6,ISO 6246 : 1995
23752,7,ISO 3007 : 1999
23818,1,ISO 1043 : 1 : 2011
23818,2,ISO 1043 : 2 : 2011
27586,1,ISO 1043 : 1 : 2011
27586,2,ISO 1043 : 2 : 2011
24817,1,ISO 179 : 2 : 1997
24817,2,ISO 899 : 1 : 2017
24817,3,ISO 1133 : 1 : 2011
24817,4,ISO 2561 : 2012
24817,5,ISO 4581 : 1994
24817,6,ISO 8256 : 2004
24817,7,ISO 10350 : 1 : 2017
24817,8,ISO 11357 : 1 : 2016
24817,9,ISO 11357 : 2 : 2013
24817,10,ISO 20753 : 2018
24817,11,IEC 60243 : 1 : 2013
24817,12,IEC 62631 : 2 : 1 2018
24817,13,IEC 60296 : 2012
24817,14,IEC 60695 : 11 : 10 2013
24817,15,IEC 62631 : 3 : 1 2016
24817,16,IEC 62631 : 3 : 2 2015
23823,1,ISO 719 : 1985
23823,2,ISO 1769 : 1975
23823,3,ISO 0 : 0 : 0 0
23823,4,ISO 3534 : 0 : 0 0
23823,5,ISO 8417 : 0 : 0 0
23754,1,ISO 3014 : 1993
23754,2,ISO 3170 : 2004
23754,3,ISO 4259 : 2006
23754,4,ISO 4260 : 1987
23754,5,ISO 4406 : 2017
23754,6,ISO 6297 : 1997
23754,7,ISO 8754 : 2003
23754,8,ISO 12185 : 1996
23754,9,ISO 14596 : 2007
23754,10,ASTM 0 : 2016
23754,11,ASTM 0 : 2017
23754,12,ASTM 0 : 2015
23754,13,ASTM 0 : 2017
23754,14,ASTM 0 : 2018
23754,15,ASTM 0 : 2017
23754,16,ASTM 0 : 2016
23754,17,ASTM 0 : 2016
23754,18,ASTM 0 : 2018
23754,19,ASTM 0 : 2008
23754,20,ASTM 0 : 2016
23754,21,ASTM 0 : 2018
23754,22,ASTM 0 : 2004
23754,23,ASTM 0 : 2016
23754,24,ASTM 0 : 2018
23754,25,ASTM 0 : 2004
23754,26,ASTM 0 : 2012
23754,27,ASTM 0 : 2016
23754,28,ASTM 0 : 2016
23754,29,ASTM 0 : 2012
23754,30,ASTM 0 : 2015
23754,31,ASTM 0 : 2015
23754,32,ISO 0 : 0 : 0 0
24268,1,0 0 : 0 : 0 0
33749,1,0 0 : 0 : 0 0
23924,1,IEC 60027 : 0 : 0 0
23925,1,IEC 61175 : 1993
23935,1,IEC 60027 : 0 : 0 0
17600,1,ISO 472 : 2013
17600,2,ISO 11269 : 2 : 2012
17600,3,ISO 14851 : 2019
17600,4,ISO 14852 : 2021
17600,5,ISO 14855 : 1 : 2012
17600,6,ISO 14855 : 2 : 2018
17600,7,ISO 16929 : 2019
17600,8,ISO 17556 : 2019
17600,9,ISO 11268 : 1 : 2012
17600,10,ISO 11268 : 2 : 2012
17600,11,ISO 15685 : 2012
17600,12,EN 14582 : 2016
27377,1,ISO 472 : 2013
27377,2,ISO 11269 : 2 : 2012
27377,3,ISO 14851 : 2019
27377,4,ISO 14852 : 2021
27377,5,ISO 14855 : 1 : 2012
27377,6,ISO 14855 : 2 : 2018
27377,7,ISO 16929 : 2019
27377,8,ISO 17556 : 2019
27377,9,ISO 11268 : 1 : 2012
27377,10,ISO 11268 : 2 : 2012
27377,11,ISO 15685 : 2012
27377,12,EN 14582 : 2016
8123,1,IEC 60252 : 1975
23355,1,ISO 17090 : 3 : 2008
23878,1,ISO 7590 : 0 : 0 0
23878,2,ISO 18573 : 0 : 0 0
29290,1,ISO 17090 : 3 : 2008
23504,1,ISO 17090 : 3 : 2008
23879,1,ISO 16030 : 0 : 0 0
28790,1,ISO 16030 : 0 : 0 0
65823,1,0 0 : 0 : 0 0
23899,1,0 0 : 0 : 0 0
23884,1,ISO 3696 : 1987
23884,2,ISO 8655 : 1 : 2002
23884,3,ISO 8655 : 6 : 2002
23917,1,0 0 : 0 : 0 0
23927,1,0 0 : 0 : 0 0
23956,1,0 0 : 0 : 0 0
23936,1,0 0 : 0 : 0 0
23975,1,0 0 : 0 : 0 0
26562,1,0 0 : 0 : 0 0
23937,1,0 0 : 0 : 0 0
24017,1,ISO 7933 : 0 : 0 0
31334,1,ISO 13731 : 0 : 0 0
24018,1,ISO 13731 : 0 : 0 0
24019,1,ISO 7730 : 0 : 0 0
24019,2,ISO 8996 : 0 : 0 0
24019,3,ISO 9612 : 0 : 0 0
24019,4,ISO 9920 : 0 : 0 0
24019,5,ISO 13731 : 0 : 0 0
24019,6,ISO 15265 : 0 : 0 0
24019,7,CIE 69 : 0 : 0 0
27085,1,IEC 61508 : 1 : 2010
27085,2,IEC 61508 : 2 : 0 0
27085,3,IEC 61508 : 3 : 0 0
27085,4,IEC 61508 : 4 : 0 0
27085,5,IEC 61508 : 5 : 0 0
27085,6,IEC 62061 : 0 : 0 0
27086,1,0 0 : 0 : 0 0
23976,1,ISO 4885 : 2018
23976,2,ISO 23825 : 2020
23976,3,ISO 4885 : 2018
23976,4,ISO 23825 : 2020
33788,1,ISO 4885 : 2018
33788,2,ISO 23825 : 2020
33788,3,ISO 4885 : 2018
33788,4,ISO 23825 : 2020
24190,1,ISO 6887 : 1 : 2017
24190,2,ISO 6887 : 2 : 2017
24190,3,ISO 6887 : 3 : 2017
24190,4,ISO 6887 : 4 : 2017
24190,5,ISO 6887 : 5 : 2010
24190,6,ISO 6887 : 6 : 2013
24190,7,ISO 11133 : 2014
24191,1,ISO 6887 : 1 : 2017
24191,2,ISO 6887 : 2 : 2017
24191,3,ISO 6887 : 3 : 2017
24191,4,ISO 6887 : 4 : 2017
24191,5,ISO 6887 : 5 : 2010
24191,6,ISO 6887 : 6 : 2013
24191,7,ISO 11133 : 2014
24191,8,ISO 18593 : 2017
24147,1,ISO 16140 : 1 : 2016
24148,1,0 0 : 0 : 0 0
27497,1,ISO 6887 : 1 : 2017
27497,2,ISO 6887 : 2 : 2003
27497,3,ISO 6887 : 3 : 2017
27497,4,ISO 6887 : 4 : 2017
27497,5,ISO 6887 : 5 : 2020
27497,6,ISO 6887 : 6 : 2013
27497,7,ISO 7218 : 2007
27497,8,ISO 16140 : 1 : 2016
24021,1,ISO 251 : 2012
24021,2,ISO 15147 : 2012
24021,3,ISO 21183 : 1 : 2005
24071,1,ISO 2439 : 2008
242,1,ISO 1087 : 1 : 0 0
242,2,ISO 2382 : 2 : 0 0
242,3,ISO 2382 : 4 : 0 0
242,4,ISO 17117 : 0 : 0 0
242,5,other 12264 : 0 : 0 0
23957,1,ASTM 0 : 2011
27535,1,EN 13528 : 2 : 0 0
27536,1,EN 12341 : 0 : 0 0
24022,1,ISO 16000 : 1 : 1004
24023,1,IEC 60068 : 3 : 4 2001
24023,2,IEC 60384 : 14 : 2013
24023,3,IEC 60695 : 2 : 10 2000
24023,4,IEC 60695 : 2 : 11 2000
24023,5,IEC 61534 : 1 : 2003
24023,6,IEC 0 : 0 : 0 0
28175,1,ISO 17375 : 2006
8127,1,ISO 17375 : 2006
66502,1,IEC 0 : 0 : 0 0
24029,1,IEC 0 : 0 : 0 0
23958,1,IEC 60384 : 14 : 1993
23958,2,IEC 60998 : 2 : 2 1991
23958,3,IEC 60947 : 5 : 4 1996
23958,4,IEC 61210 : 1993
24135,1,0 0 : 0 : 0 0
24136,1,IEC 60050 : 441 : 1984
24136,2,IEC 60146 : 1 : 2 1991
24136,3,IEC 60146 : 1 : 3 1991
24136,4,IEC 60721 : 3 : 1 1987
24136,5,IEC 61000 : 2 : 4 1994
24136,6,IEC 61800 : 3 : 1996
24136,7,IEC 106 : 1989
33631,1,IEC 60050 : 441 : 1984
33631,2,IEC 60146 : 1 : 2 1991
33631,3,IEC 60146 : 1 : 3 1991
33631,4,IEC 60721 : 3 : 1 1987
33631,5,IEC 61000 : 2 : 4 1994
33631,6,IEC 61800 : 3 : 1996
33631,7,IEC 106 : 1989
24166,1,0 0 : 0 : 0 0
24167,1,0 0 : 0 : 0 0
30944,1,0 0 : 0 : 0 0
24072,1,ASTM 0 : 2018
24072,2,ASTM 0 : 2015
24072,3,ASTM 0 : 2017
25758,1,ISO 7401 : 2011
25758,2,ISO 7975 : 2006
25758,3,ISO 3881 : 1 : 1999
25758,4,ISO 3882 : 2 : 2002
25758,5,ISO/TR 8726 : 1988
25758,6,ISO 17288 : 1 : 2011
25758,7,ISO 17288 : 2 : 2011
25758,8,ISO 20119 : 2002
27783,1,ISO 17375 : 2006
8128,1,ISO 17375 : 2006
24073,1,0 0 : 0 : 0 0
24074,1,ISO 6310 : 2009
24074,2,ISO 6312 : 2010
24074,3,ISO 6313 : 1980
24074,4,ISO 2039 : 1987
24074,5,AIS 7 : 2015
24074,6,AIS 151 : 2018
24074,7,AIS 150 : 2018
33316,1,ISO 6310 : 2009
33316,2,ISO 6312 : 2010
33316,3,ISO 6313 : 1980
33316,4,ISO 2039 : 1987
33316,5,AIS 7 : 2015
33316,6,AIS 151 : 2018
33316,7,AIS 150 : 2018
24075,1,ISO 1043 : 1 : 0 0
24075,2,ISO 1629 : 0 : 0 0
33861,1,ISO 1043 : 1 : 0 0
33861,2,ISO 1629 : 0 : 0 0
24339,1,ISO 4512 : 2000
66862,1,ISO 4266 : 5 : 2002
66862,2,ISO 0 : 0 : 0 0
24506,1,ISO 4266 : 2 : 2002
24506,2,ISO 1998 : 0 : 0 0
24506,3,ISO 4512 : 2000
24506,4,ISO 8697 : 1999
26591,1,ISO 4266 : 5 : 2002
26591,2,ISO 0 : 0 : 0 0
24076,1,0 0 : 0 : 0 0
29463,1,0 0 : 0 : 0 0
24043,1,0 0 : 0 : 0 0
24151,1,ISO/IEC 98 : 2012
24046,1,ISO/IEC 98 : 2008
24152,1,ISO 12110 : 1 : 2013
24045,1,ISO 12108 : 2013
24045,2,ISO 1099 : 2017
24045,3,ISO 12106 : 2017
24045,4,ISO 12107 : 2012
24045,5,ISO 23788 : 2012
28160,1,0 0 : 0 : 0 0
29464,1,0 0 : 0 : 0 0
24153,1,0 0 : 0 : 0 0
24044,1,0 0 : 0 : 0 0
33536,1,ISO 9169 : 0 : 0 0
33536,2,ISO 14956 : 0 : 0 0
24110,1,ISO 4225 : 1994
24110,2,ISO 6879 : 1983
24110,3,ISO 7504 : 1984
24110,4,ISO 9096 : 1992
24110,5,ISO 9169 : 1994
25142,1,ISO 9169 : 0 : 0 0
25142,2,ISO 14956 : 0 : 0 0
25143,1,ISO 9169 : 0 : 0 0
25143,2,ISO 14956 : 0 : 0 0
32066,1,ISO 14956 : 0 : 0 0
24154,1,ISO 14956 : 0 : 0 0
33672,1,ISO 9169 : 0 : 0 0
33672,2,ISO 14956 : 0 : 0 0
24111,1,ISO 3785 : 2006
29558,1,ISO 3785 : 2006
24118,1,0 0 : 0 : 0 0
24156,1,ISO 3448 : 0 : 0 0
24156,2,ISO 5893 : 0 : 0 0
24156,3,ISO/TR>ISO 11340 : 0 : 0 0
24156,4,ISO/TR>ISO 17165 : 2 : 0 0
24156,5,ISO 23529 : 0 : 0 0
8130,1,0 0 : 0 : 0 0
28390,1,0 0 : 0 : 0 0
24237,1,ISO 4885 : 0 : 0 0
24237,2,ISO/TR>ISO 8062 : 2 : 0 0
24240,1,0 0 : 0 : 0 0
24242,1,ISO 15519 : 1 : 0 0
24242,2,IEC 81714 : 0 : 0 0
24481,1,ISO 9022 : 1 : 0 0
24481,2,ISO 9022 : 8 : 0 0
24809,1,ISO 9022 : 1 : 0 0
24809,2,ISO 9022 : 2 : 0 0
24809,3,ISO 9022 : 3 : 0 0
24809,4,IEC 60068 : 2 : 47
24809,5,ISO 60068 : 2 : 64
24244,1,0 0 : 0 : 0 0
24895,1,ISO 9042 : 0 : 0 0
24895,2,ISO 16120 : 1 : 0 0
66098,1,0 0 : 0 : 0 0
24896,1,0 0 : 0 : 0 0
66388,1,0 0 : 0 : 0 0
24283,1,0 0 : 0 : 0 0
24269,1,0 0 : 0 : 0 0
24270,1,ISO 8601 : 2004
24169,1,ISO 2854 : 0 : 0 0
24169,2,ISO 5813 : 0 : 0 0
33231,1,ISO 2854 : 0 : 0 0
33231,2,ISO 5813 : 0 : 0 0
33236,1,ISO 2854 : 0 : 0 0
33236,2,ISO 5813 : 0 : 0 0
24783,1,0 0 : 0 : 0 0
24784,1,0 0 : 0 : 0 0
24785,1,0 0 : 0 : 0 0
24206,1,ISO 2084 : 1974
24207,1,0 0 : 0 : 0 0
24209,1,ISO 2408 : 2017
24209,2,ISO 3828 : 2008
24209,3,ISO 6482 : 2017
24271,1,ISO 8601 : 2004
24273,1,ISO 8601 : 2004
24274,1,ISO 8601 : 2004
24272,1,ISO 8601 : 2004
31722,1,ISO 7176 : 13 : 0 0
24312,1,ISO 10218 : 1 : 2011
24312,2,ISO 10218 : 2 : 2011
24312,3,ISO 12100 : 2010
24312,4,ISO 13850 : 2015
24312,5,ISO 13855 : 2010
27009,1,ISO 3308 : 2012
27009,2,ISO 3402 : 1999
27009,3,ISO 6565 : 2015
24214,1,ISO 3308 : 2012
24214,2,ISO 3402 : 1999
24214,3,ISO 6565 : 2015
24213,1,ISO 3308 : 2012
24213,2,ISO 3402 : 0 : 0 0
28625,1,ISO 3308 : 2012
28625,2,ISO 3402 : 0 : 0 0
24212,1,ISO 2971 : 0 : 0 0
24212,2,ISO 3402 : 0 : 0 0
24212,3,ISO 6488 : 0 : 0 0
24212,4,ISO 8243 : 1991
24215,1,ISO 4387 : 0 : 0 0
24215,2,ISO 8243 : 0 : 0 0
24216,1,0 0 : 0 : 0 0
24436,1,ISO 15636 : 0 : 0 0
24565,1,ISO 1179 : 2 : 0 0
24401,1,ISO 4892 : 3 : 2016
24306,1,EN 673 : 2011
24306,2,ASTM 1980 : 2011
24306,3,ISO 1950 : 2003
24439,1,ISO 630 : 1 : 0 0
29100,1,ISO 630 : 1 : 0 0
24442,1,ISO 185 : 0 : 0 0
27695,1,0 0 : 0 : 0 0
24457,1,0 0 : 0 : 0 0
24458,1,0 0 : 0 : 0 0
24461,1,ISO 4957 : 0 : 0 0
24275,1,ISO 2332 : 2009
24538,1,0 0 : 0 : 0 0
24348,1,IEC 60475 : 0 : 0 0
24347,1,IEC 156 : 1963
24347,2,IEC 270 : 1981
24347,3,IEC 897 : 1987
24347,4,IEC 5725 : 1986
24347,5,IEC 1072 : 1991
24576,1,ISO 841 : 0 : 0 0
24579,1,ISO 1217 : 0 : 0 0
24579,2,ISO 8778 : 0 : 0 0
24577,1,ISO/TR 14062 : 2002
24732,1,0 0 : 0 : 0 0
24582,1,ISO 3744 : 2010
24582,2,ISO 3746 : 2010
24582,3,ISO 9355 : 1 : 1999
24582,4,ISO 11202 : 2010
24582,5,ISO 11204 : 2010
24582,6,ISO 16156 : 2004
24582,7,IEC 60825 : 1 : 2014
24582,8,EN 614 : 1 : 2009
24582,9,EN 1005 : 1 : 2008
24582,10,EN 1005 : 2 : 2008
24582,11,EN 1005 : 3 : 0 0
24582,12,EN 1005 : 4 : 0 0
31701,1,ISO 3744 : 2010
31701,2,ISO 3746 : 2010
31701,3,ISO 9355 : 1 : 1999
31701,4,ISO 11202 : 2010
31701,5,ISO 11204 : 2010
31701,6,ISO 16156 : 2004
31701,7,IEC 60825 : 1 : 2014
31701,8,EN 614 : 1 : 2009
31701,9,EN 1005 : 1 : 2008
31701,10,EN 1005 : 2 : 2008
31701,11,EN 1005 : 3 : 0 0
31701,12,EN 1005 : 4 : 0 0
24583,1,ISO 9355 : 1 : 0 0
24583,2,ISO 638 : 1 : 0 0
24583,3,ISO 3744 : 0 : 0 0
24583,4,ISO 3746 : 2010
24583,5,ISO 4413 : 0 : 0 0
24583,6,ISO 4871 : 0 : 0 0
24583,7,ISO 9614 : 1 : 0 0
24583,8,ISO 11202 : 2010
24583,9,ISO 11204 : 2010
24583,10,ISO/TR 11688 : 1 : 0 0
24583,11,IEC 61000 : 6 : 4
24583,12,CEN 1037 : 1995
24583,13,CEN 1837 : 1999
24585,1,ISO 13372 : 0 : 0 0
24586,1,ISO 13372 : 0 : 0 0
24587,1,ISO 22514 : 3 : 2008
24587,2,ISO/TR 22514 : 4 : 2007
31148,1,ISO 22514 : 3 : 2008
31148,2,ISO/TR 22514 : 4 : 2007
24588,1,ISO 841 : 2001
24588,2,ISO 3744 : 2010
24588,3,ISO 3746 : 2010
24588,4,ISO 4413 : 2010
24588,5,ISO 4871 : 1996
24588,6,ISO 11202 : 2010
24588,7,ISO 11201 : 2010
24588,8,ISO/TR 11688 : 1 : 1995
24588,9,ISO 16156 : 2004
24588,10,IEC 60825 : 1 : 2007
24588,11,IEC 61000 : 6 : 4 2011
24588,12,IEC 618000 : 5 : 2 2007
24588,13,CEN 954 : 1 : 1996
24588,14,CEN 1837 : 1999
34121,1,ISO 3746 : 2010
34121,2,ISO 9355 : 1 : 1999
34121,3,ISO 9355 : 3 : 2006
34121,4,ISO 11201 : 2010
34121,5,ISO 11202 : 2010
34121,6,ISO/TR 11688 : 1 : 1995
34121,7,IEC 61000 : 6 : 4 2018
34121,8,EN 2 : 2019
34121,9,EN 54 : 1 : 2021
34121,10,EN 614 : 1 : 2006
34121,11,EN 614 : 2 : 2000
34121,12,EN 12198 : 1 : 2000
34121,13,EN 12198 : 1 : 2000
24685,1,ISO 3746 : 2010
24685,2,ISO 9355 : 1 : 1999
24685,3,ISO 9355 : 3 : 2006
24685,4,ISO 11201 : 2010
24685,5,ISO 11202 : 2010
24685,6,ISO/TR 11688 : 1 : 1995
24685,7,IEC 61000 : 6 : 4 2018
24685,8,EN 2 : 2019
24685,9,EN 54 : 1 : 2021
24685,10,EN 614 : 1 : 2006
24685,11,EN 614 : 2 : 2000
24685,12,EN 12198 : 1 : 2000
24685,13,EN 12198 : 1 : 2000
24466,1,ISO 1957 : 2000
24466,2,ISO 9405 : 2015
66813,1,ISO 1957 : 2000
66813,2,ISO 9405 : 2015
65846,1,ISO 15241 : 0 : 0 0
24455,1,ISO 15241 : 0 : 0 0
24410,1,ISO 385 : 2005
25827,1,ISO 12619 : 1 : 2017
25827,2,ISO 12619 : 2 : 2017
24686,1,ISO 6416 : 2017
25163,1,ISO 19234 : 2016
29814,1,ISO 16972 : 2015
24467,1,ISO/TS 16976 : 2 : 2015
24468,1,ISO 16900 : 5 : 2016
24468,2,ISO 16900 : 10 : 2015
24468,3,ISO 16972 : 2015
24469,1,ISO 16972 : 2010
24469,2,ISO 21748 : 2017
24470,1,ISO 16900 : 9 : 2015
24470,2,ISO 16900 : 12 : 2016
24470,3,ISO 16972 : 2010
24470,4,ISO 17420 : 3 : 2012
24470,5,ISO 16976 : 2 : 2010
24471,1,ISO 16972 : 2015
24508,1,ISO/TS 16976 : 2 : 2015
29628,1,ISO 16972 : 2015
24511,1,ISO 16972 : 2015
29660,1,ISO/TS 16976 : 2 : 2015
29661,1,ISO/TS 16976 : 2 : 2015
33614,1,ISO 105 : 0 : 0 0
33614,2,ISO 20344 : 0 : 0 0
33614,3,ISO 20345 : 0 : 0 0
33614,4,ISO 20346 : 0 : 0 0
24411,1,ISO 105 : 0 : 0 0
24411,2,ISO 20344 : 0 : 0 0
24411,3,ISO 20345 : 0 : 0 0
24411,4,ISO 20346 : 0 : 0 0
24456,1,ISO 20345 : 0 : 0 0
24456,2,ISO 20346 : 0 : 0 0
24456,3,ISO 10347 : 0 : 0 0
24590,1,ISO 4413 : 2010
24590,2,ISO 13732 : 1 : 2006
24590,3,ISO/TR 11688 : 1 : 0 0
24590,4,IEC 60947 : 5 : 8
24590,5,IEC 61496 : 3 : 0 0
26592,1,ISO 4413 : 2010
26592,2,IEC 60947 : 5 : 8
24597,1,0 0 : 0 : 0 0
24597,2,ISO 15093 : 2015
24597,3,ISO 15096 : 2014
24539,1,0 0 : 0 : 0 0
24540,1,0 0 : 0 : 0 0
24541,1,0 0 : 0 : 0 0
24542,1,0 0 : 0 : 0 0
24543,1,0 0 : 0 : 0 0
25157,1,ISO 4185 : 1991
25158,1,ISO 5168 : 2005
25159,1,ISO 8316 : 1987
25160,1,ISO 9368 : 0 : 0 0
21507,1,ISO 7 : 1 : 0 0
21507,2,ISO 7 : 2 : 0 0
21507,3,ISO 261 : 0 : 0 0
21507,4,ISO 965 : 2 : 0 0
21507,5,ISO 9606 : 1 : 0 0
21507,6,ISO 4032 : 0 : 0 0
21507,7,ISO 4033 : 0 : 0 0
21507,8,ISO 4034 : 0 : 0 0
21507,9,ISO 5208 : 0 : 0 0
21507,10,ISO 5209 : 0 : 0 0
21507,11,ISO 5752 : 0 : 0 0
21507,12,ISO 15156 : 1 : 0 0
21507,13,ISO 15156 : 2 : 0 0
21507,14,ISO 15156 : 3 : 0 0
21507,15,ISO 15607 : 0 : 0 0
21507,16,ISO 15609 : 1 : 0 0
21507,17,ISO 15610 : 0 : 0 0
21507,18,ISO 15614 : 1 : 0 0
21507,19,ISO 15614 : 2 : 0 0
21507,20,EN 1092 : 1 : 0 0
21507,21,EN 10269 : 0 : 0 0
21507,22,EN 12516 : 1 : 0 0
21507,23,EN 12982 : 0 : 0 0
21507,24,ASTM 0 : 0 : 0 0
27330,1,ISO 7 : 1 : 0 0
27330,2,ISO 7 : 2 : 0 0
27330,3,ISO 261 : 0 : 0 0
27330,4,ISO 965 : 2 : 0 0
27330,5,ISO 9606 : 1 : 0 0
27330,6,ISO 4032 : 0 : 0 0
27330,7,ISO 4033 : 0 : 0 0
27330,8,ISO 4034 : 0 : 0 0
27330,9,ISO 5208 : 0 : 0 0
27330,10,ISO 5209 : 0 : 0 0
27330,11,ISO 5752 : 0 : 0 0
27330,12,ISO 15156 : 1 : 0 0
27330,13,ISO 15156 : 2 : 0 0
27330,14,ISO 15156 : 3 : 0 0
27330,15,ISO 15607 : 0 : 0 0
27330,16,ISO 15609 : 1 : 0 0
27330,17,ISO 15610 : 0 : 0 0
27330,18,ISO 15614 : 1 : 0 0
27330,19,ISO 15614 : 2 : 0 0
27330,20,EN 1092 : 1 : 0 0
27330,21,EN 10269 : 0 : 0 0
27330,22,EN 12516 : 1 : 0 0
27330,23,EN 12982 : 0 : 0 0
27330,24,ASTM 0 : 0 : 0 0
25063,1,BSI 16480 : 2016
24544,1,ISO 2811 : 1 : 0 0
24544,2,ISO 15528 : 0 : 0 0
24486,1,EN 16143 : 2013
33238,1,ISO 472 : 2013
33238,2,ISO 1889 : 2009
33238,3,ISO 12154 : 2014
24545,1,ISO 472 : 2013
24545,2,ISO 1889 : 2009
24545,3,ISO 12154 : 2014
24610,1,ISO 1887 : 0 : 0 0
24610,2,ISO 3344 : 0 : 0 0
24610,3,ISO 10548 : 0 : 0 0
24546,1,ISO 1889 : 0 : 0 0
24546,2,ISO 2 : 0 : 0 0
33239,1,ISO 472 : 2013
33239,2,ISO 2 : 1973
33239,3,ISO 1139 : 1973
24547,1,ISO 472 : 2013
24547,2,ISO 2 : 1973
24547,3,ISO 1139 : 1973
24548,1,ISO 1889 : 0 : 0 0
25942,1,ISO 10650 : 0 : 0 0
24551,1,0 0 : 0 : 0 0
24564,1,0 0 : 0 : 0 0
24609,1,ISO 291 : 2008
24609,2,ISO 1675 : 2022
24609,3,ISO 10548 : 2002
33361,1,ISO 291 : 2008
33361,2,ISO 1675 : 2022
33361,3,ISO 10548 : 2002
24607,1,ISO 10618 : 0 : 0 0
24553,1,ISO 0 : 0 : 0 0
24608,1,ISO 10548 : 0 : 0 0
24608,2,ISO 10618 : 0 : 0 0
24608,3,ISO 11567 : 0 : 0 0
24556,1,ISO 5725 : 2 : 1994
24591,1,0 0 : 0 : 0 0
24868,1,0 0 : 0 : 0 0
24558,1,ISO 1762 : 2015
24733,1,ISO 7525 : 1985
24733,2,ISO 385 : 2005
24733,3,ISO 1042 : 1998
24734,1,ISO 7525 : 1985
24727,1,ISO 6352 : 1985
24746,1,ISO 3696 : 1995
24746,2,ISO 607 : 1980
24746,3,ISO 2271 : 1989
25616,1,0 0 : 0 : 0 0
24747,1,ISO 3696 : 1995
24747,2,ISO 607 : 1980
25667,1,ISO 9894 : 1996
25667,2,ISO 10980 : 0 : 0 0
25668,1,ISO 9894 : 0 : 0 0
25668,2,ISO 10980 : 0 : 0 0
25669,1,ISO 10980 : 0 : 0 0
25670,1,ISO 10980 : 1995
25672,1,0 0 : 0 : 0 0
25673,1,0 0 : 0 : 0 0
24966,1,IEC 62061 : 0 : 0 0
24966,2,ISO 12100 : 2010
24966,3,ISO 13855 : 2010
24966,4,ISO 13849 : 0 : 0 0
24748,1,ISO 105 : 2008
24749,1,ISO 105 : 2008
24624,1,ISO 14698 : 1 : 2003
32965,1,ISO 14698 : 1 : 2003
24649,1,0 0 : 0 : 0 0
24627,1,0 0 : 0 : 0 0
25759,1,IEC 0 : 0 : 0 0
25065,1,0 0 : 0 : 0 0
24672,1,ISO/IEC 10646 : 1 : 2000
24942,1,0 0 : 0 : 0 0
24840,1,IEC 60364 : 4 : 44 2007
24840,2,IEC 60998 : 2 : 3 2002
24840,3,IEC 60999 : 1 : 1999
24840,4,IEC 60999 : 2 : 2003
24840,5,IEC 61210 : 2010
24840,6,IEC 61210 : 0 : 0 0
24840,7,ISO 0 : 0 : 0 0
24841,1,0 0 : 0 : 0 0
24764,1,0 0 : 0 : 0 0
24728,1,ISO 811 : 2018
24728,2,ISO 11092 : 2014
24711,1,ISO 11737 : 1 : 2018
29825,1,0 0 : 0 : 0 0
18575,1,0 0 : 0 : 0 0
24729,1,ISO 11138 : 7 : 2019
24730,1,ISO 11138 : 7 : 2019
24731,1,ISO 11138 : 7 : 2019
24731,2,ISO 14698 : 1 : 2003
24731,3,ISO 14644 : 1 : 2015
24736,1,ISO 11737 : 1 : 2018
24751,1,EN 12226 : 0 : 0 0
25088,1,ISO 9902 : 4 : 2001
25088,2,ISO 11111 : 2 : 2005
25088,3,ISO 23771 : 2015
25089,1,ISO 9902 : 5 : 2001
25089,2,ISO 23771 : 2015
25090,1,ISO 9902 : 7 : 2001
25090,2,ISO 23771 : 2015
25090,3,EN 1539 : 2015
25090,4,EN 12198 : 1 : 2000
24700,1,ISO 9902 : 6 : 2018
24700,2,ISO 23771 : 2015
24712,1,ISO 9902 : 2 : 2001
24712,2,ISO 11111 : 7 : 2005
24712,3,ISO 23771 : 2015
24712,4,ISO/TR 14121 : 2 : 2012
24712,5,IEC 60447 : 2004
24712,6,IEC 61496 : 3 : 2018
24713,1,ISO 9902 : 6 : 2018
24713,2,ISO 23771 : 2015
25076,1,ISO 9902 : 7 : 2001
25076,2,ISO 23771 : 2015
25076,3,EN 1539 : 2015
25076,4,EN 12198 : 1 : 2000
25086,1,ISO 23771 : 2015
25086,2,EN 795 : 2012
25087,1,ISO 9902 : 2 : 2001
25087,2,ISO 9902 : 3 : 2001
25087,3,ISO 9902 : 6 : 2001
25087,4,ISO 9902 : 7 : 2001
25087,5,ISO 11111 : 2 : 2005
25087,6,ISO 11111 : 6 : 2005
25087,7,ISO 11111 : 7 : 2005
25087,8,ISO 23771 : 2015
25091,1,ISO 2544 : 1975
25091,2,ISO 3744 : 1994
25091,3,ISO 3746 : 1995
25091,4,ISO 3747 : 2000
25091,5,ISO 9614 : 1 : 1993
25091,6,ISO 9614 : 2 : 1996
25091,7,ISO 11201 : 1995
25092,1,ISO 3744 : 1994
25092,2,ISO 3746 : 1995
25092,3,ISO 3747 : 2000
25092,4,ISO 9614 : 1 : 1993
25092,5,ISO 9614 : 2 : 1996
25092,6,ISO 11201 : 1995
25092,7,ISO 11202 : 1995
25092,8,ISO 11204 : 1995
24967,1,ISO 2187 : 1990
24967,2,ISO 3744 : 1994
24967,3,ISO 3746 : 1995
24967,4,ISO 3747 : 2000
24967,5,ISO 9614 : 1 : 1993
24967,6,ISO 9614 : 2 : 1996
24967,7,ISO 11201 : 2010
24967,8,ISO 11202 : 2010
24967,9,ISO 11204 : 2010
24968,1,ISO 3744 : 1994
24968,2,ISO 3746 : 1995
24968,3,ISO 3747 : 2000
24968,4,ISO 9614 : 1 : 1993
24968,5,ISO 9614 : 2 : 1996
24968,6,ISO 11201 : 1995
24968,7,ISO 11202 : 1995
24968,8,ISO 11204 : 1995
24969,1,ISO 3743 : 1 : 1994
24969,2,ISO 3744 : 1994
24969,3,ISO 3746 : 1995
24969,4,ISO 3747 : 2000
24969,5,ISO 9614 : 1 : 1993
24969,6,ISO 9614 : 2 : 1996
24969,7,ISO 11201 : 1995
24969,8,ISO 11202 : 1995
24969,9,ISO 11203 : 1995
24969,10,ISO 11204 : 1995
24970,1,ISO 3744 : 1994
24970,2,ISO 3746 : 1995
24970,3,ISO 8188 : 2007
24970,4,ISO 9614 : 1 : 1993
24970,5,ISO 9614 : 2 : 1996
24970,6,ISO 11201 : 2010
24970,7,ISO 11202 : 2010
24970,8,ISO 11204 : 2010
24739,1,ISO 11111 : 1 : 2016
24739,2,ISO 11111 : 6 : 2005
24752,1,ISO 11111 : 1 : 2016
24752,2,ISO 11111 : 6 : 2005
25077,1,ISO 2544 : 1975
25077,2,ISO 3744 : 1994
25077,3,ISO 3746 : 1995
25077,4,ISO 3747 : 2000
25077,5,ISO 9614 : 1 : 1993
25077,6,ISO 9614 : 2 : 1996
25077,7,ISO 11201 : 1995
25078,1,ISO 3744 : 1994
25078,2,ISO 3746 : 1995
25078,3,ISO 3747 : 2000
25078,4,ISO 9614 : 1 : 1993
25078,5,ISO 9614 : 2 : 1996
25078,6,ISO 11201 : 1995
25078,7,ISO 11202 : 1995
25078,8,ISO 11204 : 1995
24753,1,ISO 3696 : 0 : 0 0
24753,2,EN 12226 : 0 : 0 0
33241,1,ISO 3696 : 0 : 0 0
33241,2,EN 12226 : 0 : 0 0
24754,1,0 0 : 0 : 0 0
24756,1,0 0 : 0 : 0 0
24757,1,0 0 : 0 : 0 0
24758,1,ISO 554 : 0 : 0 0
33251,1,ISO 554 : 0 : 0 0
28538,1,ASTM 0 : 2018
28538,2,ASTM 0 : 2015
28538,3,ASTM 0 : 2016
28538,4,ASTM 0 : 2015
28538,5,ASTM 0 : 2018
28538,6,ASTM 0 : 2018
28538,7,ASTM 0 : 2018
28538,8,ASTM 0 : 2016
24786,1,ASTM 0 : 2018
24786,2,ASTM 0 : 2015
24786,3,ASTM 0 : 2016
24786,4,ASTM 0 : 2015
24786,5,ASTM 0 : 2018
24786,6,ASTM 0 : 2018
24786,7,ASTM 0 : 2018
24786,8,ASTM 0 : 2016
24760,1,0 0 : 0 : 0 0
24761,1,0 0 : 0 : 0 0
25589,1,ISO/IEC 15417 : 0 : 0 0
25589,2,ISO/IEC 17020 : 0 : 0 0
25589,3,ISO/IEC 17025 : 0 : 0 0
25970,1,ISO 4406 : 2017
25970,2,ASTM 0 : 2018
25970,3,ASTM 0 : 2014
25970,4,ASTM 0 : 2016
24881,1,0 0 : 0 : 0 0
24847,1,IEC 60812 : 0 : 0 0
25019,1,0 0 : 0 : 0 0
25020,1,0 0 : 0 : 0 0
25021,1,ISO 24510 : 0 : 0 0
25021,2,ISO 24511 : 0 : 0 0
25021,3,ISO 24512 : 0 : 0 0
29908,1,ISO 24510 : 0 : 0 0
29908,2,ISO 24511 : 0 : 0 0
29908,3,ISO 24512 : 0 : 0 0
25022,1,0 0 : 0 : 0 0
24944,1,ISO 4918 : 2016
24944,2,ISO 10361 : 2015
24869,1,ISO 34 : 1 : 0 0
24869,2,ISO 179 : 2 : 0 0
24869,3,ISO 291 : 0 : 0 0
24869,4,ISO 294 : 4 : 0 0
24869,5,ISO 472 : 0 : 0 0
24869,6,ISO 815 : 0 : 0 0
24869,7,ISO 846 : 0 : 0 0
24869,8,ISO 15512 : 0 : 0 0
24869,9,ISO 10350 : 1 : 0 0
24869,10,ISO 16365 : 1 : 0 0
24869,11,IEC 60093 : 0 : 0 0
24869,12,IEC 60243 : 1 : 0 0
24869,13,IEC 60250 : 0 : 0 0
27587,1,ISO 527 : 5 : 2021
27587,2,ISO 1043 : 4 : 2021
24819,1,ISO 527 : 5 : 2021
24819,2,ISO 1043 : 4 : 2021
24823,1,0 0 : 0 : 0 0
24805,1,ISO/TS 80004 : 1 : 2015
24805,2,ISO/TS 80004 : 2 : 2015
24805,3,ISO 26824 : 2013
24820,1,IEC 60601 : 1 : 11 2015
24820,2,IEC 62133 : 2 : 2017
24820,3,IEC 62209 : 1 : 2016
24820,4,IEC 62304 : 2006
24883,1,ISO 3776 : 1 : 2006
24883,2,ISO 3776 : 2 : 2013
24883,3,ISO 3776 : 3 : 2009
24883,4,ISO 4254 : 1 : 2013
24884,1,ISO 16231 : 1 : 2013
24884,2,ISO 789 : 6 : 1982
24709,1,ISO 11138 : 2019
24709,2,ISO 11737 : 2018
24709,3,ISO 14644 : 2015
24885,1,ISO 7005 : 1 : 2011
24885,2,ISO 7005 : 2 : 1988
24885,3,ISO 9912 : 1 : 2004
24886,1,0 0 : 0 : 0 0
24897,1,0 0 : 0 : 0 0
24945,1,ISO 80000 : 1 : 2009
24899,1,ASTM 0 : 0 : 0 0
29559,1,ASTM 0 : 0 : 0 0
24900,1,ISO 148 : 1 : 2016
24900,2,ISO 148 : 2 : 2016
31354,1,ISO 148 : 1 : 2016
31354,2,ISO 148 : 2 : 2016
33572,1,ISO 7500 : 1 : 2018
33572,2,ISO 18265 : 2003
33572,3,ISO 80000 : 1 : 2022
33572,4,ISO 13314 : 2011
24903,1,ISO 7500 : 1 : 2018
24903,2,ISO 18265 : 2003
24903,3,ISO 80000 : 1 : 2022
24903,4,ISO 13314 : 2011
24845,1,ISO 10318 : 2 : 0 0
25971,1,0 0 : 0 : 0 0
26505,1,ISO 11138 : 7 : 2019
26505,2,ISO 11737 : 1 : 2018
26505,3,ISO 14644 : 1 : 2015
26505,4,ISO 14698 : 1 : 2003
26505,5,ISO 17665 : 1 : 2006
24772,1,ISO 11138 : 7 : 2019
24772,2,ISO 11737 : 1 : 2018
24772,3,ISO 14644 : 1 : 2015
24772,4,ISO 14698 : 1 : 2003
24772,5,ISO 17665 : 1 : 2006
26794,1,0 0 : 0 : 0 0
25023,1,0 0 : 0 : 0 0
25024,1,0 0 : 0 : 0 0
24806,1,ISO 19223 : 0 : 0 0
24870,1,IEC 62253 : 2011
24870,2,IEC 60068 : 2 : 6 2007
24092,1,ISO 10918 : 2 : 1995
24092,2,ISO 0 : 0 : 0 0
24995,1,0 0 : 0 : 0 0
24954,1,ASTM 0 : 2017
24954,2,ASTM 0 : 2011
24954,3,ASTM 0 : 1997
24954,4,ASTM 0 : 1999
24954,5,ASTM 0 : 2016
24954,6,ASTM 0 : 2015
24996,1,ISO 7085 : 1999
24996,2,ISO 10666 : 1999
25027,1,0 0 : 0 : 0 0
27493,1,ASTM 5629 : 2016
24957,1,ASTM 5629 : 2016
8151,1,ISO 8754 : 2003
8151,2,ISO 12185 : 1996
8151,3,ISO 20846 : 2011
24979,1,0 0 : 0 : 0 0
28674,1,ISO/IEC 61058 : 1 : 2000
25093,1,ISO/IEC 61058 : 1 : 2000
25109,1,ISO 9902 : 2 : 2001
25109,2,ISO 9902 : 3 : 2001
25109,3,ISO 9902 : 4 : 2001
25109,4,ISO 9902 : 5 : 2001
25109,5,ISO 9902 : 6 : 2001
25109,6,ISO 9902 : 7 : 2001
25109,7,ISO/TR 11688 : 1 : 1995
25109,8,ISO/TR 11688 : 2 : 1995
25109,9,ISO 11689 : 1996
23437,1,ISO 7840 : 2021
23437,2,ISO 8846 : 1990
23437,3,ISO 10088 : 2022
23437,4,ISO 15540 : 2016
23437,5,ISO 15541 : 2016
31393,1,ISO 7840 : 2021
31393,2,ISO 8846 : 1990
31393,3,ISO 10088 : 2022
31393,4,ISO 15540 : 2016
31393,5,ISO 15541 : 2016
25699,1,ISO 661 : 2003
25699,2,ISO/IEC 17025 : 2017
25699,3,ISO 17034 : 2016
25700,1,ISO 661 : 2003
25701,1,ISO 661 : 0 : 0 0
25171,1,0 0 : 0 : 0 0
25172,1,0 0 : 0 : 0 0
25173,1,0 0 : 0 : 0 0
25174,1,ISO 2231 : 1989
25176,1,0 0 : 0 : 0 0
25177,1,ISO/TR 11610 : 2004
25178,1,ISO/TR 11610 : 2004
25179,1,ISO/TR 11610 : 2004
25179,2,ISO 13688 : 2013
25596,1,0 0 : 0 : 0 0
31854,1,0 0 : 0 : 0 0
24997,1,0 0 : 0 : 0 0
31791,1,ISO 4589 : 3 : 2017
31791,2,ISO 7165 : 2017
31791,3,ISO 8846 : 1990
31791,4,ISO 10088 : 0 : 0 0
31791,5,ISO 10239 : 2014
31791,6,ISO 11105 : 2020
31791,7,ISO 12216 : 0 : 0 0
31791,8,ISO 13297 : 0 : 0 0
31791,9,ISO 14895 : 2016
31791,10,ISO 16315 : 0 : 0 0
31791,11,ISO 21487 : 0 : 0 0
31791,12,IEC 60092 : 507 : 2014
31791,13,EN 3 : 7 : 2004
31791,14,EN 1869 : 2019
31791,15,EN 15609 : 2021
24998,1,ISO 4589 : 3 : 2017
24998,2,ISO 7165 : 2017
24998,3,ISO 8846 : 1990
24998,4,ISO 10088 : 0 : 0 0
24998,5,ISO 10239 : 2014
24998,6,ISO 11105 : 2020
24998,7,ISO 12216 : 0 : 0 0
24998,8,ISO 13297 : 0 : 0 0
24998,9,ISO 14895 : 2016
24998,10,ISO 16315 : 0 : 0 0
24998,11,ISO 21487 : 0 : 0 0
24998,12,IEC 60092 : 507 : 2014
24998,13,EN 3 : 7 : 2004
24998,14,EN 1869 : 2019
24998,15,EN 15609 : 2021
31792,1,ISO 10088 : 2022
31792,2,ISO 12215 : 5 : 2019
31792,3,ISO 12215 : 6 : 2008
24999,1,ISO 10088 : 2022
24999,2,ISO 12215 : 5 : 2019
24999,3,ISO 12215 : 6 : 2008
25114,1,ISO 7267 : 2 : 0 0
25114,2,ISO 7267 : 2 : 0 0
25114,3,ASTM 785 : 0 : 0 0
30648,1,ISO 7267 : 2 : 0 0
30648,2,ISO 7267 : 2 : 0 0
30648,3,ASTM 785 : 0 : 0 0
66840,1,ISO 9405 : 2015
66840,2,ISO 1957 : 2000
25115,1,ISO 9405 : 2015
25115,2,ISO 1957 : 2000
25116,1,0 0 : 0 : 0 0
25117,1,ISO 16000 : 3 : 2011
25117,2,ISO 16000 : 6 : 2004
25117,3,ISO 16000 : 9 : 2006
25117,4,ISO 16000 : 11 : 2006
25117,5,ISO 16017 : 1 : 2000
25117,6,ASTM 5197 : 16 : 0 0
25118,1,ISO 9405 : 2015
25118,2,ISO 1957 : 2000
25118,3,EN 12466 : 0 : 0 0
25118,4,CEN 16354 : 0 : 0 0
25067,1,ASTM 1630 : 0 : 0 0
25068,1,ISO 9239 : 1 : 2010
28659,1,ISO 9239 : 1 : 2010
25094,1,ISO 18857 : 1 : 2009
25094,2,CEN 13130 : 13 : 2005
25094,3,ISO 2528 : 2017
25094,4,ISO 15105 : 2 : 2003
26269,1,0 0 : 0 : 0 0
24994,1,ISO 11357 : 6 : 2018
25007,1,ISO 11357 : 6 : 2018
25008,1,ISO 11357 : 6 : 2018
25145,1,0 0 : 0 : 0 0
25146,1,0 0 : 0 : 0 0
25702,1,0 0 : 0 : 0 0
25703,1,0 0 : 0 : 0 0
25704,1,0 0 : 0 : 0 0
25705,1,0 0 : 0 : 0 0
25119,1,ISO 9405 : 2015
25119,2,ISO 1957 : 2000
25119,3,ISO 8543 : 2020
25119,4,EN 1307 : 2014
25120,1,ISO 1957 : 2000
25121,1,ISO 1957 : 2000
25121,2,ISO 105 : 1997
25121,3,ISO 11379 : 2009
25122,1,ISO 1957 : 2000
25122,2,ISO 9407 : 1991
25122,3,ISO 10965 : 2011
25138,1,0 0 : 0 : 0 0
25139,1,0 0 : 0 : 0 0
25140,1,0 0 : 0 : 0 0
33897,1,0 0 : 0 : 0 0
25141,1,0 0 : 0 : 0 0
25029,1,0 0 : 0 : 0 0
25095,1,ISO 11138 : 7 : 2019
25095,2,ISO 11737 : 1 : 2018
25095,3,ISO 14698 : 1 : 2003
25095,4,ISO 14644 : 1 : 2015
25110,1,ISO 10993 : 12 : 2012
25111,1,ISO 10993 : 12 : 2012
25111,2,ISO 11737 : 1 : 2018
25111,3,ISO 11948 : 1 : 1996
25972,1,ISO 10993 : 12 : 2012
25972,2,ISO 11737 : 1 : 2018
25070,1,ISO 18113 : 2 : 0 0
25070,2,ISO 15193 : 0 : 0 0
25070,3,ISO 15194 : 0 : 0 0
25586,1,IEC 61082 : 1 : 2014
25619,1,ISO 11737 : 1 : 2018
25619,2,ISO 10993 : 12 : 2012
32964,1,ISO 11737 : 1 : 2018
32964,2,ISO 10993 : 12 : 2012
25674,1,0 0 : 0 : 0 0
25828,1,ISO 3411 : 2007
25828,2,ISO 5053 : 1 : 2015
25828,3,ISO 5353 : 1995
25760,1,ISO 834 : 1 : 0 0
25760,2,ISO 834 : 4 : 0 0
25760,3,ISO 834 : 8 : 0 0
25760,4,ISO 3008 : 0 : 0 0
25760,5,ISO 5167 : 1 : 0 0
25760,6,ISO 9705 : 0 : 0 0
25760,7,ISO 13943 : 0 : 0 0
25761,1,IEC 60068 : 2 : 31 2008
25761,2,IEC 60204 : 1 : 2005
25761,3,IEC 60947 : 5 : 1 2016
25761,4,IEC 60947 : 5 : 5
25761,5,IEC 62061 : 0 : 0 0
25761,6,ISO 13849 : 1 : 0 0
25761,7,ISO 13849 : 2 : 0 0
25761,8,ISO 13850 : 0 : 0 0
25762,1,IEC 62061 : 0 : 0 0
25762,2,ISO 12100 : 2010
25762,3,ISO 13849 : 1 : 2015
66139,1,IEC 60068 : 0 : 0 0
66139,2,IEC 60204 : 1 : 0 0
66139,3,IEC 60721 : 0 : 0 0
66139,4,IEC 61010 : 1 : 0 0
66139,5,IEC 61508 : 0 : 0 0
66139,6,IEC 61496 : 1 : 2012
66139,7,IEC 62061 : 2005
66139,8,IEC 62471 : 0 : 0 0
66139,9,ISO 7250 : 0 : 0 0
66139,10,ISO 13849 : 0 : 0 0
66139,11,IEC 60825 : 1 : 0 0
66139,12,ISO 25119 : 0 : 0 0
66139,13,ISO 26262 : 0 : 0 0
25763,1,IEC 60068 : 0 : 0 0
25763,2,IEC 60204 : 1 : 0 0
25763,3,IEC 60721 : 0 : 0 0
25763,4,IEC 61010 : 1 : 0 0
25763,5,IEC 61508 : 0 : 0 0
25763,6,IEC 61496 : 1 : 2012
25763,7,IEC 62061 : 2005
25763,8,IEC 62471 : 0 : 0 0
25763,9,ISO 7250 : 0 : 0 0
25763,10,ISO 13849 : 0 : 0 0
25763,11,IEC 60825 : 1 : 0 0
25763,12,ISO 25119 : 0 : 0 0
25763,13,ISO 26262 : 0 : 0 0
25709,1,0 0 : 0 : 0 0
29662,1,0 0 : 0 : 0 0
25710,1,0 0 : 0 : 0 0
25711,1,0 0 : 0 : 0 0
25747,1,ISO 3743 : 2 : 2018
25747,2,ISO 21501 : 1 : 2009
25747,3,IEC 60335 : 2 : 65 2002
25747,4,IEC 60704 : 1 : 2010
25747,5,IEC 62301 : 2011
26124,1,0 0 : 0 : 0 0
26125,1,ISO 18079 : 1 : 2018
26935,1,ISO 18079 : 1 : 2018
26935,2,ISO 18079 : 2 : 2018
26531,1,ISO 18079 : 1 : 2018
25764,1,ISO 18079 : 1 : 2018
25765,1,0 0 : 0 : 0 0
25766,1,ISO 9712 : 0 : 0 0
25766,2,ISO 15708 : 1 : 2017
25766,3,ISO 15708 : 3 : 2017
25766,4,ISO 15708 : 4 : 2017
23038,1,ISO 1203 : 1998
25807,1,ASTM 0 : 85 : 2014
25814,1,ISO/IEC 24765 : 2017
25814,2,ISO/IEC 26515 : 2018
25814,3,ISO/IEC 42020 : 2019
8161,1,0 0 : 0 : 0 0
26502,1,IEC 62552 : 1 : 2015
32441,1,IEC 62552 : 1 : 2015
26004,1,0 0 : 0 : 0 0
26005,1,0 0 : 0 : 0 0
26006,1,0 0 : 0 : 0 0
26007,1,0 0 : 0 : 0 0
26008,1,0 0 : 0 : 0 0
26160,1,ISO 10390 : 0 : 0 0
26160,2,ISO 10694 : 0 : 0 0
26160,3,ISO 11274 : 0 : 0 0
26014,1,0 0 : 0 : 0 0
17601,1,ISO 10390 : 0 : 0 0
17601,2,ISO 10694 : 0 : 0 0
17601,3,ISO 11274 : 0 : 0 0
26015,1,0 0 : 0 : 0 0
26220,1,ISO 5522 : 1981
26017,1,0 0 : 0 : 0 0
26018,1,0 0 : 0 : 0 0
26019,1,0 0 : 0 : 0 0
26020,1,0 0 : 0 : 0 0
26021,1,0 0 : 0 : 0 0
25810,1,0 0 : 0 : 0 0
26126,1,0 0 : 0 : 0 0
25973,1,0 0 : 0 : 0 0
33057,1,ISO 21501 : 1 : 0 0
26009,1,ISO 15957 : 0 : 0 0
26009,2,ISO 29464 : 0 : 0 0
26010,1,ISO 21501 : 1 : 0 0
26011,1,ISO 15957 : 0 : 0 0
26011,2,ISO 29464 : 0 : 0 0
26012,1,ISO 29464 : 0 : 0 0
32957,1,ISO 29464 : 0 : 0 0
26013,1,0 0 : 0 : 0 0
26127,1,0 0 : 0 : 0 0
31515,1,0 0 : 0 : 0 0
26188,1,IEC 60633 : 1998
26189,1,0 0 : 0 : 0 0
30468,1,0 0 : 0 : 0 0
30469,1,0 0 : 0 : 0 0
22812,1,0 0 : 0 : 0 0
25862,1,ISO 3405 : 2011
25862,2,ISO 12185 : 1996
25862,3,ISO 22854 : 2016
25862,4,ISO 13032 : 2016
25862,5,ASTM 0 : 2017
25862,6,ASTM 0 : 2012
25862,7,ASTM 0 : 2012
25862,8,EN 1601 : 2014
25862,9,EN 13061 : 2007
25862,10,EN 13132 : 2000
26128,1,EN 1281 : 1 : 0 0
26128,2,EN 737 : 1 : 0 0
26128,3,EN 148 : 1 : 0 0
26128,4,EN 13544 : 2 : 2000
26128,5,EN 556 : 1994
26128,6,EN 868 : 1 : 0 0
26128,7,EN 1041 : 0 : 0 0
26726,1,ISO 20282 : 1 : 2006
26533,1,0 0 : 0 : 0 0
26323,1,IEC 60060 : 1 : 0 0
26323,2,IEC 60071 : 1 : 0 0
26323,3,IEC 60071 : 5 : 0 0
26323,4,IEC 60076 : 6 : 2007
26323,5,IEC 60099 : 9 : 2014
26323,6,IEC 60168 : 0 : 0 0
26323,7,IEC 60353 : 0 : 0 0
26323,8,IEC 60358 : 1 : 0 0
26324,1,IEC 60633 : 0 : 0 0
26130,1,0 0 : 0 : 0 0
24654,1,ISO/IEC 10646 : 1 : 2000
24654,2,ISO/IEC 17594 : 2004
26216,1,ISO 18113 : 1 : 0 0
26216,2,ISO 18113 : 5 : 0 0
26216,3,IEC 60068 : 2 : 64 1993
26216,4,IEC 61000 : 4 : 3
26216,5,IEC 61326 : 0 : 0 0
26216,6,EN 13532 : 2002
26216,7,EN 13612 : 0 : 0 0
26136,1,ISO 178 : 0 : 0 0
26136,2,ISO 3597 : 1 : 0 0
26136,3,ISO 3597 : 2 : 0 0
26136,4,ISO 14130 : 0 : 0 0
26136,5,ISO 9163 : 0 : 0 0
26472,1,ISO 3572 : 1976
26137,1,0 0 : 0 : 0 0
26141,1,0 0 : 0 : 0 0
26032,1,ISO 130 : 1973
26032,2,ISO 2 : 0 : 0 0
26033,1,ISO 1968 : 0 : 0 0
26033,2,ISO 2307 : 0 : 0 0
26033,3,ISO 9554 : 2019
26034,1,ISO 1968 : 0 : 0 0
26034,2,ISO 2307 : 0 : 0 0
26270,1,0 0 : 0 : 0 0
26016,1,ISO 10042 : 2008
26016,2,ISO 20703 : 2006
65706,1,ISO 10042 : 2008
65706,2,ISO 20703 : 2006
26915,1,0 0 : 0 : 0 0
32843,1,0 0 : 0 : 0 0
26816,1,0 0 : 0 : 0 0
26822,1,ISO/TR 8363 : 0 : 0 0
26822,2,CEN 13097 : 0 : 0 0
26822,3,ISO 18283 : 0 : 0 0
26825,1,0 0 : 0 : 0 0
26826,1,ISO 6107 : 0 : 0 0
26827,1,0 0 : 0 : 0 0
26828,1,ISO/TS 13530 : 0 : 0 0
26828,2,ISO 15553 : 0 : 0 0
26828,3,ISO 15839 : 0 : 0 0
26829,1,0 0 : 0 : 0 0
26830,1,0 0 : 0 : 0 0
26834,1,ISO/TS 13530 : 0 : 0 0
26834,2,ISO 14644 : 1 : 0 0
26271,1,ISO 2041 : 2009
26271,2,ISO 5805 : 1997
26271,3,ISO 8041 : 2005
26271,4,IEC 61672 : 1 : 2002
26271,5,IEC 61672 : 2 : 2003
26271,6,ISO 80000 : 8 : 2007
26271,7,ISO/IEC 0 : 1993
26595,1,ISO 2041 : 0 : 0 0
26595,2,ISO 8041 : 0 : 0 0
26595,3,IEC 61672 : 1 : 0 0
26595,4,IEC 61672 : 2 : 0 0
26595,5,ISO 11201 : 0 : 0 0
26595,6,ISO 11205 : 0 : 0 0
26595,7,ISO 61043 : 0 : 0 0
26278,1,0 0 : 0 : 0 0
26194,1,0 0 : 0 : 0 0
65929,1,0 0 : 0 : 0 0
26207,1,ISO 3744 : 2010
26207,2,ISO 18562 : 1 : 2017
26207,3,ISO 19223 : 2019
26207,4,ISO 80601 : 2 : 67 2020
26207,5,EN 13544 : 2 : 2002
26248,1,0 0 : 0 : 0 0
26596,1,0 0 : 0 : 0 0
26279,1,ISO 11137 : 2006
31771,1,0 0 : 0 : 0 0
8172,1,0 0 : 0 : 0 0
26280,1,ISO 11138 : 7 : 2019
26280,2,ISO 11737 : 1 : 2018
26280,3,ISO 17665 : 1 : 2006
26884,1,0 0 : 0 : 0 0
26281,1,ISO 18134 : 1 : 0 0
26281,2,ISO 18134 : 2 : 0 0
26281,3,ISO 14780 : 0 : 0 0
26281,4,ISO 16559 : 0 : 0 0
26281,5,ISO 18135 : 0 : 0 0
26282,1,ISO 18846 : 0 : 0 0
26282,2,ISO 16559 : 0 : 0 0
26282,3,ISO 3310 : 2 : 0 0
26282,4,ISO 17225 : 8 : 0 0
26282,5,EN 14778 : 2011
26727,1,ISO 3108 : 0 : 0 0
26727,2,ISO 9227 : 0 : 0 0
26727,3,EN 892 : 0 : 0 0
26727,4,EN 1891 : 0 : 0 0
26727,5,ISO 7000 : 2019
26727,6,IEC 60417 : 2002
26728,1,0 0 : 0 : 0 0
26402,1,ISO 23500 : 3 : 2019
26402,2,ISO 23500 : 4 : 2019
26402,3,ISO 23500 : 5 : 2019
26403,1,ISO 23500 : 1 : 2019
26403,2,ISO 23500 : 3 : 2019
26403,3,IEC 60601 : 1 : 8 2012
26404,1,ISO 23500 : 1 : 2019
26405,1,ISO 23500 : 1 : 2019
26405,2,ISO 23500 : 3 : 2019
26405,3,ISO 23500 : 5 : 2019
26405,4,IEC 60601 : 1 : 2012
26405,5,IEC 61010 : 1 : 2010
26406,1,ISO 23500 : 1 : 2019
26406,2,ISO 23500 : 3 : 2019
26406,3,ISO 23500 : 4 : 2019
26407,1,ISO 20399 : 2 : 2018
26407,2,ISO 20399 : 3 : 2018
26408,1,ISO 20399 : 1 : 2018
26408,2,ISO 20399 : 2 : 2018
26690,1,ISO/TS 20399 : 1 : 2018
26326,1,IEC 61970 : 552 : 2016
26327,1,ISO 18134 : 3 : 0 0
26327,2,ISO 14780 : 0 : 0 0
26327,3,ISO 16559 : 0 : 0 0
26327,4,ISO 18135 : 0 : 0 0
26565,1,ISO 651 : 0 : 0 0
26565,2,ISO 652 : 0 : 0 0
26565,3,ISO 1770 : 0 : 0 0
26565,4,ISO 1771 : 0 : 0 0
26565,5,ISO 18134 : 3 : 0 0
26565,6,ISO 14780 : 0 : 0 0
26565,7,ISO 16559 : 0 : 0 0
26565,8,ISO 18135 : 0 : 0 0
26474,1,ISO 14780 : 2017
26474,2,ISO 16559 : 2022
26474,3,ISO 18135 : 2017
26474,4,ISO 21945 : 2020
33426,1,ISO 14780 : 2017
33426,2,ISO 16559 : 2022
33426,3,ISO 18135 : 2017
33426,4,ISO 21945 : 2020
33427,1,ISO 14780 : 2017
33427,2,ISO 16559 : 2022
33427,3,ISO 18135 : 2017
33427,4,ISO 11722 : 2013
33427,5,ISO 21945 : 2020
26328,1,ISO 14780 : 0 : 0 0
26328,2,ISO 16559 : 0 : 0 0
26328,3,ISO 18135 : 0 : 0 0
26329,1,ISO 14780 : 2017
26329,2,ISO 16559 : 2022
26329,3,ISO 18135 : 2017
26329,4,ISO 11722 : 2013
26329,5,ISO 21945 : 2020
26330,1,ISO 3310 : 2 : 0 0
26330,2,ISO 14780 : 0 : 0 0
26330,3,ISO 16559 : 0 : 0 0
26330,4,ISO 18135 : 0 : 0 0
26626,1,ISO 1766 : 2005
26626,2,ISO 1957 : 1999
26626,3,ISO 1763 : 2020
26163,1,ISO 60 : 1997
26163,2,ISO 1269 : 2006
26163,3,ISO 1628 : 2 : 2020
26163,4,ISO 2555 : 2018
26163,5,ISO 4608 : 1988
26163,6,ISO 4610 : 2001
26163,7,ISO 6186 : 1998
26163,8,ISO 24538 : 2008
26163,9,ASTM 0 : 2014
26163,10,ASTM 0 : 2015
26163,11,ASTM 0 : 2016
26163,12,ASTM 0 : 2017
26163,13,ASTM 0 : 2018
26163,14,ASTM 0 : 2017
26163,15,ASTM 0 : 2021
26163,16,ASTM 0 : 2019
26597,1,ISO 14900 : 2017
26597,2,ASTM 0 : 2016
26597,3,ASTM 0 : 2020
26597,4,ASTM 0 : 2016
26475,1,ISO 24444 : 2019
26981,1,ISO 0 : 0 : 0 0
27012,1,ISO 5667 : 3 : 0 0
26223,1,0 0 : 0 : 0 0
26534,1,0 0 : 0 : 0 0
26331,1,0 0 : 0 : 0 0
26507,1,0 0 : 0 : 0 0
26333,1,0 0 : 0 : 0 0
26428,1,0 0 : 0 : 0 0
26288,1,0 0 : 0 : 0 0
26334,1,0 0 : 0 : 0 0
26289,1,0 0 : 0 : 0 0
26691,1,0 0 : 0 : 0 0
25039,1,0 0 : 0 : 0 0
26335,1,ISO 12135 : 2016
26656,1,ISO 1513 : 0 : 0 0
26656,2,ISO 1514 : 0 : 0 0
26656,3,ISO 2808 : 0 : 0 0
26656,4,ISO 15528 : 0 : 0 0
26291,1,ISO 2408 : 0 : 0 0
26291,2,ISO 14409 : 2011
26292,1,ISO 528 : 0 : 0 0
26292,2,ISO 29862 : 0 : 0 0
26599,1,ISO 3665 : 2011
26600,1,ISO 13408 : 1 : 2008
26600,2,ISO 14937 : 2009
26600,3,ISO 17665 : 1 : 2006
26600,4,EN 1041 : 2008
26601,1,ISO 11134 : 1994
26601,2,ISO 14937 : 2009
26601,3,EN 1041 : 2008
26568,1,ISO 9687 : 2015
26568,2,ISO 13295 : 2007
26568,3,ISO 17664 : 2017
26568,4,IEC 80601 : 2 : 60 2019
26568,5,ISO 21531 : 2009
26568,6,IEC 62366 : 1 : 2015
26602,1,ISO 13116 : 2014
26729,1,ISO 11499 : 2014
26729,2,ISO 17664 : 2017
26861,1,ISO 8601 : 1 : 2019
26861,2,ISO 8601 : 2 : 2019
26861,3,ISO 19448 : 2018
26603,1,ISO 11134 : 1994
26603,2,ISO 14937 : 2009
26603,3,EN 1041 : 2008
26862,1,ISO/TS 80004 : 1 : 2015
26862,2,ISO/TS 80004 : 2 : 2015
26862,3,ISO/TS 12805 : 2011
26862,4,ISO/TR 13014 : 2012
26862,5,ISO/TS 17200 : 2020
26862,6,ISO/TR 18196 : 2016
26862,7,ISO 22412 : 2017
26689,1,0 0 : 0 : 0 0
26772,1,IEC 80416 : 1 : 2008
26692,1,0 0 : 0 : 0 0
26863,1,0 0 : 0 : 0 0
26569,1,ISO 7213 : 1981
26569,2,ISO 16065 : 2 : 2014
26506,1,ISO 15105 : 2 : 2003
26508,1,0 0 : 0 : 0 0
26750,1,0 0 : 0 : 0 0
26751,1,ISO/IEC 19790 : 0 : 0 0
26730,1,0 0 : 0 : 0 0
26731,1,0 0 : 0 : 0 0
26732,1,ISO 21043 : 1 : 2018
26754,1,ISO/IEC 10000 : 1 : 1998
26775,1,0 0 : 0 : 0 0
24790,1,ISO 7500 : 1 : 2018
24790,2,ISO 7989 : 2 : 2007
24790,3,ISO 10474 : 2013
24790,4,ISO 22034 : 1 : 2007
24790,5,ISO 22034 : 2 : 2007
26866,1,ISO 14160 : 2020
26866,2,ISO 14630 : 2012
26866,3,ISO 14937 : 2009
26866,4,ISO 17664 : 2017
26866,5,ISO 17665 : 1 : 2006
26866,6,ISO/TS 17665 : 2 : 2009
26866,7,ISO/TS 17665 : 3 : 2013
26694,1,ASTM 0 : 0 : 0 0
26694,2,ASTM 0 : 0 : 0 0
26694,3,ASTM 0 : 0 : 0 0
26694,4,ASTM 0 : 0 : 0 0
26694,5,ASTM 0 : 2019
26694,6,ASTM 0 : 2013
26694,7,ASTM 0 : 4 : 2014
24791,1,ISO 2408 : 2017
24791,2,ISO 7500 : 1 : 2018
24791,3,ISO 7989 : 1 : 2006
24791,4,ISO 7989 : 2 : 2007
24791,5,ISO 10474 : 2013
24791,6,ISO 22034 : 1 : 2007
26796,1,ISO 15213 : 2003
26938,1,ISO 15213 : 2003
26740,1,ISO 17664 : 2017
27318,1,IEC 60068 : 2 : 31 2008
27318,2,IEC 60601 : 1 : 2 2014
27318,3,EN 1593 : 0 : 0 0
27318,4,EN 13185 : 0 : 0 0
26877,1,IEC 60068 : 2 : 27 2008
26877,2,IEC 60068 : 2 : 31 2008
26877,3,IEC 60068 : 2 : 64 2008
26877,4,IEC 60601 : 1 : 2 2014
26877,5,IEC 62304 : 2006
31305,1,ISO 14630 : 2012
27110,1,ISO 14630 : 2012
26832,1,0 0 : 0 : 0 0
26833,1,ISO 2528 : 2017
26833,2,ISO 15105 : 2 : 2003
26833,3,ISO 15106 : 2 : 2003
26939,1,ISO 520 : 1977
26939,2,ISO 712 : 1985
26939,3,ISO 7194 : 1983
26940,1,0 0 : 0 : 0 0
26657,1,ISO 691 : 2005
26657,2,ISO 1711 : 1 : 2019
26982,1,ISO 10140 : 2 : 2010
26982,2,ISO 10534 : 2 : 1998
26733,1,ISO 9227 : 0 : 0 0
26733,2,ISO 8501 : 1 : 0 0
26875,1,ISO 8501 : 1 : 0 0
26875,2,IEC 60529 : 0 : 0 0
26734,1,0 0 : 0 : 0 0
27036,1,0 0 : 0 : 0 0
27037,1,0 0 : 0 : 0 0
27038,1,ISO/TS 19256 : 0 : 0 0
27039,1,0 0 : 0 : 0 0
32271,1,0 0 : 0 : 0 0
27040,1,0 0 : 0 : 0 0
27041,1,ISO/TS 19256 : 0 : 0 0
27060,1,ISO 11238 : 0 : 0 0
27060,2,ISO 17090 : 1 : 0 0
27060,3,ISO/TS 16791 : 0 : 0 0
27061,1,0 0 : 0 : 0 0
27057,1,0 0 : 0 : 0 0
27298,1,ISO 7944 : 0 : 0 0
27298,2,ISO 13666 : 0 : 0 0
27386,1,ISO 7944 : 0 : 0 0
27386,2,ISO 13666 : 0 : 0 0
26797,1,IEC 60633 : 0 : 0 0
27016,1,ISO 3308 : 2012
27016,2,ISO 3402 : 1999
27016,3,ISO 4387 : 2000
27016,4,ISO 10315 : 2013
27016,5,ISO 10362 : 1 : 1999
26891,1,ISO 6887 : 1 : 0 0
26891,2,ISO 7218 : 0 : 0 0
26891,3,ISO 11133 : 0 : 0 0
26509,1,ISO 15105 : 2 : 2003
26509,2,EN 14164 : 2014
26510,1,EN 14164 : 0 : 2014 0
26941,1,ISO 4126 : 4 : 0 0
26941,2,API 527 : 0 : 0 0
26941,3,ASME 0 : 0 : 0 0
26941,4,ASME 16 : 0 : 0 0
27111,1,ISO 10993 : 12 : 2021
27111,2,ISO 11737 : 1 : 2018
27111,3,ISO 11948 : 1 : 1996
27087,1,ISO 8754 : 0 : 0 0
27154,1,ISO 0 : 0 : 0 0
27155,1,EN 960 : 2006
23356,1,0 0 : 0 : 0 0
33750,1,ISO 9513 : 2012
33750,2,ISO 7500 : 2 : 2006
33750,3,ISO 6892 : 2 : 2018
33750,4,ISO 6892 : 1 : 2019
27058,1,0 0 : 0 : 0 0
27059,1,0 0 : 0 : 0 0
66018,1,0 0 : 0 : 0 0
27192,1,0 0 : 0 : 0 0
27305,1,ISO 0 : 0 : 0 0
26752,1,ISO/IEC 40500 : 2012
26752,2,ISO 9241 : 11 : 2018
26752,3,ISO 9241 : 110 : 2006
26752,4,ISO 9241 : 171 : 2008
26752,5,ISO/IEC 13066 : 1 : 2011
26752,6,ISO/IEC 20071 : 25 : 2017
26752,7,ISO 21542 : 2011
26752,8,ISO/IEC 0 : 2014
26752,9,ETSI 300381 : 1994
26752,10,ETSI 201013 : 0 : 0 0
26752,11,ETSI 202975 : 0 : 0 0
26752,12,ETSI 300767 : 0 : 0 0
26752,13,ETSI 126114 : 0 : 0 0
26752,14,ETSI 122173 : 0 : 0 0
26752,15,ETSI 134229 : 0 : 0 0
26752,16,IETF 4103 : 2005
26752,17,ETSI 200381 : 1 : 2012
26752,18,ETSI 200381 : 2 : 2012
26984,1,ISO 1572 : 1980
26984,2,ISO 3696 : 1987
26984,3,ISO 7513 : 1990
26985,1,ISO 1572 : 1980
26985,2,ISO 3696 : 1987
26985,3,ISO 7513 : 1990
27090,1,IEC 0 : 0 : 0 0
27090,2,IEC 0 : 1 : 2016
27090,3,IEC 61000 : 3 : 11
27090,4,IEC 61000 : 3 : 12
27090,5,IEC 61000 : 6 : 3
27090,6,IEC 61000 : 6 : 4
27091,1,IEC 61000 : 4 : 2 2008
27091,2,IEC 61000 : 4 : 3 2020
27091,3,IEC 61000 : 4 : 4 2012
27091,4,IEC 61000 : 4 : 16 2013
27091,5,IEC 61000 : 4 : 11 2020
27091,6,IEC 61000 : 6 : 1 2016
27091,7,IEC 61000 : 6 : 2 2016
27091,8,IEC 0 : 2015
26986,1,ISO 1302 : 0 : 0 0
27018,1,0 0 : 0 : 0 0
27092,1,ISO 1833 : 6 : 2018
27092,2,ISO 1833 : 13 : 2019
27092,3,ISO 1833 : 17 : 2019
27092,4,ISO 1833 : 19 : 2006
27092,5,ISO 1833 : 21 : 2019
27092,6,ISO 1833 : 24 : 2010
27092,7,ISO 1833 : 25 : 2020
27092,8,ISO 1833 : 26 : 2020
27092,9,ISO 1833 : 27 : 2018
27092,10,ISO 1833 : 28 : 2019
27092,11,ISO 1833 : 29 : 2020
27092,12,ISO 20705 : 2019
27094,1,0 0 : 0 : 0 0
27247,1,0 0 : 0 : 0 0
27095,1,0 0 : 0 : 0 0
27096,1,0 0 : 0 : 0 0
27097,1,IEC 60364 : 4 : 41 2005
27097,2,IEC 60364 : 6 : 0 0
27097,3,IEC 60417 : 2011
27097,4,IEC 60445 : 0 : 0 0
27097,5,IEC 61140 : 0 : 0 0
27097,6,ISO 669 : 0 : 0 0
27098,1,0 0 : 0 : 0 0
27142,1,0 0 : 0 : 0 0
27143,1,ISO 19458 : 0 : 0 0
27143,2,ISO/IEC 0 : 2004
27099,1,ISO 1171 : 2010
27099,2,ISO 383 : 1976
27099,3,ISO 18283 : 2006
27124,1,ASTM 0 : 0 : 0 0
27124,2,EN 15721 : 0 : 0 0
27124,3,ASTM 0 : 0 : 0 0
27124,4,ASTM 0 : 0 : 0 0
27124,5,ASTM 0 : 0 : 0 0
27124,6,EN 15491 : 0 : 0 0
23651,1,ISO 13485 : 2003
23651,2,ISO 15189 : 2012
23651,3,ISO 14971 : 2007
23651,4,ISO 15190 : 2003
23651,5,ISO 18113 : 1 : 2009
23651,6,ISO 18113 : 2 : 2009
23651,7,ISO 18113 : 3 : 2009
23651,8,ISO 23640 : 2011
23651,9,ISO 0 : 0 : 0 0
27112,1,ISO 3534 : 1 : 0 0
27045,1,ISO 4121 : 1987
27045,2,ISO 8586 : 1 : 1993
27045,3,ISO 8586 : 2 : 1994
27101,1,ISO 8586 : 1 : 1993
27101,2,ISO 8586 : 2 : 1994
27046,1,ISO 3534 : 1 : 0 0
27046,2,ISO 8586 : 1 : 0 0
27046,3,ISO 8586 : 2 : 0 0
27048,1,ISO 16559 : 2014
27048,2,ISO 14780 : 2017
27048,3,ISO 16993 : 2016
27049,1,ISO 11885 : 2007
27049,2,ISO 18125 : 2017
27049,3,ISO 18134 : 3 : 2015
27050,1,ISO 9964 : 1 : 1993
27050,2,ISO 18134 : 3 : 2015
27050,3,ISO 10304 : 1 : 2007
27050,4,ISO 14780 : 2017
27050,5,ISO 16993 : 2016
27050,6,ISO 16559 : 2014
27051,1,ISO 8049 : 0 : 0 0
27051,2,ISO 8050 : 0 : 0 0
27302,1,0 0 : 0 : 0 0
27411,1,ISO 10993 : 1 : 2018
27411,2,ISO 14155 : 2020
27411,3,ISO 14160 : 2020
27411,4,ISO 14630 : 2012
27411,5,ISO 15223 : 1 : 2021
27414,1,ISO 11135 : 0 : 0 0
27414,2,ISO 14630 : 0 : 0 0
27414,3,ISO 17665 : 1 : 0 0
27414,4,ISO/TS 37137 : 1 : 0 0
27414,5,ISO 14155 : 0 : 0 0
33428,1,ISO 14780 : 2017
33428,2,ISO 16559 : 2022
33428,3,ISO 18135 : 2017
33428,4,ISO 21945 : 2020
27052,1,ISO 14780 : 2017
27052,2,ISO 16559 : 2022
27052,3,ISO 18135 : 2017
27052,4,ISO 21945 : 2020
27303,1,ISO 27687 : 2008
27053,1,ISO 291 : 2008
27053,2,ISO 2231 : 1989
27308,1,ISO 9276 : 6 : 2008
27308,2,ISO 9276 : 3 : 2008
27475,1,ISO 6469 : 1 : 0 0
27475,2,ISO 6469 : 3 : 0 0
27263,1,0 0 : 0 : 0 0
27249,1,ISO 1957 : 2000
27299,1,ISO 554 : 1976
27299,2,ISO 3630 : 2 : 2013
27299,3,ISO 3630 : 3 : 2015
27299,4,ISO 3630 : 4 : 2009
27299,5,ISO 3630 : 5 : 2020
27299,6,ISO 17664 : 2017
31748,1,ISO/TS 61201 : 0 : 0 0
27387,1,ISO/TS 61201 : 0 : 0 0
27392,1,ISO 4582 : 2017
27392,2,ISO 4892 : 1 : 2016
27389,1,ISO 291 : 2008
27389,2,ISO 293 : 2004
27389,3,ISO 294 : 1 : 2017
27389,4,ISO 294 : 2 : 2018
27389,5,ISO 295 : 2004
27389,6,ISO 2818 : 2018
27389,7,ISO 3167 : 2014
27389,8,ISO 4582 : 2017
27389,9,ISO 4892 : 2 : 2013
27389,10,ISO 4892 : 3 : 2016
27389,11,ISO 4892 : 4 : 2013
27389,12,ISO 294 : 3 : 2020
27389,13,ISO 9370 : 2017
27390,1,ISO 4582 : 2017
27390,2,ISO 4892 : 1 : 2016
27390,3,ISO 9370 : 2017
27391,1,ISO 4582 : 2017
27391,2,ISO 4892 : 1 : 2016
27393,1,ISO 9059 : 1990
27393,2,ISO 9060 : 2018
27393,3,ISO 9846 : 1993
27393,4,ASTM 0 : 2015
27393,5,ASTM 0 : 10 : 2018
27393,6,ASTM 0 : 2017
27393,7,ASTM 0 : 12 : 2020
27393,8,ASTM 0 : 12 : 2020
27393,9,ASTM 0 : 2015
27356,1,0 0 : 0 : 0 0
27357,1,0 0 : 0 : 0 0
27358,1,0 0 : 0 : 0 0
27360,1,0 0 : 0 : 0 0
27481,1,0 0 : 0 : 0 0
31750,1,ISO 2896 : 2001
31750,2,ISO 3864 : 1 : 2011
31750,3,ISO 8666 : 2020
31750,4,ISO 9093 : 0 : 0 0
31750,5,ISO 9094 : 0 : 0 0
31750,6,ISO 11812 : 0 : 0 0
31750,7,ISO 12216 : 0 : 0 0
31750,8,ISO 12217 : 1 : 2022
31750,9,ISO 14946 : 2021
31750,10,ISO 15083 : 0 : 0 0
31547,1,ISO 2896 : 2001
31547,2,ISO 3864 : 1 : 2011
31547,3,ISO 8666 : 2020
31547,4,ISO 9093 : 0 : 0 0
31547,5,ISO 11812 : 0 : 0 0
31547,6,ISO 12216 : 0 : 0 0
31547,7,ISO 12217 : 1 : 2022
31547,8,ISO 12217 : 2 : 2022
31547,9,ISO 14946 : 2021
31547,10,ISO 15083 : 0 : 0 0
31547,11,ISO 15085 : 0 : 0 0
27722,1,ISO 2896 : 2001
27722,2,ISO 3864 : 1 : 2011
27722,3,ISO 6185 : 4 : 2011
27722,4,ISO 8666 : 2020
27722,5,ISO 9093 : 0 : 0 0
27722,6,ISO 11812 : 0 : 0 0
27722,7,ISO 12216 : 0 : 0 0
27722,8,ISO 12217 : 2 : 2022
27722,9,ISO 14946 : 2021
27722,10,ISO 15083 : 0 : 0 0
27722,11,ISO 15085 : 0 : 0 0
27723,1,ISO 2896 : 2001
27723,2,ISO 3864 : 1 : 2011
27723,3,ISO 8666 : 2020
27723,4,ISO 9093 : 0 : 0 0
27723,5,ISO 9094 : 0 : 0 0
27723,6,ISO 11812 : 0 : 0 0
27723,7,ISO 12216 : 0 : 0 0
27723,8,ISO 12217 : 1 : 2022
27723,9,ISO 14946 : 2021
27723,10,ISO 15083 : 0 : 0 0
27724,1,ISO 2896 : 2001
27724,2,ISO 3864 : 1 : 2011
27724,3,ISO 8666 : 2020
27724,4,ISO 9093 : 0 : 0 0
27724,5,ISO 11812 : 0 : 0 0
27724,6,ISO 12216 : 0 : 0 0
27724,7,ISO 12217 : 1 : 2022
27724,8,ISO 12217 : 2 : 2022
27724,9,ISO 14946 : 2021
27724,10,ISO 15083 : 0 : 0 0
27724,11,ISO 15085 : 0 : 0 0
31396,1,ISO 2896 : 2001
31396,2,ISO 3864 : 1 : 2011
31396,3,ISO 6185 : 4 : 2011
31396,4,ISO 8666 : 2020
31396,5,ISO 9093 : 0 : 0 0
31396,6,ISO 11812 : 0 : 0 0
31396,7,ISO 12216 : 0 : 0 0
31396,8,ISO 12217 : 2 : 2022
31396,9,ISO 14946 : 2021
31396,10,ISO 15083 : 0 : 0 0
31396,11,ISO 15085 : 0 : 0 0
27517,1,IEC 60364 : 4 : 41 2005
27517,2,IEC 60364 : 5 : 54
27517,3,IEC 60364 : 7 : 22
27517,4,ISO/TR 60755 : 0 : 0 0
27517,5,IEC 61000 : 6 : 7
27517,6,IEC 61140 : 0 : 0 0
27517,7,IEC 61784 : 3 : 0 0
27517,8,IEC 61851 : 23 : 0 0
27517,9,IEC 62052 : 11 : 0 0
27517,10,IEC 62423 : 0 : 0 0
27517,11,IEC 62840 : 1 : 2016
27517,12,ISO 12405 : 1 : 0 0
27517,13,ISO 7000 : 0 : 0 0
27482,1,ISO 11268 : 1 : 2012
27482,2,ISO 11268 : 2 : 2023
27482,3,ISO 24187 : 2023
31084,1,ISO 11268 : 1 : 2012
31084,2,ISO 11268 : 2 : 2023
31084,3,ISO 24187 : 2023
27662,1,ISO 21446 : 2019
27662,2,ISO 16958 : 2015
27662,3,ISO 188572 : 2009
27662,4,ISO 20649 : 2015
27662,5,ISO 21424 : 2018
27662,6,ISO 22964 : 2017
27662,7,ISO 15213 : 2003
27662,8,ISO 15151 : 2018
27662,9,EN 13130 : 2005
8201,1,ISO 1614 : 0 : 0 0
8201,2,ISO 1615 : 0 : 0 0
8201,3,ISO 1616 : 0 : 0 0
8201,4,ISO 2096 : 0 : 0 0
8201,5,ISO 2097 : 0 : 0 0
8201,6,ISO 2098 : 0 : 0 0
8201,7,ISO 2099 : 0 : 0 0
8201,8,ISO 2465 : 0 : 0 0
8201,9,ISO 2879 : 0 : 0 0
28383,1,ISO 1614 : 0 : 0 0
28383,2,ISO 1615 : 0 : 0 0
28383,3,ISO 1616 : 0 : 0 0
28383,4,ISO 2096 : 0 : 0 0
28383,5,ISO 2097 : 0 : 0 0
28383,6,ISO 2098 : 0 : 0 0
28383,7,ISO 2099 : 0 : 0 0
28383,8,ISO 2465 : 0 : 0 0
28383,9,ISO 2879 : 0 : 0 0
24177,1,ISO 1942 : 2009
24177,2,ISO 8325 : 2004
24177,3,ISO 3274 : 1996
24177,4,ISO 4288 : 1996
24177,5,ISO 6507 : 1 : 2018
30580,1,ISO 49 : 1994
30580,2,ISO 5817 : 2023
30580,3,ISO 7005 : 1 : 2011
30580,4,ISO 7005 : 2 : 1988
30580,5,ISO 8434 : 1 : 2018
30580,6,ISO 8434 : 2 : 2007
30580,7,ISO 8434 : 3 : 2005
30580,8,ISO 19879 : 2021
30580,9,ISO 23550 : 2018
30580,10,ISO 23551 : 1 : 2012
30580,11,ISO 23551 : 2 : 2018
30580,12,ISO 23551 : 5 : 2023
30580,13,ISO 23551 : 6 : 2021
30580,14,EN 88 : 1 : 2016
30580,15,ISO 23553 : 1 : 2022
30580,16,ISO 23555 : 2 : 2022
30580,17,EN 88 : 2 : 2015
30580,18,EN 88 : 2 : 2020
30580,19,EN 88 : 3 : 2017
30580,20,EN 125 : 2010
30580,21,EN 161 : 2013
30580,22,EN 298 : 2012
30580,23,EN 331 : 2015
30580,24,EN 334 : 2019
30580,25,EN 1854 : 2010
30580,26,EN 12067 : 2 : 2004
30580,27,EN 14382 : 2019
30580,28,EN 13774 : 2013
30580,29,EN 16678 : 2016
30580,30,EN 60730 : 2019
32998,1,ISO 49 : 1994
32998,2,ISO 5817 : 2023
32998,3,ISO 7005 : 1 : 2011
32998,4,ISO 7005 : 2 : 1988
32998,5,ISO 8434 : 1 : 2018
32998,6,ISO 8434 : 2 : 2007
32998,7,ISO 8434 : 3 : 2005
32998,8,ISO 19879 : 2021
32998,9,ISO 23550 : 2018
32998,10,ISO 23551 : 1 : 2012
32998,11,ISO 23551 : 2 : 2018
32998,12,ISO 23551 : 5 : 2023
32998,13,ISO 23551 : 6 : 2021
32998,14,EN 88 : 1 : 2016
32998,15,ISO 23553 : 1 : 2022
32998,16,ISO 23555 : 2 : 2022
32998,17,EN 88 : 2 : 2015
32998,18,EN 88 : 2 : 2020
32998,19,EN 88 : 3 : 2017
32998,20,EN 125 : 2010
32998,21,EN 161 : 2013
32998,22,EN 298 : 2012
32998,23,EN 331 : 2015
32998,24,EN 334 : 2019
32998,25,EN 1854 : 2010
32998,26,EN 12067 : 2 : 2004
32998,27,EN 14382 : 2019
32998,28,EN 13774 : 2013
32998,29,EN 16678 : 2016
32998,30,EN 60730 : 2019
8205,1,ISO 5127 : 2 : 1983
8205,2,ISO 5127 : 1981
8205,3,ISO 9 : 1995
8205,4,ISO 843 : 1997
8205,5,ISO 1087 : 1990
25085,1,ISO/IEC 42010 : 0 : 0 0
8207,1,ISO 14001 : 2004
25099,1,ISO/IEC 19464 : 0 : 0 0
25099,2,IETF 2818 : 0 : 0 0
25099,3,IETF 3986 : 0 : 0 0
25099,4,IETF 5246 : 0 : 0 0
25099,5,IETF 6749 : 0 : 0 0
25099,6,IETF 7231 : 0 : 0 0
25099,7,IETF 7232 : 0 : 0 0
25099,8,IETF 7946 : 0 : 0 0
25099,9,IETF 8259 : 0 : 0 0
25892,1,ISO 8601 : 1 : 2019
25896,1,ISO/IEC 30141 : 2018
66348,1,ISO/IEC 8859 : 1 : 1998
66348,2,ISO/IEC 19762 : 1 : 0 0
66348,3,ISO/IEC 19762 : 2 : 0 0
66348,4,ISO/IEC 15415 : 0 : 0 0
25590,1,ISO/IEC 8859 : 1 : 1998
25590,2,ISO/IEC 19762 : 1 : 0 0
25590,3,ISO/IEC 19762 : 2 : 0 0
25590,4,ISO/IEC 15415 : 0 : 0 0
24366,1,ISO/IEC 10118 : 1 : 0 0
24366,2,ISO/IEC 10118 : 2 : 0 0
24366,3,ISO/IEC 10118 : 3 : 0 0
22844,1,ISO 8601 : 0 : 0 0
22844,2,ISO/IEC 10118 : 2 : 0 0
22844,3,ISO/IEC 10118 : 3 : 0 0
22844,4,ISO/IEC 10118 : 1 : 0 0
28242,1,ISO/IEC 8824 : 1 : 1998
28242,2,ISO/IEC 9594 : 8 : 2005
23131,1,ISO/IEC 8824 : 1 : 1998
23131,2,ISO/IEC 9594 : 8 : 2005
28377,1,ISO/IEC 8824 : 1 : 1998
28377,2,ISO/IEC 9594 : 8 : 2005
23297,1,ISO/IEC 9797 : 2 : 0 0
23297,2,ISO/IEC 10118 : 3 : 0 0
23297,3,ISO/IEC 18032 : 0 : 0 0
23297,4,ISO/IEC 19790 : 0 : 0 0
65979,1,ISO/IEC 9797 : 2 : 0 0
65979,2,ISO/IEC 10118 : 3 : 0 0
65979,3,ISO/IEC 18032 : 0 : 0 0
65979,4,ISO/IEC 19790 : 0 : 0 0
28218,1,ISO/IEC 18033 : 6 : 0 0
28218,2,ISO/IEC 18033 : 7 : 0 0
23111,1,ISO/IEC 9797 : 1 : 1999
23111,2,ISO/IEC 9797 : 2 : 2002
23111,3,ISO/IEC 10118 : 2 : 2000
23111,4,ISO/IEC 10118 : 3 : 2004
23111,5,ISO/IEC 18033 : 3 : 2005
23112,1,0 0 : 0 : 0 0
23114,1,ISO/IEC 18033 : 6 : 0 0
23114,2,ISO/IEC 18033 : 7 : 0 0
25040,1,ISO 7001 : 0 : 0 0
8215,1,BSI 558 : 1970
8215,2,BSI 564 : 1970
31575,1,BSI 558 : 1970
31575,2,BSI 564 : 1970
28409,1,ISO 14674 : 2005
28410,1,ISO 14675 : 2003
25830,1,0 0 : 0 : 0 0
21176,1,ISO 4223 : 1 : 2002
26293,1,0 0 : 0 : 0 0
26294,1,0 0 : 0 : 0 0
26295,1,0 0 : 0 : 0 0
26296,1,0 0 : 0 : 0 0
26604,1,0 0 : 0 : 0 0
26297,1,0 0 : 0 : 0 0
8225,1,ISO 273 : 1979
24349,1,ISO 14937 : 2009
24349,2,ISO 17665 : 1 : 2006
24350,1,ISO 17665 : 1 : 2006
34067,1,ASTM 6866 : 0 : 0 0
26155,1,ISO 17256 : 0 : 0 0
26155,2,ISO 80601 : 2 : 74 2017
26157,1,ASTM 0 : 10 : 0 0
26157,2,ASTM 0 : 10 : 0 0
26158,1,ISO 8536 : 4 : 0 0
26158,2,ISO 3826 : 4 : 2015
26158,3,ISO 15747 : 0 : 0 0
26158,4,ISO 15759 : 0 : 0 0
28564,1,ASTM 6866 : 0 : 0 0
26298,1,ISO 80601 : 2 : 74 2017
26298,2,ISO 15747 : 2018
31239,1,ISO 3651 : 2 : 0 0
8230,1,ISO 376 : 0 : 0 0
8231,1,ISO 204 : 1961
23359,1,CEN 12264 : 0 : 0 0
27000,1,ISO 376 : 0 : 0 0
25944,1,0 0 : 0 : 0 0
21776,1,ISO 10781 : 0 : 0 0
21776,2,ISO 22221 : 0 : 0 0
21776,3,ISO 29585 : 0 : 0 0
21776,4,ISO 18308 : 0 : 0 0
21776,5,ISO 13606 : 0 : 0 0
21776,6,ISO 13606 : 1 : 0 0
21776,7,ISO 7498 : 2 : 0 0
21776,8,ISO 22600 : 1 : 0 0
21776,9,other 13940 : 1 : 0 0
21776,10,other 1068 : 0 : 0 0
21776,11,ISO/IEC 2382 : 4 : 0 0
21776,12,ISO 1087 : 1 : 0 0
21776,13,ISO 25237 : 0 : 0 0
21776,14,ISO/IEC 2382 : 17 : 0 0
21776,15,other 13940 : 1 : 0 0
21776,16,ISO/IEC 10746 : 2 : 0 0
21776,17,ISO/IEC 6523 : 1 : 0 0
21776,18,ISO/IEC 2382 : 8 : 0 0
25638,1,0 0 : 0 : 0 0
25639,1,0 0 : 0 : 0 0
21591,1,0 0 : 0 : 0 0
21592,1,0 0 : 0 : 0 0
21593,1,0 0 : 0 : 0 0
25737,1,0 0 : 0 : 0 0
25738,1,0 0 : 0 : 0 0
693,1,0 0 : 0 : 0 0
31597,1,ISO 3746 : 2010
31597,2,ISO 5359 : 2014
31597,3,ISO 14644 : 1 : 1999
31597,4,ISO 17672 : 2010
31597,5,ISO 21969 : 2009
31597,6,ISO 29463 : 1 : 2011
31597,7,EN 286 : 1 : 1998
31597,8,EN 1041 : 2008
31597,9,EN 1254 : 1 : 1998
31597,10,EN 1254 : 4 : 1998
31597,11,EN 13348 : 2008
31619,1,ISO 5361 : 1 : 2016
31619,2,ISO 18190 : 2016
31619,3,ISO 18562 : 1 : 0 0
23729,1,0 0 : 0 : 0 0
23730,1,0 0 : 0 : 0 0
34004,1,ISO 10664 : 0 : 0 0
29941,1,ISO 10664 : 0 : 0 0
31066,1,ISO 7488 : 2018
31066,2,ISO 13897 : 2018
31066,3,ISO 3310 : 1 : 2016
8250,1,ISO 657 : 5 : 0 0
8250,2,ISO 1035 : 4 : 0 0
8250,3,ISO 657 : 13 : 0 0
8250,4,ISO 4995 : 1978
31240,1,ISO 12677 : 0 : 0 0
31240,2,ISO 13383 : 1 : 0 0
31240,3,ISO 14242 : 1 : 0 0
31240,4,ISO 15732 : 0 : 0 0
31240,5,ISO 16428 : 0 : 0 0
31240,6,ISO 18756 : 0 : 0 0
31240,7,ISO 22214 : 0 : 0 0
31240,8,ISO 23146 : 0 : 0 0
31240,9,EN 623 : 2 : 0 0
31240,10,EN 623 : 3 : 0 0
31240,11,EN 725 : 1 : 0 0
31240,12,EN 843 : 1 : 0 0
31240,13,EN 843 : 2 : 0 0
31240,14,EN 843 : 4 : 0 0
31240,15,EN 843 : 5 : 0 0
31240,16,CEN 14425 : 5 : 0 0
31240,17,ASTM 1161 : 0 : 0 0
31240,18,ASTM 1198 : 0 : 0 0
31240,19,ASTM 1239 : 0 : 0 0
31240,20,ASTM 1259 : 0 : 0 0
31240,21,ASTM 1327 : 0 : 0 0
31240,22,ASTM 1331 : 0 : 0 0
31240,23,ASTM 1421 : 0 : 0 0
31240,24,ASTM 1499 : 0 : 0 0
33168,1,ISO 12677 : 0 : 0 0
33168,2,ISO 13383 : 1 : 0 0
33168,3,ISO 15732 : 0 : 0 0
33168,4,ISO 16428 : 0 : 0 0
33168,5,ISO 18756 : 0 : 0 0
33168,6,ISO 22214 : 0 : 0 0
33168,7,ISO 23146 : 0 : 0 0
33168,8,EN 623 : 2 : 0 0
33168,9,EN 623 : 3 : 0 0
33168,10,EN 725 : 1 : 0 0
33168,11,EN 843 : 1 : 0 0
33168,12,EN 843 : 2 : 0 0
33168,13,EN 843 : 4 : 0 0
33168,14,EN 843 : 5 : 0 0
33168,15,CEN 14425 : 5 : 0 0
33168,16,ASTM 1161 : 0 : 0 0
33168,17,ASTM 1198 : 0 : 0 0
33168,18,ASTM 1239 : 0 : 0 0
33168,19,ASTM 1259 : 0 : 0 0
33168,20,ASTM 1327 : 0 : 0 0
33168,21,ASTM 1331 : 0 : 0 0
33168,22,ASTM 1421 : 0 : 0 0
33168,23,ASTM 1499 : 0 : 0 0
33168,24,ASTM 112 : 0 : 0 0
31618,1,ISO 15223 : 1 : 2021
31618,2,ASTM 3078 : 0 : 0 0
31618,3,ASTM 1929 : 0 : 0 0
30771,1,ISO 19105 : 0 : 0 0
30771,2,ISO 19107 : 0 : 0 0
34135,1,ISO 19105 : 0 : 0 0
34135,2,ISO 19107 : 0 : 0 0
33657,1,ISO 19105 : 0 : 0 0
33657,2,ISO 19107 : 0 : 0 0
26299,1,0 0 : 0 : 0 0
26300,1,0 0 : 0 : 0 0
27495,1,ISO 19711 : 1 : 2018
23520,1,ISO 19711 : 1 : 2018
20878,1,IEC 60034 : 1 : 0 0
20878,2,IEC 60034 : 5 : 0 0
65956,1,ISO 11979 : 1 : 0 0
65956,2,ISO 11979 : 3 : 0 0
65956,3,ISO 11979 : 4 : 0 0
65956,4,ISO 6328 : 2000
65956,5,ISO 9334 : 0 : 0 0
65956,6,ISO 9335 : 0 : 0 0
31763,1,ISO 11195 : 2018
31763,2,ISO 18562 : 1 : 2017
31763,3,ISO 23328 : 1 : 2003
31763,4,ISO 23328 : 2 : 2002
31763,5,ISO 80369 : 2 : 0 0
31763,6,IEC 62570 : 2014
31763,7,IEC 115 : 2021
31763,8,EN 13544 : 2 : 2002
31763,9,ISO 11195 : 2018
31763,10,ISO 18562 : 1 : 2017
31763,11,ISO 23328 : 1 : 2003
31763,12,ISO 23328 : 2 : 2002
31763,13,ISO 80369 : 2 : 0 0
31763,14,IEC 62570 : 2014
31763,15,IEC 115 : 2021
31763,16,EN 13544 : 2 : 2002
8271,1,0 0 : 0 : 0 0
8272,1,0 0 : 0 : 0 0
26942,1,ISO 9227 : 0 : 0 0
26942,2,ASTM 0 : 81 : 0 0
31418,1,0 0 : 0 : 0 0
26026,1,ISO 3450 : 2011
26026,2,ISO 4309 : 0 : 0 0
26026,3,ISO 10263 : 1 : 0 0
26026,4,ISO 10263 : 5 : 0 0
26026,5,ISO 10263 : 5 : 0 0
26026,6,ISO 11201 : 2010
26026,7,ISO 11203 : 0 : 0 0
26026,8,ISO 10263 : 1 : 0 0
26026,9,ISO 13732 : 1 : 0 0
26026,10,ISO/TS 13732 : 2 : 0 0
26026,11,ISO 13732 : 3 : 0 0
26026,12,ISO 14567 : 0 : 0 0
26026,13,ISO 16368 : 0 : 0 0
26026,14,ISO 20381 : 0 : 0 0
26026,15,IEC 60073 : 0 : 0 0
26026,16,IEC 61000 : 6 : 4
26026,17,EN 14492 : 1 : 0 0
26570,1,0 0 : 0 : 0 0
28464,1,0 0 : 0 : 0 0
8280,1,ISO 7 : 1 : 1994
31859,1,0 0 : 0 : 0 0
26024,1,0 0 : 0 : 0 0
26025,1,0 0 : 0 : 0 0
24472,1,ISO 12651 : 0 : 0 0
455,1,0 0 : 0 : 0 0
26892,1,0 0 : 0 : 0 0
25875,1,0 0 : 0 : 0 0
26906,1,0 0 : 0 : 0 0
28961,1,0 0 : 0 : 0 0
21574,1,0 0 : 0 : 0 0
26965,1,0 0 : 0 : 0 0
31061,1,0 0 : 0 : 0 0
26966,1,IEC 60050 : 1992
26966,2,IEC 60050 : 1995
26966,3,IEC 60050 : 702 : 1992
26966,4,IEC 60050 : 705 : 1995
26967,1,0 0 : 0 : 0 0
8289,1,0 0 : 0 : 0 0
8290,1,IEC 60027 : 1 : 1992
8290,2,IEC 60027 : 2 : 2000
8290,3,IEC 60027 : 2 : 2000
8290,4,IEC 60050 : 151 : 2001
8292,1,0 0 : 0 : 0 0
8298,1,0 0 : 0 : 0 0
8299,1,IEC 60050 : 1992
8299,2,IEC 60050 : 1995
8299,3,IEC 60050 : 702 : 1992
8299,4,IEC 60050 : 705 : 1995
8309,1,0 0 : 0 : 0 0
28277,1,0 0 : 0 : 0 0
8311,1,0 0 : 0 : 0 0
8312,1,0 0 : 0 : 0 0
8313,1,0 0 : 0 : 0 0
25733,1,0 0 : 0 : 0 0
25734,1,0 0 : 0 : 0 0
25735,1,IEC 108 : 0 : 0 0
8329,1,0 0 : 0 : 0 0
8330,1,0 0 : 0 : 0 0
8336,1,ISO/IEC 2382 : 15 : 0 0
8339,1,ISO 2185 : 1972
8339,2,ASTM 0 : 1971
8340,1,0 0 : 0 : 0 0
29333,1,0 0 : 0 : 0 0
8343,1,IEC 60027 : 1 : 1992
8343,2,IEC 60027 : 2 : 2000
8343,3,IEC 60050 : 101 : 1998
8343,4,IEC 60050 : 111 : 1996
8343,5,IEC 60050 : 121 : 1998
8343,6,IEC 60050 : 151 : 2001
8343,7,IEC 60050 : 702 : 1992
8343,8,IEC 60050 : 726 : 1982
8344,1,0 0 : 0 : 0 0
27545,1,ISO 13943 : 2017
29337,1,0 0 : 0 : 0 0
8347,1,0 0 : 0 : 0 0
24475,1,IEC 60947 : 1 : 2007
24475,2,IEC 60050 : 441 : 1984
29339,1,0 0 : 0 : 0 0
24476,1,IEC 108 : 0 : 0 0
8349,1,IEC 108 : 0 : 0 0
24477,1,IEC 108 : 0 : 0 0
8353,1,0 0 : 0 : 0 0
26786,1,0 0 : 0 : 0 0
26787,1,0 0 : 0 : 0 0
8356,1,IEC 60050 : 602 : 1983
26788,1,0 0 : 0 : 0 0
8358,1,0 0 : 0 : 0 0
8359,1,IEC 60050 : 605 : 1983
8360,1,0 0 : 0 : 0 0
8361,1,IEC 60050 : 111 : 1 1982
8362,1,IEC 60050 : 111 : 2 1984
8363,1,IEC 60050 : 111 : 3 1977
8364,1,IEC 60027 : 1 : 1992
8364,2,IEC 60050 : 101 : 1998
8364,3,IEC 60050 : 111 : 1996
8364,4,IEC 60050 : 121 : 1998
8364,5,IEC 60050 : 131 : 1978
8364,6,IEC 60050 : 191 : 1990
8364,7,IEC 60050 : 195 : 1998
8364,8,IEC 60050 : 212 : 1990
8364,9,IEC 60050 : 221 : 1990
8364,10,IEC 60050 : 351 : 1998
8364,11,IEC 60050 : 411 : 1966
8364,12,IEC 60050 : 441 : 1984
8364,13,IEC 60050 : 461 : 1984
8364,14,IEC 60050 : 466 : 1990
8364,15,IEC 60050 : 486 : 1991
8364,16,IEC 60050 : 521 : 1984
8364,17,IEC 60050 : 531 : 1974
8364,18,IEC 60050 : 551 : 1998
8364,19,IEC 60050 : 581 : 1978
8364,20,IEC 60050 : 601 : 1985
8364,21,IEC 60050 : 702 : 1992
8364,22,IEC 60050 : 704 : 1993
8364,23,IEC 60050 : 713 : 1998
8364,24,IEC 60050 : 726 : 1982
8364,25,IEC 60050 : 731 : 1991
8364,26,IEC 60050 : 801 : 1994
8364,27,IEC 60050 : 811 : 1991
8364,28,IEC 60050 : 841 : 1983
8364,29,IEC 60050 : 891 : 1998
8364,30,IEC 60417 : 1 : 2000
8364,31,IEC 61293 : 1994
8364,32,ISO 31 : 1992
8364,33,ISO 3534 : 1 : 1993
8365,1,0 0 : 0 : 0 0
8366,1,IEC 60050 : 431 : 1980
8367,1,IEC 60050 : 466 : 1990
8368,1,IEC 60050 : 601 : 1985
8369,1,IEC 60050 : 603 : 1983
8370,1,IEC 60050 : 301 : 1983
8371,1,IEC 60050 : 302 : 1983
8373,1,ISO 13943 : 2017
8375,1,IEC 60050 : 446 : 1983
18644,1,0 0 : 0 : 0 0
25812,1,0 0 : 0 : 0 0
30171,1,0 0 : 0 : 0 0
27127,1,0 0 : 0 : 0 0
28208,1,0 0 : 0 : 0 0
26943,1,0 0 : 0 : 0 0
17786,1,ISO 31 : 1 : 1992
17786,2,ISO 31 : 2 : 1992
17786,3,ISO 31 : 3 : 1992
17786,4,ISO 31 : 4 : 1992
17786,5,ISO 31 : 5 : 1992
8383,1,ISO 31 : 1992
8383,2,ISO 31 : 1992
8383,3,ISO 31 : 1 : 1992
8383,4,ISO 31 : 2 : 1992
8383,5,ISO 31 : 2 : 1992
8383,6,ISO 31 : 2 : 1992
8383,7,ISO 31 : 3 : 1992
8383,8,ISO 31 : 3 : 1992
8383,9,ISO 31 : 3 : 1992
8383,10,ISO 31 : 4 : 1992
8383,11,ISO 31 : 4 : 1992
8384,1,IEC 27 : 1971
8384,2,ISO 31 : 1992
8384,3,ISO 31 : 1 : 1992
8384,4,ISO 31 : 2 : 1992
8385,1,ISO 31 : 1992
8385,2,ISO 31 : 1 : 1992
8385,3,ISO 31 : 2 : 1992
8385,4,ISO 31 : 3 : 1992
8385,5,ISO 31 : 4 : 1992
8385,6,ISO 31 : 5 : 1992
8386,1,ISO 31 : 5 : 1992
8386,2,ISO 31 : 8 : 1992
8386,3,ISO 3 : 10 : 1992
8386,4,ISO 31 : 1992
8386,5,ISO 31 : 2 : 1992
8386,6,ISO 31 : 1 : 1992
8389,1,ISO 31 : 1992
8389,2,ISO 31 : 8 : 1992
8390,1,IEC 27 : 1 : 1991
8390,2,ISO 31 : 1992
8390,3,ISO 31 : 1 : 1992
8390,4,ISO 31 : 2 : 1992
8391,1,ISO 31 : 1 : 1992
8391,2,ISO 31 : 2 : 1992
8391,3,ISO 31 : 3 : 1992
8391,4,ISO 31 : 4 : 1992
8391,5,ISO 31 : 5 : 1992
8391,6,ISO 31 : 6 : 1992
8392,1,ISO 31 : 1 : 1992
8392,2,ISO 31 : 1 : 1992
8392,3,ISO 31 : 2 : 1992
8392,4,ISO 31 : 3 : 1992
8392,5,ISO 31 : 4 : 1992
8392,6,ISO 31 : 5 : 1992
8392,7,ISO 31 : 6 : 1992
8392,8,ISO 31 : 7 : 1992
8392,9,ISO 31 : 8 : 1992
8392,10,ISO 9 : 1992
8393,1,ISO 31 : 1992
8393,2,ISO 31 : 1 : 1992
8393,3,ISO 31 : 2 : 1992
8393,4,ISO 31 : 3 : 1992
8393,5,ISO 31 : 4 : 1992
8393,6,ISO 31 : 5 : 1992
8394,1,ISO 31 : 1992
8394,2,ISO 31 : 1 : 1992
8394,3,ISO 31 : 2 : 1992
8394,4,ISO 31 : 3 : 1992
8394,5,ISO 31 : 4 : 1992
32877,1,ISO 252 : 2023
8396,1,ISO 252 : 2023
8398,1,ISO 340 : 1988
18649,1,ISO 6133 : 2015
32248,1,ISO 6133 : 2015
8410,1,BSI 1050 : 1953
17610,1,0 0 : 0 : 0 0
24405,1,ISO 16750 : 2 : 2012
24405,2,ISO 16750 : 5 : 0 0
24405,3,ISO 20653 : 0 : 0 0
24405,4,IEC 60068 : 2 : 11
24405,5,IEC 60068 : 2 : 14
24405,6,IEC 60068 : 2 : 38
24405,7,IEC 60068 : 2 : 52
24405,8,IEC 60068 : 2 : 64 2008
25978,1,ISO 8601 : 0 : 0 0
25978,2,ASTM 0 : 0 : 0 0
25978,3,ASTM 0 : 0 : 0 0
25978,4,ASTM 0 : 0 : 0 0
28465,1,ISO 15213 : 2003
8416,1,ISO 15213 : 2003
28876,1,ISO 15213 : 2003
8418,1,ISO 15213 : 2003
33458,1,IEC 61189 : 5 : 506 2019
33458,2,EN 14582 : 2016
8431,1,IEC 61189 : 5 : 506 2019
8431,2,EN 14582 : 2016
25161,1,ISO 10993 : 1 : 2009
25161,2,ISO 10993 : 5 : 2009
8437,1,0 0 : 0 : 0 0
8438,1,ISO 2729 : 1995
8439,1,BSI 498 : 1990
8439,2,BSI 498 : 1990
8439,3,BSI 498 : 1990
28016,1,ISO 17375 : 2006
8440,1,ISO 17375 : 2006
27790,1,ISO 17375 : 2006
8442,1,ISO 17375 : 2006
20879,1,ISO 1940 : -2 : 0 0
25100,1,ISO 3744 : 2010
25100,2,ISO 7293 : 1997
25100,3,ISO 11201 : 2010
25100,4,ISO 14982 : 1998
25100,5,ISO 16063 : 1 : 1998
25100,6,ISO 20643 : 2005
25100,7,IEC 60745 : 1 : 2006
8451,1,BSI 5489 : 9 : 1969
26144,1,ISO 13504 : 0 : 0 0
26144,2,ISO 15087 : 1 : 0 0
26144,3,ISO 16443 : 0 : 0 0
8464,1,0 0 : 0 : 0 0
413,1,ISO 6929 : 1987
18667,1,0 0 : 0 : 0 0
8470,1,0 0 : 0 : 0 0
31729,1,0 0 : 0 : 0 0
24103,1,0 0 : 0 : 0 0
27439,1,ISO 139 : 1973
27439,2,ISO 3696 : 1987
27439,3,ISO 10012 : 1 : 1993
27440,1,ISO 139 : 1973
27440,2,ISO 3696 : 1987
27440,3,ISO 10012 : 1 : 1992
21138,1,ISO 139 : 1973
21138,2,ISO 3696 : 1987
21138,3,ISO 10012 : 1 : 1993
21139,1,ISO 139 : 1973
21139,2,ISO 3696 : 1987
21139,3,ISO 10012 : 1 : 1992
21122,1,ISO 20139 : 1973
21122,2,ISO 139 : 1973
21122,3,ISO 3696 : 1987
21122,4,ISO 10012 : 1 : 1992
66612,1,ISO 10993 : 1 : 2009
66612,2,ISO 10993 : 2 : 2006
66612,3,ISO 11607 : 1 : 2006
66612,4,ISO 14155 : 2011
66612,5,ISO 14971 : 2007
66612,6,ISO 15223 : 1 : 2012
66612,7,ISO 22442 : 1 : 2007
66612,8,ISO 13408 : 1 : 2008
66612,9,ISO 14630 : 2012
66612,10,EN 1041 : 2008
27496,1,0 0 : 0 : 0 0
24158,1,0 0 : 0 : 0 0
22798,1,ISO/IEC 8824 : 1 : 0 0
22798,2,ISO/IEC 9834 : 1 : 0 0
22798,3,ISO/IEC 19784 : 1 : 0 0
22798,4,ISO/IEC 19785 : 1 : 0 0
22798,5,ISO/IEC 19794 : 0 : 0 0
66903,1,0 0 : 0 : 0 0
27394,1,ISO/IEC 9797 : 2 : 0 0
27394,2,ISO/IEC 10118 : 2 : 0 0
27394,3,ISO/IEC 10118 : 3 : 0 0
27394,4,ISO/IEC 10118 : 4 : 0 0
27394,5,ISO/IEC 9798 : 2 : 0 0
27394,6,ISO/IEC 9798 : 3 : 0 0
27394,7,ISO/IEC 9798 : 4 : 0 0
27394,8,ISO/IEC 9798 : 5 : 0 0
27394,9,ISO/IEC 9798 : 6 : 0 0
66180,1,ISO/IEC 9797 : 2 : 0 0
66180,2,ISO/IEC 10118 : 2 : 0 0
66180,3,ISO/IEC 10118 : 3 : 0 0
66180,4,ISO/IEC 10118 : 4 : 0 0
66180,5,ISO/IEC 9798 : 2 : 0 0
66180,6,ISO/IEC 9798 : 3 : 0 0
66180,7,ISO/IEC 9798 : 4 : 0 0
66180,8,ISO/IEC 9798 : 5 : 0 0
66180,9,ISO/IEC 9798 : 6 : 0 0
26145,1,ISO/IEC 19795 : 1 : 2016
66220,1,ISO/IEC 19795 : 1 : 2016
22799,1,ISO/IEC 19794 : 1 : 2011
24629,1,ISO/IEC 19785 : 1 : 0 0
24629,2,ISO/IEC 2382 : 37 : 0 0
23105,1,ISO/IEC 8825 : 1 : 0 0
23105,2,ISO/IEC 19785 : 1 : 0 0
23105,3,ISO/IEC 19785 : 2 : 0 0
23105,4,ISO/IEC 19785 : 3 : 0 0
23105,5,ISO/IEC 19794 : 1 : 0 0
24655,1,ISO/IEC 19785 : 1 : 0 0
24656,1,ISO/IEC 10918 : 0 : 0 0
24656,2,ISO/IEC 15444 : 0 : 0 0
24656,3,ISO/IEC 14495 : 0 : 0 0
24656,4,ISO/IEC 19785 : 1 : 0 0
23412,1,ISO/IEC 10918 : 1 : 0 0
23412,2,ISO/IEC 15444 : 0 : 0 0
23412,3,ISO/IEC 15948 : 0 : 0 0
23412,4,ISO/IEC 19794 : 1 : 2011
23412,5,ISO/IEC 29794 : 1 : 0 0
24693,1,ISO/IEC 10918 : 1 : 0 0
24693,2,ISO/IEC 15444 : 1 : 0 0
24693,3,ISO/IEC 15948 : 0 : 0 0
24693,4,ISO/IEC 29794 : 1 : 0 0
23160,1,ISO/IEC 19784 : 1 : 0 0
24701,1,ISO/IEC 15444 : 1 : 0 0
24701,2,ISO/IEC 15948 : 0 : 0 0
23194,1,ISO/IEC 19785 : 3 : 2007
23194,2,ISO/IEC 19794 : 1 : 2011
23194,3,ISO/IEC 7816 : 11 : 2004
23270,1,ISO/IEC 7816 : 6 : 2004
23270,2,ISO/IEC 7816 : 11 : 2004
23270,3,ISO/IEC 19784 : 1 : 2006
23278,1,ISO/IEC 19785 : 2 : 0 0
23278,2,ISO/IEC 19794 : 1 : 0 0
27395,1,0 0 : 0 : 0 0
26755,1,ISO/IEC 19795 : 1 : 0 0
26756,1,ISO/IEC 19795 : 1 : 2006
26757,1,ISO/IEC 19785 : 3 : 2007
26757,2,ISO/IEC 19795 : 1 : 2006
26571,1,ISO/IEC 19795 : 1 : 0 0
26605,1,ISO/IEC 19795 : 1 : 0 0
26876,1,ISO/IEC 19795 : 1 : 2006
557,1,ISO/IEC 9126 : 2 : 2003
27502,1,ISO/IEC 24712 : 0 : 0 0
67211,1,ISO/IEC 24712 : 0 : 0 0
66886,1,0 0 : 0 : 0 0
8492,1,ISO 4802 : 1 : 2016
8492,2,ISO 4802 : 2 : 2016
30317,1,ISO 3302 : 2 : 0 0
30317,2,ISO 8871 : 1 : 0 0
30317,3,ISO 8871 : 4 : 0 0
30317,4,ISO 8871 : 5 : 2016
33934,1,ISO 3302 : 2 : 0 0
33934,2,ISO 8871 : 1 : 0 0
33934,3,ISO 8871 : 4 : 0 0
33934,4,ISO 8871 : 5 : 2016
29786,1,ISO 4802 : 1 : 2016
29786,2,ISO 4802 : 2 : 2016
24674,1,ISO/IEC 17825 : 0 : 0 0
24674,2,ISO/IEC 18367 : 0 : 0 0
24674,3,ISO/IEC 19790 : 0 : 0 0
24674,4,ISO/IEC 20085 : 1 : 0 0
24674,5,ISO/IEC 20085 : 2 : 0 0
24674,6,ISO/IEC 20543 : 0 : 0 0
24674,7,ISO/IEC 24759 : 0 : 0 0
8512,1,ISO 404 : 2013
8512,2,ISO 4288 : 1996
8512,3,ISO 6508 : 1 : 2015
8512,4,ISO 6892 : 1 : 2016
8512,5,ISO 10474 : 2013
25476,1,ISO 404 : 2013
25476,2,ISO 4288 : 1996
25476,3,ISO 6508 : 1 : 2015
25476,4,ISO 6892 : 1 : 2016
25476,5,ISO 10474 : 2013
8515,1,ISO 719 : 1985
8515,2,ISO 3585 : 0 : 0 0
8515,3,ISO 4803 : 0 : 0 0
8516,1,ISO 384 : 1978
8516,2,ISO 719 : 0 : 0 0
8516,3,ISO 4787 : 1984
23008,1,ISO 2190 : 2016
23008,2,ISO 633 : 0 : 0 0
8519,1,0 0 : 0 : 0 0
27256,1,0 0 : 0 : 0 0
31282,1,ISO/IEC 20000 : 10 : 2013
23605,1,0 0 : 0 : 0 0
23606,1,ISO/IEC 15504 : 1 : 0 0
24927,1,ISO/IEC 20000 : 10 : 2013
20912,1,0 0 : 0 : 0 0
26564,1,0 0 : 0 : 0 0
24256,1,ISO 639 : 2 : 1998
8531,1,ISO 7778 : 2014
31590,1,ISO 7778 : 2014
21508,1,ISO 15022 : 1 : 1999
21508,2,ISO 15022 : 2 : 1999
21508,3,other 20022 : 5 : 2004
21597,1,ISO 20022 : 1 : 2004
21490,1,ISO 20022 : 1 : 2004
243,1,ISO 20022 : 1 : 2004
243,2,other 20022 : 3 : 2004
243,3,other 20022 : 4 : 2004
243,4,other 20022 : 5 : 2004
21491,1,ISO 20022 : 1 : 2004
26142,1,ISO/IEC 9797 : 1 : 0 0
26477,1,ISO 2603 : 2016
26477,2,IEC 60268 : 16 : 0 0
26478,1,ISO 2603 : 2016
26478,2,ISO 639 : 3 : 0 0
26478,3,ISO 9241 : 410 : 0 0
26478,4,ISO 24503 : 0 : 0 0
26478,5,ISO 9241 : 303 : 0 0
26987,1,0 0 : 0 : 0 0
32694,1,0 0 : 0 : 0 0
17603,1,ISO 3310 : 1 : 2000
26572,1,0 0 : 0 : 0 0
30255,1,IEC 61378 : 1 : 0 0
8558,1,IEC 60076 : 1967
22898,1,IEC 60076 : 11 : 0 0
22898,2,IEC 60216 : 1 : 0 0
22898,3,IEC 61378 : 1 : 1997
22899,1,IEC 60076 : 16 : 0 0
22899,2,IEC 60836 : 0 : 0 0
22899,3,IEC 61378 : 1 : 0 0
22899,4,IEC 61378 : 2 : 0 0
22900,1,IEC 60480 : 0 : 0 0
22900,2,IEC 62271 : 4 : 2002
22901,1,IEC 61378 : 1 : 0 0
22902,1,0 0 : 0 : 0 0
22903,1,IEC 60068 : 2 : 1
22903,2,IEC 60068 : 2 : 2
22903,3,IEC 60068 : 2 : 30
22903,4,ISO 0 : 0 : 0 0
21123,1,IEC 61043 : 1993
21123,2,ISO 3382 : 2 : 2008
21123,3,ISO 3746 : 2010
21123,4,ISO 9614 : 1 : 1993
21123,5,ISO 9614 : 2 : 1996
25793,1,IEC 60068 : 3 : 3
25793,2,IEC 60332 : 3 : 10
25793,3,IEC 61378 : 1 : 0 0
25793,4,ISO 12944 : 6 : 0 0
21211,1,IEC 60034 : 1 : 0 0
21211,2,IEC 60076 : 5 : 0 0
32746,1,IEC 61043 : 1993
32746,2,ISO 3382 : 2 : 2008
32746,3,ISO 3746 : 2010
32746,4,ISO 9614 : 1 : 1993
32746,5,ISO 9614 : 2 : 1996
8560,1,ISO 272 : 1979
8560,2,ISO 691 : 1975
28925,1,ISO 272 : 1979
28925,2,ISO 691 : 1975
26143,1,ISO 639 : 1 : 0 0
25874,1,ISO 8041 : 0 : 0 0
8562,1,ISO 10103 : 1990
8562,2,ISO 10104 : 1990
65912,1,ISO 10103 : 1990
65912,2,ISO 10104 : 1990
26913,1,ISO 2067 : 0 : 0 0
23094,1,ISO 2067 : 0 : 0 0
8563,1,ISO 1085 : 1969
8563,2,ISO 1711 : 1970
8563,3,ISO 2236 : 1982
244,1,ISO 20301 : 0 : 0 0
244,2,ISO 3166 : 1 : 0 0
244,3,ISO/IEC 7811 : 1 : 0 0
244,4,ISO/IEC 7811 : 2 : 0 0
244,5,ISO/IEC 7812 : 1 : 0 0
244,6,ISO/IEC 7816 : 1 : 0 0
244,7,ISO/IEC 7816 : 2 : 0 0
244,8,ISO/IEC 7816 : 3 : 0 0
244,9,ISO/IEC 7816 : 5 : 0 0
244,10,ISO/IEC 7816 : 6 : 0 0
244,11,ISO 3166 : 2 : 0 0
244,12,ISO 3166 : 3 : 0 0
244,13,ISO/IEC 7810 : 0 : 0 0
244,14,ISO/IEC 7811 : 6 : 0 0
244,15,ISO/IEC 7811 : 7 : 0 0
244,16,ISO/IEC 7811 : 9 : 0 0
244,17,ISO/IEC 7816 : 4 : 0 0
244,18,ISO/IEC 10373 : 0 : 0 0
244,19,ISO/IEC 10536 : 0 : 0 0
244,20,ISO/IEC 11694 : 0 : 0 0
244,21,ISO/IEC 14443 : 0 : 0 0
244,22,ISO 3166 : 0 : 0 0
244,23,ISO/IEC 7811 : 0 : 0 0
244,24,ISO/IEC 7811 : 8 : 0 0
244,25,ISO/IEC 10373 : 0 : 0 0
244,26,ISO/IEC 11693 : 0 : 0 0
244,27,ISO/IEC 15420 : 0 : 0 0
244,28,ISO/IEC 15438 : 0 : 0 0
244,29,ISO/IEC 15693 : 1 : 0 0
244,30,ISO/IEC 15693 : 2 : 0 0
244,31,ISO 20302 : 0 : 0 0
244,32,ISO 21549 : 1 : 0 0
244,33,ISO 21549 : 2 : 0 0
244,34,ISO/IEC 7810 : 0 : 0 0
244,35,ISO 3166 : 0 : 0 0
244,36,ISO/IEC 7811 : 0 : 0 0
244,37,ISO/IEC 7812 : 1 : 0 0
244,38,ISO/IEC 7816 : 0 : 0 0
244,39,ISO/IEC 10536 : 0 : 0 0
244,40,ISO/IEC 11693 : 0 : 0 0
244,41,ISO/IEC 14443 : 0 : 0 0
244,42,ISO/IEC 15420 : 0 : 0 0
244,43,ISO/IEC 15438 : 0 : 0 0
244,44,ISO/IEC 15693 : 0 : 0 0
244,45,ISO 20302 : 0 : 0 0
244,46,ISO/IEC 7811 : 0 : 0 0
244,47,ISO/IEC 7816 : 0 : 0 0
244,48,ISO/IEC 11693 : 0 : 0 0
244,49,ISO 21549 : 1 : 0 0
244,50,ISO 7810 : 0 : 0 0
244,51,ISO 21549 : 2 : 0 0
244,52,ISO/IEC 7812 : 1 : 0 0
8564,1,ISO 3 : 1973
22980,1,ISO 2067 : 1998
22980,2,ISO 633 : 0 : 0 0
28730,1,IEC 60417 : 0 : 0 0
28730,2,IEC 60825 : 1 : 0 0
28730,3,IEC 60601 : 2 : 57
28730,4,IEC 61140 : 0 : 0 0
28730,5,IEC 80416 : 0 : 0 0
28730,6,ISO/IEC 11581 : 5 : 0 0
8566,1,IEC 60117 : 6 : 0 0
8569,1,IEC 60417 : 0 : 0 0
8569,2,IEC 60825 : 1 : 0 0
8569,3,IEC 60601 : 2 : 57
8569,4,IEC 61140 : 0 : 0 0
8569,5,IEC 80416 : 0 : 0 0
8569,6,ISO/IEC 11581 : 5 : 0 0
8572,1,IEC 60092 : 2 : 1965
26479,1,0 0 : 0 : 0 0
310,1,0 0 : 0 : 0 0
31591,1,ISO 7778 : 2014
8582,1,ISO 7778 : 2014
24876,1,ISO 1402 : 2009
24876,2,ISO 3744 : 2010
24876,3,ISO 3746 : 2010
24876,4,ISO 3747 : 2010
24876,5,ISO 4413 : 2010
24876,6,ISO 4414 : 2010
24876,7,ISO 4871 : 1996
24876,8,ISO 7751 : 2016
24876,9,ISO 11201 : 2010
24876,10,ISO 11202 : 2010
24876,11,ISO 11204 : 2010
24876,12,ISO 12100 : 2010
24876,13,ISO 13732 : 1 : 2006
24876,14,ISO 13849 : 2 : 2012
24876,15,ISO 13850 : 2015
24876,16,ISO 13851 : 2002
24876,17,ISO 13855 : 2010
24876,18,ISO 13856 : 1 : 2013
24876,19,ISO 13856 : 2 : 2013
24876,20,ISO 13857 : 2008
24876,21,ISO 14118 : 2017
24876,22,ISO 14119 : 2013
24876,23,ISO 14120 : 2015
24876,24,ISO 14122 : 1 : 2016
24876,25,ISO 14122 : 2 : 2016
24876,26,ISO 14122 : 3 : 2016
24876,27,ISO 14122 : 4 : 2016
24876,28,IEC 60204 : 1 : 2016
24876,29,IEC 60947 : 5 : 2013
24876,30,IEC 61496 : 1 : 2012
24876,31,IEC 61496 : 2 : 2013
24876,32,IEC 61496 : 3 : 2008
24876,33,IEC 61800 : 5 : 1 2007
24876,34,IEC 61800 : 5 : 2 2016
8586,1,ISO 12572 : 0 : 0 0
33195,1,ISO 12572 : 0 : 0 0
33196,1,ISO 12572 : 0 : 0 0
33197,1,ISO 12572 : 0 : 0 0
33198,1,ISO 12572 : 0 : 0 0
33199,1,ISO 12572 : 0 : 0 0
33200,1,ISO 12572 : 0 : 0 0
33201,1,ISO 12572 : 0 : 0 0
33202,1,ISO 12572 : 0 : 0 0
210,1,ISO 3450 : 0 : 0 0
210,2,ISO 3795 : 0 : 0 0
210,3,ISO 4250 : 3 : 0 0
210,4,ISO 4250 : 3 : 0 0
210,5,ISO 4413 : 0 : 0 0
210,6,ISO 5010 : 0 : 0 0
210,7,ISO 6011 : 0 : 0 0
210,8,ISO 6014 : 0 : 0 0
210,9,ISO 6016 : 0 : 0 0
210,10,ISO 6016 : 0 : 0 0
210,11,ISO 6395 : 0 : 0 0
210,12,ISO 6396 : 0 : 0 0
210,13,ISO 6405 : 1 : 0 0
210,14,ISO 6405 : 2 : 0 0
210,15,ISO 6683 : 0 : 0 0
210,16,ISO 9533 : 0 : 0 0
210,17,ISO 10263 : 2 : 0 0
210,18,ISO 10263 : 3 : 0 0
210,19,ISO 10263 : 4 : 0 0
210,20,ISO 10264 : 0 : 0 0
210,21,ISO 10532 : 0 : 0 0
210,22,ISO 10533 : 0 : 0 0
210,23,ISO 10533 : 0 : 0 0
210,24,ISO 10570 : 0 : 0 0
210,25,ISO 11862 : 0 : 0 0
210,26,ISO 12100 : 1 : 0 0
210,27,ISO 12100 : 2 : 0 0
210,28,ISO 12117 : 2 : 0 0
210,29,ISO 12508 : 0 : 0 0
210,30,ISO 12509 : 0 : 0 0
210,31,ISO 13333 : 0 : 0 0
210,32,ISO 13766 : 0 : 0 0
210,33,ISO 13849 : 1 : 0 0
210,34,ISO 14401 : 1 : 0 0
210,35,ISO 14401 : 2 : 0 0
210,36,ISO 15817 : 0 : 0 0
210,37,ISO 15817 : 0 : 0 0
210,38,ISO 15818 : 0 : 0 0
210,39,ISO 15998 : 0 : 0 0
210,40,ISO 16528 : 1 : 0 0
210,41,ISO 16528 : 2 : 0 0
210,42,ISO 17603 : 0 : 0 0
210,43,ISO 21507 : 0 : 0 0
210,44,ISO 21507 : 0 : 0 0
210,45,ISO 60529 : 0 : 0 0
210,46,ISO 60529 : 0 : 0 0
210,47,ISO 60529 : 0 : 0 0
26573,1,0 0 : 0 : 0 0
28489,1,ISO 16634 : 1 : 2008
28489,2,ISO 17375 : 2006
8593,1,ISO 16634 : 1 : 2008
8593,2,ISO 17375 : 2006
26574,1,0 0 : 0 : 0 0
24657,1,ISO/IEC 19790 : 2012
24657,2,ISO/IEC 24759 : 0 : 0 0
66221,1,ISO/IEC 19790 : 2012
66221,2,ISO/IEC 24759 : 0 : 0 0
26301,1,ISO/IEC 19790 : 0 : 0 0
26301,2,ISO/IEC 17825 : 0 : 0 0
25182,1,0 0 : 0 : 0 0
25965,1,ISO 8000 : 2 : 0 0
25965,2,ISO/TS 8000 : 60 : 0 0
25965,3,ISO 8000 : 61 : 0 0
25965,4,ISO/IEC 38500 : 0 : 0 0
25965,5,ISO/IEC 38505 : 1 : 0 0
25965,6,ISO/IEC 38505 : 2 : 0 0
25965,7,ISO/IEC 17789 : 0 : 0 0
21189,1,ISO 1502 : 1996
21189,2,ISO 4570 : 2002
21189,3,ISO 9413 : 1998
24658,1,ISO 105 : 0 : 0 0
25730,1,ISO 21101 : 0 : 0 0
8604,1,ISO 1101 : 0 : 0 0
8604,2,ISO 286 : 1 : 1988
8604,3,ISO 230 : 2 : 0 0
8605,1,ISO 230 : 2 : 1997
31342,1,0 0 : 0 : 0 0
24517,1,0 0 : 0 : 0 0
24773,1,ISO/TS 80004 : 1 : 2015
24773,2,ISO/TS 80004 : 2 : 2015
24773,3,ISO 26824 : 2013
27286,1,ISO 633 : 0 : 0 0
22944,1,ISO 633 : 0 : 0 0
26944,1,0 0 : 0 : 0 0
33545,1,0 0 : 0 : 0 0
8610,1,0 0 : 0 : 0 0
24254,1,0 0 : 0 : 0 0
24255,1,0 0 : 0 : 0 0
26480,1,0 0 : 0 : 0 0
24518,1,0 0 : 0 : 0 0
21315,1,10817 : -1 : 0 0
24832,1,IEC 60994 : 0 : 0 0
26302,1,0 0 : 0 : 0 0
18713,1,0 0 : 0 : 0 0
8644,1,ISO 6506 : 1999
17468,1,IEC 27 : 0 : 0 0
17468,2,IEC 50 : 0 : 0 0
17468,3,IEC 68 : 1 : 0 0
17468,4,IEC 68 : 2 : 1
8646,1,ISO 2768 : 1 : 1989
8646,2,ISO 8015 : 1985
8647,1,ISO 2768 : 2 : 1989
8647,2,ISO 1101 : 1983
8647,3,ISO 2768 : 1 : 1989
8647,4,ISO 5459 : 1981
8647,5,ISO 8015 : 1985
17469,1,IEC 874 : 1 : 1993
17469,2,ISO 1502 : 0 : 1978 0
24001,1,ISO/IEC 8824 : 1 : 2015
24001,2,ISO/IEC 8824 : 2 : 2015
24001,3,ISO/IEC 8824 : 3 : 2015
24001,4,ISO/IEC 8824 : 4 : 2015
26696,1,ISO/IEC 9594 : 8 : 0 0
26696,2,ISO/IEC 19790 : 0 : 0 0
26696,3,ISO/IEC 18032 : 0 : 0 0
21665,1,ISO/IEC 9594 : 8 : 0 0
21665,2,ISO/IEC 19790 : 0 : 0 0
21665,3,ISO/IEC 18032 : 0 : 0 0
8663,1,BSI 3288 : 1 : 1973
8664,1,BSI 3228 : 1 : 1973
8665,1,BSI 3228 : 1 : 1983
8666,1,BSI 3228 : 1 : 1973
23599,1,ISO/IEC 8802 : 11 : 1999
23599,2,ISO 60825 : 1 : 0 0
26893,1,ISO 8601 : 1 : 0 0
26893,2,ISO/IEC 14957 : 2010
26945,1,ISO 13289 : 0 : 0 0
26776,1,ISO 24801 : 3 : 0 0
26776,2,ISO 13970 : 0 : 0 0
24230,1,0 0 : 0 : 0 0
26162,1,0 0 : 0 : 0 0
27951,1,0 0 : 0 : 0 0
21838,1,0 0 : 0 : 0 0
26946,1,0 0 : 0 : 0 0
26947,1,0 0 : 0 : 0 0
29844,1,0 0 : 0 : 0 0
29845,1,0 0 : 0 : 0 0
23231,1,0 0 : 0 : 0 0
26948,1,0 0 : 0 : 0 0
26949,1,0 0 : 0 : 0 0
26950,1,0 0 : 0 : 0 0
27784,1,ISO 17375 : 2006
8685,1,ISO 17375 : 2006
26951,1,0 0 : 0 : 0 0
27785,1,ISO 17375 : 2006
8686,1,ISO 17375 : 2006
23248,1,ISO 7206 : 8 : 1995
23248,2,ISO 7206 : 10 : 2003
23248,3,ISO 14630 : 2005
23250,1,ISO 7207 : 1 : 0 0
23250,2,ISO 21534 : 2007
23250,3,ISO 14243 : 1 : 0 0
23250,4,ISO 14243 : 2 : 0 0
23250,5,ISO 14243 : 3 : 0 0
23250,6,ISO 14630 : 2012
23250,7,ISO 14879 : 1 : 0 0
23251,1,ISO 6892 : 1 : 0 0
22961,1,ISO 3166 : 1 : 0 0
22961,2,ISO/IEC 7816 : 6 : 0 0
22961,3,ISO 20302 : 0 : 0 0
22961,4,ISO 21549 : 1 : 0 0
22961,5,ISO/IEC 8824 : 1 : 0 0
22961,6,ISO/IEC 8825 : 1 : 0 0
22961,7,ISO/IEC 10646 : 0 : 0 0
23517,1,ISO/IEC 5218 : 2004
23517,2,ISO 8824 : 1 : 2015
23517,3,ISO 8825 : 1 : 2015
21133,1,ISO 24276 : 0 : 0 0
21472,1,ISO 1942 : 2009
21472,2,ISO 6360 : 1 : 2004
21472,3,ISO 3 : 1973
21171,1,ISO 24276 : 0 : 0 0
21171,2,ISO 21569 : 0 : 0 0
21171,3,ISO 21571 : 0 : 0 0
21134,1,ISO 24276 : 0 : 0 0
21134,2,ISO 21568 : 0 : 0 0
21135,1,ISO 16577 : 0 : 0 0
26519,1,ISO 16577 : 0 : 0 0
23349,1,ISO 21573 : 1 : 2014
21145,1,ISO 11375 : 0 : 0 0
29087,1,ISO 21573 : 1 : 2014
22245,1,ISO 2186 : 2007
8697,1,IEC 60071 : 3 : 1982
8698,1,IEC 60060 : 1 : 1989
8698,2,IEC 60071 : 2 : 1996
8698,3,IEC 60094 : 4 : 0 0
8698,4,IEC 60633 : 1998
8698,5,IEC 60700 : 1 : 1998
8698,6,IEC 60815 : 1998
33092,1,0 0 : 0 : 0 0
31592,1,0 0 : 0 : 0 0
8700,1,0 0 : 0 : 0 0
27114,1,0 0 : 0 : 0 0
21856,1,0 0 : 0 : 0 0
24257,1,ISO/IEC 10646 : 0 : 0 0
8712,1,ISO 639 : 1 : 0 0
22847,1,ISO 2860 : 0 : 0 0
22847,2,ISO 3744 : 0 : 0 0
22847,3,ISO 9247 : 0 : 0 0
22847,4,ISO 21873 : 1 : 2015
22979,1,ISO 2067 : 1998
24520,1,ISO 5925 : 1 : 2007
24833,1,0 0 : 0 : 0 0
31419,1,ISO 21940 : 2 : 0 0
22779,1,ISO 21940 : 2 : 0 0
21363,1,ISO 21948 : 2001
21363,2,ISO 554 : 1976
694,1,ISO 21949 : 2001
694,2,ISO 554 : 1946
21509,1,ISO 554 : 1976
21509,2,ISO 554 : 1976
21510,1,ISO 21951 : 2001
21510,2,ISO 554 : 1976
8732,1,ISO 230 : 1 : 1996
8732,2,ISO 1701 : 1984
8733,1,ISO 170 : 2 : 1997
8733,2,ISO 230 : 1 : 1996
8733,3,ISO 1701 : 1984
8733,4,ISO 1701 : 3 : 1997
17604,1,0 0 : 0 : 0 0
23824,1,ISO 22000 : 2005
23824,2,ISO 21469 : 2006
25742,1,ISO 22000 : 2005
429,1,ISO 22000 : 0 : 0 0
429,2,ISO 14159 : 0 : 0 0
17695,1,ISO 22000 : 2005
17695,2,ISO 17000 : 2004
17695,3,ISO 17021 : 2011
17695,4,ISO 21469 : 2006
17843,1,ISO 22000 : 0 : 0 0
21594,1,ISO 22000 : 0 : 0 0
21594,2,ISO 15161 : 0 : 0 0
18764,1,BSI 889 : 1965
23631,1,ISO/TS 22077 : 1 : 2015
23644,1,ISO/TS 22077 : 1 : 2015
26894,1,0 0 : 0 : 0 0
24889,1,ISO 5210 : 2017
8742,1,ISO 10349 : 1 : 1992
8742,2,ISO 10349 : 3 : 1992
8742,3,ISO 10349 : 5 : 1992
8742,4,ISO 10349 : 7 : 1992
8742,5,ISO 10349 : 10 : 1992
31939,1,ISO 10349 : 1 : 1992
31939,2,ISO 10349 : 3 : 1992
31939,3,ISO 10349 : 5 : 1992
31939,4,ISO 10349 : 7 : 1992
31939,5,ISO 10349 : 10 : 1992
24890,1,ISO 5210 : 2017
24890,2,ISO 5211 : 2017
24738,1,0 0 : 0 : 0 0
23684,1,ASTM 1714 : 2013
23684,2,ISO 0 : 0 : 0 0
24002,1,0 0 : 0 : 0 0
27182,1,0 0 : 0 : 0 0
23945,1,0 0 : 0 : 0 0
25976,1,0 0 : 0 : 0 0
26912,1,ISO 22300 : 2021
23946,1,ISO 22300 : 2021
24706,1,0 0 : 0 : 0 0
26895,1,ISO 22300 : 2021
28815,1,ISO 22300 : 2021
26896,1,ISO 22300 : 2021
28491,1,ISO 22300 : 2021
24707,1,0 0 : 0 : 0 0
26897,1,ISO 22300 : 2021
26898,1,ISO 22300 : 2021
28945,1,0 0 : 0 : 0 0
8755,1,0 0 : 0 : 0 0
24521,1,ISO/IEC 0 : 0 : 0 0
27117,1,ISO 22300 : 2021
8758,1,ISO 17375 : 2006
27791,1,ISO 17375 : 2006
24708,1,0 0 : 0 : 0 0
24559,1,0 0 : 0 : 0 0
23847,1,ISO 10993 : 1 : 2009
23847,2,ISO 14971 : 2007
23847,3,ISO 22442 : 2 : 2015
23848,1,ISO 22442 : 1 : 2015
22951,1,ISO 14160 : 0 : 0 0
8764,1,0 0 : 0 : 0 0
33460,1,0 0 : 0 : 0 0
25900,1,ISO 21902 : 0 : 0 0
25900,2,ISO 29993 : 0 : 0 0
24217,1,ISO 8548 : 1 : 1989
24217,2,ISO 8548 : 2 : 1993
24217,3,ISO 8548 : 3 : 1993
24217,4,ISO 10328 : 2016
24217,5,ISO 13404 : 2005
24217,6,ISO 13405 : 1 : 2015
24217,7,ISO 13405 : 2 : 2015
24217,8,ISO 13405 : 3 : 2015
24217,9,ISO 15032 : 2000
24217,10,IEC 60335 : 2 : 17 2012
24217,11,CEN 1041 : 2008
24217,12,CEN 50082 : 2 : 1995
8769,1,0 0 : 0 : 0 0
23360,1,ISO 21298 : 2017
23360,2,ISO 0 : 0 : 0 0
23195,1,ISO/IEC 9594 : 8 : 2017
23195,2,ISO 10181 : 3 : 1996
23195,3,ISO 0 : 0 : 0 0
22962,1,ISO 17090 : 2 : 2015
22962,2,ISO 17090 : 3 : 2008
22962,3,ISO 21091 : 2013
22962,4,ISO 21298 : 2017
8777,1,BSI 326 : 1941
8777,2,BSI 559 : 1955
8781,1,0 0 : 0 : 0 0
25477,1,0 0 : 0 : 0 0
32431,1,0 0 : 0 : 0 0
8782,1,ISO 1043 : 1 : 0 0
8782,2,ISO 1043 : 2 : 0 0
30867,1,ISO 1043 : 1 : 0 0
30867,2,ISO 1043 : 2 : 0 0
30878,1,ISO 1043 : 1 : 0 0
30878,2,ISO 1043 : 2 : 0 0
24192,1,ISO 1942 : 2009
24192,2,ISO 5832 : 2 : 2018
24192,3,ISO 5832 : 3 : 2016
24192,4,ISO 15223 : 1 : 2016
24192,5,ISO 3969 : 1979
24192,6,ISO 6344 : 1 : 1998
24192,7,ISO 6892 : 1 : 2016
24192,8,ISO 9513 : 2012
24192,9,ISO 9693 : 1 : 2012
24192,10,ISO 10271 : 2011
24218,1,ISO 10328 : 2016
8784,1,ISO 225 : 1983
8784,2,ISO 261 : 1983
8784,3,ISO 261 : 1998
8784,4,ISO 888 : 1976
8784,5,ISO 898 : 1 : 1999
8784,6,ISO 965 : 2 : 1998
8784,7,ISO 965 : 3 : 1998
8784,8,ISO 3269 : 2000
8784,9,ISO 3506 : 1 : 1997
8784,10,ISO 8839 : 1986
8784,11,ISO 10683 : 2003
8784,12,ISO 10683 : 2003
8784,13,ISO 23429 : 2003
28078,1,ISO 7941 : 1988
22713,1,ISO 7941 : 1988
26777,1,0 0 : 0 : 0 0
33073,1,0 0 : 0 : 0 0
8798,1,0 0 : 0 : 0 0
8801,1,ISO 4935 : 1989
8801,2,ISO 9556 : 1989
8801,3,ISO 10701 : 1994
8801,4,ISO 13902 : 1997
8801,5,ISO 14284 : 1996
8801,6,ISO 5725 : 1 : 1994
8801,7,ISO 5725 : 2 : 1994
8801,8,ISO 5725 : 3 : 1994
26057,1,ISO 4935 : 1989
26057,2,ISO 9556 : 1989
26057,3,ISO 10701 : 1994
26057,4,ISO 13902 : 1997
26057,5,ISO 14284 : 1996
26057,6,ISO 5725 : 1 : 1994
26057,7,ISO 5725 : 2 : 1994
26057,8,ISO 5725 : 3 : 1994
8813,1,ISO 376 : 0 : 0 0
8813,2,ISO 3878 : 0 : 0 0
8813,3,ISO 6506 : 1 : 1999
8813,4,ISO 6506 : 3 : 1999
8816,1,ISO 8512 : 1 : 1990
8816,2,ISO 185 : 1998
23960,1,0 0 : 0 : 0 0
20880,1,ISO 22878 : 0 : 0 0
21058,1,ISO 22878 : 0 : 0 0
8822,1,ISO 3117 : 1977
26899,1,ISO 5053 : 1 : 2015
26899,2,ISO 22915 : 1 : 2016
8823,1,ISO 0 : 1977
8824,1,ISO 774 : 1969
24258,1,ISO/IEC 29500 : 2 : 2012
8825,1,ISO 3912 : 1977
26708,1,ISO 385 : 1 : 0 0
26708,2,ISO 565 : 0 : 0 0
26708,3,ISO 648 : 0 : 0 0
26708,4,ISO 720 : 0 : 0 0
26708,5,ISO 1042 : 0 : 0 0
26708,6,ISO 1773 : 0 : 0 0
26708,7,ISO 3696 : 0 : 0 0
26708,8,ISO 3819 : 0 : 0 0
26708,9,ISO 385 : 2 : 0 0
23142,1,ISO 385 : 2005
23142,2,ISO 719 : 1985
23142,3,ISO 720 : 1985
23142,4,ISO 1042 : 1998
23142,5,ISO 3819 : 2015
23142,6,ISO 9187 : 1 : 2000
8832,1,ISO 385 : 1 : 0 0
8832,2,ISO 565 : 0 : 0 0
8832,3,ISO 648 : 0 : 0 0
8832,4,ISO 720 : 0 : 0 0
8832,5,ISO 1042 : 0 : 0 0
8832,6,ISO 1773 : 0 : 0 0
8832,7,ISO 3696 : 0 : 0 0
8832,8,ISO 3819 : 0 : 0 0
8832,9,ISO 385 : 2 : 0 0
8833,1,ISO 385 : 1 : 0 0
8833,2,ISO 385 : 2 : 0 0
8833,3,ISO 565 : 0 : 0 0
8833,4,ISO 648 : 0 : 0 0
8833,5,ISO 719 : 0 : 0 0
8833,6,ISO 1773 : 0 : 0 0
8833,7,ISO 3696 : 0 : 0 0
8833,8,ISO 3819 : 0 : 0 0
8834,1,ISO 385 : 2005
8834,2,ISO 648 : 2008
8834,3,ISO 719 : 1985
8834,4,ISO 720 : 1985
8834,5,ISO 1773 : 1997
8834,6,ISO 3819 : 2015
8834,7,ISO 9187 : 1 : 2000
26351,1,ISO 385 : 1 : 0 0
26351,2,ISO 385 : 2 : 0 0
26351,3,ISO 565 : 0 : 0 0
26351,4,ISO 648 : 0 : 0 0
26351,5,ISO 719 : 0 : 0 0
26351,6,ISO 1773 : 0 : 0 0
26351,7,ISO 3696 : 0 : 0 0
26351,8,ISO 3819 : 0 : 0 0
8858,1,ISO 14 : 1982
8859,1,0 0 : 0 : 0 0
25083,1,0 0 : 0 : 0 0
8861,1,0 0 : 0 : 0 0
24291,1,ISO 148 : 1983
24291,2,ISO 683 : 1 : 1987
24291,3,ISO 2328 : 1993
24291,4,ISO 2331 : 1974
25595,1,0 0 : 0 : 0 0
8863,1,ISO 1502 : 1996
8863,2,ISO 68 : 1998
22118,1,ISO 2859 : 1 : 0 0
22118,2,ISO 4074 : 0 : 0 0
22118,3,ISO 8550 : 0 : 0 0
22118,4,ISO 8550 : 0 : 0 0
22118,5,ISO 10993 : 1 : 0 0
22118,6,ISO 10993 : 1 : 0 0
22118,7,ISO 10993 : 5 : 0 0
22118,8,ISO 14155 : 0 : 0 0
22118,9,ISO 14971 : 0 : 0 0
22118,10,ISO 14971 : 0 : 0 0
22118,11,ISO 15223 : 0 : 0 0
22118,12,ISO 16037 : 0 : 0 0
27023,1,0 0 : 0 : 0 0
23942,1,ISO 9000 : 2015
29465,1,ISO 3696 : 1987
8876,1,ISO 3696 : 1987
27485,1,0 0 : 0 : 0 0
8884,1,0 0 : 0 : 0 0
23756,1,ISO 14971 : 2007
23756,2,ISO 18113 : 1 : 2009
25478,1,ISO 2232 : 0 : 0 0
25478,2,ISO 3108 : 0 : 0 0
25478,3,ISO 4101 : 0 : 0 0
25478,4,ISO 4345 : 0 : 0 0
25478,5,ISO 4346 : 0 : 0 0
25478,6,ISO 17893 : 0 : 0 0
8886,1,ISO 2232 : 0 : 0 0
8886,2,ISO 3108 : 0 : 0 0
8886,3,ISO 4101 : 0 : 0 0
8886,4,ISO 4345 : 0 : 0 0
8886,5,ISO 4346 : 0 : 0 0
8886,6,ISO 17893 : 0 : 0 0
8889,1,ISO 230 : 1 : 1996
8889,2,ISO 230 : 2 : 1997
25201,1,0 0 : 0 : 0 0
8892,1,0 0 : 0 : 0 0
21159,1,ISO 4 : 1984
21159,2,ISO 8601 : 2004
21159,3,ISO 639 : 1 : 2002
21159,4,ISO 639 : 2 : 1998
21159,5,ISO 639 : 3 : 2007
8901,1,ISO 4 : 1997
8901,2,ISO 2108 : 2005
8901,3,ISO 3166 : 1 : 2006
8901,4,ISO 3297 : 1998
8901,5,ISO 5127 : 2001
25871,1,0 0 : 0 : 0 0
28154,1,0 0 : 0 : 0 0
25677,1,ISO 10521 : 0 : 0 0
25677,2,ISO 14687 : 2 : 0 0
25677,3,ISO/TR 8713 : 0 : 0 0
24659,1,ISO/IEC 8859 : 1 : 0 0
24659,2,ISO/IEC 8859 : 2 : 0 0
24659,3,ISO/IEC 8859 : 3 : 0 0
24659,4,ISO/IEC 8859 : 4 : 0 0
8913,1,ISO 2338 : 1997
8913,2,ISO 3269 : 1988
8913,3,ISO 3506 : 1 : 1997
8913,4,ISO 4042 : 1999
8913,5,ISO 9717 : 0 : 0 0
8920,1,0 0 : 0 : 0 0
30936,1,0 0 : 0 : 0 0
27022,1,0 0 : 0 : 0 0
27193,1,0 0 : 0 : 0 0
31188,1,ISO 606 : 2004
8923,1,ISO 606 : 2004
27024,1,0 0 : 0 : 0 0
34034,1,0 0 : 0 : 0 0
8936,1,IEC 60061 : 3 : 1969
21511,1,ISO 7488 : 2018
21511,2,ISO 13897 : 2018
21511,3,ISO 3310 : 1 : 2016
8939,1,ISO 1984 : 0 : 0 0
8939,2,ISO 1984 : 0 : 0 0
8940,1,ISO 1984 : 0 : 0 0
8940,2,ISO 3855 : 0 : 0 0
21286,1,ISO 5725 : 0 : 0 0
32413,1,0 0 : 0 : 0 0
8942,1,0 0 : 0 : 0 0
66040,1,0 0 : 0 : 0 0
30651,1,0 0 : 0 : 0 0
8958,1,0 0 : 0 : 0 0
27244,1,ISO 24513 : 0 : 0 0
8965,1,ISO 1122 : 1998
8967,1,ISO 379 : 1980
32919,1,ISO 379 : 1980
8970,1,0 0 : 0 : 0 0
28333,1,0 0 : 0 : 0 0
8976,1,ISO 701 : 1998
8977,1,0 0 : 0 : 0 0
29436,1,0 0 : 0 : 0 0
26698,1,0 0 : 0 : 0 0
26953,1,ISO 24801 : 1 : 0 0
26953,2,ISO 24801 : 2 : 0 0
26953,3,ISO 24801 : 3 : 0 0
26953,4,ISO 24802 : 1 : 0 0
8996,1,IEC 60372 : 2 : 1976
18866,1,IEC 60372 : 1 : 1971
9001,1,ISO 1992 : 0 : 0 0
9001,2,BSI 3790 : 0 : 0 0
29528,1,ISO 14971 : 2007
29528,2,ISO 18113 : 1 : 2009
23757,1,ISO 14971 : 2007
23757,2,ISO 18113 : 1 : 2009
22427,1,ISO 26 : 1993
9007,1,ISO 2859 : 3 : 1991
9007,2,ISO 3534 : 1 : 1994
9007,3,ISO 3534 : 2 : 1994
9009,1,ISO 2859 : 1 : 0 0
21852,1,ISO 2859 : 1 : 99
21852,2,ISO 3534 : 1 : 0 0
21852,3,ISO 3534 : 2 : 0 0
21853,1,ISO 2859 : 1 : 99
21853,2,ISO 3534 : 2 : 2006
26853,1,ISO 2859 : 1 : 0 0
9019,1,IEC 60119 : 1960
9019,2,BSI 2709 : 1956
9020,1,BSI 4945 : 1973
24219,1,ISO 27799 : 2016
22966,1,IEC 62304 : 2006
22966,2,ISO 0 : 0 : 0 0
9039,1,BSI 174 : 1951
9039,2,BSI 125 : 1954
9043,1,ISO 53 : 1998
9043,2,ISO 54 : 1996
9043,3,ISO 1122 : 1 : 1998
9050,1,ISO 2306 : 1972
9054,1,IEC 60168 : 1964
9054,2,BSI 3297 : 1960
9066,1,0 0 : 0 : 0 0
25534,1,0 0 : 0 : 0 0
21550,1,ISO 14160 : 2011
21550,2,ISO 14630 : 2012
21550,3,ISO 14937 : 2009
21550,4,ASTM 0 : 0 : 0 0
23018,1,ISO 10993 : 1 : 0 0
23018,2,ISO 11135 : 0 : 0 0
23018,3,ISO 11137 : 1 : 0 0
23018,4,ISO 11607 : 1 : 0 0
23018,5,ISO 11607 : 2 : 0 0
23018,6,ISO 14155 : 0 : 0 0
23018,7,ISO 14160 : 0 : 0 0
23018,8,ISO 14630 : 0 : 0 0
23018,9,ISO 14937 : 0 : 0 0
23018,10,ISO 14937 : 0 : 0 0
23018,11,ISO 14971 : 0 : 0 0
23018,12,ISO 17665 : 1 : 0 0
26735,1,0 0 : 0 : 0 0
65694,1,0 0 : 0 : 0 0
21647,1,ISO 6722 : 2006
21647,2,ISO 8820 : 1 : 2014
21647,3,ISO 8820 : 2 : 2014
21647,4,ISO 8820 : 3 : 2015
21647,5,ISO 8820 : 4 : 2016
21647,6,ISO 8820 : 5 : 2015
21647,7,ISO 8820 : 6 : 2007
21647,8,ISO 8820 : 8 : 2012
21647,9,ISO 8820 : 9 : 2014
21647,10,ISO 8820 : 10 : 2015
21647,11,ISO 16750 : 3 : 2012
21647,12,ISO 16750 : 5 : 2010
21647,13,IEC 60068 : 2 : 1995
21648,1,ISO 8820 : 1 : 2014
27029,1,ISO 8820 : 1 : 0 0
27029,2,ISO 6722 : 1 : 0 0
27029,3,ISO 2768 : 1 : 0 0
27029,4,ISO 2768 : 2 : 0 0
21675,1,ISO 6722 : 1 : 2011
21675,2,ISO 8820 : 1 : 2014
21675,3,ISO 16750 : 4 : 2010
21676,1,ISO 8820 : 1 : 2014
21676,2,ISO 4017 : 2014
21676,3,ISO 4032 : 2012
21676,4,ISO 8820 : 2 : 2014
21677,1,ISO 8820 : 1 : 0 0
21677,2,ISO 6722 : 1 : 0 0
21677,3,ISO 2768 : 1 : 0 0
21677,4,ISO 2768 : 2 : 0 0
21678,1,ISO 6722 : 2006
21678,2,ISO 8820 : 1 : 2008
21678,3,ISO 8820 : 2 : 0 0
21678,4,ISO 8092 : 1 : 1996
29307,1,0 0 : 0 : 0 0
9103,1,ISO 702 : 1 : 1975
9104,1,ISO 702 : 2 : 19975
9105,1,0 0 : 0 : 0 0
9107,1,ISO 2334 : 0 : 0 0
9107,2,ISO 2016 : 0 : 0 0
30256,1,0 0 : 0 : 0 0
9116,1,0 0 : 0 : 0 0
17711,1,0 0 : 0 : 0 0
25435,1,0 0 : 0 : 0 0
24104,1,0 0 : 0 : 0 0
9145,1,ISO 718 : 1990
9145,2,ISO 3585 : 1998
25287,1,ISO 718 : 1990
25287,2,ISO 3585 : 1998
27178,1,ISO 26262 : 1 : 0 0
27178,2,ISO 26262 : 2 : 0 0
27178,3,ISO 26262 : 3 : 0 0
27178,4,ISO 26262 : 4 : 0 0
27178,5,ISO 26262 : 5 : 0 0
27178,6,ISO 26262 : 8 : 0 0
27178,7,ISO 26262 : 9 : 0 0
27183,1,ISO 26262 : 1 : 0 0
27183,2,ISO 26262 : 2 : 0 0
27183,3,ISO 26262 : 3 : 0 0
27183,4,ISO 26262 : 5 : 0 0
27183,5,ISO 26262 : 6 : 0 0
27183,6,ISO 26262 : 7 : 0 0
27183,7,ISO 26262 : 8 : 0 0
27183,8,ISO 26262 : 9 : 0 0
27212,1,ISO 26262 : 1 : 0 0
27251,1,ISO 26262 : 1 : 0 0
27251,2,ISO 26262 : 2 : 0 0
27251,3,ISO 26262 : 3 : 0 0
27251,4,ISO 26262 : 4 : 0 0
27251,5,ISO 26262 : 5 : 0 0
27251,6,ISO 26262 : 6 : 0 0
27251,7,ISO 26262 : 7 : 0 0
27251,8,ISO 26262 : 9 : 0 0
27252,1,ISO 26262 : 1 : 0 0
27252,2,ISO 26262 : 2 : 0 0
27252,3,ISO 26262 : 3 : 0 0
27252,4,ISO 26262 : 4 : 0 0
27252,5,ISO 26262 : 5 : 0 0
27252,6,ISO 26262 : 6 : 0 0
27252,7,ISO 26262 : 7 : 0 0
27252,8,ISO 26262 : 8 : 0 0
27253,1,ISO 26262 : 1 : 0 0
27264,1,ISO 26262 : 1 : 0 0
27264,2,ISO 26262 : 2 : 0 0
27264,3,ISO 26262 : 3 : 0 0
27264,4,ISO 26262 : 4 : 0 0
27264,5,ISO 26262 : 5 : 0 0
27264,6,ISO 26262 : 6 : 0 0
27264,7,ISO 26262 : 7 : 0 0
27264,8,ISO 26262 : 8 : 0 0
27264,9,ISO 26262 : 9 : 0 0
27054,1,ISO 26262 : 2 : 0 0
27054,2,ISO 26262 : 3 : 0 0
27054,3,ISO 26262 : 4 : 0 0
27054,4,ISO 26262 : 5 : 0 0
27054,5,ISO 26262 : 6 : 0 0
27054,6,ISO 26262 : 7 : 0 0
27054,7,ISO 26262 : 8 : 0 0
27054,8,ISO 26262 : 9 : 0 0
27054,9,ISO 26262 : 10 : 0 0
27054,10,ISO 26262 : 11 : 0 0
27054,11,ISO 26262 : 12 : 0 0
27055,1,ISO 26262 : 1 : 0 0
27055,2,ISO 26262 : 3 : 0 0
27055,3,ISO 26262 : 4 : 0 0
27055,4,ISO 26262 : 5 : 0 0
27055,5,ISO 26262 : 6 : 0 0
27055,6,ISO 26262 : 7 : 0 0
27055,7,ISO 26262 : 8 : 0 0
27055,8,ISO 26262 : 9 : 0 0
27056,1,ISO 26262 : 1 : 0 0
27056,2,ISO 26262 : 2 : 0 0
27056,3,ISO 26262 : 4 : 0 0
27056,4,ISO 26262 : 8 : 0 0
27056,5,ISO 26262 : 9 : 0 0
27115,1,ISO 26262 : 1 : 0 0
27115,2,ISO 26262 : 2 : 0 0
27115,3,ISO 26262 : 4 : 0 0
27115,4,ISO 26262 : 6 : 0 0
27115,5,ISO 26262 : 7 : 0 0
27115,6,ISO 26262 : 8 : 0 0
27115,7,ISO 26262 : 9 : 0 0
27118,1,ISO 26262 : 1 : 0 0
27118,2,ISO 26262 : 2 : 0 0
27118,3,ISO 26262 : 3 : 0 0
27118,4,ISO 26262 : 4 : 0 0
27118,5,ISO 26262 : 5 : 0 0
27118,6,ISO 26262 : 7 : 0 0
27118,7,ISO 26262 : 8 : 0 0
27118,8,ISO 26262 : 9 : 0 0
17606,1,IEC 61260 : 0 : 0 0
28203,1,0 0 : 0 : 0 0
9157,1,0 0 : 0 : 0 0
9160,1,BSI 1969 : 0 : 0 0
66828,1,ISO 487 : 1998
66828,2,ISO 185 : 1988
66828,3,ISO 606 : 1994
66828,4,ISO 606 : 1982
66828,5,ISO 606 : 1982
9161,1,ISO 487 : 1998
9161,2,ISO 185 : 1988
9161,3,ISO 606 : 1994
9161,4,ISO 606 : 1982
9161,5,ISO 606 : 1982
9166,1,ISO 7 : 1 : 1988
9166,2,ISO 228 : 2 : 1987
9180,1,BSI 175 : 1951
9182,1,ISO 296 : 0 : 0 0
9182,2,ISO 299 : 0 : 0 0
9182,3,ISO 3338 : 1 : 0 0
9182,4,ISO 3332 : 2 : 0 0
9182,5,ISO 3338 : 3 : 0 0
26249,1,ISO 14937 : 2009
22515,1,0 0 : 0 : 0 0
9205,1,ISO 487 : 1998
21616,1,0 0 : 0 : 0 0
27591,1,0 0 : 0 : 0 0
23279,1,0 0 : 0 : 0 0
21618,1,0 0 : 0 : 0 0
33628,1,ISO/IEC 17021 : 1 : 2015
33628,2,ISO/IEC 27001 : 2022
21208,1,ISO/IEC 17021 : 1 : 2015
21208,2,ISO/IEC 27001 : 2022
23077,1,ISO/IEC 27000 : 2014
23133,1,ISO/IEC 17788 : 0 : 0 0
23133,2,ISO/IEC 17789 : 0 : 0 0
23119,1,ISO/IEC 17788 : 0 : 0 0
67034,1,ISO/IEC 17788 : 0 : 0 0
233,1,ISO 8302 : 0 : 0 0
233,2,ISO 139 : 1973
25977,1,IEC 60060 : 1 : 0 0
25977,2,IEC 60071 : 1 : 2006
25977,3,IEC 60071 : 2 : 1996
25977,4,IEC 60099 : 4 : 2004
25977,5,IEC 60633 : 0 : 0 0
25977,6,IEC 0 : 1 : 2008
25977,7,IEC 0 : 2 : 2008
25977,8,IEC 0 : 3 : 2008
25977,9,ISO 10271 : 2011
96,1,ISO/IEC 7498 : 1 : 0 0
96,2,ISO/IEC 7498 : 2 : 0 0
96,3,ISO/IEC 7498 : 3 : 0 0
96,4,ISO/IEC 7498 : 4 : 0 0
21991,1,ISO/IEC 27000 : 0 : 0 0
23280,1,ISO/IEC 27002 : 2005
24632,1,ISO/IEC 17788 : 0 : 0 0
24632,2,ISO/IEC 27036 : 2 : 0 0
32201,1,ISO/IEC 27036 : 1 : 0 0
32201,2,ISO/IEC 27036 : 2 : 0 0
22780,1,ISO/IEC 27036 : 1 : 0 0
22780,2,ISO/IEC 27036 : 2 : 0 0
23138,1,ISO/TR 15801 : 0 : 0 0
32068,1,ISO/IEC 17788 : 2014
23121,1,ISO/IEC 17788 : 2014
9216,1,IEC 60185 : 1987
9216,2,BSI 3938 : 1973
9217,1,IEC 60185 : 1987
9217,2,BSI 3938 : 1973
9218,1,IEC 60185 : 1987
9218,2,BSI 3938 : 1973
24663,1,0 0 : 0 : 0 0
25250,1,ISO 12619 : 1 : 0 0
25250,2,ISO 12619 : 2 : 0 0
33800,1,0 0 : 0 : 0 0
9228,1,0 0 : 0 : 0 0
9261,1,ISO 6 : 1993
9261,2,ISO 2240 : 2003
9261,3,ISO 5800 : 1987
9261,4,ISO 60068 : 2 : 6 2007
9261,5,ISO 60068 : 2 : 27 2009
65758,1,ISO 6 : 1993
65758,2,ISO 2240 : 2003
65758,3,ISO 5800 : 1987
65758,4,ISO 60068 : 2 : 6 2007
65758,5,ISO 60068 : 2 : 27 2009
18974,1,BSI 3385 : 1961
25162,1,ISO 5367 : 2014
25162,2,ISO 17665 : 1 : 2006
25162,3,ISO 23328 : 1 : 2003
25162,4,IEC 60601 : 1 : 6 2013
25162,5,IEC 62366 : 2007
25162,6,CEN 13544 : 2 : 2002
25162,7,CEN 15908 : 2010
25162,8,CEN 737 : 6 : 2003
9280,1,ISO 230 : 1 : 2012
9283,1,0 0 : 0 : 0 0
28317,1,0 0 : 0 : 0 0
23096,1,0 0 : 0 : 0 0
23961,1,ISO/IEC 19785 : 1 : 2015
26304,1,0 0 : 0 : 0 0
23505,1,ISO/IEC 27002 : 2013
23357,1,0 0 : 0 : 0 0
9326,1,ISO 3405 : 2011
9326,2,ISO 3675 : 1998
9326,3,ISO 12185 : 1996
9326,4,ISO 13032 : 2012
9326,5,ISO 20846 : 2011
9326,6,ISO 20847 : 2004
9326,7,ISO 22854 : 2016
9326,8,ASTM 0 : 2017
9326,9,ASTM 0 : 2012
9326,10,ASTM 0 : 2015
9326,11,ASTM 0 : 2017
9326,12,ASTM 0 : 2012
9326,13,ASTM 0 : 2017
9326,14,ASTM 0 : 2015
9326,15,ASTM 0 : 2016
9326,16,ASTM 0 : 2016
9326,17,ASTM 0 : 2016
9326,18,ASTM 0 : 2014
9326,19,ASTM 0 : 2010
9326,20,ASTM 0 : 2016
9326,21,ASTM 0 : 2015
9326,22,ASTM 0 : 2014
9326,23,ASTM 0 : 2015
9326,24,ASTM 0 : 2016
9326,25,ASTM 0 : 2015
9326,26,ASTM 0 : 2017
9326,27,ASTM 0 : 2012
9326,28,ASTM 0 : 2016
9326,29,ASTM 0 : 2016
9326,30,ASTM 0 : 2017
9326,31,ASTM 0 : 2017
9326,32,ISO 0 : 0 : 0 0
65615,1,0 0 : 0 : 0 0
24179,1,0 0 : 0 : 0 0
28231,1,0 0 : 0 : 0 0
24664,1,0 0 : 0 : 0 0
24665,1,ISO 20858 : 0 : 0 0
24666,1,ISO 20858 : 0 : 0 0
24667,1,ISO/IEC 17000 : 2004
24904,1,ISO 28000 : 2007
24668,1,ISO 28000 : 2007
24668,2,ISO 28001 : 2007
24668,3,ISO 28004 : 1 : 2007
24522,1,ISO 28000 : 2007
9357,1,ISO 472 : 1999
9359,1,BSI 16 : 1949
25482,1,0 0 : 0 : 0 0
9362,1,0 0 : 0 : 0 0
33292,1,ISO 187 : 0 : 0 0
24741,1,ISO 187 : 0 : 0 0
28731,1,IEC 61152 : 0 : 0 0
28731,2,IEC 61515 : 2016
9373,1,IEC 61152 : 0 : 0 0
9373,2,IEC 61515 : 2016
26056,1,0 0 : 0 : 0 0
9385,1,ISO 455 : 0 : 0 0
9385,2,ISO 456 : 0 : 0 0
9385,3,ISO 672 : 0 : 0 0
9385,4,ISO 673 : 0 : 0 0
9385,5,ISO 684 : 0 : 0 0
9385,6,ISO 685 : 0 : 0 0
9385,7,ISO 1066 : 0 : 0 0
9385,8,ISO 1067 : 0 : 0 0
21855,1,ISO/IEC 2382 : 1 : 0 0
21855,2,ISO 3534 : 1 : 0 0
21855,3,ISO 3534 : 2 : 0 0
20987,1,ISO 3411 : 0 : 0 0
20987,2,ISO 6165 : 0 : 0 0
20987,3,ISO 12508 : 0 : 0 0
26636,1,0 0 : 0 : 0 0
9398,1,0 0 : 0 : 0 0
23863,1,ISO 1132 : 1 : 0 0
23863,2,ISO 15241 : 0 : 0 0
23863,3,ISO 26602 : 0 : 0 0
66188,1,ISO 1132 : 1 : 0 0
66188,2,ISO 15241 : 0 : 0 0
66188,3,ISO 26602 : 0 : 0 0
9417,1,ISO 3290 : 1975
32069,1,0 0 : 0 : 0 0
23113,1,0 0 : 0 : 0 0
25000,1,ISO/IEC 42010 : 0 : 0 0
22800,1,ISO/IEC 10918 : 1 : 0 0
22800,2,ISO/IEC 14496 : 2 : 2004
22800,3,ISO/IEC 15444 : 1 : 0 0
22800,4,ISO/IEC 15948 : 0 : 0 0
22800,5,ISO/IEC 19794 : 1 : 2011
22800,6,ISO/IEC 29794 : 1 : 0 0
23072,1,ISO/IEC 19794 : 7 : 2007
23072,2,ISO/IEC 29109 : 1 : 2009
23100,1,ISO/IEC 19794 : 8 : 2006
23100,2,ISO/IEC 29109 : 1 : 2009
23101,1,ISO/IEC 19794 : 9 : 2007
23101,2,ISO/IEC 29109 : 1 : 2009
23158,1,ISO/IEC 19794 : 1 : 2006
23499,1,ISO/IEC 19794 : 4 : 2005
23499,2,ISO/IEC 29109 : 1 : 2009
24280,1,ISO/IEC 19794 : 2 : 2009
24280,2,ISO/IEC 29109 : 1 : 2009
27994,1,ISO 772 : 2011
27994,2,ISO 4373 : 2008
9431,1,ISO 772 : 2011
9431,2,ISO 4373 : 2008
24260,1,0 0 : 0 : 0 0
23273,1,0 0 : 0 : 0 0
25096,1,ISO/IEC 29142 : 2 : 0 0
25096,2,ISO/IEC 29142 : 3 : 0 0
25096,3,ISO 13655 : 0 : 0 0
25096,4,ISO 5 : 3 : 0 0
25097,1,ISO/IEC 19752 : 0 : 0 0
25097,2,ISO/IEC 19798 : 0 : 0 0
25097,3,ISO/IEC 24711 : 0 : 0 0
25097,4,ISO/IEC 29142 : 1 : 0 0
25097,5,ISO/IEC 29142 : 3 : 0 0
25098,1,ISO 1043 : 0 : 0 0
25098,2,ISO 11014 : 0 : 0 0
25098,3,ISO 11469 : 0 : 0 0
25098,4,ISO 14020 : 0 : 0 0
25098,5,ISO 14021 : 0 : 0 0
25098,6,ISO 14024 : 0 : 0 0
25098,7,ISO 17025 : 0 : 0 0
25098,8,ISO/IEC 28360 : 0 : 0 0
25098,9,ISO/IEC 29142 : 1 : 0 0
25098,10,ISO/IEC 29142 : 2 : 0 0
23324,1,0 0 : 0 : 0 0
23582,1,0 0 : 0 : 0 0
24161,1,0 0 : 0 : 0 0
24259,1,ISO 639 : 2 : 1998
24259,2,ISO/IEC 5218 : 2004
24259,3,ISO/IEC 6523 : 1 : 1998
24259,4,ISO/IEC 6523 : 2 : 1998
24259,5,ISO/IEC 7501 : 1 : 2005
24259,6,ISO/IEC 7501 : 2 : 1977
24259,7,ISO/IEC 7501 : 3 : 2005
24259,8,ISO/IEC 7812 : 1 : 2000
24259,9,ISO/IEC 7812 : 2 : 2000
24259,10,ISO 8601 : 2000
24259,11,ISO 1087 : 1 : 2000
24259,12,ISO/IEC 2382 : 2011
24259,13,ISO 3166 : 1 : 1997
24259,14,ISO 15489 : 1 : 2001
24259,15,ISO/IEC 15944 : 1 : 2010
24259,16,ISO/IEC 15944 : 2 : 2006
24259,17,ISO/IEC 15944 : 4 : 2007
24259,18,ISO/IEC 15944 : 5 : 2008
24259,19,ISO/IEC 15944 : 7 : 2008
24259,20,ISO 19108 : 2000
24259,21,ISO 19115 : 2003
24259,22,ISO/IEC 19501 : 2005
24259,23,ISO 22857 : 2004
24259,24,ISO/TS 25237 : 2008
23116,1,0 0 : 0 : 0 0
23137,1,0 0 : 0 : 0 0
26315,1,0 0 : 0 : 0 0
26339,1,ISO/IEC 9797 : 0 : 0 0
26339,2,ISO/IEC 10118 : 0 : 0 0
24669,1,ISO/IEC 2382 : 37 : 0 0
26759,1,ISO/IEC 19795 : 1 : 2006
9436,1,ISO 1 : 2002
9436,2,ISO 14978 : 2006
9436,3,ISO/IEC 98 : 3 : 1995
9436,4,ISO/IEC 99 : 0 : 0 0
27397,1,0 0 : 0 : 0 0
9446,1,0 0 : 0 : 0 0
9479,1,BSI 3202 : 1959
9480,1,ISO 3650 : 1998
9480,2,ISO 1101 : 0 : 0 0
9480,3,ISO 14253 : 1 : 1998
9489,1,ISO 4046 : 2002
31555,1,ISO 4046 : 2002
31556,1,ISO 4046 : 2002
21992,1,ISO 3696 : 0 : 0 0
21992,2,ISO 4074 : 0 : 0 0
21992,3,ISO/IEC 17025 : 0 : 0 0
21934,1,ISO 10993 : 1 : 1992
21934,2,ISO 4074 : 2002
26306,1,0 0 : 0 : 0 0
26307,1,0 0 : 0 : 0 0
9494,1,BSI 5315 : 1991
22782,1,0 0 : 0 : 0 0
26954,1,0 0 : 0 : 0 0
26900,1,0 0 : 0 : 0 0
26901,1,0 0 : 0 : 0 0
26902,1,ISO 29993 : 2017
26955,1,0 0 : 0 : 0 0
17713,1,0 0 : 0 : 0 0
28087,1,0 0 : 0 : 0 0
25137,1,0 0 : 0 : 0 0
33055,1,0 0 : 0 : 0 0
33626,1,ISO/IEC 33020 : 0 : 0 0
33627,1,ISO/IEC 33020 : 2019
23167,1,ISO/IEC 33020 : 2019
23168,1,ISO/IEC 33004 : 2015
23169,1,0 0 : 0 : 0 0
23170,1,ISO/IEC 33001 : 0 : 0 0
23170,2,ISO/IEC 33004 : 2015
23171,1,ISO/IEC 33020 : 0 : 0 0
33673,1,ISO/IEC 33001 : 0 : 0 0
33673,2,ISO/IEC 33004 : 2015
33680,1,ISO/IEC 33004 : 2015
26760,1,ISO/IEC 2382 : 37 : 0 0
26760,2,ISO/IEC 19785 : 1 : 2015
26760,3,ISO/IEC 19785 : 3 : 2015
26761,1,ISO/IEC 10646 : 0 : 0 0
26762,1,ISO/IEC 10646 : 2017
26763,1,ISO/IEC 30106 : 2 : 0 0
26763,2,ISO/IEC 30106 : 3 : 0 0
26904,1,ISO/IEC 2382 : 37 : 2012
26736,1,ISO/IEC 2382 : 37 : 0 0
26736,2,ISO/IEC 8824 : 1 : 0 0
26736,3,ISO/IEC 8825 : 1 : 0 0
26736,4,ISO/IEC 19785 : 1 : 0 0
26737,1,ISO/IEC 2382 : 37 : 0 0
26737,2,ISO/IEC 19795 : 1 : 0 0
26737,3,ISO/IEC 30107 : 3 : 0 0
26993,1,ISO/IEC 19785 : 1 : 0 0
26993,2,ISO/IEC 19785 : 3 : 0 0
26799,1,ISO/IEC 2382 : 37 : 0 0
24792,1,0 0 : 0 : 0 0
24406,1,0 0 : 0 : 0 0
24262,1,0 0 : 0 : 0 0
24313,1,0 0 : 0 : 0 0
24314,1,0 0 : 0 : 0 0
24315,1,0 0 : 0 : 0 0
24316,1,0 0 : 0 : 0 0
24317,1,0 0 : 0 : 0 0
26800,1,ISO/IEC 19795 : 1 : 0 0
26800,2,ISO/IEC 24745 : 2011
26800,3,ISO/IEC 2382 : 37 : 0 0
9511,1,IEC 60335 : 1 : 1976
9511,2,IEC 60730 : 1982
9511,3,BSI 3955 : 3 : 1979
9514,1,IEC 60335 : 2 : 11 1976
9515,1,IEC 60335 : 1 : 1976
9515,2,IEC 60335 : 2 : 12 1987
9516,1,IEC 60417 : 0 : 0 0
9516,2,IEC 60320 : 3 : 0 0
9519,1,IEC 60335 : 1 : 1976
9519,2,IEC 60335 : 2 : 2 1993
9520,1,IEC 60335 : 1 : 1976
9521,1,IEC 60355 : 1 : 1976
9521,2,IEC 60355 : 2 : 6 1986
9522,1,IEC 60335 : 1 : 0 0
9523,1,IEC 60730 : 1 : 2013
9525,1,IEC 60335 : 2 : 24 1992
9529,1,IEC 60335 : 1 : 1976
9529,2,IEC 60335 : 2 : 32 1987
59,1,IEC 60083 : 0 : 0 0
59,2,IEC 60127 : 3 : 0 0
59,3,IEC 60127 : 7 : 0 0
59,4,IEC 60127 : 8 : 0 0
59,5,IEC 60127 : 10 : 0 0
59,6,IEC 60320 : 2 : 1
59,7,IEC 60320 : 2 : 4
59,8,IEC 60320 : 3 : 0 0
59,9,IEC 60384 : 14 : 2013
59,10,IEC 60417 : 0 : 0 0
59,11,IEC 60730 : 2 : 8 2018
59,12,IEC 60730 : 2 : 10
59,13,IEC 60799 : 0 : 0 0
59,14,IEC 60906 : 1 : 0 0
59,15,IEC 60934 : 0 : 0 0
59,16,IEC 60999 : 1 : 1999
59,17,IEC 61210 : 0 : 0 0
59,18,IEC 61558 : 2 : 16 2009
59,19,IEC 61770 : 0 : 0 0
59,20,IEC 62151 : 0 : 0 0
59,21,IEC 62477 : 1 : 0 0
59,22,ISO 1463 : 0 : 0 0
59,23,ISO 2178 : 0 : 0 0
59,24,IEC 62841 : 0 : 0 0
59,25,IEC 60998 : 2 : 1
59,26,IEC 60998 : 2 : 2
9531,1,IEC 60335 : 1 : 1976
9531,2,IEC 60335 : 2 : 4 1984
9532,1,IEC 60335 : 1 : 1976
9532,2,IEC 60335 : 2 : 45 1986
9533,1,IEC 60335 : 1 : 1976
9533,2,IEC 60335 : 2 : 46 1986
9534,1,IEC 60068 : 2 : 52
9534,2,IEC 60417 : 0 : 0 0
9536,1,IEC 60730 : 2 : 12 2015
9536,2,IEC 60068 : 2 : 52
9537,1,IEC 60335 : 2 : 76 1997
9538,1,IEC 60417 : 0 : 0 0
31838,1,IEC 60730 : 1 : 2013
67210,1,IEC 60335 : 2 : 24 1992
19087,1,IEC 60335 : 1 : 1976
19087,2,BSI 3456 : 0 : 1 1961
19091,1,IEC 60335 : 2 : 6 1982
31901,1,IEC 60083 : 0 : 0 0
31901,2,IEC 60127 : 3 : 0 0
31901,3,IEC 60127 : 7 : 0 0
31901,4,IEC 60127 : 8 : 0 0
31901,5,IEC 60127 : 10 : 0 0
31901,6,IEC 60320 : 2 : 1
31901,7,IEC 60320 : 2 : 4
31901,8,IEC 60320 : 3 : 0 0
31901,9,IEC 60384 : 14 : 2013
31901,10,IEC 60417 : 0 : 0 0
31901,11,IEC 60730 : 2 : 8 2018
31901,12,IEC 60730 : 2 : 10
31901,13,IEC 60799 : 0 : 0 0
31901,14,IEC 60906 : 1 : 0 0
31901,15,IEC 60934 : 0 : 0 0
31901,16,IEC 60999 : 1 : 1999
31901,17,IEC 61210 : 0 : 0 0
31901,18,IEC 61558 : 2 : 16 2009
31901,19,IEC 61770 : 0 : 0 0
31901,20,IEC 62151 : 0 : 0 0
31901,21,IEC 62477 : 1 : 0 0
31901,22,ISO 1463 : 0 : 0 0
31901,23,ISO 2178 : 0 : 0 0
31901,24,IEC 62841 : 0 : 0 0
31901,25,IEC 60998 : 2 : 1
31901,26,IEC 60998 : 2 : 2
31908,1,IEC 60417 : 0 : 0 0
31910,1,IEC 60417 : 0 : 0 0
31910,2,IEC 60320 : 3 : 0 0
31911,1,IEC 60068 : 2 : 52
31911,2,IEC 60417 : 0 : 0 0
30417,1,IEC 60730 : 2 : 12 2015
30417,2,IEC 60068 : 2 : 52
9541,1,ISO 10195 : 2018
33871,1,ISO 10195 : 2018
27136,1,ISO 8466 : 1 : 0 0
27136,2,ISO 8466 : 2 : 0 0
26637,1,ISO 8466 : 1 : 0 0
26638,1,ISO 8466 : 1 : 1990
26922,1,ISO 8466 : 1 : 1990
25644,1,0 0 : 0 : 0 0
27180,1,ISO 8466 : 1 : 0 0
27180,2,ISO 8466 : 2 : 0 0
22832,1,ISO 5667 : 1 : 2006
22832,2,ISO 15587 : 1 : 2002
22833,1,ISO 3696 : 1987
22833,2,ISO 5667 : 3 : 2012
22833,3,ISO 5667 : 1 : 2006
22833,4,ISO 5667 : 2 : 1991
22833,5,ISO 8466 : 1 : 1990
22833,6,ISO 8466 : 2 : 1993
22835,1,ISO 1773 : 1997
22835,2,ISO 3696 : 1987
32838,1,ISO 5725 : 1 : 0 0
32838,2,ISO 6206 : 0 : 0 0
32839,1,ISO 8466 : 1 : 0 0
32839,2,ISO 15587 : 1 : 0 0
32839,3,ISO 15587 : 2 : 0 0
9551,1,0 0 : 0 : 0 0
9553,1,0 0 : 0 : 0 0
9560,1,0 0 : 0 : 0 0
9561,1,0 0 : 0 : 0 0
9586,1,0 0 : 0 : 0 0
9597,1,0 0 : 0 : 0 0
27025,1,ISO 8466 : 1 : 0 0
27025,2,ISO 8466 : 2 : 0 0
27287,1,ISO 8466 : 1 : 0 0
21918,1,ISO 8466 : 1 : 0 0
21918,2,ISO 15587 : 1 : 0 0
21918,3,ISO 15587 : 2 : 0 0
26789,1,ISO 8466 : 1 : 0 0
26789,2,ISO 8466 : 2 : 0 0
27572,1,0 0 : 0 : 0 0
26805,1,ISO 6777 : 0 : 0 0
26806,1,ISO 6439 : 0 : 0 0
25791,1,0 0 : 0 : 0 0
25808,1,ISO 5667 : 1 : 0 0
25808,2,ISO 5667 : 2 : 0 0
25808,3,ISO 7980 : 0 : 0 0
25808,4,ISO 8466 : 1 : 0 0
25808,5,ISO 8466 : 2 : 0 0
21977,1,ISO 5725 : 1 : 0 0
21977,2,ISO 6206 : 0 : 0 0
27102,1,ISO 8466 : 1 : 0 0
27102,2,ISO 8466 : 2 : 0 0
26854,1,ISO 8466 : 1 : 0 0
26854,2,ISO 8466 : 2 : 0 0
26855,1,ISO 8466 : 1 : 0 0
27121,1,ISO 8466 : 1 : 0 0
27121,2,ISO 15587 : 1 : 0 0
27121,3,ISO 15587 : 2 : 0 0
23393,1,ISO 2559 : 2011
23393,2,ISO 3301 : 1 : 2000
23393,3,ISO 10534 : 1994
23393,4,ISO 10844 : 2011
23393,5,IEC 60942 : 2003
23393,6,IEC 61672 : 1 : 2002
24267,1,0 0 : 0 : 0 0
30552,1,ISO 7778 : 2014
9614,1,ISO 7778 : 2014
24351,1,0 0 : 0 : 0 0
31087,1,0 0 : 0 : 0 0
24358,1,ISO 30400 : 2016
24560,1,ISO 30400 : 2016
24352,1,0 0 : 0 : 0 0
24353,1,0 0 : 0 : 0 0
9624,1,ISO 12637 : 4 : 2008
9633,1,ISO 10272 : 1 : 2017
9633,2,ISO 15213 : 1 : 2023
9633,3,ISO/TS 17919 : 2013
28594,1,ISO 10272 : 1 : 2017
28594,2,ISO 15213 : 1 : 2023
28594,3,ISO/TS 17919 : 2013
9637,1,0 0 : 0 : 0 0
9641,1,0 0 : 0 : 0 0
20985,1,ISO 14556 : 2000
20985,2,ISO 0 : 0 : 0 0
20985,3,ISO 0 : 0 : 0 0
9654,1,ISO 8038 : 0 : 0 0
65932,1,ISO 2936 : 0 : 0 0
65932,2,ISO 2936 : 0 : 0 0
65932,3,ISO 898 : 1 : 1999
65932,4,ISO 898 : 1 : 1999
65932,5,ISO 898 : 5 : 1998
65932,6,ISO 898 : 5 : 1998
65932,7,ISO 1703 : 1983
9655,1,ISO 2936 : 0 : 0 0
9655,2,ISO 2936 : 0 : 0 0
9655,3,ISO 898 : 1 : 1999
9655,4,ISO 898 : 1 : 1999
9655,5,ISO 898 : 5 : 1998
9655,6,ISO 898 : 5 : 1998
9655,7,ISO 1703 : 1983
19109,1,ISO 8037 : 1 : 0 0
19109,2,ISO 8255 : 1 : 0 0
19109,3,BSI 3836 : 1 : 0 0
21381,1,0 0 : 0 : 0 0
21969,1,ISO 31000 : 0 : 0 0
9693,1,ISO 279 : 1998
9693,2,ISO 280 : 1998
9693,3,ISO 875 : 1999
9693,4,ISO 1242 : 1999
31817,1,0 0 : 0 : 0 0
9698,1,0 0 : 0 : 0 0
34066,1,ASTM 6866 : 0 : 0 0
9699,1,ASTM 6866 : 0 : 0 0
9701,1,IEC 60119 : 1960
9705,1,ISO 0 : 1990
9705,2,ISO 255 : 1990
9705,3,ISO 4183 : 1989
9713,1,IEC 60289 : 1968
9713,2,BSI 4944 : 1973
9716,1,IEC 60186 : 1987
9716,2,BSI 3941 : 1975
9717,1,IEC 60186 : 1987
9717,2,BSI 3941 : 1975
9718,1,IEC 60186 : 1987
9718,2,BSI 3941 : 1975
9719,1,IEC 60146 : 1987
9719,2,BSI 3941 : 1975
27792,1,ISO 17375 : 2006
9720,1,ISO 17375 : 2006
27793,1,ISO 17375 : 2006
9721,1,ISO 17375 : 2006
27794,1,ISO 17375 : 2006
9723,1,ISO 17375 : 2006
9728,1,ISO 2624 : 1990
30480,1,ISO 2624 : 1990
9730,1,ISO 7030 : 0 : 0 0
9730,2,ISO 7026 : 0 : 0 0
9730,3,ISO 2699 : 0 : 0 0
9731,1,ISO 2697 : 1999
9732,1,ISO 2692 : 1988
9732,2,ISO 2697 : 1974
9740,1,ISO 8486 : 1986
9744,1,ISO 252 : 1988
9744,2,ISO 282 : 1975
9744,3,ISO 284 : 1982
9744,4,ISO 432 : 1989
9744,5,BSI 3289 : 1982
65737,1,ISO 252 : 1988
65737,2,ISO 282 : 1975
65737,3,ISO 284 : 1982
65737,4,ISO 432 : 1989
65737,5,BSI 3289 : 1982
27930,1,ISO 148 : 1 : 2016
27930,2,ISO 2566 : 1 : 2021
27930,3,ISO 5173 : 5 : 2009
27930,4,ISO 6892 : 1 : 2019
27930,5,ISO 10893 : 2 : 2011
27930,6,ISO 9712 : 2021
27930,7,ISO 10893 : 3 : 2011
27930,8,ISO 10893 : 6 : 2019
27930,9,ISO 10893 : 7 : 2019
27930,10,ISO 10893 : 8 : 2011
27930,11,ISO 10893 : 9 : 2011
27930,12,ISO 10893 : 10 : 2011
27930,13,ISO 10893 : 11 : 2011
27930,14,ISO 11484 : 2019
27930,15,ISO 19232 : 1 : 2013
27930,16,EN 10204 : 2004
27930,17,EN 10168 : 2008
21146,1,ISO 148 : 1 : 2016
21146,2,ISO 2566 : 1 : 2021
21146,3,ISO 5173 : 5 : 2009
21146,4,ISO 6892 : 1 : 2019
21146,5,ISO 10893 : 2 : 2011
21146,6,ISO 9712 : 2021
21146,7,ISO 10893 : 3 : 2011
21146,8,ISO 10893 : 6 : 2019
21146,9,ISO 10893 : 7 : 2019
21146,10,ISO 10893 : 8 : 2011
21146,11,ISO 10893 : 9 : 2011
21146,12,ISO 10893 : 10 : 2011
21146,13,ISO 10893 : 11 : 2011
21146,14,ISO 11484 : 2019
21146,15,ISO 19232 : 1 : 2013
21146,16,EN 10204 : 2004
21146,17,EN 10168 : 2008
25538,1,ISO 148 : 1 : 2016
25538,2,ISO 2566 : 1 : 2021
25538,3,ISO 5173 : 5 : 2009
25538,4,ISO 6892 : 1 : 2019
25538,5,ISO 10893 : 2 : 2011
25538,6,ISO 9712 : 2021
25538,7,ISO 10893 : 3 : 2011
25538,8,ISO 10893 : 6 : 2019
25538,9,ISO 10893 : 7 : 2019
25538,10,ISO 10893 : 8 : 2011
25538,11,ISO 10893 : 9 : 2011
25538,12,ISO 10893 : 10 : 2011
25538,13,ISO 10893 : 11 : 2011
25538,14,ISO 11484 : 2019
25538,15,ISO 19232 : 1 : 2013
25538,16,EN 10204 : 2004
25538,17,EN 10168 : 2008
9748,1,IEC 60305 : 1974
9748,2,IEC 60383 : 1976
9748,3,IEC 60471 : 1977
9761,1,0 0 : 0 : 0 0
27373,1,0 0 : 0 : 0 0
24318,1,IEC 16 : 1 : 2 2003
24318,2,IEC 16 : 2 : 1 2008
24318,3,IEC 16 : 2 : 3 2010
24318,4,IEC 16 : 4 : 2 2011
9791,1,IEC 60255 : 0 : 0 0
9791,2,BSI 142 : 1982
9792,1,BSI 142 : 0 : 1 1982
9793,1,BSI 142 : 1 : 3 1982
9794,1,IEC 60255 : 4 : 1976
9795,1,IEC 60255 : 1 : 1975
9796,1,IEC 60255 : 0 : 0 0
9796,2,BSI 142 : 2 : 2
9797,1,IEC 60255 : 8 : 0 0
9798,1,IEC 60255 : 3 : 0 0
9798,2,BSI 142 : 3 : 1
9799,1,IEC 60255 : 4 : 0 0
9799,2,BSI 142 : 3 : 2
9800,1,IEC 60255 : 13 : 0 0
9800,2,BSI 142 : 4 : 1
9801,1,IEC 60255 : 12 : 0 0
9801,2,BSI 142 : 4 : 2
9802,1,IEC 60255 : 16 : 1982
9803,1,0 0 : 0 : 0 0
31070,1,0 0 : 0 : 0 0
9804,1,0 0 : 0 : 0 0
32232,1,0 0 : 0 : 0 0
9805,1,ISO 594 : 2 : 0 0
9805,2,ISO 7886 : 0 : 0 0
9806,1,ISO 468 : 0 : 0 0
9806,2,ISO 594 : 1 : 0 0
9806,3,ISO 7886 : 0 : 0 0
9807,1,ISO 594 : 1 : 0 0
9807,2,ISO 594 : 2 : 0 0
9807,3,ISO 595 : 1 : 0 0
26210,1,0 0 : 0 : 0 0
27120,1,0 0 : 0 : 0 0
22830,1,0 0 : 0 : 0 0
9833,1,0 0 : 0 : 0 0
22633,1,ISO 212 : 2007
9834,1,ISO 4715 : 1978
9834,2,ISO 212 : 1973
9834,3,ISO 356 : 1996
22634,1,ISO 212 : 2007
22635,1,ISO 212 : 2007
9836,1,ISO 1272 : 2000
9836,2,ISO 648 : 1977
9836,3,ISO 1773 : 1997
9836,4,ISO 356 : 1996
22636,1,ISO 212 : 2007
22638,1,ISO 212 : 2007
9841,1,ISO 1041 : 1973
9841,2,ISO 212 : 1973
9841,3,ISO 356 : 1977
9841,4,ISO 653 : 1980
9845,1,ISO 11021 : 1999
9845,2,ISO 760 : 1978
9846,1,ISO 279 : 1998
9846,2,ISO 356 : 0 : 0 0
9847,1,ISO 280 : 1998
9848,1,ISO 875 : 1999
9848,2,ISO 648 : 1977
9848,3,ISO 356 : 1996
9848,4,ISO 385 : 2 : 1984
9849,1,ISO 1242 : 1999
9849,2,ISO 356 : 0 : 0 0
9849,3,ISO 385 : 1 : 0 0
9849,4,ISO 385 : 2 : 0 0
9849,5,ISO 385 : 3 : 0 0
9850,1,ISO 709 : 2001
9850,2,ISO 385 : 1 : 1984
9850,3,ISO 1242 : 1999
9850,4,ISO 356 : 1996
9850,5,ISO 356 : 0 : 0 0
27542,1,0 0 : 0 : 0 0
22728,1,ISO 1516 : 2002
22728,2,ISO 1523 : 2002
22728,3,ISO 3679 : 2004
22728,4,ISO 3680 : 2004
22729,1,0 0 : 0 : 0 0
19156,1,ISO 1202 : 1981
19156,2,ISO 212 : 1973
19156,3,ISO 356 : 1996
19157,1,ISO 592 : 1998
19157,2,ISO 356 : 1996
9854,1,ISO 6168 : 1980
33096,1,ISO 2177 : 2003
33096,2,ISO 9587 : 2007
33096,3,ISO 9588 : 2007
33096,4,ISO 3543 : 2000
33096,5,ISO 4545 : 1 : 2023
33096,6,ISO 6507 : 1 : 2023
33096,7,ISO 1463 : 2021
33096,8,ISO 2064 : 1996
33096,9,ISO 2819 : 2017
33096,10,ISO 3497 : 2000
33096,11,ISO 3868 : 2000
33096,12,ISO 3882 : 2024
33096,13,ISO 4518 : 1980
33096,14,ISO 4524 : 2 : 2000
33096,15,ISO 4524 : 3 : 1985
33096,16,ISO 4524 : 6 : 1988
33096,17,ISO 10289 : 1999
33096,18,ISO 12687 : 1996
33096,19,ISO 14674 : 2000
33096,20,IEC 600068 : 2 : 20 2021
9856,1,ISO 2177 : 2003
9856,2,ISO 9587 : 2007
9856,3,ISO 9588 : 2007
9856,4,ISO 3543 : 2000
9856,5,ISO 4545 : 1 : 2023
9856,6,ISO 6507 : 1 : 2023
9856,7,ISO 1463 : 2021
9856,8,ISO 2064 : 1996
9856,9,ISO 2819 : 2017
9856,10,ISO 3497 : 2000
9856,11,ISO 3868 : 2000
9856,12,ISO 3882 : 2024
9856,13,ISO 4518 : 1980
9856,14,ISO 4524 : 2 : 2000
9856,15,ISO 4524 : 3 : 1985
9856,16,ISO 4524 : 6 : 1988
9856,17,ISO 10289 : 1999
9856,18,ISO 12687 : 1996
9856,19,ISO 14674 : 2000
9856,20,IEC 600068 : 2 : 20 2021
9870,1,ISO 210 : 0 : 0 0
27831,1,ISO 210 : 0 : 0 0
9879,1,ISO 197 : 0 : 0 0
9879,2,ISO 197 : 0 : 0 0
9879,3,ISO 197 : 1 : 1983
9879,4,ISO 197 : 1 : 1983
9879,5,ISO 197 : 2 : 1983
9879,6,ISO 197 : 3 : 1983
9879,7,ISO 197 : 4 : 1983
9879,8,ISO 197 : 4 : 1983
9879,9,ISO 197 : 5 : 1983
9879,10,ISO 1420 : 1965
9883,1,ISO 197 : 0 : 0 0
9883,2,ISO 197 : 1 : 1983
9883,3,ISO 197 : 2 : 1983
9883,4,ISO 197 : 3 : 1983
9883,5,ISO 197 : 4 : 1983
9883,6,ISO 197 : 5 : 1980
9895,1,ISO 2933 : 1974
25431,1,0 0 : 0 : 0 0
9903,1,0 0 : 0 : 0 0
31828,1,0 0 : 0 : 0 0
31639,1,0 0 : 0 : 0 0
9906,1,0 0 : 0 : 0 0
9914,1,IEC 60400 : 1972
9915,1,IEC 60400 : 1972
28428,1,0 0 : 0 : 0 0
9927,1,0 0 : 0 : 0 0
25457,1,IEC 60076 : 2 : 0 0
25457,2,IEC 60247 : 0 : 0 0
25457,3,IEC 60422 : 2013
25457,4,IEC 60628 : 1985
25457,5,IEC 60666 : 0 : 0 0
25457,6,IEC 61125 : 1992
25457,7,IEC 62021 : 0 : 0 0
25457,8,IEC 62021 : 0 : 0 0
25457,9,ISO 14596 : 0 : 0 0
25457,10,ASTM 0 : 0 : 0 0
25457,11,BSI 2000 : 346 : 0 0
25457,12,ISO 0 : 0 : 0 0
9948,1,IEC 60076 : 2 : 0 0
9948,2,IEC 60247 : 0 : 0 0
9948,3,IEC 60422 : 2013
9948,4,IEC 60628 : 1985
9948,5,IEC 60666 : 0 : 0 0
9948,6,IEC 61125 : 1992
9948,7,IEC 62021 : 0 : 0 0
9948,8,IEC 62021 : 0 : 0 0
9948,9,ISO 14596 : 0 : 0 0
9948,10,ASTM 0 : 0 : 0 0
9948,11,BSI 2000 : 346 : 0 0
9948,12,ISO 0 : 0 : 0 0
9949,1,ISO 2942 : 1994
9949,2,ISO 3016 : 1994
9949,3,ISO 3104 : 1994
9949,4,ISO 3405 : 2000
9949,5,ISO 3675 : 1998
9949,6,ISO 4548 : 7 : 1990
9949,7,ISO 11841 : 1 : 2000
9949,8,ISO 8213 : 1986
9949,9,ISO 11841 : 2 : 2000
9949,10,ISO 12103 : 2 : 1997
25697,1,0 0 : 0 : 0 0
25698,1,0 0 : 0 : 0 0
25716,1,0 0 : 0 : 0 0
25796,1,0 0 : 0 : 0 0
25797,1,0 0 : 0 : 0 0
9962,1,0 0 : 0 : 0 0
9963,1,0 0 : 0 : 0 0
9964,1,0 0 : 0 : 0 0
9965,1,0 0 : 0 : 0 0
9979,1,ISO 1133 : 0 : 0 0
25600,1,ISO 23529 : 2016
25600,2,ISO 0 : 0 : 0 0
9985,1,ISO 5893 : 2002
9985,2,ISO 6133 : 0 : 0 0
9985,3,ISO 18899 : 2013
9985,4,ISO 23529 : 0 : 0 0
9986,1,ISO 8013 : 0 : 0 0
9986,2,ISO 18899 : 2013
9986,3,ISO 23529 : 2010
9988,1,ISO 18899 : 2013
9991,1,ISO 23529 : 0 : 0 0
9992,1,ISO 18899 : 2013
9992,2,ISO 23529 : 2010
9993,1,ISO 48 : 2010
9993,2,ISO 18898 : 2006
9993,3,ISO 23529 : 2010
9994,1,ISO 18899 : 0 : 0 0
19210,1,ISO 18899 : 2013
19210,2,ISO 23529 : 0 : 0 0
9996,1,ISO 7619 : 1997
9996,2,ISO 48 : 1994
9996,3,ISO 471 : 1995
9997,1,ISO 23529 : 0 : 0 0
9998,1,ISO 2393 : 0 : 0 0
9998,2,ISO 9298 : 0 : 0 0
9998,3,ISO 18899 : 0 : 0 0
9999,1,ISO 188 : 2011
9999,2,ISO 37 : 2011
9999,3,ISO 48 : 2007
9999,4,ISO 18899 : 2004
9999,5,ISO 23529 : 2004
10000,1,ISO 5893 : 2019
10000,2,ISO 6133 : 2015
10000,3,ISO 18899 : 2013
10001,1,ISO 1817 : 2011
10001,2,ISO 37 : 2011
10001,3,ISO 48 : 1994
10001,4,ISO 175 : 1981
10001,5,ISO 7619 : 1 : 0 0
10002,1,ISO 18899 : 0 : 0 0
10004,1,ISO 5893 : 2002
10004,2,ISO 6133 : 2015
10004,3,ISO 18899 : 2013
10004,4,ISO 23259 : 0 : 0 0
28204,1,ISO 48 : 2010
28204,2,ISO 18898 : 2006
28204,3,ISO 23529 : 2010
25908,1,ISO 8013 : 0 : 0 0
25908,2,ISO 18899 : 2013
25908,3,ISO 23529 : 2010
24138,1,ISO 13964 : 0 : 0 0
22873,1,ISO 18899 : 2004
22873,2,ISO 23529 : 0 : 0 0
22874,1,ISO 18899 : 2013
22875,1,ISO 5893 : 2019
22875,2,ISO 18899 : 2013
24936,1,ISO 18899 : 2013
24937,1,ISO 5893 : 2002
24937,2,ISO 18899 : 2013
24937,3,ISO 23529 : 0 : 0 0
28281,1,ISO 18899 : 2013
27266,1,ISO 5893 : 2002
27266,2,ISO 6133 : 0 : 0 0
27266,3,ISO 18899 : 2013
27266,4,ISO 23529 : 0 : 0 0
27795,1,ISO 5893 : 2019
27795,2,ISO 18899 : 2013
33953,1,ISO 5893 : 0 : 0 0
33953,2,ISO 18899 : 0 : 0 0
24231,1,ISO 5893 : 0 : 0 0
24231,2,ISO 18899 : 0 : 0 0
27563,1,ISO 5893 : 2019
27563,2,ISO 6133 : 2015
27563,3,ISO 18899 : 2013
27564,1,ISO 18899 : 2013
27565,1,ISO 18899 : 2013
27824,1,ISO 18899 : 2013
33995,1,ISO 18899 : 0 : 0 0
27878,1,ISO 18899 : 2013
23020,1,ISO 18899 : 2013
25844,1,ISO 18899 : 0 : 0 0
25845,1,ISO 23529 : 0 : 0 0
25848,1,ISO 23529 : 0 : 0 0
25849,1,ISO 2393 : 0 : 0 0
25849,2,ISO 9298 : 0 : 0 0
25849,3,ISO 18899 : 0 : 0 0
25850,1,ISO 5893 : 2002
25850,2,ISO 18899 : 2013
25850,3,ISO 23529 : 0 : 0 0
25854,1,ISO 5893 : 0 : 0 0
25854,2,ISO 18899 : 2013
25854,3,ISO 23529 : 0 : 0 0
9983,1,ISO 23529 : 2016
9983,2,ISO 0 : 0 : 0 0
23039,1,ISO 18898 : 0 : 0 0
23039,2,ISO 23529 : 0 : 0 0
10006,1,BSI 2755 : 1956
10006,2,BSI 2873 : 1963
10010,1,ISO 2768 : 1 : 1989
10010,2,ISO 4762 : 2004
10010,3,ISO 1580 : 1994
10010,4,ISO 1580 : 1994
10010,5,ISO 7045 : 1994
24005,1,0 0 : 0 : 0 0
10019,1,BSI 4607 : 1 : 1984
10036,1,ISO 16634 : 1 : 2008
31651,1,ISO 16634 : 1 : 2008
10037,1,ISO 17375 : 2006
27825,1,ISO 17375 : 2006
17612,1,ISO 3471 : 0 : 0 0
17612,2,ISO 148 : 0 : 0 0
17612,3,ISO 148 : 0 : 0 0
17612,4,ISO 898 : 1 : 0 0
17612,5,ISO 898 : 1 : 0 0
17612,6,ISO 898 : 2 : 0 0
17612,7,ISO 3164 : 0 : 0 0
17612,8,ISO 3164 : 0 : 0 0
17612,9,ISO 3471 : 0 : 0 0
17612,10,ISO 6165 : 0 : 0 0
21487,1,ISO 9244 : 0 : 0 0
21487,2,ISO 12508 : 0 : 0 0
21487,3,ISO 2867 : 0 : 0 0
21487,4,ISO 3411 : 0 : 0 0
21487,5,ISO 6165 : 0 : 0 0
21487,6,ISO 6682 : 0 : 0 0
21487,7,ISO 9244 : 0 : 0 0
10053,1,ISO 3 : 1973
10053,2,ISO 3040 : 1990
10063,1,BSI 23 : 1970
31243,1,BSI 731 : 1 : 1952
10067,1,BSI 731 : 1 : 1952
10068,1,BSI 710 : 1948
24487,1,0 0 : 0 : 0 0
26558,1,0 0 : 0 : 0 0
26203,1,IEC 61000 : 4 : 20 2010
26203,2,ISO 9241 : 3 : 1992
26203,3,IEC 16 : 1 : 2 2014
26203,4,IEC 61000 : 4 : 21 2011
10082,1,ISO 1842 : 1991
10082,2,ISO 5521 : 1981
10082,3,ISO 15213 : 2003
26878,1,0 0 : 0 : 0 0
10084,1,ISO 7452 : 2002
10085,1,ISO 592 : 1998
10085,2,ISO 875 : 1999
10085,3,ISO 4715 : 1978
25864,1,ISO 3108 : 0 : 0 0
25864,2,ISO 9227 : 0 : 0 0
25864,3,EN 892 : 0 : 0 0
25864,4,EN 1891 : 0 : 0 0
25870,1,ISO 9227 : 0 : 0 0
25899,1,ISO 9227 : 2017
10100,1,ISO 9227 : 2017
10109,1,BSI 3820 : 1965
10112,1,0 0 : 0 : 0 0
30710,1,0 0 : 0 : 0 0
10124,1,ISO 1275 : 1972
28817,1,ISO 2393 : 0 : 0 0
10131,1,ISO 2393 : 0 : 0 0
25289,1,ISO 2393 : 0 : 0 0
10134,1,IEC 60016 : 0 : 0 0
10134,2,BSI 3820 : 1965
10135,1,0 0 : 0 : 0 0
10138,1,ISO 4871 : 1996
10138,2,ISO 3744 : 2010
10138,3,ISO 15744 : 2002
10138,4,ISO 28927 : 10 : 2011
10140,1,ISO 1395 : 1977
10148,1,ISO 5745 : 0 : 0 0
27026,1,ISO 15213 : 2003
10155,1,ISO 15213 : 2003
10160,1,0 0 : 0 : 0 0
112,1,ISO 592 : 1998
112,2,ISO 875 : 1999
112,3,ISO 4715 : 1978
10166,1,BSI 848 : 1 : 1980
32020,1,ISO 16634 : 1 : 2008
10169,1,ISO 16634 : 1 : 2008
10170,1,ISO 17375 : 2006
28094,1,ISO 17375 : 2006
10176,1,BSI 2725 : 1956
27462,1,ISO 9956 : 3 : 0 0
27462,2,ISO 9956 : 4 : 0 0
27462,3,ISO/TR 15608 : 0 : 0 0
27462,4,ISO/TR 16060 : 0 : 0 0
31349,1,ISO 5817 : 2023
31349,2,ISO 10042 : 2018
31349,3,ISO 17637 : 2016
32922,1,ISO 9956 : 3 : 0 0
32922,2,ISO 9956 : 4 : 0 0
32922,3,ISO/TR 15608 : 0 : 0 0
32922,4,ISO/TR 16060 : 0 : 0 0
10180,1,ISO 4063 : 0 : 0 0
10182,1,0 0 : 0 : 0 0
10185,1,ISO 5817 : 2023
10185,2,ISO 10042 : 2018
10185,3,ISO 17637 : 2016
10186,1,ISO 9956 : 3 : 0 0
10186,2,ISO 9956 : 4 : 0 0
10186,3,ISO/TR 15608 : 0 : 0 0
10186,4,ISO/TR 16060 : 0 : 0 0
32977,1,ISO 4063 : 0 : 0 0
32978,1,0 0 : 0 : 0 0
10188,1,BSI 3693 : 1 : 1964
32311,1,0 0 : 0 : 0 0
10202,1,0 0 : 0 : 0 0
10222,1,BSI 3466 : 1962
10223,1,BSI 3467 : 1962
33872,1,IEC 61547 : 1 : 2020
33872,2,IEC 63158 : 2018
33872,3,ISO 22012 : 2019
33872,4,CIE 227 : 2017
33872,5,CIE 117 : 1995
33872,6,CIE 190 : 2010
10233,1,IEC 61547 : 1 : 2020
10233,2,IEC 63158 : 2018
10233,3,ISO 22012 : 2019
10233,4,CIE 227 : 2017
10233,5,CIE 117 : 1995
10233,6,CIE 190 : 2010
31652,1,ISO 16634 : 1 : 2008
10235,1,ISO 16634 : 1 : 2008
10237,1,IEC 60335 : 2 : 6 1982
10239,1,ISO 6906 : 1984
10242,1,0 0 : 0 : 0 0
31697,1,0 0 : 0 : 0 0
10245,1,0 0 : 0 : 0 0
10251,1,ISO 23529 : 0 : 0 0
10252,1,ISO 1795 : 0 : 0 0
10252,2,ISO 2393 : 0 : 0 0
26222,1,ISO 23529 : 0 : 0 0
28080,1,ISO 1795 : 0 : 0 0
28080,2,ISO 2393 : 0 : 0 0
10260,1,ISO 13732 : 1 : 2006
10260,2,ISO 1211 : 2010
28566,1,ISO 13732 : 1 : 2006
28566,2,ISO 1211 : 2010
10276,1,ISO 1328 : 1975
10282,1,ISO 286 : 1 : 1988
10282,2,ISO 286 : 2 : 1988
10282,3,ISO 772 : 1969
10282,4,ISO 773 : 1969
10282,5,ISO 774 : 1969
10282,6,ISO 3912 : 1977
10282,7,ISO 3 : 1973
10288,1,ISO 230 : 0 : 0 0
10304,1,ISO 124 : 0 : 0 0
10304,2,ISO 1802 : 0 : 0 0
10305,1,ISO 3310 : 1 : 0 0
10306,1,ISO 124 : 0 : 0 0
10307,1,ISO 1795 : 0 : 0 0
10307,2,ISO 9272 : 0 : 0 0
10308,1,ISO 248 : 0 : 0 0
10308,2,ISO 1629 : 0 : 0 0
10308,3,ISO 1795 : 0 : 0 0
28020,1,ISO 124 : 0 : 0 0
28020,2,ISO 1802 : 0 : 0 0
27834,1,ISO 124 : 0 : 0 0
220,1,ISO 126 : 2005
220,2,ISO 123 : 2001
220,3,ISO 124 : 2008
220,4,ISO 9272 : 2005
31735,1,ISO 3310 : 1 : 0 0
10312,1,ISO 3785 : 1976
10312,2,ISO 6929 : 1987
23271,1,0 0 : 0 : 0 0
10318,1,0 0 : 0 : 0 0
10319,1,IEC 60027 : 1 : 1971
29341,1,0 0 : 0 : 0 0
10324,1,BSI 115 : 1954
26905,1,0 0 : 0 : 0 0
10343,1,0 0 : 0 : 0 0
10344,1,ISO 1035 : 1 : 0 0
10344,2,ISO 1035 : 4 : 0 0
10344,3,ISO 4885 : 0 : 0 0
10344,4,ISO/TS 4949 : 0 : 0 0
10344,5,ISO 6929 : 0 : 0 0
10344,6,ISO 9443 : 0 : 0 0
27822,1,ISO 1035 : 1 : 0 0
27822,2,ISO 1035 : 4 : 0 0
27822,3,ISO 4885 : 0 : 0 0
27822,4,ISO/TS 4949 : 0 : 0 0
27822,5,ISO 6929 : 0 : 0 0
27822,6,ISO 9443 : 0 : 0 0
23498,1,0 0 : 0 : 0 0
10356,1,0 0 : 0 : 0 0
28247,1,0 0 : 0 : 0 0
10376,1,0 0 : 0 : 0 0
27469,1,0 0 : 0 : 0 0
10377,1,0 0 : 0 : 0 0
26972,1,ISO 15213 : 2003
10385,1,ISO 15213 : 2003
10391,1,0 0 : 0 : 0 0
28322,1,0 0 : 0 : 0 0
10393,1,0 0 : 0 : 0 0
10394,1,0 0 : 0 : 0 0
28392,1,0 0 : 0 : 0 0
28393,1,0 0 : 0 : 0 0
10412,1,ISO 76 : 2006
10412,2,ISO 5593 : 1997
10412,3,ISO 15241 : 2012
10412,4,ISO 10657 : 1991
10413,1,ISO 381 : 1990
10413,2,ISO 287 : 1 : 1977
10413,3,ISO 76 : 1987
10413,4,ISO 5593 : 1997
23552,1,ISO 3826 : 1 : 2003
23598,1,ISO 594 : 2 : 1991
23598,2,ISO 1135 : 4 : 1987
23598,3,ISO 3826 : 1 : 2013
23598,4,ISO 3826 : 2 : 2008
23598,5,ISO 3826 : 3 : 2006
23598,6,ISO 8536 : 4 : 1998
23598,7,ISO 10993 : 1 : 2009
23598,8,ISO 10993 : 4 : 2002
23598,9,ISO 10993 : 5 : 2009
23598,10,ISO 10993 : 10 : 2010
23598,11,ISO 10993 : 12 : 2012
23598,12,ISO 15223 : 1 : 2012
23420,1,ISO 1135 : 5 : 0 0
26513,1,ISO 1135 : 5 : 0 0
10419,1,ISO 15223 : 1 : 2012
10430,1,BSI 4568 : 2 : 1970
30042,1,IEC 60999 : 1 : 1999
30042,2,IEC 60669 : 2 : 5 2013
30042,3,IEC 60669 : 2 : 6 2012
30042,4,IEC 60669 : 2 : 4 2004
10450,1,IEC 60999 : 1 : 1999
10450,2,IEC 60669 : 2 : 5 2013
10450,3,IEC 60669 : 2 : 6 2012
10450,4,IEC 60669 : 2 : 4 2004
10453,1,ISO 875 : 1999
440,1,ISO 2 : 0 : 0 0
440,2,ISO 1139 : 1973
440,3,ISO 1144 : 1973
440,4,ISO 2076 : 1999
440,5,ISO 6938 : 1984
440,6,ISO 8159 : 1987
440,7,ISO 8160 : 0 : 0 0
30998,1,ISO 10349 : 1 : 2002
30998,2,ISO 10349 : 4 : 1992
30998,3,ISO 10349 : 5 : 1992
30998,4,ISO 565 : 1990
10469,1,ISO 10349 : 1 : 2002
10469,2,ISO 10349 : 4 : 1992
10469,3,ISO 10349 : 5 : 1992
10469,4,ISO 565 : 1990
10470,1,ISO 15213 : 2003
10473,1,ISO 5522 : 1981
10473,2,ISO 15213 : 2003
10473,3,ISO 22855 : 2008
10474,1,ISO 5522 : 1981
10474,2,ISO 15213 : 2003
10474,3,ISO 22855 : 2008
10486,1,IEC 60146 : 1963
10513,1,0 0 : 0 : 0 0
28321,1,0 0 : 0 : 0 0
17613,1,ISO 9958 : 1985
10550,1,BSI 480 : 1954
10550,2,BSI 608 : 1955
10551,1,BSI 3346 : 1961
10556,1,BSI 536 : 1934
23614,1,0 0 : 0 : 0 0
10561,1,0 0 : 0 : 0 0
26213,1,0 0 : 0 : 0 0
10565,1,0 0 : 0 : 0 0
25608,1,ISO 2746 : 0 : 0 0
10566,1,ISO 2746 : 0 : 0 0
10568,1,ISO 1042 : 1988
10568,2,ISO 3696 : 1987
10568,3,ISO 4788 : 2005
10568,4,ISO 28764 : 2015
10574,1,ISO 48 : 0 : 0 0
10574,2,ISO 649 : 1 : 0 0
10574,3,ISO 718 : 0 : 0 0
10574,4,ISO 3696 : 0 : 0 0
10574,5,ISO 4788 : 0 : 0 0
10574,6,ISO 4799 : 0 : 0 0
10574,7,ISO 28764 : 0 : 0 0
10575,1,0 0 : 0 : 0 0
10576,1,ISO 48 : 0 : 0 0
10576,2,ISO 3696 : 0 : 0 0
10576,3,ISO 28764 : 0 : 0 0
10576,4,CEN 10088 : 1 : 0 0
10576,5,ISO 1042 : 0 : 0 0
10579,1,ISO 19496 : 1 : 2017
32482,1,ISO 19496 : 1 : 2017
26801,1,ISO/IEC 2382 : 37 : 0 0
26801,2,ISO/IEC 8824 : 1 : 0 0
26801,3,ISO/IEC 8825 : 1 : 0 0
26801,4,ISO/IEC 19785 : 2 : 0 0
26801,5,ISO/IEC 29794 : 1 : 0 0
26802,1,ISO/IEC 2382 : 37 : 0 0
26802,2,ISO/IEC 8824 : 1 : 0 0
26802,3,ISO/IEC 8825 : 1 : 0 0
26802,4,ISO/IEC 14495 : 1 : 0 0
26802,5,ISO/IEC 15444 : 0 : 0 0
26802,6,ISO/IEC 15948 : 0 : 0 0
26575,1,ISO/IEC 2382 : 37 : 0 0
26575,2,ISO/IEC 10918 : 1 : 0 0
26575,3,ISO 11664 : 2 : 0 0
26575,4,ISO/IEC 15444 : 1 : 0 0
26575,5,ISO/IEC 15948 : 0 : 0 0
26575,6,ISO/IEC 8825 : 1 : 0 0
26575,7,ISO/IEC 8824 : 1 : 0 0
10641,1,BSI 3322 : 1980
10644,1,ISO 1832 : 0 : 0 0
10644,2,ISO 3364 : 0 : 0 0
10644,3,ISO 3365 : 0 : 0 0
10644,4,ISO 6897 : 1 : 0 0
10645,1,ISO 1213 : 2 : 2016
10645,2,ISO 3310 : 1 : 2016
10645,3,ISO 3310 : 2 : 2013
10645,4,ISO 3310 : 3 : 1990
10645,5,ISO 13909 : 6 : 2016
10645,6,ISO 18283 : 2006
10645,7,IEC 60584 : 1 : 2013
10645,8,ISO 579 : 2013
10645,9,IEC 60584 : 3 : 2021
10645,10,ISO 13909 : 5 : 2016
27070,1,ISO 1213 : 2 : 2016
27070,2,ISO 3310 : 1 : 2016
27070,3,ISO 3310 : 2 : 2013
27070,4,ISO 3310 : 3 : 1990
27070,5,ISO 13909 : 6 : 2016
27070,6,ISO 18283 : 2006
27070,7,IEC 60584 : 1 : 2013
27070,8,ISO 579 : 2013
27070,9,IEC 60584 : 3 : 2021
27070,10,ISO 13909 : 5 : 2016
10646,1,ISO 3650 : 1998
26415,1,ISO 1182 : 0 : 0 0
26415,2,ISO 3382 : 1 : 0 0
26415,3,ISO 3382 : 2 : 0 0
26415,4,ISO 8995 : 1 : 0 0
26415,5,ISO 11925 : 3 : 0 0
26415,6,ISO 16283 : 1 : 0 0
26415,7,ISO 21452 : 0 : 0 0
10686,1,ISO 613 : 1982
10686,2,ISO 694 : 1968
10686,3,ISO 1069 : 1973
10686,4,ISO 2269 : 1992
10686,5,ISO 10316 : 1990
10686,6,IEC 945 : 1994
10708,1,BSI 3696 : 1 : 1977
20885,1,ISO 15223 : 2 : 2010
20885,2,ISO 0 : 0 : 0 0
31636,1,0 0 : 0 : 0 0
10712,1,0 0 : 0 : 0 0
17614,1,ISO 554 : 1976
17614,2,IEC 61267 : 1994
24354,1,0 0 : 0 : 0 0
24355,1,ISO 41011 : 0 : 0 0
26482,1,0 0 : 0 : 0 0
27702,1,0 0 : 0 : 0 0
10746,1,0 0 : 0 : 0 0
10752,1,ISO 7376 : 1 : 0 0
10752,2,ISO 7376 : 2 : 0 0
10752,3,ISO 7376 : 3 : 0 0
10752,4,ISO 7376 : 0 : 0 0
10753,1,ISO 7376 : 2 : 0 0
10753,2,ISO 3949 : 2 : 0 0
10753,3,ISO 7376 : 0 : 0 0
10753,4,ISO 7376 : 1 : 0 0
10753,5,ISO 5864 : 0 : 0 0
10753,6,ISO 4135 : 0 : 0 0
10753,7,ISO 5864 : 0 : 0 0
10771,1,ISO 376 : 0 : 0 0
10771,2,ISO 3878 : 0 : 0 0
10771,3,ISO 4287 : 0 : 0 0
10771,4,ISO 6501 : 1 : 1999
10771,5,ISO 6506 : 2 : 1999
10772,1,ISO 376 : 0 : 0 0
10772,2,ISO 468 : 1982
10772,3,ISO 4287 : 1997
10772,4,ISO 6507 : 1 : 1997
10772,5,ISO 6507 : 2 : 1997
10781,1,0 0 : 0 : 0 0
31700,1,0 0 : 0 : 0 0
10795,1,0 0 : 0 : 0 0
29586,1,0 0 : 0 : 0 0
25856,1,IEC 60335 : 1 : 1991
25856,2,IEC 60335 : 2 : 73 1994
10797,1,IEC 60335 : 1 : 1991
10797,2,IEC 60335 : 2 : 73 1994
10804,1,0 0 : 0 : 0 0
25739,1,0 0 : 0 : 0 0
10808,1,0 0 : 0 : 0 0
10809,1,ISO 17025 : 2005
10816,1,ISO 0 : 1965
31948,1,ISO 0 : 1965
10828,1,0 0 : 0 : 0 0
30626,1,0 0 : 0 : 0 0
10833,1,ISO 17375 : 2006
27796,1,ISO 17375 : 2006
17723,1,ISO 272 : 1982
17723,2,ISO 228 : 1 : 2000
17723,3,ISO 261 : 1998
17723,4,ISO 724 : 1993
17723,5,ISO 262 : 1998
25136,1,0 0 : 0 : 0 0
31293,1,0 0 : 0 : 0 0
26783,1,0 0 : 0 : 0 0
26606,1,0 0 : 0 : 0 0
101,1,IEC 60079 : 1 : 2001
33566,1,ISO 68 : 1 : 1998
33566,2,ISO 965 : 1 : 1998
33566,3,ISO 5408 : 1983
33566,4,ISO 4218 : 2001
33567,1,ISO 68 : 261 : 0 0
33567,2,ISO 5408 : 0 : 0 0
33568,1,ISO 262 : 1998
33568,2,ISO 68 : 1 : 1998
33568,3,ISO 261 : 1998
10850,1,ISO 68 : 1 : 1998
10850,2,ISO 965 : 1 : 1998
10850,3,ISO 5408 : 1983
10850,4,ISO 4218 : 2001
10851,1,ISO 68 : 1 : 1998
10851,2,ISO 262 : 1968
10851,3,ISO 724 : 1993
10851,4,ISO 965 : 1 : 1998
10851,5,ISO 5408 : 1983
10852,1,ISO 68 : 261 : 0 0
10852,2,ISO 5408 : 0 : 0 0
10853,1,ISO 262 : 1998
10853,2,ISO 68 : 1 : 1998
10853,3,ISO 261 : 1998
10859,1,ISO 9712 : 0 : 0 0
10859,2,ISO 10893 : 9 : 0 0
10859,3,ISO 11484 : 0 : 0 0
25743,1,ISO 9712 : 0 : 0 0
25743,2,ISO 10893 : 9 : 0 0
25743,3,ISO 11484 : 0 : 0 0
30047,1,ISO 105 : 2 : 0 0
10862,1,ISO 105 : 2 : 0 0
10867,1,ISO 14501 : 2007
10868,1,ISO 14501 : 2007
10872,1,BSI 2818 : 1 : 1962
10881,1,IEC 60335 : 14 : 0 0
27548,1,ISO 3911 : 2021
33194,1,IEC 60335 : 14 : 0 0
24289,1,ISO 3911 : 2021
10886,1,0 0 : 0 : 0 0
28662,1,0 0 : 0 : 0 0
27404,1,0 0 : 0 : 0 0
10887,1,0 0 : 0 : 0 0
10890,1,0 0 : 0 : 0 0
27549,1,0 0 : 0 : 0 0
10918,1,0 0 : 0 : 0 0
19475,1,ISO 9181 : 1990
19475,2,ISO 4957 : 1980
19475,3,ISO 6508 : 1986
19475,4,ISO 6752 : 1984
19475,5,ISO 8695 : 1987
21015,1,ISO 4957 : 0 : 0 0
21015,2,ISO 6506 : 0 : 0 0
21015,3,ISO 6695 : 0 : 0 0
31269,1,ISO 8695 : 1987
21038,1,ISO 8695 : 1987
21039,1,ISO 4957 : 0 : 0 0
21039,2,ISO 0 : 0 : 0 0
66952,1,ISO 4957 : 0 : 0 0
66952,2,ISO 0 : 0 : 0 0
20937,1,other 0 : 318 : 1983
27405,1,ISO 4301 : 1 : 0 0
27405,2,ISO 4306 : 1 : 0 0
27405,3,ISO 4306 : 2 : 0 0
21937,1,ISO 4301 : 1 : 0 0
21937,2,ISO 4306 : 1 : 0 0
21937,3,ISO 4306 : 2 : 0 0
21051,1,0 0 : 0 : 0 0
21136,1,0 0 : 0 : 0 0
25816,1,0 0 : 0 : 0 0
21938,1,ISO 11629 : 2004
21938,2,ISO 1302 : 2003
21938,3,ISO 14518 : 2005
30866,1,0 0 : 0 : 0 0
10940,1,0 0 : 0 : 0 0
10946,1,IEC 384 : 4 : 0 0
10946,2,other 50207 : 0 : 0 0
33107,1,0 0 : 0 : 0 0
28600,1,0 0 : 0 : 0 0
10968,1,ISO 711 : 1985
10968,2,ISO 6540 : 1980
10969,1,0 0 : 0 : 0 0
10970,1,0 0 : 0 : 0 0
31299,1,0 0 : 0 : 0 0
10983,1,0 0 : 0 : 0 0
11012,1,IEC 94 : 1 : 0 0
11012,2,IEC 94 : 6 : 0 0
11013,1,ISO 5743 : 2004
11013,2,ISO 5744 : 2004
11014,1,ISO 5743 : 2004
11014,2,ISO 5744 : 2004
11017,1,BSI 1071 : 1952
11022,1,0 0 : 0 : 0 0
27550,1,0 0 : 0 : 0 0
11023,1,0 0 : 0 : 0 0
27551,1,0 0 : 0 : 0 0
26483,1,ISO 44001 : 0 : 0 0
26961,1,0 0 : 0 : 0 0
11040,1,ISO 3790 : 1976
11041,1,0 0 : 0 : 0 0
11042,1,ISO 15213 : 2003
27027,1,ISO 15213 : 2003
11043,1,ISO 15213 : 2003
26973,1,ISO 15213 : 2003
28434,1,ISO 6501 : 2020
11046,1,ISO 6501 : 2020
11056,1,0 0 : 0 : 0 0
11057,1,0 0 : 0 : 0 0
11062,1,0 0 : 0 : 0 0
28245,1,0 0 : 0 : 0 0
28246,1,0 0 : 0 : 0 0
30627,1,0 0 : 0 : 0 0
20886,1,ISO 3448 : 1975
17616,1,ISO 2204 : 1979
17616,2,ISO 3448 : 1975
17616,3,ISO 5598 : 1685
17616,4,IEC 50 : 0 : 801 1984
17617,1,ISO 2204 : 1979
17617,2,ISO 3448 : 1985
17617,3,ISO 3744 : 1981
17617,4,ISO 3745 : 1971
17617,5,ISO 6743 : 4 : 1982
17617,6,IEC 50 : 801 : 1954
28704,1,ISO 7751 : 0 : 0 0
27955,1,0 0 : 0 : 0 0
22329,1,ISO 2878 : 0 : 0 0
22877,1,0 0 : 0 : 0 0
28280,1,ISO 2878 : 0 : 0 0
22699,1,ISO 7751 : 0 : 0 0
24263,1,ISO 3448 : 0 : 0 0
24263,2,ISO/TR 11340 : 0 : 0 0
27879,1,ISO 3448 : 0 : 0 0
27879,2,ISO/TR 11340 : 0 : 0 0
11101,1,0 0 : 0 : 0 0
29790,1,0 0 : 0 : 0 0
11127,1,ISO 3448 : 1975
11131,1,0 0 : 0 : 0 0
31985,1,0 0 : 0 : 0 0
11135,1,ISO 789 : 1 : 0 0
11135,2,ISO 730 : 1 : 0 0
11149,1,IEC 94 : 5 : 0 0
11152,1,BSI 3087 : 1959
11152,2,BSI 3087 : 1959
33579,1,IEC 60028 : 0 : 0 0
33579,2,IEC 60153 : 1 : 0 0
25646,1,IEC 60261 : 0 : 0 0
27442,1,IEC 60261 : 0 : 0 0
11162,1,IEC 60261 : 0 : 0 0
11163,1,IEC 60261 : 0 : 0 0
11164,1,other 153 : 6 : 0 0
11164,2,other 53002 : 0 : 0 0
11165,1,other 153 : 3 : 0 0
11165,2,other 53003 : 0 : 0 0
11168,1,IEC 60028 : 0 : 0 0
11168,2,IEC 60153 : 1 : 0 0
27552,1,IEC 60028 : 0 : 0 0
27552,2,IEC 60153 : 1 : 0 0
23182,1,0 0 : 0 : 0 0
21190,1,ISO 2639 : 0 : 0 0
21190,2,ISO 4498 : 0 : 0 0
28199,1,ISO 2028 : 0 : 0 0
28199,2,ISO 2453 : 0 : 0 0
11187,1,ISO 2028 : 0 : 0 0
11187,2,ISO 2453 : 0 : 0 0
11188,1,ISO 7781 : 2001
11188,2,ISO 385 : 1 : 1984
11188,3,ISO 648 : 1977
11188,4,ISO 1042 : 1998
11188,5,ISO 1795 : 2000
11188,6,ISO 4799 : 1978
11219,1,IEC 60146 : 1963
11225,1,IEC 107 : 1 : 1977
11225,2,IEC 107 : 2 : 1980
11226,1,IEC 60107 : -1 : 1997
11226,2,IEC 60107 : 2 : 1997
11226,3,IEC 60268 : -1 : 1985
11256,1,BSI 939 : 0 : 0 0
21191,1,ISO 1502 : 1996
21191,2,ISO 9413 : 0 : 0 0
11287,1,ISO 1968 : 0 : 0 0
11287,2,ISO 2307 : 0 : 0 0
11287,3,ISO 9554 : 0 : 0 0
27509,1,ISO 1968 : 0 : 0 0
27509,2,ISO 2307 : 0 : 0 0
27509,3,ISO 9554 : 0 : 0 0
11288,1,ISO 3795 : 1989
11291,1,ISO 9162 : 2013
11291,2,ISO 13758 : 0 : 0 0
11291,3,ASTM 0 : 0 : 0 0
11291,4,ASTM 0 : 0 : 0 0
11291,5,ASTM 0 : 0 : 0 0
11291,6,ASTM 0 : 0 : 0 0
11291,7,ASTM 0 : 0 : 0 0
11291,8,ASTM 0 : 0 : 0 0
11291,9,ASTM 0 : 0 : 0 0
11291,10,ASTM 0 : 0 : 0 0
11291,11,ASTM 0 : 0 : 0 0
11291,12,ASTM 0 : 0 : 0 0
11291,13,ASTM 0 : 0 : 0 0
11291,14,ASTM 0 : 2020
11291,15,ASTM 0 : 0 : 0 0
11291,16,ASTM 0 : 0 : 0 0
11291,17,ASTM 0 : 0 : 0 0
11291,18,ASTM 0 : 0 : 0 0
11291,19,ASTM 0 : 0 : 0 0
25599,1,ISO 9162 : 2013
25599,2,ISO 13758 : 0 : 0 0
25599,3,ASTM 0 : 0 : 0 0
25599,4,ASTM 0 : 0 : 0 0
25599,5,ASTM 0 : 0 : 0 0
25599,6,ASTM 0 : 0 : 0 0
25599,7,ASTM 0 : 0 : 0 0
25599,8,ASTM 0 : 0 : 0 0
25599,9,ASTM 0 : 0 : 0 0
25599,10,ASTM 0 : 0 : 0 0
25599,11,ASTM 0 : 0 : 0 0
25599,12,ASTM 0 : 0 : 0 0
25599,13,ASTM 0 : 0 : 0 0
25599,14,ASTM 0 : 2020
25599,15,ASTM 0 : 0 : 0 0
25599,16,ASTM 0 : 0 : 0 0
25599,17,ASTM 0 : 0 : 0 0
25599,18,ASTM 0 : 0 : 0 0
25599,19,ASTM 0 : 0 : 0 0
25132,1,0 0 : 0 : 0 0
25134,1,0 0 : 0 : 0 0
11317,1,0 0 : 0 : 0 0
11318,1,ISO 6898 : 0 : 0 0
11318,2,ISO 0 : 0 : 0 0
11338,1,0 0 : 0 : 0 0
32241,1,0 0 : 0 : 0 0
27725,1,0 0 : 0 : 0 0
11354,1,0 0 : 0 : 0 0
11373,1,ISO 1998 : 1 : 1998
11373,2,ISO 1998 : 1 : 1999
11373,3,ISO 1998 : 2 : 1998
11373,4,ISO 1998 : 3 : 1998
11373,5,ISO 1998 : 4 : 1998
11373,6,ISO 1998 : 5 : 1998
11373,7,ISO 1998 : 5 : 1999
11373,8,ISO 1998 : 6 : 2000
11373,9,ISO 1998 : 7 : 1998
11374,1,ISO 1139 : 0 : 0 0
11374,2,ISO 1144 : 0 : 0 0
11374,3,ISO 2 : 0 : 0 0
11375,1,ISO 858 : 1973
11375,2,ISO 1107 : 2003
31787,1,0 0 : 0 : 0 0
11376,1,0 0 : 0 : 0 0
27525,1,0 0 : 0 : 0 0
11398,1,0 0 : 0 : 0 0
11402,1,IEC 60127 : 3 : 0 0
11402,2,IEC 60227 : 0 : 0 0
11402,3,IEC 60245 : 0 : 0 0
11402,4,IEC 60309 : 0 : 0 0
11402,5,IEC 60320 : 0 : 0 0
11402,6,IEC 60384 : 14 : 0 0
11402,7,IEC 60417 : 3 : 2002
11402,8,IEC 60760 : 0 : 0 0
11402,9,IEC 60825 : 1 : 0 0
11402,10,IEC 60884 : 0 : 0 0
11402,11,IEC 60998 : 2 : 1
11402,12,IEC 60998 : 2 : 2
11402,13,IEC 60999 : 1 : 1999
11402,14,IEC 61540 : 1997
11402,15,ISO 1463 : 0 : 0 0
11402,16,ISO 2178 : 0 : 0 0
28855,1,IEC 60127 : 3 : 0 0
28855,2,IEC 60227 : 0 : 0 0
28855,3,IEC 60245 : 0 : 0 0
28855,4,IEC 60309 : 0 : 0 0
28855,5,IEC 60320 : 0 : 0 0
28855,6,IEC 60384 : 14 : 0 0
28855,7,IEC 60417 : 3 : 2002
28855,8,IEC 60760 : 0 : 0 0
28855,9,IEC 60825 : 1 : 0 0
28855,10,IEC 60884 : 0 : 0 0
28855,11,IEC 60998 : 2 : 1
28855,12,IEC 60998 : 2 : 2
28855,13,IEC 60999 : 1 : 1999
28855,14,IEC 61540 : 1997
28855,15,ISO 1463 : 0 : 0 0
28855,16,ISO 2178 : 0 : 0 0
32077,1,0 0 : 0 : 0 0
11433,1,0 0 : 0 : 0 0
11454,1,0 0 : 0 : 0 0
33996,1,0 0 : 0 : 0 0
27406,1,ISO 2859 : 1 : 0 0
27406,2,ISO 633 : 0 : 0 0
27406,3,ISO 7322 : 0 : 0 0
27407,1,ISO 4708 : 0 : 0 0
27407,2,ISO 633 : 0 : 0 0
27407,3,ISO 7322 : 0 : 0 0
29043,1,0 0 : 0 : 0 0
11482,1,0 0 : 0 : 0 0
11484,1,ASTM 0 : 0 : 0 0
26354,1,ASTM 0 : 0 : 0 0
33756,1,0 0 : 0 : 0 0
11488,1,0 0 : 0 : 0 0
27922,1,0 0 : 0 : 0 0
25010,1,ISO/TR 1938 : 1 : 1971
25011,1,ISO 4278 : 4 : 0 0
25012,1,ISO 4382 : 2 : 0 0
25012,2,ISO 4378 : 4 : 0 0
25013,1,ISO 1938 : 1 : 2015
25014,1,0 0 : 0 : 0 0
25015,1,ISO 12301 : 2007
11493,1,ISO 4378 : 4 : 0 0
11493,2,ISO 12301 : 0 : 0 0
27635,1,ISO 1938 : 1 : 2015
11507,1,ISO 15241 : 2012
27728,1,0 0 : 0 : 0 0
19600,1,0 0 : 0 : 0 0
11552,1,0 0 : 0 : 0 0
11564,1,0 0 : 0 : 0 0
27030,1,0 0 : 0 : 0 0
11565,1,ISO 4489 : 0 : 0 0
27031,1,ISO 4489 : 0 : 0 0
11566,1,0 0 : 0 : 0 0
29495,1,0 0 : 0 : 0 0
29496,1,0 0 : 0 : 0 0
11577,1,0 0 : 0 : 0 0
11578,1,0 0 : 0 : 0 0
31404,1,0 0 : 0 : 0 0
19643,1,0 0 : 0 : 0 0
11580,1,0 0 : 0 : 0 0
24379,1,ISO 3740 : 1980
24379,2,ISO 3741 : 0 : 0 0
24379,3,ISO 3743 : 1 : 1984
24379,4,ISO 3743 : 2 : 1994
24379,5,ISO 3744 : 1994
24379,6,ISO 3745 : 1977
24379,7,ISO 3746 : 1995
24379,8,ISO 3747 : 1987
24379,9,ISO 7574 : 2 : 1985
24379,10,ISO 7574 : 4 : 1985
24379,11,ISO 9614 : 1 : 1993
24379,12,ISO 9614 : 2 : 1996
24379,13,ISO 11201 : 1985
24379,14,ISO 11202 : 1995
24379,15,ISO 11203 : 1995
24379,16,ISO 11204 : 1995
24379,17,IEC 651 : 1979
24379,18,IEC 804 : 1985
11591,1,0 0 : 0 : 0 0
25437,1,0 0 : 0 : 0 0
11611,1,ISO 286 : 1 : 1988
11611,2,ISO 849 : 1 : 1995
11611,3,ISO 8489 : 1 : 1995
11612,1,ISO 286 : 1 : 1988
11612,2,ISO 8489 : 1 : 1995
11613,1,ISO 286 : 1 : 1988
11613,2,ISO 8489 : 1 : 1998
11618,1,BSI 848 : 1 : 1980
22273,1,ISO 1 : 2016
11632,1,0 0 : 0 : 0 0
29657,1,0 0 : 0 : 0 0
528,1,BSI 2717 : 1956
528,2,ASTM 1079 : 1979
11638,1,ISO 5006 : 2006
31726,1,ISO 5006 : 2006
11641,1,0 0 : 0 : 0 0
33753,1,0 0 : 0 : 0 0
19669,1,ISO 0 : 0 : 0 0
11652,1,0 0 : 0 : 0 0
30854,1,0 0 : 0 : 0 0
30672,1,0 0 : 0 : 0 0
11653,1,ISO 5521 : 1981
11664,1,ISO 10272 : 1 : 2017
11664,2,ISO 15213 : 1 : 2023
11664,3,ISO/TS 17919 : 2013
28595,1,ISO 10272 : 1 : 2017
28595,2,ISO 15213 : 1 : 2023
28595,3,ISO/TS 17919 : 2013
11667,1,0 0 : 0 : 0 0
11668,1,0 0 : 0 : 0 0
27216,1,ISO 5182 : 0 : 0 0
27216,2,ISO 5183 : 2 : 0 0
27216,3,ISO 5821 : 0 : 0 0
27216,4,ISO 3601 : 1 : 0 0
27216,5,ISO 5828 : 0 : 0 0
27216,6,ISO 9313 : 0 : 0 0
27217,1,ASTM 0 : 0 : 0 0
27217,2,ASTM 0 : 0 : 0 0
33135,1,ISO 1089 : 2023
27062,1,ISO 5182 : 0 : 0 0
27062,2,ISO 5821 : 0 : 0 0
27062,3,ISO 5822 : 0 : 0 0
27062,4,ISO 5828 : 0 : 0 0
27062,5,ISO 9313 : 0 : 0 0
27062,6,ISO 5183 : 1 : 0 0
27063,1,ISO 5182 : 0 : 0 0
27063,2,ISO 5821 : 0 : 0 0
27103,1,ISO 5182 : 0 : 0 0
27103,2,ISO 5183 : 1 : 0 0
27103,3,ISO 5821 : 0 : 0 0
27103,4,ISO 5822 : 0 : 0 0
27103,5,ISO 5828 : 0 : 0 0
27103,6,ISO 9313 : 0 : 0 0
27104,1,ISO 5182 : 0 : 0 0
27104,2,ISO 5821 : 0 : 0 0
27104,3,ISO 8430 : 3 : 0 0
27105,1,ISO 1089 : 0 : 0 0
27105,2,ISO 5182 : 0 : 0 0
27106,1,ISO 1089 : 2023
11717,1,ISO 10349 : 1 : 2002
11717,2,ISO 10349 : 5 : 1992
11717,3,ISO 10349 : 9 : 1992
31195,1,ISO 10349 : 1 : 2002
31195,2,ISO 10349 : 5 : 1992
31195,3,ISO 10349 : 9 : 1992
22494,1,ISO/IEC 17021 : 1 : 2015
22494,2,ISO 50001 : 2018
26699,1,ISO/IEC 17021 : 1 : 2015
26699,2,ISO 50001 : 2018
22578,1,0 0 : 0 : 0 0
30129,1,0 0 : 0 : 0 0
24703,1,0 0 : 0 : 0 0
26576,1,0 0 : 0 : 0 0
22904,1,IEC 60191 : 2 : 1966
22904,2,IEC 60191 : 4 : 0 0
22904,3,ISO 370 : 0 : 0 0
11760,1,IEC 191 : 1 : 0 0
32385,1,BSI 2868 : 1957
32385,2,GOSTR 11120 : 65 : 0 0
11762,1,BSI 2868 : 1957
11762,2,GOSTR 11120 : 65 : 0 0
24704,1,0 0 : 0 : 0 0
24705,1,0 0 : 0 : 0 0
11765,1,ISO 3411 : 2007
11765,2,ISO 5353 : 1995
11765,3,ISO 6165 : 2006
11765,4,ISO 6016 : 2008
11765,5,ISO 7135 : 1995
11765,6,ISO 16001 : 2008
11765,7,ISO 16001 : 2008
24978,1,ISO 18752 : 2014
11774,1,ISO 1942 : 4 : 0 0
11774,2,ISO 6875 : 0 : 0 0
11774,3,9680 : 0 : 0 0
11785,1,ISO 2418 : 0 : 0 0
11785,2,ISO 3380 : 0 : 0 0
11785,3,ISO 2418 : 0 : 0 0
11785,4,ISO 3380 : 0 : 0 0
31579,1,ISO 2418 : 0 : 0 0
31579,2,ISO 3380 : 0 : 0 0
31579,3,ISO 2418 : 0 : 0 0
31579,4,ISO 3380 : 0 : 0 0
27289,1,ISO 2418 : 0 : 0 0
27289,2,ISO 3380 : 0 : 0 0
27289,3,ISO 2418 : 0 : 0 0
27289,4,ISO 3380 : 0 : 0 0
11788,1,ISO 678 : 2 : 1976
11788,2,ISO 677 : 1976
11789,1,ISO 677 : 1968
11789,2,ISO 678 : 1968
11814,1,0 0 : 0 : 0 0
29241,1,0 0 : 0 : 0 0
11819,1,0 0 : 0 : 0 0
32594,1,0 0 : 0 : 0 0
17618,1,ISO 6497 : 0 : 0 0
22549,1,ISO 18283 : 2022
11821,1,ISO 5068 : 2 : 2007
11821,2,ISO 1170 : 2013
11822,1,ISO 18283 : 2022
11823,1,ISO 1017 : 1985
11823,2,ISO 5062 : 5 : 1985
11823,3,ISO 975 : 1985
33414,1,ISO 18283 : 2022
33415,1,ISO 18283 : 2022
22977,1,ISO 1213 : 2 : 1992
22977,2,ISO 5069 : 2 : 1983
22999,1,ISO 1213 : 2 : 1992
22999,2,ISO 5069 : 2 : 1983
30690,1,ISO 1171 : 2010
30690,2,ISO 18283 : 2022
22512,1,ISO 1171 : 2010
22512,2,ISO 18283 : 2022
27129,1,ISO 5068 : 2 : 2007
27129,2,ISO 1170 : 2013
11830,1,0 0 : 0 : 0 0
11834,1,ISO 12106 : 2017
28395,1,ISO 12106 : 2017
17619,1,ISO 6780 : 0 : 0 0
11865,1,ISO 2944 : 2000
11869,1,ISO 916 : -1 : 0 0
11869,2,ISO 1662 : 0 : 0 0
11869,3,ISO 5167 : 0 : 0 0
11869,4,ISO 5168 : 0 : 0 0
26252,1,ISO 2408 : 2004
26252,2,ISO 3828 : 2008
26252,3,ISO 4413 : 2010
26252,4,ISO 7825 : 1985
26252,5,IEC 6009 : 101 : 1994
26252,6,ISO 60092 : 201 : 1994
26252,7,ISO 60092 : 202 : 1994
26252,8,ISO 60092 : 301 : 1980
26252,9,ISO 60092 : 302 : 1997
26252,10,ISO 60092 : 303 : 1980
26252,11,ISO 60092 : 304 : 1980
26252,12,ISO 60092 : 305 : 1980
26252,13,ISO 60092 : 306 : 2009
26252,14,ISO 60092 : 307 : 1980
26252,15,ISO 60092 : 350 : 2014
26252,16,ISO 60092 : 352 : 2005
26252,17,ISO 60092 : 376 : 2017
26252,18,ISO 60092 : 401 : 1980
26252,19,ISO 60092 : 501 : 2013
26252,20,ISO 60092 : 502 : 1999
26252,21,ISO 60092 : 503 : 2007
26252,22,ISO 60092 : 504 : 2016
26252,23,ISO 60529 : 2001
26252,24,ISO 6482 : 1980
26252,25,IEC 60092 : 353 : 2016
26252,26,ISO 60092 : 354 : 2014
26252,27,ISO 60092 : 370 : 2009
26252,28,ISO 60092 : 506 : 2003
26252,29,ISO 60092 : 507 : 2014
26252,30,ISO 60092 : 509 : 2011
11887,1,ISO 6194 : 2 : 0 0
11889,1,ISO 6194 : 2 : 0 0
11908,1,0 0 : 0 : 0 0
25491,1,0 0 : 0 : 0 0
377,1,IEC 60051 : 0 : 0 0
377,2,IEC 60254 : 2 : 1997
378,1,IEC 60417 : 2002
378,2,IEC 60417 : 0 : 0 0
11912,1,IEC 60254 : 1967
11912,2,BSI 2350 : 1971
25184,1,0 0 : 0 : 0 0
22176,1,0 0 : 0 : 0 0
31402,1,0 0 : 0 : 0 0
23778,1,0 0 : 0 : 0 0
24811,1,0 0 : 0 : 0 0
24812,1,0 0 : 0 : 0 0
24813,1,0 0 : 0 : 0 0
11918,1,BSI 1789 : 1951
11922,1,ISO 5167 : 1 : 2003
11922,2,ISO 4006 : 1991
17620,1,ISO 1279 : 0 : 0 0
17620,2,ISO 3498 : 0 : 0 0
17620,3,ISO 5169 : 0 : 0 0
67181,1,ISO 1346 : 2021
27510,1,ISO 1346 : 2021
11930,1,ISO 1346 : 2021
19753,1,0 0 : 0 : 0 0
23197,1,0 0 : 0 : 0 0
11944,1,0 0 : 0 : 0 0
11952,1,0 0 : 0 : 0 0
27327,1,0 0 : 0 : 0 0
26071,1,0 0 : 0 : 0 0
23267,1,ISO 4219 : 0 : 0 0
23267,2,ISO 6142 : 0 : 0 0
23267,3,ISO 6144 : 0 : 0 0
23267,4,ISO 6145 : 0 : 0 0
23267,5,ISO 6145 : 0 : 0 0
23267,6,ISO 6145 : 0 : 0 0
23267,7,ISO 6349 : 0 : 0 0
23267,8,ISO 6767 : 1990
23267,9,ISO 9169 : 0 : 0 0
23268,1,ISO 6142 : 0 : 0 0
23268,2,ISO 6144 : 0 : 0 0
23268,3,ISO 6349 : 0 : 0 0
23268,4,ISO 6711 : 0 : 0 0
11960,1,ISO 248 : 1 : 2011
11960,2,ISO 248 : 2 : 2019
11960,3,ISO 2453 : 2020
27071,1,ISO 248 : 1 : 2011
27071,2,ISO 248 : 2 : 2019
27071,3,ISO 2453 : 2020
11973,1,BSI 1677 : 1959
11977,1,ISO 924 : 1989
11977,2,ISO 1059 : 0 : 0 0
11977,3,ISO 561 : 1989
11977,4,ISO 1213 : 1 : 1993
24877,1,ISO 273 : 1979
24878,1,ISO 273 : 1979
11981,1,BSI 2458 : 0 : 0 0
24293,1,0 0 : 0 : 0 0
67066,1,0 0 : 0 : 0 0
12000,1,0 0 : 0 : 0 0
27130,1,0 0 : 0 : 0 0
12010,1,0 0 : 0 : 0 0
12023,1,ISO 279 : 1998
12023,2,ISO 592 : 1998
12023,3,ISO 280 : 1998
12023,4,ISO 875 : 1999
12023,5,ISO 1242 : 1999
12023,6,ISO 709 : 2001
12024,1,ISO 1122 : 2 : 1999
12041,1,0 0 : 0 : 0 0
30357,1,0 0 : 0 : 0 0
25860,1,ASTM 0 : 2011
12049,1,ASTM 0 : 2011
29120,1,ASTM 0 : 2011
12066,1,0 0 : 0 : 0 0
12081,1,ISO 279 : 1998
12081,2,ISO 280 : 1998
12081,3,ISO 875 : 1999
12081,4,ISO 1242 : 1999
12081,5,ISO 4715 : 1978
12088,1,ISO 2211 : 0 : 0 0
12088,2,ASTM 0 : 0 : 0 0
25721,1,ISO 2211 : 0 : 0 0
25721,2,ASTM 0 : 0 : 0 0
12091,1,0 0 : 0 : 0 0
33758,1,0 0 : 0 : 0 0
17621,1,ISO 15261 : 0 : 0 0
12095,1,ISO 5832 : 1 : 0 0
12095,2,ISO 5832 : 2 : 0 0
12095,3,ISO 5832 : 3 : 0 0
12095,4,ISO 5832 : 4 : 0 0
12095,5,ISO 5832 : 5 : 0 0
12095,6,ISO 5832 : 6 : 0 0
12095,7,ISO 5832 : 7 : 0 0
12095,8,ISO 6474 : 0 : 0 0
12096,1,ISO 3895 : 5 : 0 0
12096,2,ISO 3451 : 1 : 0 0
12096,3,other 1601 : 0 : 0 0
12096,4,other 648 : 0 : 0 0
12097,1,ISO 5834 : 2 : 0 0
12097,2,ISO 5834 : 1 : 0 0
12097,3,ISO 5834 : 0 : 0 0
12097,4,ISO 179 : 0 : 0 0
12097,5,ISO 527 : 0 : 0 0
12097,6,ISO 3451 : 1 : 0 0
12098,1,ISO 5832 : 8 : 0 0
12098,2,ISO 643 : 0 : 0 0
12098,3,ISO 6892 : 0 : 0 0
12098,4,ISO 6892 : 0 : 0 0
12098,5,ISO 5832 : 0 : 0 0
12099,1,ISO 377 : 1 : 0 0
12099,2,ISO 404 : 0 : 0 0
12099,3,ISO 437 : 0 : 0 0
12099,4,ISO 439 : 0 : 0 0
12099,5,ISO 629 : 0 : 0 0
12099,6,ISO 5892 : 9 : 0 0
12099,7,ISO 5832 : 0 : 0 0
12099,8,ISO 5832 : 1 : 0 0
12099,9,ISO 377 : 1 : 0 0
12099,10,ISO 404 : 0 : 0 0
12099,11,ISO 437 : 0 : 0 0
12099,12,ISO 439 : 0 : 0 0
12099,13,ISO 629 : 0 : 0 0
12099,14,ISO 3651 : 2 : 0 0
12099,15,ISO 10714 : 0 : 0 0
12099,16,ISO 529 : 0 : 0 0
12099,17,ISO 543 : 0 : 0 0
12099,18,ISO 643 : 0 : 0 0
12099,19,ISO 671 : 0 : 0 0
12099,20,ISO 3651 : 2 : 0 0
12099,21,ISO 4967 : 0 : 0 0
12099,22,ISO 6892 : 0 : 0 0
12100,1,ISO 6892 : 0 : 0 0
12100,2,ISO 7438 : 0 : 0 0
12100,3,ISO 5832 : 10 : 0 0
12100,4,ISO 6892 : 0 : 0 0
12100,5,ISO 7438 : 0 : 0 0
12100,6,ISO 5832 : 0 : 0 0
12100,7,ISO 6892 : 0 : 0 0
12100,8,ISO 7438 : 0 : 0 0
12101,1,ISO 6892 : 0 : 0 0
12101,2,ISO 5832 : 11 : 0 0
12101,3,ISO 5832 : 0 : 0 0
12101,4,ISO 6892 : 0 : 0 0
12102,1,ISO 178 : 0 : 0 0
12102,2,ISO 180 : 0 : 0 0
12102,3,ISO 527 : 1 : 0 0
12102,4,ISO 527 : 2 : 0 0
12102,5,ISO 527 : 3 : 0 0
12102,6,ISO 604 : 0 : 0 0
12102,7,ISO 1628 : 1 : 0 0
12102,8,ISO 1805 : 0 : 0 0
12102,9,ISO 2062 : 0 : 0 0
12102,10,ISO 5081 : 0 : 0 0
12102,11,ISO 6721 : 2 : 0 0
12102,12,ISO 3146 : 0 : 0 0
12103,1,ISO 643 : 0 : 0 0
12103,2,ISO 6892 : 0 : 0 0
12103,3,ISO 13782 : 0 : 0 0
12103,4,ISO 5347 : 0 : 0 0
12104,1,ISO 13356 : 0 : 0 0
12104,2,ISO 5347 : 0 : 0 0
12104,3,ISO 3611 : 0 : 0 0
12104,4,ISO 5017 : 1 : 0 0
12104,5,ISO 3611 : 0 : 0 0
12104,6,ISO 5017 : 0 : 0 0
12104,7,ISO 7500 : 1 : 0 0
12104,8,ISO 3611 : 0 : 0 0
12105,1,ISO 377 : 1 : 0 0
12105,2,ISO 404 : 0 : 0 0
12105,3,ISO 437 : 0 : 0 0
12105,4,ISO 439 : 0 : 0 0
12105,5,ISO 629 : 0 : 0 0
12105,6,ISO 643 : 0 : 0 0
12105,7,ISO 671 : 0 : 0 0
12105,8,ISO 5832 : 0 : 0 0
12105,9,ISO 5832 : 1 : 0 0
12105,10,ISO 6892 : 0 : 0 0
12105,11,ISO 377 : 0 : 0 0
12105,12,ISO 2732 : 0 : 0 0
12105,13,ISO 3651 : 2 : 0 0
12105,14,ISO 4967 : 0 : 0 0
12106,1,ISO 6892 : 0 : 0 0
12106,2,ISO 7438 : 0 : 0 0
12106,3,ISO 5832 : 2 : 0 0
12106,4,ISO 5832 : 0 : 0 0
12107,1,ISO 6892 : 0 : 0 0
12107,2,ISO 5832 : 3 : 0 0
12107,3,ISO 5832 : 0 : 0 0
12108,1,ISO 6892 : 0 : 0 0
12108,2,ISO 5832 : 4 : 0 0
12108,3,ISO 5832 : 0 : 0 0
12109,1,ISO 643 : 0 : 0 0
12109,2,ISO 4976 : 0 : 0 0
12109,3,ISO 6892 : 0 : 0 0
12109,4,ISO 5832 : 5 : 0 0
12109,5,ISO 5832 : 0 : 0 0
12109,6,ISO 4967 : 0 : 0 0
12110,1,ISO 643 : 0 : 0 0
12110,2,ISO 6892 : 0 : 0 0
12110,3,ISO 5862 : 6 : 0 0
12110,4,ISO 5832 : 0 : 0 0
12111,1,ISO 643 : 0 : 0 0
12111,2,ISO 4967 : 0 : 0 0
12111,3,ISO 6892 : 0 : 0 0
12111,4,ISO 6892 : 0 : 0 0
12111,5,ISO 5832 : 7 : 0 0
12111,6,ISO 5832 : 0 : 0 0
12112,1,ISO 468 : 0 : 0 0
12112,2,ISO 3611 : 0 : 0 0
12112,3,ISO 5017 : 0 : 0 0
12112,4,ISO 6474 : 0 : 0 0
12112,5,ISO 5436 : 0 : 0 0
20888,1,ISO 8662 : 0 : 0 0
17841,1,IEC 61260 : 0 : 0 0
19799,1,IEC 60273 : 1968
19800,1,IEC 60273 : 1968
21513,1,ISO 4135 : 2001
21513,2,IEC 60601 : 1 : 0 0
21513,3,ISO 5367 : 0 : 0 0
22077,1,ISO 965 : 2 : 0 0
22077,2,ISO 5356 : 1 : 0 0
21514,1,ISO 5356 : 1 : 2004
21514,2,ISO 10993 : 1 : 1992
21514,3,ISO 11607 : 2006
21514,4,other 556 : 1994
21514,5,ISO 594 : 1 : 0 0
21515,1,ISO 4135 : 2001
21515,2,ISO 5356 : 1 : 2004
21515,3,IEC 60601 : 1 : 1988
21515,4,ISO 4287 : 1997
21515,5,ISO 7000 : 2004
21515,6,ISO 11607 : 1 : 2006
21515,7,other 556 : 1994
21515,8,other 980 : 2008
21515,9,other 1041 : 2008
21729,1,ISO 10993 : 1 : 2009
21729,2,ISO 7000 : 2012
21729,3,ISO 11607 : 1 : 2006
21729,4,other 556 : 1 : 2001
21729,5,other 980 : 2008
21729,6,other 1041 : 2008
21488,1,ISO 4135 : 2001
21488,2,ISO 5356 : 1 : 2004
21488,3,ISO 5361 : 1999
21488,4,ISO 10993 : 1 : 1992
21488,5,ISO 594 : 1 : 1986
21488,6,ISO 5366 : 3 : 2001
21488,7,ISO 11607 : 1 : 2006
21488,8,ISO 11607 : 2 : 2006
21488,9,ISO 11991 : 1995
21488,10,other 556 : 1994
21488,11,other 980 : 2008
21488,12,other 1041 : 2008
21516,1,ISO 4135 : 1999
21516,2,ISO 5356 : 1 : 2004
21516,3,ISO 10993 : 1 : 1992
21516,4,IEC 60601 : 1 : 1988
21516,5,ISO 7000 : 2004
21516,6,ISO 11607 : 1 : 2006
21516,7,other 556 : 1994
21516,8,other 980 : 2008
21516,9,other 1041 : 2008
12132,1,ASTM 7504 : 2023
32705,1,ASTM 7504 : 2023
12138,1,ISO 1340 : 1976
12143,1,ASTM 0 : 2019
12143,2,ASTM 0 : 2016
12143,3,ASTM 0 : 2005
25461,1,ASTM 0 : 2019
25461,2,ASTM 0 : 2016
25461,3,ASTM 0 : 2005
33831,1,ISO 3387 : 0 : 0 0
33831,2,ISO 11346 : 0 : 0 0
12145,1,ISO 3387 : 0 : 0 0
12145,2,ISO 11346 : 0 : 0 0
25492,1,ISO 3387 : 0 : 0 0
25492,2,ISO 11346 : 0 : 0 0
12151,1,ISO 3670 : 1979
12159,1,ISO 5832 : 1 : 0 0
12159,2,ISO 5832 : 5 : 0 0
12159,3,ISO 5837 : 0 : 0 0
12167,1,ISO 6887 : 1 : 0 0
12167,2,ISO 6887 : 2 : 0 0
12167,3,ISO 6887 : 3 : 0 0
12167,4,ISO 6887 : 4 : 0 0
12167,5,ISO 6887 : 5 : 0 0
12167,6,ISO 7218 : 0 : 0 0
12167,7,ISO 8261 : 0 : 0 0
12167,8,ISO 11133 : 0 : 0 0
12168,1,ISO 6887 : 1 : 0 0
12168,2,ISO 6887 : 2 : 0 0
12168,3,ISO 6887 : 3 : 0 0
12168,4,ISO 6887 : 4 : 0 0
12168,5,ISO 6887 : 5 : 0 0
12168,6,ISO 7218 : 0 : 0 0
12168,7,ISO 8261 : 0 : 0 0
12168,8,ISO 11133 : 0 : 0 0
12169,1,ISO 6887 : 1 : 0 0
12169,2,ISO 6887 : 2 : 0 0
12169,3,ISO 6887 : 3 : 0 0
12169,4,ISO 6887 : 4 : 0 0
12169,5,ISO 6887 : 5 : 0 0
12169,6,ISO 7218 : 0 : 0 0
12169,7,ISO 8261 : 0 : 0 0
12169,8,ISO 11133 : 0 : 0 0
25781,1,ISO 6887 : 1 : 0 0
25781,2,ISO 6887 : 2 : 0 0
25781,3,ISO 6887 : 3 : 0 0
25781,4,ISO 6887 : 4 : 0 0
25781,5,ISO 6887 : 5 : 0 0
25781,6,ISO 7218 : 0 : 0 0
25781,7,ISO 8261 : 0 : 0 0
25781,8,ISO 11133 : 0 : 0 0
25795,1,ISO 6887 : 3 : 2003
25795,2,ISO 6887 : 4 : 2003
25795,3,ISO 6887 : 5 : 2010
25795,4,ISO 6887 : 6 : 2013
12172,1,ISO 11737 : 1 : 2018
25493,1,ISO 11737 : 1 : 2018
32938,1,ISO 11737 : 1 : 2018
31510,1,0 0 : 0 : 0 0
12177,1,0 0 : 0 : 0 0
312,1,ISO 385 : 0 : 0 0
312,2,ISO 648 : 0 : 0 0
312,3,ISO 1042 : 0 : 0 0
312,4,ISO 2596 : 0 : 0 0
312,5,ISO 2597 : 1 : 0 0
312,6,ISO 3696 : 0 : 0 0
312,7,ISO 10835 : 0 : 0 0
29497,1,0 0 : 0 : 0 0
12191,1,0 0 : 0 : 0 0
21263,1,ISO 2418 : 0 : 0 0
21263,2,ISO 3380 : 0 : 0 0
27220,1,0 0 : 0 : 0 0
31370,1,ISO 2418 : 0 : 0 0
31370,2,ISO 3380 : 0 : 0 0
12198,1,0 0 : 0 : 0 0
27894,1,ISO 2418 : 0 : 0 0
27894,2,ISO 3380 : 0 : 0 0
12221,1,ISO 928 : 1980
12221,2,ISO 930 : 1980
12221,3,ISO 3632 : 1993
12225,1,0 0 : 0 : 0 0
28131,1,0 0 : 0 : 0 0
28259,1,0 0 : 0 : 0 0
12227,1,0 0 : 0 : 0 0
27679,1,0 0 : 0 : 0 0
12229,1,0 0 : 0 : 0 0
30654,1,ISO 4497 : 2020
12230,1,ISO 4497 : 2020
12244,1,0 0 : 0 : 0 0
25922,1,0 0 : 0 : 0 0
25691,1,0 0 : 0 : 0 0
12263,1,ISO 1234 : 1 : 1999
12263,2,ISO 3269 : 1988
12263,3,ISO 4042 : 0 : 0 0
12263,4,ISO 9717 : 1990
65813,1,ISO 55001 : 2014
65813,2,ISO 55002 : 2014
21935,1,ISO 55001 : 2014
21935,2,ISO 55002 : 2014
65618,1,ISO 55000 : 2014
65618,2,ISO 55002 : 2014
21963,1,ISO 55000 : 2014
21963,2,ISO 55002 : 2014
26803,1,ISO 55000 : 2014
26803,2,ISO 55001 : 2014
21962,1,ISO 55000 : 2014
21962,2,ISO 55001 : 2014
25031,1,0 0 : 0 : 0 0
67059,1,ISO 2211 : 0 : 0 0
67059,2,ASTM 0 : 0 : 0 0
25982,1,0 0 : 0 : 0 0
12284,1,0 0 : 0 : 0 0
65906,1,ISO 525 : 1999
65906,2,ISO 603 : 4 : 0 0
65906,3,ISO 603 : 5 : 0 0
65906,4,ISO 603 : 6 : 0 0
65906,5,ISO 603 : 7 : 0 0
65906,6,ISO 603 : 8 : 0 0
65906,7,ISO 603 : 8 : 0 0
65906,8,ISO 603 : 9 : 0 0
65906,9,ISO 603 : 9 : 0 0
65906,10,ISO 603 : 11 : 0 0
65906,11,ISO 603 : 12 : 0 0
65906,12,ISO 603 : 13 : 0 0
65906,13,ISO 603 : 13 : 0 0
65906,14,ISO 603 : 14 : 0 0
65906,15,ISO 603 : 15 : 0 0
65906,16,ISO 603 : 16 : 0 0
169,1,ISO 525 : 1999
169,2,ISO 603 : 4 : 0 0
169,3,ISO 603 : 5 : 0 0
169,4,ISO 603 : 6 : 0 0
169,5,ISO 603 : 7 : 0 0
169,6,ISO 603 : 8 : 0 0
169,7,ISO 603 : 8 : 0 0
169,8,ISO 603 : 9 : 0 0
169,9,ISO 603 : 9 : 0 0
169,10,ISO 603 : 11 : 0 0
169,11,ISO 603 : 12 : 0 0
169,12,ISO 603 : 13 : 0 0
169,13,ISO 603 : 13 : 0 0
169,14,ISO 603 : 14 : 0 0
169,15,ISO 603 : 15 : 0 0
169,16,ISO 603 : 16 : 0 0
12303,1,ISO 1514 : 2016
12303,2,ISO 4623 : 2 : 2016
12303,3,ISO 8407 : 2021
12303,4,ISO 17872 : 2019
12303,5,ISO 2808 : 2019
12303,6,ISO 3574 : 2012
31268,1,ISO 1514 : 2016
31268,2,ISO 4623 : 2 : 2016
31268,3,ISO 8407 : 2021
31268,4,ISO 17872 : 2019
31268,5,ISO 2808 : 2019
31268,6,ISO 3574 : 2012
12314,1,ISO 7 : 5 : 1994
12314,2,ISO 7 : 2 : 1982
12332,1,IEC 60289 : 1988
12333,1,IEC 60289 : 1988
12334,1,IEC 60289 : 1988
12335,1,IEC 60289 : 1988
12336,1,IEC 60289 : 1988
32021,1,EN 15621 : 2017
12343,1,EN 15621 : 2017
12344,1,BSI 159 : 1957
12344,2,BSI 3288 : 1 : 1960
30999,1,ISO 10349 : 1 : 2002
30999,2,ISO 10349 : 3 : 1992
30999,3,ISO 10349 : 5 : 1992
30999,4,ISO 10349 : 6 : 1992
30999,5,ISO 10349 : 7 : 1992
12351,1,ISO 10349 : 1 : 2002
12351,2,ISO 10349 : 3 : 1992
12351,3,ISO 10349 : 5 : 1992
12351,4,ISO 10349 : 6 : 1992
12351,5,ISO 10349 : 7 : 1992
27476,1,0 0 : 0 : 0 0
26340,1,0 0 : 0 : 0 0
26341,1,0 0 : 0 : 0 0
26342,1,0 0 : 0 : 0 0
27477,1,0 0 : 0 : 0 0
23054,1,ISO 2768 : 1 : 1989
23054,2,ISO 3002 : 1 : 1982
23054,3,ISO 5608 : 1985
12408,1,0 0 : 0 : 0 0
12409,1,IEC 60233 : 1974
31846,1,ISO 898 : 1 : 2013
31846,2,ISO 898 : 2 : 2022
12414,1,ISO 898 : 1 : 2013
12414,2,ISO 898 : 2 : 2022
12432,1,ISO 4491 : 2 : 1989
12432,2,ISO 4491 : 3 : 1989
12432,3,ISO 4491 : 4 : 1989
12444,1,ISO 80 : 0 : 0 0
12444,2,ISO 716 : 0 : 0 0
12459,1,ISO 3 : 0 : 0 0
12459,2,ISO 282 : 0 : 0 0
12483,1,ISO 22872 : 0 : 0 0
30937,1,ISO 22872 : 0 : 0 0
12494,1,0 0 : 0 : 0 0
32983,1,0 0 : 0 : 0 0
12507,1,0 0 : 0 : 0 0
33759,1,0 0 : 0 : 0 0
12524,1,ASTM 0 : 0 : 0 0
12524,2,ASTM 0 : 0 : 0 0
12524,3,ASTM 0 : 0 : 0 0
12524,4,ASTM 0 : 0 : 0 0
12524,5,ASTM 0 : 0 : 0 0
12524,6,ASTM 0 : 0 : 0 0
27396,1,ISO 9045 : 1990
12537,1,ISO 9045 : 1990
12552,1,ISO 875 : 1999
12570,1,ISO 14268 : 0 : 0 0
12570,2,ISO 2418 : 0 : 0 0
12570,3,ISO 2588 : 0 : 0 0
12570,4,ISO 3379 : 0 : 0 0
12570,5,ISO 17070 : 0 : 0 0
30302,1,ISO 14268 : 0 : 0 0
30302,2,ISO 2418 : 0 : 0 0
30302,3,ISO 2588 : 0 : 0 0
30302,4,ISO 3379 : 0 : 0 0
30302,5,ISO 17070 : 0 : 0 0
12574,1,0 0 : 0 : 0 0
32687,1,0 0 : 0 : 0 0
19909,1,IEC 60068 : 2 : 54 2006
19909,2,IEC 60068 : 2 : 58 2005
19909,3,IEC 60068 : 2 : 67 1995
19909,4,IEC 60286 : 0 : 0 0
19909,5,IEC 60617 : 0 : 0 0
19909,6,IEC 61193 : 2 : 2007
19909,7,IEC 61249 : 2 : 7 2002
19909,8,IEC 61249 : 2 : 22 2005
19909,9,IEC 61249 : 2 : 35
19909,10,IEC 61340 : 3 : 1 2006
19909,11,IEC 61760 : 1 : 2006
12586,1,IEC 60335 : 2 : 6
12586,2,IEC 60350 : 0 : 0 0
12587,1,ISO 6507 : 1 : 1997
12588,1,0 0 : 0 : 0 0
30353,1,0 0 : 0 : 0 0
12592,1,ISO 7989 : 1 : 2006
12592,2,ISO 7989 : 2 : 2007
27072,1,ISO 7989 : 1 : 2006
27072,2,ISO 7989 : 2 : 2007
65841,1,ISO 139 : 0 : 0 0
65841,2,ISO 858 : 0 : 0 0
12619,1,ISO 139 : 0 : 0 0
12619,2,ISO 858 : 0 : 0 0
12620,1,ISO 139 : 0 : 0 0
12620,2,ISO 1805 : 0 : 0 0
12621,1,ISO 139 : 0 : 0 0
12621,2,ISO 858 : 0 : 0 0
12622,1,ISO 139 : 0 : 0 0
12622,2,ISO 858 : 0 : 0 0
12622,3,ISO 1805 : 0 : 0 0
12622,4,ISO 1806 : 0 : 0 0
31560,1,0 0 : 0 : 0 0
12627,1,0 0 : 0 : 0 0
25607,1,ISO 2418 : 0 : 0 0
23328,1,ISO 2418 : 0 : 0 0
23328,2,ISO 3696 : 0 : 0 0
23328,3,ISO 15586 : 0 : 0 0
23328,4,ISO 17852 : 0 : 0 0
27204,1,ISO 2418 : 0 : 0 0
27205,1,ISO 2418 : 0 : 0 0
27205,2,ISO 3696 : 0 : 0 0
27205,3,ISO 4044 : 0 : 0 0
27207,1,ISO 2418 : 0 : 0 0
27208,1,ISO 2418 : 0 : 0 0
27208,2,ISO 3696 : 0 : 0 0
27208,3,ISO 4044 : 0 : 0 0
27208,4,ISO 4684 : 0 : 0 0
27209,1,ISO 835 : 0 : 0 0
27209,2,ISO 1042 : 0 : 0 0
27209,3,ISO 2418 : 0 : 0 0
27209,4,ISO 1042 : 0 : 0 0
27209,5,ISO 2588 : 0 : 0 0
27210,1,ISO 2418 : 0 : 0 0
31312,1,ISO 2418 : 0 : 0 0
31312,2,ISO 3696 : 0 : 0 0
31312,3,ISO 15586 : 0 : 0 0
31312,4,ISO 17852 : 0 : 0 0
31313,1,ISO 2418 : 0 : 0 0
31313,2,ISO 3696 : 0 : 0 0
31313,3,ISO 15586 : 0 : 0 0
31313,4,ISO 17852 : 0 : 0 0
31314,1,ISO 3696 : 0 : 0 0
31315,1,ISO 2418 : 0 : 0 0
31315,2,ISO 3696 : 0 : 0 0
23382,1,ISO 2418 : 0 : 0 0
23382,2,ISO 3696 : 0 : 0 0
31141,1,ISO 2418 : 0 : 0 0
31141,2,ISO 3696 : 0 : 0 0
31142,1,ISO 2418 : 0 : 0 0
31142,2,ISO 3696 : 0 : 0 0
23274,1,ISO 2418 : 0 : 0 0
23274,2,ISO 3696 : 0 : 0 0
23274,3,ISO 15586 : 0 : 0 0
23274,4,ISO 17852 : 0 : 0 0
23275,1,ISO 2418 : 0 : 0 0
23275,2,ISO 3696 : 0 : 0 0
27383,1,ISO 385 : 0 : 0 0
27383,2,ISO 2418 : 0 : 0 0
27383,3,ISO 2588 : 0 : 0 0
27383,4,ISO 4044 : 0 : 0 0
23288,1,ISO 2418 : 0 : 0 0
23288,2,ISO 3696 : 0 : 0 0
23289,1,ISO 3696 : 0 : 0 0
31810,1,IEC 60216 : 1 : 2001
31810,2,IEC 60216 : 3 : 1980
12634,1,IEC 60216 : 1 : 2001
12634,2,IEC 60216 : 3 : 1980
12639,1,IEC 60502 : 1983
23839,1,ISO 643 : 2003
23839,2,ISO 4967 : 1998
23839,3,ISO 6892 : 1998
23856,1,ISO 6892 : 1998
23856,2,ISO 377 : 1997
23856,3,ISO 404 : 1992
23856,4,ISO 643 : 2003
23856,5,ISO 4967 : 1998
23351,1,ISO 6892 : 1 : 2016
23351,2,ISO 20160 : 2006
23737,1,ISO 643 : 1983
23737,2,ISO 6892 : 1 : 2016
21778,1,ISO 643 : 2003
21778,2,ISO 6892 : 1 : 2016
21778,3,ISO 7438 : 2005
21779,1,ISO 6892 : 1984
21779,2,ISO 7438 : 1985
21779,3,other 2 : 1979
21779,4,other 2 : 1979
21780,1,ISO 643 : 0 : 0 0
21780,2,ISO 4967 : 1998
21780,3,ISO 6892 : 0 : 0 0
21781,1,ISO 6892 : 0 : 0 0
21781,2,ISO 643 : 0 : 0 0
21782,1,ISO 3651 : 2 : 0 0
23010,1,ISO 3651 : 2 : 1998
23010,2,ISO 5832 : 12 : 2007
23010,3,ISO 5832 : 14 : 2007
23010,4,ISO 6892 : 1 : 2016
23010,5,ISO 14630 : 2012
24848,1,ISO 16061 : 0 : 0 0
24848,2,ISO 14630 : 0 : 0 0
24849,1,ISO 11135 : 2 : 0 0
24849,2,ISO 14937 : 0 : 0 0
24849,3,ISO 17665 : 1 : 0 0
24849,4,ISO 14160 : 0 : 0 0
24849,5,ISO 14630 : 2012
21473,1,ISO 8601 : 0 : 0 0
21473,2,ISO 10993 : 1 : 0 0
21473,3,ISO 10993 : 2 : 0 0
21473,4,ISO 11134 : 0 : 0 0
21473,5,ISO 11135 : 0 : 0 0
21473,6,ISO 11137 : 0 : 0 0
21473,7,ISO 11607 : 0 : 0 0
21473,8,ISO 13485 : 0 : 0 0
21473,9,ISO 14155 : 1 : 0 0
21473,10,ISO 14160 : 0 : 0 0
21473,11,ISO 14630 : 0 : 0 0
21473,12,ISO 14937 : 0 : 0 0
21473,13,ISO 14971 : 0 : 0 0
21473,14,other 12442 : 1 : 0 0
21473,15,other 12442 : 2 : 0 0
21473,16,other 12442 : 3 : 0 0
12653,1,ISO 3852 : 2007
30655,1,ISO 3852 : 2007
12658,1,ISO 5838 : 2 : 0 0
12658,2,ISO 5838 : 1 : 0 0
12658,3,ISO 8261 : 4 : 0 0
12658,4,ISO 5838 : 0 : 0 0
12662,1,ISO 544 : 0 : 0 0
12662,2,ISO 14344 : 0 : 0 0
27865,1,ISO 544 : 0 : 0 0
27865,2,ISO 14344 : 0 : 0 0
12668,1,ISO 17375 : 2006
27797,1,ISO 17375 : 2006
12673,1,ISO 15115 : 0 : 0 0
66708,1,ISO 15115 : 0 : 0 0
33434,1,ISO 15115 : 0 : 0 0
33435,1,ISO 15115 : 0 : 0 0
12695,1,ISO 6887 : 0 : 0 0
12695,2,6887 : 0 : 0 0
12695,3,ISO 7218 : 0 : 0 0
24983,1,ISO 6887 : 5 : 0 0
12698,1,ISO 6887 : 1 : 0 0
12698,2,ISO 7218 : 0 : 0 0
12698,3,ISO 11133 : 0 : 0 0
12701,1,ISO 6887 : 1 : 0 0
12701,2,ISO 6888 : 1 : 0 0
12701,3,ISO 7218 : 0 : 0 0
28881,1,ISO 6887 : 1 : 0 0
28881,2,ISO 6888 : 1 : 0 0
28881,3,ISO 7218 : 0 : 0 0
26072,1,ISO 6887 : 5 : 2020
28401,1,ISO 6887 : 1 : 0 0
28401,2,ISO 6887 : 2 : 0 0
28401,3,ISO 7218 : 0 : 0 0
28401,4,ISO 11133 : 0 : 0 0
28401,5,ISO 22118 : 0 : 0 0
28401,6,ISO 22119 : 0 : 0 0
28401,7,ISO 22174 : 0 : 0 0
25494,1,ISO 37 : 0 : 0 0
25494,2,ISO 188 : 1998
25494,3,ISO 1307 : 0 : 0 0
25494,4,ISO 1402 : 0 : 0 0
25494,5,ISO 1746 : 1998
25494,6,ISO 4671 : 0 : 0 0
25494,7,ISO 4672 : 1997
25494,8,ISO 7326 : 1991
25494,9,ISO 8031 : 0 : 0 0
25494,10,ISO 8033 : 0 : 0 0
25494,11,ISO 8330 : 0 : 0 0
25494,12,ISO 4649 : 0 : 0 0
12708,1,ISO 37 : 0 : 0 0
12708,2,ISO 188 : 1998
12708,3,ISO 1307 : 0 : 0 0
12708,4,ISO 1402 : 0 : 0 0
12708,5,ISO 1746 : 1998
12708,6,ISO 4671 : 0 : 0 0
12708,7,ISO 4672 : 1997
12708,8,ISO 7326 : 1991
12708,9,ISO 8031 : 0 : 0 0
12708,10,ISO 8033 : 0 : 0 0
12708,11,ISO 8330 : 0 : 0 0
12708,12,ISO 4649 : 0 : 0 0
33970,1,ISO 37 : 0 : 0 0
33970,2,ISO 188 : 1998
33970,3,ISO 1307 : 0 : 0 0
33970,4,ISO 1402 : 0 : 0 0
33970,5,ISO 1746 : 1998
33970,6,ISO 4671 : 0 : 0 0
33970,7,ISO 4672 : 1997
33970,8,ISO 7326 : 1991
33970,9,ISO 8031 : 0 : 0 0
33970,10,ISO 8033 : 0 : 0 0
33970,11,ISO 8330 : 0 : 0 0
33970,12,ISO 4649 : 0 : 0 0
33576,1,0 0 : 0 : 0 0
12718,1,0 0 : 0 : 0 0
27937,1,ISO 2418 : 0 : 0 0
27937,2,ISO 2419 : 0 : 0 0
27966,1,ISO 2418 : 0 : 0 0
27966,2,ISO 2419 : 0 : 0 0
27967,1,ISO 2418 : 0 : 0 0
27967,2,ISO 2419 : 0 : 0 0
29271,1,ISO 2418 : 0 : 0 0
29271,2,ISO 2419 : 0 : 0 0
29271,3,ISO 2589 : 0 : 0 0
29588,1,ISO 2418 : 0 : 0 0
29588,2,ISO 2589 : 0 : 0 0
29588,3,ISO 2419 : 0 : 0 0
29345,1,ISO 2418 : 0 : 0 0
29345,2,ISO 2419 : 0 : 0 0
22735,1,ISO 2418 : 0 : 0 0
22735,2,ISO 2419 : 0 : 0 0
29139,1,ISO 2418 : 0 : 0 0
29139,2,ISO 2419 : 0 : 0 0
29139,3,ISO 2589 : 0 : 0 0
29144,1,ISO 2418 : 0 : 0 0
29144,2,ISO 2419 : 0 : 0 0
29144,3,ISO 2589 : 0 : 0 0
22766,1,ISO 2418 : 0 : 0 0
22766,2,ISO 2419 : 0 : 0 0
12730,1,ISO 296 : 1991
12754,1,ISO 582 : 1995
12754,2,ISO 5593 : 1984
12754,3,ISO 15241 : 2001
12755,1,ISO 22872 : 0 : 0 0
30939,1,ISO 22872 : 0 : 0 0
66839,1,ISO 582 : 1995
66839,2,ISO 15 : 1981
66839,3,ISO 104 : 1981
66839,4,ISO 246 : 1995
12756,1,ISO 582 : 1995
12756,2,ISO 15 : 1981
12756,3,ISO 104 : 1981
12756,4,ISO 246 : 1995
23880,1,ISO 1132 : 1 : 2000
23880,2,ISO 15241 : 0 : 0 0
31795,1,0 0 : 0 : 0 0
12770,1,0 0 : 0 : 0 0
12777,1,ISO 1478 : 1999
32022,1,ISO 3696 : 1987
30284,1,ISO 385 : 1 : 0 0
30284,2,ISO 385 : 2 : 0 0
30284,3,ISO 385 : 3 : 0 0
32624,1,ISO 3696 : 1987
28539,1,ISO 3696 : 1987
12779,1,ISO 385 : 1 : 0 0
12779,2,ISO 385 : 2 : 0 0
12779,3,ISO 385 : 3 : 0 0
12780,1,ISO 3696 : 0 : 0 0
12781,1,ISO 1442 : 0 : 0 0
12782,1,ISO 3696 : 1987
12783,1,ISO 3696 : 1987
12786,1,ISO 936 : 0 : 0 0
12790,1,ISO 1442 : 0 : 0 0
12790,2,ISO 5725 : 0 : 0 0
12790,3,ISO 5725 : 0 : 0 0
12791,1,ISO 3696 : 1987
12795,1,ISO 2918 : 0 : 0 0
12808,1,0 0 : 0 : 0 0
27808,1,0 0 : 0 : 0 0
26453,1,ISO 1871 : 2009
20889,1,ISO 6498 : 0 : 0 0
20889,2,ISO 6497 : 0 : 0 0
20889,3,ISO 1871 : 0 : 0 0
20890,1,ISO 1871 : 2009
12823,1,ISO 8752 : 2009
12823,2,ISO 13337 : 2009
29298,1,ISO 8752 : 2009
29298,2,ISO 13337 : 2009
20816,1,IEC 60034 : 5 : 2001
20816,2,IEC 60034 : 8 : 2002
20816,3,IEC 60034 : 15 : 1995
20816,4,IEC 60038 : 2002
20816,5,IEC 60060 : 1 : 1989
20816,6,IEC 60060 : 1 : 1989
20816,7,IEC 60060 : 1 : 1989
20816,8,IEC 60072 : 0 : 0 0
20816,9,IEC 60279 : 1969
20816,10,IEC 60335 : 1 : 2001
20817,1,IEC 60034 : 6 : 1991
20818,1,IEC 60417 : 1 : 0 0
20818,2,IEC 60445 : 0 : 0 0
24771,1,IEC 0 : 0 : 0 0
32733,1,IEC 60034 : 6 : 1991
21899,1,0 : 0 : 0 0
27145,1,IEC 60068 : 2 : 0 0
27146,1,IEC 60050 : 581 : 0 0
27146,2,ISO 846 : 1997
32048,1,0 0 : 0 : 0 0
27364,1,0 0 : 0 : 0 0
27365,1,IEC 60068 : 2 : 67
27367,1,0 0 : 0 : 0 0
27368,1,0 0 : 0 : 0 0
30698,1,0 0 : 0 : 0 0
30699,1,0 0 : 0 : 0 0
27147,1,IEC 60050 : 721 : 0 0
27147,2,IEC 60050 : 845 : 0 0
27147,3,IEC 60417 : 0 : 0 0
27147,4,IEC 60447 : 0 : 0 0
27147,5,IEC 60617 : 0 : 0 0
27147,6,IEC 0 : 104 : 0 0
27147,7,IEC 0 : 0 : 0 0
27147,8,ISO 3864 : 0 : 0 0
27147,9,ISO 3864 : 0 : 0 0
27147,10,ISO 7000 : 0 : 0 0
27147,11,ISO 3864 : 0 : 0 0
21520,1,IEC 60050 : 426 : 0 0
21520,2,IEC 60068 : 2 : 6
21520,3,IEC 61326 : 1 : 2012
25361,1,IEC 60079 : 0 : 0 0
23828,1,ISO 80000 : 1 : 0 0
25124,1,IEC 60079 : 0 : 0 0
25124,2,IEC 60079 : 0 : 0 0
25124,3,IEC 60079 : 29 : 1
25124,4,IEC 60079 : 29 : 2
25124,5,IEC 61508 : 0 : 0 0
25124,6,IEC 61508 : 1 : 0 0
25124,7,IEC 61511 : 0 : 0 0
25124,8,IEC 62061 : 0 : 0 0
25124,9,ISO 13849 : 1 : 0 0
25124,10,ISO 13849 : 2 : 0 0
553,1,IEC 60825 : 2 : 0 0
554,1,IEC 60695 : 11 : 3
554,2,IEC 60050 : 426 : 2008
554,3,ISO 4892 : 1 : 0 0
554,4,ISO 4892 : 2 : 0 0
554,5,ASTM 0 : 0 : 0 0
554,6,ASTM 0 : 0 : 0 0
564,1,IEC 60127 : 3 : 2015
564,2,IEC 60127 : 5 : 2016
564,3,IEC 60127 : 6 : 2014
564,4,IEC 60127 : 7 : 2015
564,5,IEC 60127 : 8 : 2018
564,6,IEC 60127 : 10 : 2001
564,7,IEC 60269 : 4 : 2009
564,8,IEC 60269 : 7 : 0 0
21309,1,IEC 60296 : 0 : 0 0
20819,1,IEC 60034 : 1 : 0 0
20820,1,IEC 60747 : 5 : 5
20820,2,IEC 61158 : 2 : 0 0
20820,3,DIN 884 : 11 : 0 0
20821,1,IEC 60079 : 0 : 0 0
20821,2,IEC 60079 : 7 : 0 0
20823,1,IEC 60364 : 6 : 0 0
20823,2,IEC 60079 : 10 : 1
20824,1,IEC 60730 : 2 : 9
20824,2,IEC 62326 : 4 : 1
20824,3,IEC 61140 : 0 : 0 0
20824,4,ISO 0 : 0 : 0 0
20825,1,IEC 60034 : 23 : 0 0
20825,2,IEC 60079 : 14 : 0 0
20825,3,ISO 4526 : 0 : 0 0
20825,4,ISO 6158 : 0 : 0 0
20827,1,IEC 60079 : 14 : 0 0
20827,2,IEC 61158 : 2 : 0 0
20828,1,IEC 60044 : 6 : 0 0
20828,2,IEC 60061 : 2 : 0 0
20828,3,IEC 60068 : 2 : 42
20828,4,IEC 60238 : 0 : 0 0
20828,5,IEC 60400 : 0 : 0 0
20828,6,IEC 60432 : 2 : 0 0
20828,7,IEC 60432 : 3 : 0 0
20828,8,IEC 60947 : 7 : 1
20828,9,IEC 60947 : 7 : 2
20828,10,IEC 60947 : 7 : 4
20828,11,IEC 60998 : 2 : 4
20828,12,IEC 60999 : 1 : 0 0
20828,13,IEC 60999 : 2 : 0 0
20828,14,IEC 61184 : 0 : 0 0
20828,15,IEC 61195 : 0 : 0 0
20828,16,IEC 62035 : 0 : 0 0
25192,1,IEC 60747 : 5 : 5
25192,2,IEC 61158 : 2 : 0 0
25192,3,DIN 884 : 11 : 0 0
66679,1,IEC 60364 : 6 : 0 0
66679,2,IEC 60079 : 10 : 1
25740,1,IEC 60050 : 426 : 0 0
25740,2,IEC 60079 : 0 : 0 0
25741,1,IEC 60079 : 0 : 0 0
25741,2,IEC 60079 : 7 : 0 0
17821,1,IEC 60079 : 0 : 0 0
28838,1,IEC 60079 : 14 : 0 0
28838,2,IEC 61158 : 2 : 0 0
25001,1,IEC 60079 : 0 : 0 0
25001,2,IEC 60079 : 10 : 1
25001,3,IEC 60079 : 10 : 2
25001,4,IEC 60079 : 14 : 0 0
25001,5,IEC 60079 : 25 : 0 0
25001,6,ISO/IEC 80079 : 34 : 0 0
25001,7,ISO/IEC 80079 : 36 : 0 0
28851,1,IEC 60044 : 6 : 0 0
28851,2,IEC 60061 : 2 : 0 0
28851,3,IEC 60068 : 2 : 42
28851,4,IEC 60238 : 0 : 0 0
28851,5,IEC 60400 : 0 : 0 0
28851,6,IEC 60432 : 2 : 0 0
28851,7,IEC 60432 : 3 : 0 0
28851,8,IEC 60947 : 7 : 1
28851,9,IEC 60947 : 7 : 2
28851,10,IEC 60947 : 7 : 4
28851,11,IEC 60998 : 2 : 4
28851,12,IEC 60999 : 1 : 0 0
28851,13,IEC 60999 : 2 : 0 0
28851,14,IEC 61184 : 0 : 0 0
28851,15,IEC 61195 : 0 : 0 0
28851,16,IEC 62035 : 0 : 0 0
28852,1,IEC 60034 : 23 : 0 0
28852,2,IEC 60079 : 14 : 0 0
28852,3,ISO 4526 : 0 : 0 0
28852,4,ISO 6158 : 0 : 0 0
32180,1,ISO 3310 : 1 : 0 0
32180,2,ISO 3310 : 2 : 0 0
32181,1,IEC 60747 : 5 : 5
32181,2,IEC 61158 : 2 : 0 0
32181,3,DIN 884 : 11 : 0 0
24763,1,IEC 60050 : 426 : 0 0
24763,2,IEC 60050 : 845 : 0 0
24763,3,IEC 60079 : 0 : 0 0
24763,4,IEC 60079 : 1 : 0 0
24763,5,IEC 60079 : 7 : 0 0
24763,6,IEC 60079 : 11 : 0 0
24763,7,IEC 60127 : 2 : 0 0
24763,8,IEC 60664 : 3 : 0 0
24763,9,IEC 60332 : 1 : 1
24763,10,IEC 60332 : 1 : 2
28859,1,IEC 60296 : 0 : 0 0
28861,1,IEC 60695 : 11 : 10
21967,1,IEC 60079 : 10 : 1
21967,2,ISO/IEC 80079 : 20 : 1
208,1,IEC 60695 : 11 : 10
21968,1,IEC 60079 : 0 : 0 0
21968,2,IEC 61000 : 4 : 1
21968,3,IEC 61000 : 4 : 3
22737,1,IEC 60050 : 426 : 0 0
22737,2,IEC 60079 : 0 : 0 0
21465,1,IEC 60079 : 10 : 1
21465,2,IEC 61285 : 0 : 0 0
20969,1,ISO 3310 : 1 : 0 0
20969,2,ISO 3310 : 2 : 0 0
25592,1,IEC 60079 : 0 : 0 0
25592,2,IEC 60079 : 2 : 0 0
28839,1,IEC 60127 : 3 : 2015
28839,2,IEC 60127 : 5 : 2016
28839,3,IEC 60127 : 6 : 2014
28839,4,IEC 60127 : 7 : 2015
28839,5,IEC 60127 : 8 : 2018
28839,6,IEC 60127 : 10 : 2001
28839,7,IEC 60269 : 4 : 2009
28839,8,IEC 60269 : 7 : 0 0
30489,1,0 0 : 0 : 0 0
12843,1,0 0 : 0 : 0 0
24853,1,0 0 : 0 : 0 0
26738,1,IEC 60110 : 1 : 0 0
23310,1,IEC 60318 : 5 : 0 0
66164,1,IEC 60318 : 5 : 0 0
66216,1,IEC 60318 : 5 : 0 0
27148,1,0 0 : 0 : 0 0
21060,1,IEC 60664 : 1 : 1992
21060,2,IEC 60068 : 2 : 20 1979
21060,3,IEC 60068 : 2 : 21 1999
21060,4,IEC 60127 : 1 : 1988
21060,5,ISO 3 : 1973
32856,1,IEC 60038 : 0 : 0 0
32856,2,IEC 60127 : 6 : 1994
20829,1,IEC 60038 : 0 : 0 0
20829,2,IEC 60127 : 6 : 1994
31905,1,IEC 60127 : 3 : 2015
31905,2,IEC 60127 : 7 : 2015
33187,1,IEC 60068 : 2 : 20 1979
33187,2,IEC 60068 : 2 : 21 1999
33187,3,IEC 60127 : 1 : 1988
33187,4,ISO 3 : 1973
33743,1,IEC 60050 : 581 : 0 0
33743,2,IEC 60999 : 1 : 0 0
33743,3,IEC 61210 : 0 : 0 0
20970,1,IEC 60068 : 2 : 20 1979
20970,2,IEC 60068 : 2 : 21 1999
20970,3,IEC 60127 : 1 : 1988
20970,4,ISO 3 : 1973
26537,1,ISO 1302 : 0 : 0 0
26537,2,IEC 60068 : 1 : 1988
26537,3,IEC 60512 : 0 : 0 0
26537,4,IEC 60512 : 1 : 1
26537,5,IEC 60512 : 1 : 2
26537,6,IEC 60512 : 2 : 1
26537,7,IEC 60512 : 3 : 1
26537,8,IEC 60512 : 4 : 1
26537,9,IEC 60512 : 7 : 1
26537,10,IEC 60512 : 7 : 2
26537,11,IEC 60512 : 9 : 1
26537,12,IEC 60512 : 11 : 1
26537,13,IEC 60512 : 11 : 3
26537,14,IEC 60512 : 11 : 9
26537,15,IEC 60512 : 11 : 10
26537,16,IEC 60512 : 11 : 12
26537,17,IEC 60512 : 13 : 2
26537,18,IEC 60512 : 16 : 5
26537,19,IEC 60512 : 17 : 1
26537,20,IEC 60512 : 17 : 2
26537,21,IEC 60512 : 17 : 3
26537,22,IEC 60512 : 17 : 4
26537,23,IEC 60512 : 2 : 106
23829,1,0 0 : 0 : 0 0
27369,1,IEC 60143 : 0 : 0 0
25720,1,IEC 60154 : 1 : 19
25720,2,other 53100 : 0 : 0 0
12848,1,ISO 228 : 1 : 1994
12848,2,ISO 9539 : 1988
12848,3,ISO 261 : 1 : 1998
66550,1,ISO 228 : 1 : 1994
66550,2,ISO 9539 : 1988
66550,3,ISO 261 : 1 : 1998
23652,1,IEC 60050 : 471 : 1993
23652,2,IEC 60060 : 1 : 1989
23652,3,IEC 60071 : 1 : 1993
23652,4,IEC 60071 : 2 : 1976
23652,5,IEC 60071 : 3 : 1982
23652,6,ISO 60273 : 1990
24835,1,IEC 60332 : 1 : 2
24835,2,IEC 60332 : 2 : 2
24835,3,IEC 60811 : 201 : 0 0
24835,4,IEC 60811 : 202 : 0 0
24835,5,IEC 60811 : 203 : 0 0
24835,6,IEC 60811 : 401 : 0 0
24835,7,IEC 60811 : 501 : 0 0
24835,8,IEC 60811 : 502 : 0 0
24835,9,IEC 60811 : 504 : 0 0
24835,10,IEC 60811 : 508 : 0 0
24835,11,IEC 60811 : 509 : 0 0
24836,1,IEC 60028 : 0 : 0 0
24836,2,IEC 60332 : 3 : 0 0
24837,1,IEC 60028 : 0 : 0 0
22916,1,IEC 60050 : 541 : 1990
12852,1,ISO 263 : 1973
12852,2,ISO 5863 : 1993
12852,3,ISO 17664 : 2016
27849,1,ISO 263 : 1973
27849,2,ISO 5863 : 1993
27849,3,ISO 17664 : 2016
23663,1,IEC 61869 : 2 : 2012
24694,1,IEC 255 : 7 : 1978
24694,2,IEC 68 : 2 : 29 1987
24695,1,IEC 60050 : 0 : 0 0
24695,2,IEC 61850 : 7 : 4
24696,1,IEC 61850 : 0 : 0 0
24696,2,IEC 61869 : 0 : 0 0
24696,3,IEC 60050 : 103 : 0 0
24696,4,IEC 60050 : 447 : 0 0
24696,5,IEC 60050 : 601 : 0 0
22399,1,IEC 60255 : 21 : 2
22399,2,IEC 60352 : 1 : 0 0
22399,3,IEC 60352 : 2 : 0 0
22399,4,IEC 60417 : 0 : 0 0
22399,5,IEC 60695 : 2 : 20
22399,6,IEC 60664 : 3 : 2003
22399,7,IEC 60825 : 1 : 0 0
22399,8,IEC 61140 : 0 : 0 0
22399,9,IEC 61180 : 1 : 1992
22399,10,IEC 61180 : 2 : 0 0
22399,11,IEC 62151 : 0 : 0 0
22399,12,IEC 60050 : 0 : 0 0
22400,1,IEC 61400 : 4 : 18 2006
22400,2,IEC 61400 : 4 : 29 2000
26243,1,IEC 60249 : 2 : 1
26243,2,IEC 60297 : 1 : 1986
26243,3,IEC 60297 : 2 : 1982
26243,4,IEC 60603 : 2 : 1995
26243,5,IEC 60917 : 1 : 1998
26243,6,IEC 61076 : 4 : 101 2001
26243,7,IEC 61076 : 4 : 113 2002
26243,8,IEC 61587 : 1 : 1999
26243,9,IEC 61587 : 3 : 0 0
26538,1,IEC 60050 : 581 : 0 0
26538,2,IEC 60297 : 3 : 101
26538,3,IEC 60917 : 1 : 0 0
26538,4,EN 300119 : 3 : 0 0
152,1,ISO 603 : 1 : 1999
153,1,ISO 603 : 2 : 1999
215,1,ISO 603 : 10 : 1999
216,1,ISO 603 : 3 : 1999
30273,1,0 0 : 0 : 0 0
30274,1,0 0 : 0 : 0 0
20830,1,0 0 : 0 : 0 0
17822,1,0 0 : 0 : 0 0
23309,1,IEC 61094 : 4 : 0 0
20831,1,0 0 : 0 : 0 0
20832,1,0 0 : 0 : 0 0
29895,1,0 0 : 0 : 0 0
29665,1,0 0 : 0 : 0 0
23041,1,ISO 5149 : 1 : 2014
23041,2,ISO 60079 : 4 : 0 0
27149,1,IEC 60335 : 1 : 0 0
25678,1,IEC 60335 : 1 : 0 0
25678,2,IEC 60068 : 2 : 52
25678,3,IEC 60079 : 14 : 0 0
25678,4,IEC 60335 : 2 : 34
25678,5,IEC 60335 : 2 : 51
25678,6,IEC 60730 : 2 : 6
25678,7,ISO 4892 : 2 : 0 0
25678,8,ISO 4892 : 4 : 0 0
25678,9,ISO 5151 : 0 : 0 0
25678,10,ISO 7010 : 2011
25678,11,ISO 13253 : 0 : 0 0
25678,12,ISO 13256 : 1 : 0 0
25678,13,ISO 13256 : 2 : 0 0
25678,14,ISO 14903 : 0 : 0 0
25678,15,ISO 15042 : 0 : 0 0
25678,16,ASTM 0 : 6 : 2012
25955,1,IEC 62471 : 2006
25955,2,IEC 61228 : 0 : 0 0
21244,1,IEC 60417 : 2002
21244,2,IEC 60613 : 0 : 0 0
21244,3,IEC 60788 : 2004
24856,1,0 0 : 0 : 0 0
21521,1,IEC 60243 : 1 : 1988
21521,2,IEC 60371 : 2 : 1987
21521,3,IEC 60371 : 3 : 2 1991
21545,1,IEC 60243 : 1 : 1988
21545,2,IEC 60371 : 2 : 1987
21545,3,IEC 60371 : 3 : 2 1991
21545,4,IEC 60674 : 3 : 2 1992
21546,1,IEC 60371 : 2 : 1987
21546,2,IEC 60371 : 3 : 2 1991
21576,1,IEC 60050 : 212 : 1990
21576,2,IEC 60371 : 3 : 0 0
21577,1,IEC 60216 : 0 : 0 0
21577,2,IEC 60243 : 1 : 1998
21577,3,IEC 60250 : 1969
21577,4,IEC 60371 : 3 : 0 0
21577,5,ISO 178 : 2001
21578,1,IEC 60371 : 1 : 2003
21578,2,IEC 60371 : 2 : 2004
21578,3,IEC 60554 : 2 : 2001
21578,4,IEC 60589 : 1977
21578,5,ISO 534 : 2005
21578,6,ISO 536 : 1995
21578,7,ISO 5636 : 5 : 2003
21580,1,IEC 60371 : 2 : 2004
21580,2,IEC 60371 : 3 : 2 2005
21580,3,ISO 5636 : 5 : 2003
21354,1,IEC 60371 : 2 : 2004
21500,1,IEC 60243 : 1 : 1988
21500,2,IEC 60371 : 2 : 1987
21500,3,IEC 60371 : 3 : 2 1991
21500,4,IEC 60674 : 3 : 2 1992
21581,1,IEC 60216 : 1 : 1990
21581,2,IEC 60243 : 1 : 1988
21581,3,IEC 60371 : 2 : 1987
21581,4,IEC 60371 : 3 : 2 1991
21581,5,IEC 60554 : 3 : 2 1984
21581,6,IEC 60674 : 3 : 2 1992
21581,7,ISO 6386 : 1981
23224,1,ISO 1459 : 1973
23224,2,ISO 1460 : 0 : 0 0
23224,3,ISO 1461 : 0 : 0 0
23224,4,ISO 1463 : 0 : 0 0
23224,5,ISO 2064 : 0 : 0 0
23224,6,ISO 2178 : 2016
31475,1,ISO 1459 : 1973
31475,2,ISO 1460 : 0 : 0 0
31475,3,ISO 1461 : 0 : 0 0
31475,4,ISO 1463 : 0 : 0 0
31475,5,ISO 2064 : 0 : 0 0
31475,6,ISO 2178 : 2016
23569,1,0 0 : 0 : 0 0
30491,1,IEC 60120 : 2020
23411,1,IEC 60120 : 2020
25679,1,IEC 104 : 2010
26518,1,IEC 104 : 2010
21747,1,IEC 104 : 2010
21748,1,IEC 104 : 2010
21771,1,IEC 60479 : 1 : 1994
21771,2,IEC 60479 : 1 : 0 0
17824,1,IEC 60534 : 1 : 2005
17824,2,IEC 60534 : 2 : 3 1997
17825,1,IEC 60534 : 1 : 2005
17825,2,IEC 60534 : 2 : 1 2011
17825,3,IEC 60534 : 8 : 2
17825,4,IEC 61298 : 1 : 0 0
17825,5,IEC 61298 : 2 : 0 0
26308,1,IEC 60417 : 0 : 0 0
26308,2,IEC 61000 : 4 : 3
26308,3,IEC 61267 : 0 : 0 0
26374,1,IEC 60050 : 581 : 2008
26374,2,ISO 286 : 1 : 1988
26374,3,ISO 286 : 2 : 1988
26374,4,ISO 1000 : 1981
26228,1,IEC 60050 : 581 : 2008
26228,2,IEC 97 : 1970
26229,1,ISO 468 : 1982
26742,1,IEC 97 : 1991
26742,2,IEC 191 : 2 : 1966
26742,3,ISO 468 : 1982
26231,1,ISO 468 : 1982
26265,1,IEC 60050 : 581 : 2008
26265,2,IEC 603 : 1 : 1981
26266,1,IEC 60050 : 581 : 2008
26309,1,IEC 60050 : 581 : 2008
26309,2,IEC 60603 : 1 : 1981
26577,1,IEC 60068 : 2 : 60 1990
26577,2,IEC 97 : 1991
26577,3,IEC 352 : 1 : 1983
26577,4,IEC 352 : 4 : 1994
26577,5,IEC 60603 : 1 : 1991
26577,6,IEC 760 : 1989
26577,7,IEC 999 : 1990
26577,8,ISO 468 : 1982
26343,1,ISO 468 : 1982
24094,1,IEC 60268 : 17 : 0 0
24094,2,IEC 60318 : 1 : 0 0
24094,3,IEC 60318 : 3 : 0 0
24094,4,IEC 60318 : 4 : 0 0
24094,5,ISO 389 : 1 : 0 0
24094,6,ISO 389 : 2 : 0 0
24094,7,ISO 389 : 3 : 0 0
24094,8,ISO 389 : 4 : 1994
24094,9,ISO 389 : 5 : 0 0
24094,10,ISO 389 : 7 : 0 0
24094,11,ISO 389 : 8 : 0 0
24094,12,ISO 4869 : 1 : 0 0
24094,13,ISO 8253 : 1 : 2010
24094,14,ISO 8253 : 2 : 0 0
24094,15,ISO 8253 : 3 : 0 0
24095,1,IEC 60645 : 3 : 2007
24095,2,ISO 389 : 0 : 0 0
24095,3,ISO/IEC 98 : 3 : 0 0
25927,1,IEC 60126 : 0 : 0 0
25927,2,IEC 60601 : 1 : 4
24377,1,IEC 60445 : 1999
66764,1,IEC 60445 : 1999
22745,1,IEC 60050 : 845 : 0 0
22745,2,IEC 60384 : 14 : 2013
22745,3,IEC 60669 : 2 : 3 2006
22745,4,IEC 60704 : 1 : 0 0
22745,5,IEC 60999 : 1 : 0 0
22745,6,IEC 61000 : 2 : 2
22745,7,IEC 61000 : 4 : 20 2010
22745,8,IEC 61558 : 2 : 16
22745,9,IEC 62756 : 1 : 0 0
22745,10,IEC 63044 : 3 : 2017
22745,11,ISO 3741 : 0 : 0 0
22745,12,ISO 3744 : 0 : 0 0
29677,1,IEC 60050 : 845 : 0 0
29677,2,IEC 60384 : 14 : 2013
29677,3,IEC 60669 : 2 : 3 2006
29677,4,IEC 60704 : 1 : 0 0
29677,5,IEC 60999 : 1 : 0 0
29677,6,IEC 61000 : 2 : 2
29677,7,IEC 61000 : 4 : 20 2010
29677,8,IEC 61558 : 2 : 16
29677,9,IEC 62756 : 1 : 0 0
29677,10,IEC 63044 : 3 : 2017
29677,11,ISO 3741 : 0 : 0 0
29677,12,ISO 3744 : 0 : 0 0
28701,1,IEC 0 : 2010
28701,2,ISO/IEC 0 : 2014
28701,3,ISO 0 : 2010
28701,4,ISO/IEC 0 : 2014
28702,1,ISO 291 : 2008
28702,2,ISO 294 : 0 : 0 0
24096,1,IEC 0 : 2010
24096,2,ISO/IEC 0 : 2014
24096,3,ISO 0 : 2010
24096,4,ISO/IEC 0 : 2014
24097,1,ISO/IEC 13943 : 2008
24097,2,ISO 3290 : 1 : 0 0
24097,3,IEC 0 : 0 : 0 0
24097,4,ISO/IEC 0 : 1999
24097,5,ISO 294 : 0 : 0 0
24099,1,IEC 60695 : 11 : 4
24099,2,ISO/IEC 13943 : 2008
24099,3,ISO 291 : 2008
24099,4,ISO 294 : 0 : 0 0
24099,5,ISO 307 : 0 : 0 0
24099,6,ISO 16012 : 0 : 0 0
24360,1,ISO 291 : 2008
24360,2,ISO 294 : 0 : 0 0
24361,1,ISO 291 : 2008
24361,2,ISO 294 : 0 : 0 0
24361,3,ISO 13943 : 2017
25151,1,0 0 : 0 : 0 0
26433,1,IEC 60296 : 0 : 0 0
26433,2,IEC 60695 : 1 : 11
26433,3,IEC 60695 : 6 : 2
26433,4,IEC 60695 : 7 : 2
26433,5,IEC 60695 : 8 : 2
26433,6,IEC 60695 : 5 : 2
26433,7,IEC 60695 : 8 : 3
26433,8,ISO 1716 : 0 : 0 0
26433,9,ISO 13943 : 2008
27259,1,IEC 60695 : 1 : 12
27259,2,IEC 60695 : 1 : 30
27259,3,IEC 104 : 0 : 0 0
27259,4,ISO/IEC 51 : 0 : 0 0
27259,5,ISO 13943 : 2008
27370,1,IEC 60695 : 1 : 12
27370,2,ISO 13943 : 2008
27371,1,ISO 291 : 2008
27371,2,ISO 294 : 0 : 0 0
27371,3,ISO 13943 : 2017
24482,1,IEC 60300 : 3 : 12
24482,2,IEC 60300 : 3 : 14
24482,3,IEC 61160 : 0 : 0 0
24482,4,IEC 61649 : 0 : 0 0
24482,5,IEC 61710 : 0 : 0 0
17563,1,IEC 60947 : 5 : 2 2009
26434,1,0 0 : 0 : 0 0
26435,1,0 0 : 0 : 0 0
26436,1,0 0 : 0 : 0 0
26439,1,0 0 : 0 : 0 0
26305,1,0 0 : 0 : 0 0
20833,1,IEC 60038 : 1983
20833,2,IEC 60050 : 604 : 1987
20833,3,IEC 60065 : 1998
20833,4,IEC 60068 : 2 : 75 1997
20833,5,IEC 60085 : 1984
20833,6,IEC 60099 : 1 : 1991
20833,7,IEC 60112 : 1 : 1991
20833,8,IEC 60127 : 0 : 0 0
20833,9,IEC 60216 : 1 : 1990
20833,10,IEC 60227 : 0 : 0 0
20833,11,IEC 60245 : 0 : 0 0
20833,12,IEC 60249 : 0 : 0 0
20833,13,IEC 60326 : 0 : 0 0
20833,14,IEC 60269 : 0 : 0 0
20833,15,IEC 60335 : 1 : 1991
20833,16,IEC 60384 : 14 : 1991
27028,1,IEC 604041 : 1 : 2000
27028,2,IEC 60404 : 8 : 4 1998
27028,3,IEC 60404 : 8 : 7 1998
27028,4,IEC 60404 : 11 : 1999
27028,5,IEC 61021 : 1 : 1990
27028,6,IEC 61021 : 2 : 1995
27028,7,ISO 286 : 1 : 1988
12901,1,0 0 : 0 : 0 0
27329,1,0 0 : 0 : 0 0
12903,1,ISO 5743 : 2004
12903,2,ISO 5744 : 2004
26782,1,ISO 5743 : 2004
26782,2,ISO 5744 : 2004
66300,1,ISO 5743 : 2004
66300,2,ISO 5744 : 2004
20995,1,IEC 60793 : 2 : 10
20995,2,IEC 60793 : 2 : 50
33050,1,IEC 60793 : 1 : 60
33050,2,IEC 60793 : 1 : 61
293,1,0 0 : 0 : 0 0
294,1,IEC 60793 : 1 : 1
294,2,IEC 60793 : 1 : 20
294,3,IEC 60793 : 1 : 21
294,4,IEC 60793 : 1 : 22
294,5,IEC 60793 : 30 : 0 0
294,6,IEC 60793 : 1 : 31
294,7,IEC 60793 : 1 : 32
294,8,IEC 60793 : 1 : 33
294,9,IEC 60793 : 1 : 40
294,10,IEC 60793 : 1 : 41
294,11,IEC 60793 : 1 : 42
294,12,IEC 6079 : 1 : 44
294,13,IEC 60793 : 1 : 45
294,14,IEC 60793 : 1 : 46
295,1,IEC 60793 : 1 : 22
296,1,IEC 60793 : 1 : 20
296,2,IEC 60793 : 1 : 42
297,1,IEC 60793 : 2 : 0 0
298,1,IEC 60793 : 2 : 10
298,2,IEC 60793 : 2 : 20
298,3,IEC 60793 : 3 : 30
298,4,IEC 60794 : 2 : 40
299,1,IEC 60793 : 2 : 1998
300,1,IEC 60793 : 40 : 2001
301,1,IEC 60793 : 2 : 0 0
301,2,IEC 60793 : 2 : 10
301,3,IEC 61280 : 1 : 4
301,4,IEC 61280 : 4 : 1
302,1,IEC 61292 : 5 : 0 0
303,1,IEC 60793 : 1 : 1 2008
303,2,IEC 60793 : 1 : 22 2001
303,3,IEC 60793 : 1 : 41 2010
303,4,IEC 60793 : 1 : 10
304,1,IEC 61280 : 4 : 1
560,1,IEC 60793 : 1 : 60
560,2,IEC 60793 : 1 : 61
66167,1,IEC 60793 : 1 : 20
66167,2,IEC 60793 : 1 : 42
66168,1,IEC 60793 : 1 : 1
66168,2,IEC 60793 : 1 : 20
66168,3,IEC 60793 : 1 : 21
66168,4,IEC 60793 : 1 : 22
66168,5,IEC 60793 : 30 : 0 0
66168,6,IEC 60793 : 1 : 31
66168,7,IEC 60793 : 1 : 32
66168,8,IEC 60793 : 1 : 33
66168,9,IEC 60793 : 1 : 40
66168,10,IEC 60793 : 1 : 41
66168,11,IEC 60793 : 1 : 42
66168,12,IEC 6079 : 1 : 44
66168,13,IEC 60793 : 1 : 45
66168,14,IEC 60793 : 1 : 46
66169,1,IEC 60793 : 1 : 1
66169,2,IEC 60793 : 1 : 20
66169,3,IEC 60793 : 1 : 21
66169,4,IEC 60793 : 1 : 22
66169,5,IEC 60793 : 1 : 30
66169,6,IEC 60793 : 1 : 31
66169,7,IEC 60793 : 1 : 32
66169,8,IEC 60793 : 1 : 33
66169,9,IEC 60793 : 1 : 34
66169,10,IEC 60793 : 1 : 40
66169,11,IEC 60793 : 1 : 41
66169,12,IEC 60793 : 1 : 42
66169,13,IEC 60793 : 1 : 43
380,1,IEC 60793 : 1 : 1
380,2,IEC 60793 : 1 : 20
380,3,IEC 60793 : 1 : 21
380,4,IEC 60793 : 1 : 22
380,5,IEC 60793 : 1 : 30
380,6,IEC 60793 : 1 : 31
380,7,IEC 60793 : 1 : 32
380,8,IEC 60793 : 1 : 33
380,9,IEC 60793 : 1 : 34
380,10,IEC 60793 : 1 : 40
380,11,IEC 60793 : 1 : 41
380,12,IEC 60793 : 1 : 42
380,13,IEC 60793 : 1 : 43
21124,1,IEC 60793 : 2 : 10
21124,2,IEC 60793 : 2 : 50
65711,1,IEC 60793 : 1 : 40
65711,2,IEC 60793 : 1 : 42
20951,1,IEC 60793 : 2 : 10
20951,2,IEC 60793 : 2 : 20
20951,3,IEC 60793 : 2 : 30
20951,4,IEC 60793 : 2 : 40
20951,5,IEC 60793 : 2 : 50
20954,1,IEC 60793 : 1 : 40
20954,2,IEC 60793 : 1 : 42
20955,1,IEC 60068 : 2 : 18
20955,2,IEC 60793 : 2 : 10
20955,3,IEC 60793 : 2 : 50
20956,1,IEC 60793 : 2 : 10
20956,2,IEC 60793 : 2 : 50
20961,1,IEC 60793 : 1 : 20
21993,1,IEC 60793 : 1 : 20 2001
21993,2,IEC 60793 : 1 : 21 2001
21993,3,IEC 60793 : 1 : 22 2001
21993,4,IEC 60793 : 1 : 30 2010
21993,5,IEC 60793 : 1 : 31 2010
21993,6,IEC 60793 : 2 : 32 2010
21993,7,IEC 60793 : 1 : 33 2001
66030,1,IEC 60793 : 40 : 2001
66031,1,IEC 60793 : 2 : 1998
33048,1,IEC 60793 : 2 : 0 0
33048,2,IEC 60793 : 2 : 10
33048,3,IEC 60793 : 2 : 40
33048,4,IEC 60794 : 1 : 21 2015
33048,5,IEC 60794 : 1 : 22 2017
33048,6,IEC 60794 : 1 : 23 2019
33048,7,IEC 60794 : 1 : 24 2014
33048,8,IEC 60811 : 201 : 0 0
33048,9,IEC 60811 : 203 : 0 0
33049,1,IEC 60793 : 2 : 0 0
33049,2,IEC 60793 : 2 : 10
33049,3,IEC 60793 : 2 : 40 2021
33049,4,IEC 60794 : 1 : 21
33049,5,IEC 60794 : 1 : 221
33049,6,IEC 60811 : 201 : 0 0
33049,7,IEC 60811 : 202 : 0 0
33049,8,IEC 60811 : 203 : 0 0
26702,1,IEC 60793 : 2 : 0 0
26702,2,IEC 60794 : 1 : 21
26702,3,IEC 60794 : 1 : 22 2012
26702,4,IEC 60794 : 3 : 0 0
26702,5,IEC 60811 : 202 : 0 0
26702,6,IEC 60811 : 203 : 0 0
26702,7,IEC 60811 : 604 : 0 0
600,1,IEC 60793 : 2 : 0 0
600,2,IEC 60793 : 2 : 10
600,3,IEC 60793 : 2 : 40 2021
600,4,IEC 60794 : 1 : 21
600,5,IEC 60794 : 1 : 221
600,6,IEC 60811 : 201 : 0 0
600,7,IEC 60811 : 202 : 0 0
600,8,IEC 60811 : 203 : 0 0
23132,1,IEC 60793 : 2 : 50 2015
23132,2,IEC 60793 : 3 : 2015
26206,1,IEC 60793 : 2 : 0 0
26206,2,IEC 60794 : 1 : 22
26206,3,IEC 60794 : 1 : 23
26206,4,IEC 60794 : 1 : 24
26206,5,IEC 60794 : 2 : 0 0
26206,6,IEC 60811 : 202 : 0 0
26206,7,IEC 60811 : 203 : 0 0
26206,8,IEC 60793 : 2 : 50
26206,9,IEC 60793 : 2 : 10 2015
26206,10,ISO/IEC 11801 : 0 : 0 0
25987,1,IEC 60793 : 2 : 10 2011
25987,2,IEC 60793 : 2 : 50 2012
25987,3,IEC 60794 : 3 : 0 0
25987,4,IEC 60794 : 3 : 20
25987,5,ISO/IEC 11801 : 0 : 0 0
25987,6,ISO/IEC 24702 : 0 : 0 0
26778,1,IEC 60793 : 2 : 0 0
26778,2,IEC 60794 : 1 : 21 2015
26778,3,IEC 60794 : 1 : 22
26778,4,IEC 60794 : 4 : 0 0
26539,1,IEC 60708 : 0 : 0 0
26539,2,IEC 60811 : 1 : 1
26539,3,IEC 62000 : 0 : 0 0
26051,1,IEC 60793 : 2 : 10
21994,1,IEC 60793 : 2 : 0 0
21994,2,IEC 60794 : 1 : 22
21994,3,IEC 60794 : 1 : 23
21994,4,IEC 60794 : 1 : 24
21994,5,IEC 60794 : 2 : 0 0
21994,6,IEC 60811 : 202 : 0 0
21994,7,IEC 60811 : 203 : 0 0
21994,8,IEC 60793 : 2 : 50
21994,9,IEC 60793 : 2 : 10 2015
21994,10,ISO/IEC 11801 : 0 : 0 0
24824,1,IEC 60793 : 2 : 0 0
24824,2,IEC 60793 : 2 : 10
24824,3,IEC 60793 : 2 : 40
24824,4,IEC 60794 : 1 : 21 2015
24824,5,IEC 60794 : 1 : 22 2017
24824,6,IEC 60794 : 1 : 23 2019
24824,7,IEC 60794 : 1 : 24 2014
24824,8,IEC 60811 : 201 : 0 0
24824,9,IEC 60811 : 203 : 0 0
24825,1,IEC 60793 : 2 : 10
22049,1,IEC 60793 : 2 : 40
25680,1,IEC 60793 : 2 : 40
33378,1,IEC 60793 : 2 : 40
33378,2,IEC 60794 : 1 : 21 2015
33378,3,IEC 60794 : 1 : 22 2017
33378,4,IEC 60794 : 1 : 23 2019
33378,5,IEC 60794 : 1 : 24 2014
25125,1,0 0 : 0 : 0 0
26150,1,IEC 60839 : 5 : 1 2014
24561,1,IEC 60839 : 7 : 1
24561,2,IEC 60839 : 7 : 4
24561,3,ISO/IEC 8859 : 1 : 0 0
24562,1,IEC 62242 : 0 : 0 0
24562,2,IEC 62599 : 1 : 0 0
24562,3,IEC 62599 : 2 : 0 0
24562,4,IEC 62642 : 6 : 0 0
28170,1,IEC 60068 : 1 : 2013
28170,2,IEC 60068 : 2 : 1
28170,3,IEC 60068 : 2 : 14
28170,4,IEC 60068 : 2 : 17
28170,5,IEC 60068 : 2 : 58
28170,6,IEC 60068 : 2 : 78
28170,7,IEC 60068 : 2 : 13
28170,8,IEC 60068 : 2 : 30
28170,9,IEC 60695 : 11 : 5
28170,10,IEC 61000 : 4 : 2
28170,11,IEC 60068 : 2 : 6
28170,12,IEC 60122 : 1 : 0 0
28170,13,IEC 60068 : 2 : 20
28170,14,IEC 80000 : 6 : 2008
28170,15,IEC 80000 : 13 : 2008
28170,16,ISO 80000 : 8 : 2019
28170,17,ISO 80000 : 3 : 2019
28170,18,ISO 80000 : 2 : 2019
28170,19,ISO 80000 : 5 : 2019
28170,20,ISO 80000 : 7 : 2019
28170,21,ISO 80000 : 9 : 2009
28170,22,ISO 80000 : 4 : 2019
28170,23,ISO 80000 : 11 : 2019
28170,24,ISO 80000 : 12 : 2019
28170,25,ISO 80000 : 10 : 2019
28170,26,ISO 80000 : 1 : 2009
28170,27,IEC 60050 : 102 : 2007
28170,28,IEC 60050 : 103 : 2009
28170,29,IEC 60050 : 112 : 2010
28170,30,IEC 60050 : 113 : 2011
28170,31,IEC 60050 : 114 : 2014
28170,32,IEC 60050 : 121 : 1998
28170,33,IEC 60050 : 131 : 2002
28170,34,IEC 60050 : 141 : 2004
28170,35,IEC 60050 : 151 : 2001
28170,36,IEC 60050 : 171 : 2019
28170,37,IEC 60050 : 192 : 2015
28170,38,IEC 60050 : 195 : 2021
28170,39,IEC 60050 : 212 : 2010
28170,40,IEC 60050 : 300 : 2001
28170,41,IEC 60050 : 351 : 2013
28170,42,IEC 60050 : 395 : 2014
28170,43,IEC 60050 : 411 : 1996
28170,44,IEC 60050 : 415 : 1999
28170,45,IEC 60050 : 417 : 2022
28170,46,IEC 60050 : 426 : 2020
28170,47,IEC 60050 : 442 : 1998
28170,48,IEC 60050 : 444 : 2002
28170,49,IEC 60050 : 445 : 2010
28170,50,IEC 60050 : 447 : 2020
28170,51,IEC 60050 : 461 : 2008
28170,52,IEC 60050 : 471 : 2007
28170,53,IEC 60050 : 482 : 2004
28170,54,IEC 60050 : 485 : 2020
28170,55,IEC 60050 : 511 : 2018
28170,56,IEC 60050 : 521 : 2002
28170,57,IEC 60050 : 523 : 2018
28170,58,IEC 60050 : 551 : 20 2001
28170,59,IEC 60050 : 561 : 2014
28170,60,IEC 60050 : 581 : 2008
28170,61,IEC 60050 : 614 : 2016
28170,62,IEC 60050 : 617 : 2009
28170,63,IEC 60050 : 651 : 2014
28170,64,IEC 60050 : 692 : 2017
28170,65,IEC 60050 : 713 : 1998
28170,66,IEC 60050 : 732 : 2010
28170,67,IEC 60050 : 741 : 2020
28170,68,IEC 60050 : 802 : 2011
28170,69,IEC 60050 : 806 : 1996
28170,70,IEC 60050 : 807 : 1998
28170,71,IEC 60050 : 808 : 2002
28170,72,IEC 60050 : 811 : 2017
28170,73,IEC 60050 : 815 : 2015
28170,74,IEC 60050 : 821 : 2017
28170,75,IEC 60050 : 826 : 2022
28170,76,IEC 60050 : 841 : 2004
28170,77,IEC 60050 : 845 : 2020
28170,78,IEC 60050 : 851 : 2008
28170,79,IEC 60050 : 901 : 2013
28170,80,IEC 60050 : 902 : 2013
28170,81,IEC 60050 : 903 : 2013
28170,82,IEC 60050 : 904 : 2014
28170,83,IEC 60050 : 891 : 1998
28170,84,IEC 60050 : 872 : 2022
28170,85,IEC 60050 : 871 : 2018
28170,86,IEC 60068 : 2 : 2
28170,87,IEC 60068 : 2 : 7
28170,88,IEC 60068 : 2 : 21
28170,89,IEC 60068 : 2 : 27
28170,90,IEC 60068 : 2 : 31
28170,91,IEC 60068 : 2 : 45
28170,92,IEC 60068 : 2 : 52
28170,93,IEC 60068 : 2 : 64
28170,94,IEC 60617 : 0 : 0 0
28170,95,IEC 60642 : 0 : 0 0
28170,96,IEC 60749 : 281 : 0 0
28170,97,IEC 61340 : 3 : 1
28170,98,IEC 61340 : 3 : 2
28170,99,IEC 60050 : 102 : 2017
28170,100,IEC 60050 : 102 : 2017
28170,101,IEC 60050 : 102 : 2020
28170,102,IEC 60050 : 102 : 2021
28170,103,IEC 60050 : 103 : 2017
28170,104,IEC 60050 : 103 : 2019
28170,105,IEC 60050 : 103 : 2020
28170,106,IEC 60050 : 103 : 2021
28170,107,IEC 60050 : 112 : 2019
28170,108,IEC 60050 : 112 : 2020
28170,109,IEC 60050 : 113 : 2014
28170,110,IEC 60050 : 113 : 2020
28170,111,IEC 60050 : 113 : 2020
28170,112,IEC 60050 : 113 : 2022
28170,113,IEC 60050 : 114 : 2017
28170,114,IEC 60050 : 121 : 2002
28170,115,IEC 60050 : 121 : 2008
28170,116,IEC 60050 : 121 : 2019
28170,117,IEC 60050 : 121 : 2021
28170,118,IEC 60050 : 121 : 2021
28170,119,IEC 60050 : 131 : 2008
28170,120,IEC 60050 : 131 : 2013
28170,121,IEC 60050 : 131 : 2019
28170,122,IEC 60050 : 131 : 2021
28170,123,IEC 60050 : 131 : 2021
28170,124,IEC 60050 : 151 : 2013
28170,125,IEC 60050 : 151 : 2014
28170,126,IEC 60050 : 151 : 2019
28170,127,IEC 60050 : 151 : 2020
28170,128,IEC 60050 : 151 : 2021
28170,129,IEC 60050 : 161 : 1998
28170,130,IEC 60050 : 161 : 2014
28170,131,IEC 60050 : 161 : 2014
28170,132,IEC 60050 : 161 : 2015
28170,133,IEC 60050 : 161 : 2016
28170,134,IEC 60050 : 161 : 2017
28170,135,IEC 60050 : 161 : 2018
28170,136,IEC 60050 : 161 : 2019
28170,137,IEC 60050 : 161 : 2021
28170,138,IEC 60050 : 192 : 2016
28170,139,IEC 60050 : 212 : 2015
28170,140,IEC 60050 : 212 : 2015
28170,141,IEC 60050 : 212 : 2020
28170,142,IEC 60050 : 221 : 1999
28170,143,IEC 60050 : 221 : 2007
28170,144,IEC 60050 : 221 : 2020
28170,145,IEC 60050 : 300 : 2015
28170,146,IEC 60050 : 300 : 2016
28170,147,IEC 60050 : 300 : 2017
28170,148,IEC 60050 : 300 : 2020
28170,149,IEC 60050 : 351 : 2016
28170,150,IEC 60050 : 395 : 2016
28170,151,IEC 60050 : 395 : 2020
28170,152,IEC 60050 : 411 : 2007
28170,153,IEC 60050 : 411 : 2021
28170,154,IEC 60050 : 431 : 2021
28170,155,IEC 60050 : 441 : 2000
28170,156,IEC 60050 : 442 : 2015
28170,157,IEC 60050 : 442 : 2015
28170,158,IEC 60050 : 442 : 2019
28170,159,IEC 60050 : 466 : 2020
28170,160,IEC 60050 : 466 : 2021
28170,161,IEC 60050 : 466 : 2021
28170,162,IEC 60050 : 471 : 2015
28170,163,IEC 60050 : 482 : 2016
28170,164,IEC 60050 : 482 : 2020
28170,165,IEC 60050 : 521 : 2017
28170,166,IEC 60050 : 521 : 2018
28170,167,IEC 60050 : 523 : 2019
28170,168,IEC 60050 : 531 : 2017
28170,169,IEC 60050 : 531 : 2020
28170,170,IEC 60050 : 541 : 2015
28170,171,IEC 60050 : 551 : 2017
28170,172,IEC 60050 : 561 : 2016
28170,173,IEC 60050 : 561 : 2020
28170,174,IEC 60050 : 561 : 2021
28170,175,IEC 60050 : 561 : 2021
28170,176,IEC 60050 : 601 : 1998
28170,177,IEC 60050 : 601 : 2020
28170,178,IEC 60050 : 603 : 1998
28170,179,IEC 60050 : 617 : 2011
28170,180,IEC 60050 : 617 : 2017
28170,181,IEC 60050 : 617 : 2018
28170,182,IEC 60050 : 691 : 2019
28170,183,IEC 60050 : 701 : 2016
28170,184,IEC 60050 : 701 : 2019
28170,185,IEC 60050 : 702 : 2016
28170,186,IEC 60050 : 702 : 2016
28170,187,IEC 60050 : 702 : 2017
28170,188,IEC 60050 : 702 : 2018
28170,189,IEC 60050 : 702 : 2019
28170,190,IEC 60050 : 702 : 2021
28170,191,IEC 60050 : 704 : 2016
28170,192,IEC 60050 : 704 : 2017
28170,193,IEC 60050 : 704 : 2018
28170,194,IEC 60050 : 704 : 2019
28170,195,IEC 60050 : 705 : 2015
28170,196,IEC 60050 : 705 : 2016
28170,197,IEC 60050 : 705 : 2017
28170,198,IEC 60050 : 705 : 2019
28170,199,IEC 60050 : 705 : 2020
28170,200,IEC 60050 : 705 : 2021
28170,201,IEC 60050 : 705 : 2021
28170,202,IEC 60050 : 712 : 2021
28170,203,IEC 60050 : 713 : 1998
28170,204,IEC 60050 : 713 : 2016
28170,205,IEC 60050 : 713 : 2017
28170,206,IEC 60050 : 713 : 2018
28170,207,IEC 60050 : 713 : 2019
28170,208,IEC 60050 : 713 : 2021
28170,209,IEC 60050 : 714 : 2016
28170,210,IEC 60050 : 714 : 2017
28170,211,IEC 60050 : 714 : 2018
28170,212,IEC 60050 : 714 : 2019
28170,213,IEC 60050 : 715 : 2016
28170,214,IEC 60050 : 715 : 2019
28170,215,IEC 60050 : 715 : 2021
28170,216,IEC 60050 : 721 : 2016
28170,217,IEC 60050 : 721 : 2017
28170,218,IEC 60050 : 721 : 2018
28170,219,IEC 60050 : 721 : 2019
28170,220,IEC 60050 : 721 : 2021
28170,221,IEC 60050 : 722 : 2017
28170,222,IEC 60050 : 723 : 1999
28170,223,IEC 60050 : 723 : 2016
28170,224,IEC 60050 : 723 : 2017
28170,225,IEC 60050 : 723 : 2018
28170,226,IEC 60050 : 903 : 2015
28170,227,IEC 60050 : 904 : 2015
28170,228,IEC 60050 : 904 : 2016
28170,229,IEC 60050 : 904 : 2019
28170,230,IEC 60050 : 723 : 2019
28170,231,IEC 60050 : 723 : 2020
28170,232,IEC 60050 : 723 : 2021
28170,233,IEC 60050 : 725 : 2016
28170,234,IEC 60050 : 725 : 2019
28170,235,IEC 60050 : 725 : 2021
28170,236,IEC 60050 : 726 : 2016
28170,237,IEC 60050 : 726 : 2017
28170,238,IEC 60050 : 726 : 2018
28170,239,IEC 60050 : 726 : 2019
28170,240,IEC 60050 : 726 : 2020
28170,241,IEC 60050 : 726 : 2021
28170,242,IEC 60050 : 726 : 2021
28170,243,IEC 60050 : 731 : 2016
28170,244,IEC 60050 : 731 : 2017
28170,245,IEC 60050 : 731 : 2018
28170,246,IEC 60050 : 731 : 2020
28170,247,IEC 60050 : 731 : 2021
28170,248,IEC 60050 : 732 : 2014
28170,249,IEC 60050 : 732 : 2016
28170,250,IEC 60050 : 732 : 2021
28170,251,IEC 60050 : 801 : 2018
28170,252,IEC 60050 : 801 : 2021
28170,253,IEC 60050 : 801 : 2021
28170,254,IEC 60050 : 801 : 2021
28170,255,IEC 60050 : 802 : 2021
28170,256,IEC 60050 : 0 : 0 0
28170,257,IEC 60050 : 806 : 2001
28170,258,IEC 60050 : 806 : 2018
28170,259,IEC 60050 : 808 : 2018
28170,260,IEC 60050 : 811 : 2021
28170,261,IEC 60050 : 815 : 2016
28170,262,IEC 60050 : 815 : 2020
28170,263,IEC 60050 : 815 : 2021
28170,264,IEC 60050 : 841 : 2021
28170,265,IEC 60050 : 851 : 2014
28170,266,IEC 60050 : 881 : 2014
28170,267,IEC 60050 : 881 : 2019
28170,268,IEC 60050 : 881 : 2020
28170,269,IEC 60050 : 891 : 2018
28170,270,IEC 60050 : 903 : 2014
28170,271,IEC 60050 : 903 : 2015
28170,272,IEC 60050 : 904 : 2015
28170,273,IEC 60050 : 904 : 2016
28170,274,IEC 60050 : 904 : 2019
21635,1,IEC 60068 : 1 : 2013
21635,2,IEC 60068 : 2 : 1
21635,3,IEC 60068 : 2 : 14
21635,4,IEC 60068 : 2 : 17
21635,5,IEC 60068 : 2 : 58
21635,6,IEC 60068 : 2 : 78
21635,7,IEC 60068 : 2 : 13
21635,8,IEC 60068 : 2 : 30
21635,9,IEC 60695 : 11 : 5
21635,10,IEC 61000 : 4 : 2
21635,11,IEC 60068 : 2 : 6
21635,12,IEC 60122 : 1 : 0 0
21635,13,IEC 60068 : 2 : 20
21635,14,IEC 80000 : 6 : 2008
21635,15,IEC 80000 : 13 : 2008
21635,16,ISO 80000 : 8 : 2019
21635,17,ISO 80000 : 3 : 2019
21635,18,ISO 80000 : 2 : 2019
21635,19,ISO 80000 : 5 : 2019
21635,20,ISO 80000 : 7 : 2019
21635,21,ISO 80000 : 9 : 2009
21635,22,ISO 80000 : 4 : 2019
21635,23,ISO 80000 : 11 : 2019
21635,24,ISO 80000 : 12 : 2019
21635,25,ISO 80000 : 10 : 2019
21635,26,ISO 80000 : 1 : 2009
21635,27,IEC 60050 : 102 : 2007
21635,28,IEC 60050 : 103 : 2009
21635,29,IEC 60050 : 112 : 2010
21635,30,IEC 60050 : 113 : 2011
21635,31,IEC 60050 : 114 : 2014
21635,32,IEC 60050 : 121 : 1998
21635,33,IEC 60050 : 131 : 2002
21635,34,IEC 60050 : 141 : 2004
21635,35,IEC 60050 : 151 : 2001
21635,36,IEC 60050 : 171 : 2019
21635,37,IEC 60050 : 192 : 2015
21635,38,IEC 60050 : 195 : 2021
21635,39,IEC 60050 : 212 : 2010
21635,40,IEC 60050 : 300 : 2001
21635,41,IEC 60050 : 351 : 2013
21635,42,IEC 60050 : 395 : 2014
21635,43,IEC 60050 : 411 : 1996
21635,44,IEC 60050 : 415 : 1999
21635,45,IEC 60050 : 417 : 2022
21635,46,IEC 60050 : 426 : 2020
21635,47,IEC 60050 : 442 : 1998
21635,48,IEC 60050 : 444 : 2002
21635,49,IEC 60050 : 445 : 2010
21635,50,IEC 60050 : 447 : 2020
21635,51,IEC 60050 : 461 : 2008
21635,52,IEC 60050 : 471 : 2007
21635,53,IEC 60050 : 482 : 2004
21635,54,IEC 60050 : 485 : 2020
21635,55,IEC 60050 : 511 : 2018
21635,56,IEC 60050 : 521 : 2002
21635,57,IEC 60050 : 523 : 2018
21635,58,IEC 60050 : 551 : 20 2001
21635,59,IEC 60050 : 561 : 2014
21635,60,IEC 60050 : 581 : 2008
21635,61,IEC 60050 : 614 : 2016
21635,62,IEC 60050 : 617 : 2009
21635,63,IEC 60050 : 651 : 2014
21635,64,IEC 60050 : 692 : 2017
21635,65,IEC 60050 : 713 : 1998
21635,66,IEC 60050 : 732 : 2010
21635,67,IEC 60050 : 741 : 2020
21635,68,IEC 60050 : 802 : 2011
21635,69,IEC 60050 : 806 : 1996
21635,70,IEC 60050 : 807 : 1998
21635,71,IEC 60050 : 808 : 2002
21635,72,IEC 60050 : 811 : 2017
21635,73,IEC 60050 : 815 : 2015
21635,74,IEC 60050 : 821 : 2017
21635,75,IEC 60050 : 826 : 2022
21635,76,IEC 60050 : 841 : 2004
21635,77,IEC 60050 : 845 : 2020
21635,78,IEC 60050 : 851 : 2008
21635,79,IEC 60050 : 901 : 2013
21635,80,IEC 60050 : 902 : 2013
21635,81,IEC 60050 : 903 : 2013
21635,82,IEC 60050 : 904 : 2014
21635,83,IEC 60050 : 891 : 1998
21635,84,IEC 60050 : 872 : 2022
21635,85,IEC 60050 : 871 : 2018
21635,86,IEC 60068 : 2 : 2
21635,87,IEC 60068 : 2 : 7
21635,88,IEC 60068 : 2 : 21
21635,89,IEC 60068 : 2 : 27
21635,90,IEC 60068 : 2 : 31
21635,91,IEC 60068 : 2 : 45
21635,92,IEC 60068 : 2 : 52
21635,93,IEC 60068 : 2 : 64
21635,94,IEC 60617 : 0 : 0 0
21635,95,IEC 60642 : 0 : 0 0
21635,96,IEC 60749 : 281 : 0 0
21635,97,IEC 61340 : 3 : 1
21635,98,IEC 61340 : 3 : 2
21635,99,IEC 60050 : 102 : 2017
21635,100,IEC 60050 : 102 : 2017
21635,101,IEC 60050 : 102 : 2020
21635,102,IEC 60050 : 102 : 2021
21635,103,IEC 60050 : 103 : 2017
21635,104,IEC 60050 : 103 : 2019
21635,105,IEC 60050 : 103 : 2020
21635,106,IEC 60050 : 103 : 2021
21635,107,IEC 60050 : 112 : 2019
21635,108,IEC 60050 : 112 : 2020
21635,109,IEC 60050 : 113 : 2014
21635,110,IEC 60050 : 113 : 2020
21635,111,IEC 60050 : 113 : 2020
21635,112,IEC 60050 : 113 : 2022
21635,113,IEC 60050 : 114 : 2017
21635,114,IEC 60050 : 121 : 2002
21635,115,IEC 60050 : 121 : 2008
21635,116,IEC 60050 : 121 : 2019
21635,117,IEC 60050 : 121 : 2021
21635,118,IEC 60050 : 121 : 2021
21635,119,IEC 60050 : 131 : 2008
21635,120,IEC 60050 : 131 : 2013
21635,121,IEC 60050 : 131 : 2019
21635,122,IEC 60050 : 131 : 2021
21635,123,IEC 60050 : 131 : 2021
21635,124,IEC 60050 : 151 : 2013
21635,125,IEC 60050 : 151 : 2014
21635,126,IEC 60050 : 151 : 2019
21635,127,IEC 60050 : 151 : 2020
21635,128,IEC 60050 : 151 : 2021
21635,129,IEC 60050 : 161 : 1998
21635,130,IEC 60050 : 161 : 2014
21635,131,IEC 60050 : 161 : 2014
21635,132,IEC 60050 : 161 : 2015
21635,133,IEC 60050 : 161 : 2016
21635,134,IEC 60050 : 161 : 2017
21635,135,IEC 60050 : 161 : 2018
21635,136,IEC 60050 : 161 : 2019
21635,137,IEC 60050 : 161 : 2021
21635,138,IEC 60050 : 192 : 2016
21635,139,IEC 60050 : 212 : 2015
21635,140,IEC 60050 : 212 : 2015
21635,141,IEC 60050 : 212 : 2020
21635,142,IEC 60050 : 221 : 1999
21635,143,IEC 60050 : 221 : 2007
21635,144,IEC 60050 : 221 : 2020
21635,145,IEC 60050 : 300 : 2015
21635,146,IEC 60050 : 300 : 2016
21635,147,IEC 60050 : 300 : 2017
21635,148,IEC 60050 : 300 : 2020
21635,149,IEC 60050 : 351 : 2016
21635,150,IEC 60050 : 395 : 2016
21635,151,IEC 60050 : 395 : 2020
21635,152,IEC 60050 : 411 : 2007
21635,153,IEC 60050 : 411 : 2021
21635,154,IEC 60050 : 431 : 2021
21635,155,IEC 60050 : 441 : 2000
21635,156,IEC 60050 : 442 : 2015
21635,157,IEC 60050 : 442 : 2015
21635,158,IEC 60050 : 442 : 2019
21635,159,IEC 60050 : 466 : 2020
21635,160,IEC 60050 : 466 : 2021
21635,161,IEC 60050 : 466 : 2021
21635,162,IEC 60050 : 471 : 2015
21635,163,IEC 60050 : 482 : 2016
21635,164,IEC 60050 : 482 : 2020
21635,165,IEC 60050 : 521 : 2017
21635,166,IEC 60050 : 521 : 2018
21635,167,IEC 60050 : 523 : 2019
21635,168,IEC 60050 : 531 : 2017
21635,169,IEC 60050 : 531 : 2020
21635,170,IEC 60050 : 541 : 2015
21635,171,IEC 60050 : 551 : 2017
21635,172,IEC 60050 : 561 : 2016
21635,173,IEC 60050 : 561 : 2020
21635,174,IEC 60050 : 561 : 2021
21635,175,IEC 60050 : 561 : 2021
21635,176,IEC 60050 : 601 : 1998
21635,177,IEC 60050 : 601 : 2020
21635,178,IEC 60050 : 603 : 1998
21635,179,IEC 60050 : 617 : 2011
21635,180,IEC 60050 : 617 : 2017
21635,181,IEC 60050 : 617 : 2018
21635,182,IEC 60050 : 691 : 2019
21635,183,IEC 60050 : 701 : 2016
21635,184,IEC 60050 : 701 : 2019
21635,185,IEC 60050 : 702 : 2016
21635,186,IEC 60050 : 702 : 2016
21635,187,IEC 60050 : 702 : 2017
21635,188,IEC 60050 : 702 : 2018
21635,189,IEC 60050 : 702 : 2019
21635,190,IEC 60050 : 702 : 2021
21635,191,IEC 60050 : 704 : 2016
21635,192,IEC 60050 : 704 : 2017
21635,193,IEC 60050 : 704 : 2018
21635,194,IEC 60050 : 704 : 2019
21635,195,IEC 60050 : 705 : 2015
21635,196,IEC 60050 : 705 : 2016
21635,197,IEC 60050 : 705 : 2017
21635,198,IEC 60050 : 705 : 2019
21635,199,IEC 60050 : 705 : 2020
21635,200,IEC 60050 : 705 : 2021
21635,201,IEC 60050 : 705 : 2021
21635,202,IEC 60050 : 712 : 2021
21635,203,IEC 60050 : 713 : 1998
21635,204,IEC 60050 : 713 : 2016
21635,205,IEC 60050 : 713 : 2017
21635,206,IEC 60050 : 713 : 2018
21635,207,IEC 60050 : 713 : 2019
21635,208,IEC 60050 : 713 : 2021
21635,209,IEC 60050 : 714 : 2016
21635,210,IEC 60050 : 714 : 2017
21635,211,IEC 60050 : 714 : 2018
21635,212,IEC 60050 : 714 : 2019
21635,213,IEC 60050 : 715 : 2016
21635,214,IEC 60050 : 715 : 2019
21635,215,IEC 60050 : 715 : 2021
21635,216,IEC 60050 : 721 : 2016
21635,217,IEC 60050 : 721 : 2017
21635,218,IEC 60050 : 721 : 2018
21635,219,IEC 60050 : 721 : 2019
21635,220,IEC 60050 : 721 : 2021
21635,221,IEC 60050 : 722 : 2017
21635,222,IEC 60050 : 723 : 1999
21635,223,IEC 60050 : 723 : 2016
21635,224,IEC 60050 : 723 : 2017
21635,225,IEC 60050 : 723 : 2018
21635,226,IEC 60050 : 903 : 2015
21635,227,IEC 60050 : 904 : 2015
21635,228,IEC 60050 : 904 : 2016
21635,229,IEC 60050 : 904 : 2019
21635,230,IEC 60050 : 723 : 2019
21635,231,IEC 60050 : 723 : 2020
21635,232,IEC 60050 : 723 : 2021
21635,233,IEC 60050 : 725 : 2016
21635,234,IEC 60050 : 725 : 2019
21635,235,IEC 60050 : 725 : 2021
21635,236,IEC 60050 : 726 : 2016
21635,237,IEC 60050 : 726 : 2017
21635,238,IEC 60050 : 726 : 2018
21635,239,IEC 60050 : 726 : 2019
21635,240,IEC 60050 : 726 : 2020
21635,241,IEC 60050 : 726 : 2021
21635,242,IEC 60050 : 726 : 2021
21635,243,IEC 60050 : 731 : 2016
21635,244,IEC 60050 : 731 : 2017
21635,245,IEC 60050 : 731 : 2018
21635,246,IEC 60050 : 731 : 2020
21635,247,IEC 60050 : 731 : 2021
21635,248,IEC 60050 : 732 : 2014
21635,249,IEC 60050 : 732 : 2016
21635,250,IEC 60050 : 732 : 2021
21635,251,IEC 60050 : 801 : 2018
21635,252,IEC 60050 : 801 : 2021
21635,253,IEC 60050 : 801 : 2021
21635,254,IEC 60050 : 801 : 2021
21635,255,IEC 60050 : 802 : 2021
21635,256,IEC 60050 : 0 : 0 0
21635,257,IEC 60050 : 806 : 2001
21635,258,IEC 60050 : 806 : 2018
21635,259,IEC 60050 : 808 : 2018
21635,260,IEC 60050 : 811 : 2021
21635,261,IEC 60050 : 815 : 2016
21635,262,IEC 60050 : 815 : 2020
21635,263,IEC 60050 : 815 : 2021
21635,264,IEC 60050 : 841 : 2021
21635,265,IEC 60050 : 851 : 2014
21635,266,IEC 60050 : 881 : 2014
21635,267,IEC 60050 : 881 : 2019
21635,268,IEC 60050 : 881 : 2020
21635,269,IEC 60050 : 891 : 2018
21635,270,IEC 60050 : 903 : 2014
21635,271,IEC 60050 : 903 : 2015
21635,272,IEC 60050 : 904 : 2015
21635,273,IEC 60050 : 904 : 2016
21635,274,IEC 60050 : 904 : 2019
26344,1,IEC 60870 : 5 : 101 2003
26344,2,IEC 0 : 0 : 0 0
23476,1,IEC 60825 : 1 : 0 0
66179,1,IEC 60050 : 731 : 0 0
66179,2,IEC 60825 : 1 : 0 0
66179,3,IEC 61300 : 0 : 0 0
66179,4,IEC 61753 : 0 : 0 0
66179,5,IEC 61755 : 0 : 0 0
23434,1,IEC 60050 : 731 : 0 0
23434,2,IEC 60825 : 1 : 0 0
23434,3,IEC 61300 : 0 : 0 0
23434,4,IEC 61753 : 0 : 0 0
23434,5,IEC 61755 : 0 : 0 0
21173,1,IEC 60050 : 731 : 0 0
21173,2,IEC 61000 : 0 : 0 0
21173,3,IEC 62047 : 1 : 0 0
21173,4,ISO 0 : 0 : 0 0
20834,1,IEC 60038 : 1983
20834,2,60050 : 441 : 1984
20834,3,IEC 60060 : 1 : 1989
20834,4,IEC 60112 : 1979
20834,5,IEC 60227 : 0 : 0 0
20834,6,IEC 60269 : 1 : 1986
20834,7,IEC 60269 : 2 : 1986
20834,8,IEC 60269 : 2 : 1 1987
20834,9,IEC 60364 : 4 : 41 1992
20834,10,IEC 60364 : 4 : 473 1977
20834,11,IEC 60529 : 0 : 0 0
20834,12,IEC 60664 : 1 : 2002
20834,13,IEC 60947 : 1 : 1999
20834,14,IEC 60947 : 2 : 1989
20834,15,IEC 61009 : 1 : 2003
25535,1,IEC 60038 : 1983
25535,2,60050 : 441 : 1984
25535,3,IEC 60060 : 1 : 1989
25535,4,IEC 60112 : 1979
25535,5,IEC 60227 : 0 : 0 0
25535,6,IEC 60269 : 1 : 1986
25535,7,IEC 60269 : 2 : 1986
25535,8,IEC 60269 : 2 : 1 1987
25535,9,IEC 60364 : 4 : 41 1992
25535,10,IEC 60364 : 4 : 473 1977
25535,11,IEC 60529 : 0 : 0 0
25535,12,IEC 60664 : 1 : 2002
25535,13,IEC 60947 : 1 : 1999
25535,14,IEC 60947 : 2 : 1989
25535,15,IEC 61009 : 1 : 2003
12916,1,ISO/IEC 62305 : 3 : 2010
12916,2,ISO/IEC 62305 : 4 : 2010
26244,1,IEC 60390 : 0 : 0 0
26244,2,IEC 60620 : 0 : 0 0
12930,1,ISO 5316 : 0 : 0 0
12930,2,ISO 7497 : 0 : 0 0
19991,1,ISO 4026 : 2003
19991,2,ISO 225 : 1983
19991,3,ISO 261 : 1998
19991,4,ISO 898 : 5 : 1998
19991,5,ISO 965 : 2 : 1998
19991,6,ISO 965 : 3 : 1998
19991,7,ISO 3269 : 2000
19991,8,ISO 3506 : 3 : 1997
19991,9,ISO 4042 : 1999
19991,10,ISO 4759 : 1 : 2000
19991,11,ISO 6151 : 1 : 1988
19991,12,ISO 8992 : 1986
19991,13,ISO 8839 : 1988
19991,14,ISO 10683 : 2000
19991,15,ISO 23249 : 2004
19992,1,ISO 4026 : 1983
19992,2,ISO 4027 : 1983
19992,3,ISO 4028 : 1983
19992,4,ISO 4029 : 1983
19992,5,ISO 261 : 1998
19992,6,ISO 898 : 5 : 1998
19992,7,ISO 965 : 2 : 1998
19992,8,ISO 965 : 3 : 1998
19992,9,ISO 3269 : 2000
19992,10,ISO 3506 : 3 : 1997
19992,11,ISO 4042 : 1999
19992,12,ISO 4759 : 1 : 2000
19992,13,ISO 6151 : 1 : 1988
19992,14,ISO 8992 : 1986
19992,15,ISO 8839 : 1986
19992,16,ISO 10683 : 2000
19992,17,ISO 23429 : 2004
19993,1,ISO 225 : 1983
19993,2,ISO 261 : 1998
19993,3,ISO 965 : 2 : 1998
19993,4,ISO 965 : 3 : 1998
19993,5,ISO 3269 : 2000
19993,6,ISO 3506 : 3 : 1997
19993,7,ISO 4042 : 1999
19993,8,ISO 4759 : 1 : 2000
19993,9,ISO 6157 : 1 : 1988
19993,10,ISO 8992 : 1986
19993,11,ISO 10683 : 2000
19993,12,ISO 23429 : 2004
19994,1,ISO 225 : 1983
19994,2,ISO 261 : 1988
19994,3,ISO 898 : 5 : 1998
19994,4,ISO 965 : 2 : 1998
19994,5,ISO 365 : 3 : 1998
19994,6,ISO 4042 : 1999
19994,7,ISO 4759 : 1 : 2000
19994,8,ISO 6157 : 1 : 1988
19994,9,ISO 8992 : 1986
19994,10,ISO 8839 : 1986
19994,11,ISO 10683 : 2000
19994,12,ISO 23429 : 2004
29445,1,IEC 60034 : 12 : 2016
29445,2,IEC 60034 : 30 : 1 2014
29445,3,IEC 60228 : 2004
29445,4,IEC 60417 : 0 : 0 0
29445,5,IEC 61545 : 1996
29445,6,IEC 62208 : 2011
29446,1,IEC 60034 : 12 : 2016
29446,2,IEC 60034 : 30 : 1
29446,3,IEC 60068 : 2 : 14 2009
29446,4,IEC 60079 : 14 : 0 0
29446,5,IEC 60364 : 1 : 2005
29446,6,IEC 61051 : 2 : 0 0
29446,7,IEC 61140 : 2016
29447,1,IEC 60068 : 2 : 14 2009
29447,2,IEC 60068 : 2 : 30 2005
29447,3,IEC 60417 : 2002
29447,4,IEC 60617 : 2012
29447,5,IEC 60999 : 1 : 1999
29447,6,IEC 61140 : 2015
66587,1,IEC 60034 : 12 : 2016
66587,2,IEC 60034 : 30 : 1
66587,3,IEC 60068 : 2 : 14 2009
66587,4,IEC 60079 : 14 : 0 0
66587,5,IEC 60364 : 1 : 2005
66587,6,IEC 61051 : 2 : 0 0
66587,7,IEC 61140 : 2016
28737,1,IEC 60034 : 1 : 2017
28737,2,IEC 60038 : 0 : 0 0
28737,3,IEC 60085 : 2007
28737,4,IEC 60364 : 7 : 712
28737,5,IEC 60715 : 0 : 0 0
28737,6,IEC 60730 : 1 : 0 0
28737,7,IEC 60947 : 1 : 2007
28738,1,IEC 60715 : 0 : 0 0
28738,2,IEC 60730 : 1 : 0 0
28738,3,IEC 60947 : 1 : 2020
21582,1,IEC 60068 : 2 : 14 2009
21582,2,IEC 60068 : 2 : 30 2005
21582,3,IEC 60417 : 0 : 0 0
21582,4,IEC 60445 : 2017
21582,5,IEC 60825 : 1 : 2014
21582,6,IEC 60947 : 5 : 3
21582,7,IEC 61140 : 0 : 0 0
21582,8,EN 10084 : 2008
21582,9,ISO/TR 622471 : 2 : 2009
21582,10,IEC 117 : 2010
28751,1,IEC 60068 : 1 : 2013
28751,2,IEC 60068 : 2 : 1 2007
29520,1,IEC 60417 : 0 : 0 0
29520,2,IEC 60617 : 0 : 0 0
29520,3,IEC 61051 : 2 : 0 0
29521,1,IEC 60068 : 2 : 2 2007
29521,2,IEC 60417 : 0 : 0 0
29521,3,IEC 61000 : 4 : 13 2002
20836,1,IEC 60068 : 1 : 2013
20836,2,IEC 60068 : 2 : 1 2007
20837,1,IEC 60034 : 12 : 2016
20837,2,IEC 60034 : 30 : 1 2014
20837,3,IEC 60228 : 2004
20837,4,IEC 60417 : 0 : 0 0
20837,5,IEC 61545 : 1996
20837,6,IEC 62208 : 2011
20838,1,IEC 60715 : 0 : 0 0
20838,2,IEC 60730 : 1 : 0 0
20838,3,IEC 60947 : 1 : 2020
26746,1,IEC 60417 : 0 : 0 0
26746,2,IEC 60617 : 0 : 0 0
26746,3,IEC 61051 : 2 : 0 0
23963,1,IEC 60417 : 2002
23963,2,IEC 60721 : 3 : 3 1994
17826,1,IEC 61140 : 2016
17827,1,IEC 60034 : 12 : 2016
17827,2,IEC 60034 : 30 : 1
17827,3,IEC 60068 : 2 : 14 2009
17827,4,IEC 60079 : 14 : 0 0
17827,5,IEC 60364 : 1 : 2005
17827,6,IEC 61051 : 2 : 0 0
17827,7,IEC 61140 : 2016
17828,1,IEC 60034 : 1 : 2017
17828,2,IEC 60038 : 0 : 0 0
17828,3,IEC 60085 : 2007
17828,4,IEC 60364 : 7 : 712
17828,5,IEC 60715 : 0 : 0 0
17828,6,IEC 60730 : 1 : 0 0
17828,7,IEC 60947 : 1 : 2007
17829,1,IEC 60068 : 2 : 14 2009
17829,2,IEC 60068 : 2 : 30 2005
17829,3,IEC 60417 : 2002
17829,4,IEC 60617 : 2012
17829,5,IEC 60999 : 1 : 1999
17829,6,IEC 61140 : 2015
29637,1,IEC 60068 : 2 : 14 2009
29637,2,IEC 60068 : 2 : 30 2005
29637,3,IEC 60417 : 0 : 0 0
29637,4,IEC 60445 : 2017
29637,5,IEC 60825 : 1 : 2014
29637,6,IEC 60947 : 5 : 3
29637,7,IEC 61140 : 0 : 0 0
29637,8,EN 10084 : 2008
29637,9,ISO/TR 622471 : 2 : 2009
29637,10,IEC 117 : 2010
66503,1,IEC 60068 : 2 : 14 2009
66503,2,IEC 60068 : 2 : 30 2005
66503,3,IEC 60417 : 2002
66503,4,IEC 60617 : 2012
66503,5,IEC 60999 : 1 : 1999
66503,6,IEC 61140 : 2015
25041,1,IEC 60068 : 2 : 2 2007
25041,2,IEC 60417 : 0 : 0 0
25041,3,IEC 61000 : 4 : 13 2002
28425,1,IEC 60268 : 11 : 1987
28425,2,IEC 60958 : 4 : 2 2016
28425,3,IEC 60958 : 4 : 4 2016
28425,4,IEC 60958 : 5 : 0 0
65837,1,IEC 60958 : 1 : 0 0
65837,2,IEC 60958 : 4 : 0 0
65837,3,IEC 60268 : 11 : 0 0
65837,4,IEC 60841 : 0 : 0 0
65837,5,IEC 60908 : 0 : 0 0
65837,6,IEC 60119 : 1 : 0 0
65837,7,IEC 60119 : 6 : 0 0
20839,1,IEC 60268 : 11 : 1987
20839,2,IEC 60958 : 4 : 2 2016
20839,3,IEC 60958 : 4 : 4 2016
20839,4,IEC 60958 : 5 : 0 0
20840,1,IEC 60958 : 1 : 0 0
20840,2,IEC 60958 : 4 : 0 0
20840,3,IEC 60268 : 11 : 0 0
20840,4,IEC 60841 : 0 : 0 0
20840,5,IEC 60908 : 0 : 0 0
20840,6,IEC 60119 : 1 : 0 0
20840,7,IEC 60119 : 6 : 0 0
20841,1,IEC 60266 : 0 : 0 0
17564,1,IEC 104 : 2010
24162,1,IEC 60228 : 1978
24162,2,IEC 60068 : 2 : 38 1995
24162,3,IEC 60695 : 10 : 2 1995
24162,4,ISO 1456 : 1988
24162,5,ISO 2081 : 1986
12940,1,ISO 8839 : 0 : 0 0
12940,2,ISO 10683 : 0 : 0 0
24171,1,0 0 : 0 : 0 0
26245,1,IEC 60027 : 0 : 0 0
26245,2,IEC 60068 : 2 : 27
26245,3,IEC 60529 : 0 : 0 0
26245,4,IEC 60721 : 3 : 3
26245,5,IEC 61058 : 1 : 2016
26245,6,ISO 80000 : 1 : 0 0
26245,7,IEC 60050 : 581 : 0 0
26245,8,IEC 60068 : 1 : 2013
26245,9,IEC 60068 : 2 : 1
26245,10,IEC 60068 : 2 : 2
26245,11,IEC 60068 : 2 : 6
26245,12,IEC 60068 : 2 : 10
26245,13,IEC 60068 : 2 : 11
26245,14,IEC 60068 : 2 : 13
26245,15,IEC 60068 : 2 : 14
26245,16,IEC 60068 : 2 : 17
26245,17,IEC 60068 : 2 : 20 2008
26245,18,IEC 60068 : 2 : 21
26245,19,IEC 60068 : 2 : 30 2005
26245,20,IEC 60068 : 2 : 38 2009
26245,21,IEC 60068 : 2 : 42
26245,22,IEC 60068 : 2 : 43
26245,23,IEC 60068 : 2 : 45
26245,24,IEC 60068 : 2 : 46
26245,25,IEC 60068 : 2 : 49
26245,26,IEC 60068 : 2 : 58 2015
26245,27,IEC 60068 : 2 : 61 1991
26245,28,IEC 60068 : 2 : 68 1994
26245,29,IEC 60068 : 2 : 77
26245,30,IEC 60068 : 2 : 78
26245,31,IEC 60617 : 0 : 0 0
26245,32,IEC 61058 : 1 : 1 2016
25127,1,IEC 61165 : 0 : 0 0
12943,1,EN 14370 : 0 : 0 0
31215,1,EN 14370 : 0 : 0 0
28752,1,IEC 60038 : 0 : 0 0
20842,1,IEC 60038 : 0 : 0 0
26422,1,IEC 60050 : 581 : 1978
26422,2,IEC 62197 : 1 : 2006
26422,3,IEC 62225 : 2001
26422,4,IEC 109 : 2003
26422,5,ISO 129 : 1 : 2004
26422,6,ISO 286 : 1 : 1988
26422,7,ISO 286 : 2 : 1988
26422,8,ISO 1000 : 1992
26422,9,ISO 1302 : 2002
27254,1,IEC 60050 : 581 : 2008
27254,2,IEC 60352 : 5 : 2001
27254,3,IEC 60352 : 8 : 0 0
26232,1,IEC 60352 : 1 : 1983
26232,2,IEC 60352 : 5 : 1995
26232,3,IEC 60917 : 2 : 2 1994
26232,4,IEC 61076 : 1 : 1995
26232,5,IEC 61076 : 4 : 1995
26232,6,IEC 61076 : 4 : 102 1997
26232,7,IEC 60664 : 1 : 1992
26233,1,IEC 60352 : 5 : 1995
26233,2,IEC 60917 : 1988
26233,3,IEC 60917 : 2 : 2 1994
26233,4,IEC 61076 : 1 : 1995
26233,5,IEC 61076 : 4 : 1995
26233,6,IEC 61076 : 4 : 100 1994
26233,7,IEC 61076 : 4 : 101 1995
26233,8,ISO 468 : 1982
26234,1,IEC 60352 : 5 : 1995
26234,2,IEC 60512 : 23 : 3
26234,3,IEC 60917 : 1988
26234,4,IEC 60917 : 2 : 2 1994
26234,5,IEC 61076 : 1 : 1995
26234,6,IEC 61076 : 4 : 1995
26234,7,IEC 61076 : 4 : 100 1994
26234,8,ISO 468 : 1982
26235,1,IEC 60352 : 5 : 1995
26235,2,IEC 60603 : 1 : 1991
26235,3,IEC 60917 : 1988
26235,4,IEC 60917 : 2 : 2 1994
26235,5,IEC 61076 : 1 : 1995
26235,6,IEC 61076 : 4 : 1995
26235,7,IEC 61076 : 4 : 1 1996
26235,8,ISO 468 : 1982
26236,1,IEC 60352 : 5 : 2001
26236,2,IEC 60512 : 1 : 100
26236,3,IEC 60917 : 2 : 2 1994
26236,4,IEC 61076 : 1 : 1995
26236,5,IEC 61076 : 4 : 1995
26236,6,IEC 61076 : 4 : 1 1996
26236,7,ISO 1302 : 2002
26031,1,IEC 326 : 2 : 1990
26031,2,IEC 60352 : 4 : 1994
26031,3,IEC 61076 : 1 : 1995
26031,4,IEC 61076 : 4 : 1995
26031,5,ISO 468 : 1982
26036,1,IEC 60352 : 1 : 1997
26036,2,IEC 60352 : 2 : 1990
26036,3,IEC 60352 : 3 : 1993
26036,4,IEC 60352 : 5 : 2001
26036,5,IEC 60512 : 1 : 100 2001
26036,6,IEC 60917 : 1 : 1998
26036,7,IEC 60917 : 2 : 2 1994
26036,8,IEC 61076 : 1 : 1995
26036,9,IEC 61076 : 4 : 1995
26036,10,IEC 61076 : 4 : 1 1996
26036,11,IEC 61076 : 4 : 100 2001
26036,12,ISO 1302 : 1992
26037,1,IEC 60352 : 2 : 1990
26037,2,IEC 60352 : 4 : 1994
26037,3,IEC 60352 : 5 : 2001
26037,4,IEC 60512 : 23 : 3
26037,5,IEC 60917 : 2 : 2 1994
26037,6,IEC 61076 : 1 : 1995
26037,7,IEC 61076 : 4 : 1995
26037,8,IEC 61076 : 4 : 104
26037,9,ISO 1302 : 1992
26038,1,IEC 60068 : 2 : 54 1985
26038,2,IEC 60097 : 1991
26038,3,IEC 60326 : 5 : 1995
26038,4,IEC 60352 : 1 : 1997
26038,5,IEC 60352 : 5 : 2001
26038,6,IEC 60512 : 1 : 100
26038,7,IEC 60603 : 2 : 1995
26038,8,IEC 61076 : 1 : 1995
26038,9,IEC 61076 : 4 : 1995
26038,10,ISO 1302 : 1992
26607,1,IEC 60352 : 1 : 1983
26607,2,IEC 60352 : 5 : 1995
26607,3,IEC 60917 : 2 : 2 1994
26607,4,IEC 61076 : 1 : 1995
26607,5,IEC 61076 : 4 : 1995
26607,6,IEC 61076 : 4 : 102 1997
26607,7,IEC 60664 : 1 : 1992
26670,1,ISO 4073 : 2009
26670,2,ISO 7494 : 2 : 2015
26670,3,ISO 8191 : 1 : 1987
26670,4,ISO 11143 : 2008
26670,5,ISO 17664 : 2017
26670,6,ISO 21530 : 2004
26670,7,IEC 62366 : 1 : 2015
26670,8,IEC 80601 : 2 : 60 2019
12955,1,ISO 1942 : 0 : 0 0
12955,2,ISO 4211 : 0 : 0 0
12955,3,ISO 7000 : 0 : 0 0
12955,4,ISO 7494 : 0 : 0 0
12955,5,ISO 9680 : 0 : 0 0
12955,6,ISO 9687 : 0 : 0 0
12955,7,IEC 417 : 0 : 0 0
12955,8,IEC 601 : 1 : 0 0
23665,1,IEC 601 : 1 : 1988
23665,2,IEC 601 : 2 : 7 1987
23665,3,IEC 601 : 2 : 29 1993
23665,4,IEC 788 : 1984
23671,1,0 0 : 0 : 0 0
12957,1,ISO 8976 : 1998
66037,1,ISO 8976 : 1998
26991,1,IEC 60169 : 15 : 0 0
26991,2,IEC 60454 : 3 : 1 1998
26991,3,IEC 61188 : 1 : 2 1998
26991,4,IEC 61190 : 1 : 1
26991,5,IEC 61190 : 1 : 2
26991,6,IEC 62326 : 4 : 1996
26991,7,IEC 62236 : 4 : 1 1996
26991,8,ISO 9453 : 2006
26992,1,IEC 61189 : 6 : 0 0
26992,2,IEC 61190 : 1 : 1
26992,3,IEC 61190 : 1 : 2 2002
26992,4,IEC 61190 : 1 : 3
26992,5,IEC 61249 : 2 : 7
26992,6,IEC 62137 : 2004
26992,7,ISO 9455 : 1 : 0 0
26992,8,ISO 9455 : 2 : 0 0
33542,1,IEC 60332 : 1 : 2
33039,1,IEC 61196 : 10 : 2022
23574,1,IEC 61196 : 1 : 1 2007
23574,2,IEC 61196 : 1 : 300
23574,3,IEC 62153 : 0 : 0 0
23574,4,IEC 62230 : 0 : 0 0
27158,1,IEC 60332 : 1 : 2
32597,1,IEC 61196 : 1 : 310
21385,1,IEC 62153 : 0 : 0 0
21385,2,IEC 60028 : 0 : 0 0
21385,3,IEC 60332 : 0 : 0 0
21385,4,IEC 60754 : 1 : 0 0
21385,5,IEC 60754 : 2 : 0 0
21385,6,IEC 811 : 1 : 1
21385,7,IEC 811 : 1 : 2
21385,8,IEC 60811 : 4 : 1
31884,1,IEC 61196 : 1 : 1 2007
31884,2,IEC 61196 : 1 : 300
31884,3,IEC 62153 : 0 : 0 0
31884,4,IEC 62230 : 0 : 0 0
26545,1,EN 50289 : 3 : 1
25042,1,0 0 : 0 : 0 0
25043,1,IEC 61196 : 1 : 310
25044,1,IEC 61196 : 1 : 315 2015
25044,2,IEC 62153 : 4 : 3
25044,3,IEC 62153 : 4 : 4
25045,1,IEC 61196 : 1 : 314 2015
25045,2,IEC 62153 : 4 : 3
25045,3,IEC 62153 : 4 : 4
25046,1,IEC 61196 : 1 : 314 2015
25046,2,IEC 62153 : 4 : 3
25046,3,IEC 62153 : 4 : 4
25048,1,IEC 61196 : 10 : 2022
25049,1,IEC 61196 : 8 : 0 0
25050,1,IEC 61196 : 8 : 0 0
25051,1,IEC 61196 : 4 : 0 0
25051,2,IEC 61196 : 8 : 2012
25072,1,0 0 : 0 : 0 0
25073,1,0 0 : 0 : 0 0
25074,1,0 0 : 0 : 0 0
12960,1,0 0 : 0 : 0 0
33760,1,0 0 : 0 : 0 0
24634,1,IEC 60050 : 121 : 0 0
24634,2,IEC 61000 : 3 : 12
24634,3,IEC 61000 : 6 : 4
24634,4,IEC 0 : 1 : 0 0
24634,5,IEC 0 : 1 : 2 2014
24634,6,IEC 0 : 2 : 2
24634,7,IEC 0 : 2 : 3
24670,1,IEC 60068 : 2 : 3 1969
24670,2,IEC 60068 : 2 : 29 1987
24670,3,IEC 60478 : 1 : 1974
24670,4,IEC 60478 : 2 : 1986
24670,5,IEC 60478 : 3 : 1989
24670,6,IEC 60478 : 4 : 1976
24670,7,IEC 60478 : 5 : 1993
24670,8,IEC 60721 : 3 : 1 1987
24670,9,IEC 60651 : 1979
24670,10,IEC 60801 : 4 : 1988
24670,11,IEC 60950 : 1991
21125,1,IEC 788 : 11984
21484,1,IEC 788 : 1984
25946,1,IEC 60601 : 1 : 2008
25946,2,IEC 60601 : 1 : 3 2008
25946,3,IEC 60788 : 2004
25948,1,IEC 60601 : 1 : 2005
25948,2,IEC 60601 : 1 : 3 2008
25948,3,IEC 60788 : 2004
25948,4,CEN 340 : 2003
25948,5,CEN 13402 : 3 : 0 0
12981,1,ISO 7277 : 2 : 0 0
24905,1,IEC 61400 : 25 : 0 0
24905,2,IEC 61400 : 25 : 2 2015
24905,3,IEC 61400 : 25 : 3 2015
24905,4,IEC 61400 : 25 : 4
24905,5,IEC 61400 : 25 : 6
24905,6,IEC 61850 : 7 : 1 2011
24905,7,IEC 61850 : 7 : 2 2010
24906,1,IEC 61400 : 25 : 0 0
24906,2,IEC 61400 : 25 : 1
24906,3,IEC 61400 : 25 : 3 2015
24906,4,IEC 61400 : 25 : 4
24906,5,IEC 61400 : 26 : 1 2011
24906,6,IEC 61850 : 7 : 1 2011
24906,7,IEC 61850 : 7 : 2 2010
24906,8,IEC 61850 : 7 : 3 2010
24906,9,IEC 61850 : 7 : 4 2010
24906,10,ISO 639 : 0 : 0 0
24906,11,ISO 3166 : 0 : 0 0
24907,1,IEC 61850 : 7 : 2 2010
24908,1,IEC 0 : 0 : 0 0
24909,1,IEC 61400 : 0 : 0 0
24909,2,IEC 61850 : 6 : 2009
24909,3,IEC 61850 : 7 : 1 2003
24909,4,IEC 61850 : 7 : 2 2003
24909,5,IEC 61850 : 7 : 3 2010
24909,6,IEC 61850 : 7 : 4 2003
24909,7,IEC 61850 : 10 : 2012
24909,8,ISO/IEC 9646 : 0 : 0 0
24910,1,IEC 61850 : 7 : 1 2011
24910,2,IEC 61850 : 7 : 2 2010
24910,3,IEC 61850 : 7 : 3 2010
24698,1,IEC 61400 : 1 : 2005
24698,2,ISO/IEC 17025 : 2005
24698,3,ISO 2394 : 1998
24698,4,IEC 60050 : 415 : 1999
30333,1,0 0 : 0 : 0 0
22404,1,IEC 61400 : 1 : 2005
22404,2,ISO/IEC 98 : 3 : 0 0
22404,3,IEC 61400 : 12 : 1
22423,1,0 0 : 0 : 0 0
26055,1,IEC 61400 : 1 : 2005
26055,2,ISO/IEC 98 : 3 : 0 0
26055,3,IEC 61400 : 12 : 1
23253,1,IEC 61400 : 1 : 0 0
24077,1,IEC 60695 : 10 : 11 2013
23573,1,IEC 60068 : 2 : 75
22824,1,IEC 61140 : 2016
29518,1,IEC 60068 : 2 : 75
29519,1,IEC 61140 : 2016
29820,1,IEC 60068 : 2 : 2 2007
29820,2,IEC 60068 : 2 : 11 1981
29820,3,IEC 60068 : 2 : 30 2005
29820,4,IEC 60073 : 2002
29820,5,IEC 60364 : 4 : 41 2005
29820,6,IEC 60364 : 5 : 51 2005
29820,7,IEC 60364 : 5 : 52 2009
29820,8,IEC 60439 : 1 : 0 0
29820,9,IEC 60890 : 2014
29820,10,IEC 61000 : 6 : 4 2018
29820,11,IEC 61082 : 1 : 2014
29820,12,IEC 61921 : 2017
29820,13,IEC 62208 : 2011
29820,14,IEC 81346 : 1 : 2009
29820,15,IEC 81346 : 2 : 2019
29820,16,ISO 178 : 2010
29820,17,ISO 179 : 1 : 2010
29820,18,ISO 179 : 2 : 1997
29820,19,ISO 2409 : 2013
29820,20,ISO 4628 : 3 : 2016
29820,21,ISO 4892 : 2 : 2013
29820,22,IEC 60445 : 2017
29820,23,IEC 60447 : 2004
21885,1,IEC 60364 : 4 : 41
21885,2,IEC 60364 : 6 : 0 0
21885,3,IEC 60445 : 0 : 0 0
21885,4,IEC 60529 : 0 : 0 0
21885,5,IEC 61439 : 1 : 0 0
21885,6,IEC 62262 : 0 : 0 0
23964,1,IEC 61009 : 2 : 1 1992
23964,2,IEC 61009 : 2 : 2 1992
23964,3,IEC 62423 : 2009
23965,1,IEC 60364 : 7 : 704 2005
23965,2,IEC 61140 : 2001
23965,3,IEC 61558 : 2 : 23 2010
66494,1,IEC 61009 : 2 : 1 1992
66494,2,IEC 61009 : 2 : 2 1992
66494,3,IEC 62423 : 2009
66495,1,IEC 60364 : 7 : 704 2005
66495,2,IEC 61140 : 2001
66495,3,IEC 61558 : 2 : 23 2010
66504,1,IEC 60695 : 10 : 11 2013
23254,1,IEC 60068 : 2 : 2 2007
23254,2,IEC 60068 : 2 : 11 1981
23254,3,IEC 60068 : 2 : 30 2005
23254,4,IEC 60073 : 2002
23254,5,IEC 60364 : 4 : 41 2005
23254,6,IEC 60364 : 5 : 51 2005
23254,7,IEC 60364 : 5 : 52 2009
23254,8,IEC 60439 : 1 : 0 0
23254,9,IEC 60890 : 2014
23254,10,IEC 61000 : 6 : 4 2018
23254,11,IEC 61082 : 1 : 2014
23254,12,IEC 61921 : 2017
23254,13,IEC 62208 : 2011
23254,14,IEC 81346 : 1 : 2009
23254,15,IEC 81346 : 2 : 2019
23254,16,ISO 178 : 2010
23254,17,ISO 179 : 1 : 2010
23254,18,ISO 179 : 2 : 1997
23254,19,ISO 2409 : 2013
23254,20,ISO 4628 : 3 : 2016
23254,21,ISO 4892 : 2 : 2013
23254,22,IEC 60445 : 2017
23254,23,IEC 60447 : 2004
31491,1,IEC 62039 : 0 : 0 0
30038,1,IEC 62039 : 0 : 0 0
21004,1,IEC 61508 : 2 : 2010
21004,2,IEC 61508 : 3 : 2010
21004,3,IEC 61508 : 4 : 2010
21004,4,ISO/IEC 0 : 1999
21004,5,IEC 0 : 1997
20844,1,IEC 61508 : 1 : 0 0
20844,2,IEC 61508 : 2 : 0 0
20844,3,IEC 61508 : 3 : 0 0
20844,4,IEC 61508 : 3 : 0 0
20844,5,IEC 61508 : 4 : 0 0
20844,6,ISO 61508 : 5 : 0 0
20844,7,IEC 61508 : 6 : 0 0
20844,8,IEC 61508 : 7 : 0 0
20845,1,IEC 60947 : 5 : 1
20845,2,IEC 61508 : 1 : 2010
20845,3,IEC 61508 : 3 : 2010
20845,4,IEC 61508 : 4 : 2010
20845,5,IEC 61508 : 7 : 2010
20845,6,ISO/IEC 0 : 1999
20845,7,IEC 0 : 1 : 2
20845,8,IEC 61326 : 3 : 1
20845,9,IEC 61784 : 3 : 0 0
20845,10,IEC 62280 : 1 : 0 0
20845,11,IEC 62280 : 2 : 0 0
20845,12,IEC 0 : 1997
20845,13,EN 50205 : 0 : 0 0
20846,1,IEC 61508 : 1 : 2010
20846,2,IEC 61508 : 2 : 2010
20846,3,IEC 61508 : 4 : 2010
20846,4,ISO/IEC 0 : 1999
20846,5,IEC 0 : 1997
20847,1,ISO/IEC 0 : 1999
20847,2,IEC 0 : 1997
20848,1,IEC 61508 : 1 : 2010
20848,2,IEC 61508 : 4 : 2010
20849,1,IEC 61508 : 2 : 2010
20849,2,IEC 61508 : 3 : 2010
20849,3,IEC 61508 : 4 : 2010
20850,1,IEC 61508 : 4 : 2010
12990,1,0 0 : 0 : 0 0
20851,1,IEC 61508 : 1 : 2010
20851,2,IEC 61508 : 2 : 2010
20851,3,IEC 61508 : 3 : 2010
20852,1,IEC 61511 : 1 : 2016
20853,1,IEC 61511 : 1 : 2016
12994,1,ISO 10349 : 1 : 1992
12994,2,ISO 10349 : 5 : 1992
12994,3,ISO 10349 : 6 : 1992
31940,1,ISO 10349 : 1 : 1992
31940,2,ISO 10349 : 5 : 1992
31940,3,ISO 10349 : 6 : 1992
31751,1,IEC 61243 : 3 : 0 0
31751,2,IEC 60364 : 6 : 2016
31751,3,IEC 61010 : 1 : 2010
31751,4,IEC 61010 : 2 : 30 2017
31751,5,IEC 61010 : 2 : 32
21583,1,IEC 61557 : 8 : 0 0
21584,1,IEC 61243 : 3 : 0 0
21584,2,IEC 60364 : 6 : 2016
21584,3,IEC 61010 : 1 : 2010
21584,4,IEC 61010 : 2 : 30 2017
21584,5,IEC 61010 : 2 : 32
634,1,IEC 61010 : 31 : 0 0
27515,1,IEC 61010 : 31 : 0 0
27372,1,IEC 61557 : 8 : 0 0
31308,1,IEC 60068 : 2 : 6
31308,2,IEC 60068 : 2 : 14
31308,3,IEC 60068 : 2 : 31
31308,4,IEC 60068 : 2 : 75
31308,5,IEC 60083 : 0 : 0 0
20854,1,IEC 60068 : 2 : 6
20854,2,IEC 60068 : 2 : 14
20854,3,IEC 60068 : 2 : 31
20854,4,IEC 60068 : 2 : 75
20854,5,IEC 60083 : 0 : 0 0
12999,1,IEC 60038 : 1983
12999,2,IEC 60086 : 4 : 2000
12999,3,IEC 60107 : 1 : 1997
12999,4,IEC 60127 : 6 : 0 0
12999,5,IEC 60227 : 2 : 1997
12999,6,IEC 60320 : 0 : 0 0
12999,7,IEC 60410 : 1973
12999,8,IEC 60695 : 11 : 5 2004
12999,9,IEC 60730 : 1 : 2010
12999,10,IEC 60747 : 5 : 5 2007
12999,11,IEC 60825 : 1 : 2007
12999,12,IEC 60906 : 0 : 0 0
12999,13,IEC 60990 : 0 : 0 0
12999,14,IEC 60998 : 2 : 2
12999,15,IEC 60999 : 1 : 0 0
12999,16,IEC 61032 : 1997
12999,17,IEC 61058 : 1 : 2000
12999,18,IEC 61149 : 0 : 0 0
12999,19,IEC 61293 : 0 : 0 0
12999,20,IEC 61558 : 1 : 2005
12999,21,IEC 61558 : 2 : 16
12999,22,IEC 61558 : 2 : 17
12999,23,IEC 61965 : 0 : 0 0
12999,24,IEC 62133 : 0 : 0 0
12999,25,IEC 62151 : 2000
12999,26,IEC 104 : 0 : 0 0
12999,27,IEC 112 : 0 : 0 0
12999,28,ISO 2859 : 1 : 1999
12999,29,ISO 7000 : 0 : 0 0
12999,30,ISO 9773 : 0 : 0 0
12999,31,IEC 60027 : 0 : 0 0
12999,32,IEC 60068 : 2 : 6 2007
12999,33,IEC 60068 : 2 : 31 2008
12999,34,IEC 60068 : 2 : 75
12999,35,IEC 60068 : 2 : 78
12999,36,IEC 60085 : 0 : 0 0
12999,37,IEC 60112 : 0 : 0 0
12999,38,IEC 60127 : 0 : 0 0
12999,39,IEC 60167 : 1964
12999,40,IEC 60216 : 0 : 0 0
12999,41,IEC 60227 : 0 : 0 0
12999,42,IEC 60245 : 0 : 0 0
12999,43,IEC 60249 : 2 : 0 0
12999,44,IEC 60268 : 1 : 1985
12999,45,IEC 60317 : 43 : 0 0
12999,46,IEC 60335 : 1 : 0 0
12999,47,IEC 60384 : 1 : 2008
12999,48,IEC 60384 : 14 : 2005
12999,49,IEC 60417 : 0 : 0 0
12999,50,IEC 60454 : 0 : 0 0
12999,51,IEC 60529 : 1989
12999,52,IEC 60664 : 1 : 2007
12999,53,IEC 60664 : 3 : 0 0
12999,54,IEC 60691 : 2002
12999,55,IEC 60695 : 2 : 2 1991
12999,56,IEC 60707 : 1999
12999,57,IEC 60851 : 3 : 1 2009
12999,58,IEC 60884 : 0 : 0 0
12999,59,IEC 60950 : 1 : 2005
12999,60,IEC 61051 : 2 : 1991
12999,61,IEC 61260 : 0 : 0 0
12999,62,ISO 261 : 0 : 0 0
12999,63,ISO 262 : 0 : 0 0
12999,64,ISO 306 : 2004
12999,65,IEC 60038 : 1983
12999,66,IEC 60086 : 4 : 2000
12999,67,IEC 60107 : 1 : 1997
12999,68,IEC 60127 : 6 : 0 0
12999,69,IEC 60227 : 2 : 1997
12999,70,IEC 60320 : 0 : 0 0
12999,71,IEC 60410 : 1973
12999,72,IEC 60695 : 11 : 5 2004
12999,73,IEC 60730 : 1 : 2010
12999,74,IEC 60747 : 5 : 5 2007
12999,75,IEC 60825 : 1 : 2007
12999,76,IEC 60906 : 0 : 0 0
12999,77,IEC 60990 : 0 : 0 0
12999,78,IEC 60998 : 2 : 2
12999,79,IEC 60999 : 1 : 0 0
12999,80,IEC 61032 : 1997
12999,81,IEC 61058 : 1 : 2000
12999,82,IEC 61149 : 0 : 0 0
12999,83,IEC 61293 : 0 : 0 0
12999,84,IEC 61558 : 1 : 2005
12999,85,IEC 61558 : 2 : 16
12999,86,IEC 61558 : 2 : 17
12999,87,IEC 61965 : 0 : 0 0
12999,88,IEC 62133 : 0 : 0 0
12999,89,IEC 62151 : 2000
12999,90,IEC 104 : 0 : 0 0
12999,91,IEC 112 : 0 : 0 0
12999,92,ISO 2859 : 1 : 1999
12999,93,ISO 7000 : 0 : 0 0
12999,94,ISO 9773 : 0 : 0 0
12999,95,IEC 60027 : 0 : 0 0
12999,96,IEC 60068 : 2 : 6 2007
12999,97,IEC 60068 : 2 : 31 2008
12999,98,IEC 60068 : 2 : 75
12999,99,IEC 60068 : 2 : 78
12999,100,IEC 60085 : 0 : 0 0
12999,101,IEC 60112 : 0 : 0 0
12999,102,IEC 60127 : 0 : 0 0
12999,103,IEC 60167 : 1964
12999,104,IEC 60216 : 0 : 0 0
12999,105,IEC 60227 : 0 : 0 0
12999,106,IEC 60245 : 0 : 0 0
12999,107,IEC 60249 : 2 : 0 0
12999,108,IEC 60268 : 1 : 1985
12999,109,IEC 60317 : 43 : 0 0
12999,110,IEC 60335 : 1 : 0 0
12999,111,IEC 60384 : 1 : 2008
12999,112,IEC 60384 : 14 : 2005
12999,113,IEC 60417 : 0 : 0 0
12999,114,IEC 60454 : 0 : 0 0
12999,115,IEC 60529 : 1989
12999,116,IEC 60664 : 1 : 2007
12999,117,IEC 60664 : 3 : 0 0
12999,118,IEC 60691 : 2002
12999,119,IEC 60695 : 2 : 2 1991
12999,120,IEC 60707 : 1999
12999,121,IEC 60851 : 3 : 1 2009
12999,122,IEC 60884 : 0 : 0 0
12999,123,IEC 60950 : 1 : 2005
12999,124,IEC 61051 : 2 : 1991
12999,125,IEC 61260 : 0 : 0 0
12999,126,ISO 261 : 0 : 0 0
12999,127,ISO 262 : 0 : 0 0
12999,128,ISO 306 : 2004
13003,1,ISO 2492 : 1974
13004,1,ISO 2491 : 1974
31044,1,ISO/TR 60788 : 2004
23435,1,ISO/TR 60788 : 2004
24003,1,IEC 60788 : 2004
26310,1,IEC 60417 : 0 : 0 0
26310,2,IEC 61000 : 4 : 3
21203,1,IEC 60146 : 1 : 1
24025,1,IEC 61206 : 1993
24025,2,IEC 61102 : 1991
24025,3,IEC 61895 : 1999
21204,1,ISO/IEC 17025 : 0 : 0 0
21204,2,IEC 61730 : 2 : 0 0
21204,3,IEC 61646 : 0 : 0 0
21204,4,IEC 61215 : 0 : 0 0
31345,1,IEC 60050 : 131 : 0 0
31345,2,IEC 60904 : 2 : 0 0
31345,3,IEC 60904 : 5 : 0 0
31345,4,IEC 60904 : 7 : 0 0
24198,1,ISO/IEC 98 : 1 : 0 0
24198,2,ISO/IEC 98 : 3 : 0 0
24198,3,ASTM 0 : 9 : 0 0
21205,1,IEC 60904 : 2 : 0 0
21205,2,IEC 61194 : 0 : 0 0
21205,3,IEC 61829 : 0 : 0 0
23798,1,IEC 60050 : 131 : 0 0
23798,2,IEC 60904 : 2 : 0 0
23798,3,IEC 60904 : 5 : 0 0
23798,4,IEC 60904 : 7 : 0 0
24873,1,IEC 61000 : 3 : 5 1994
24873,2,IEC 61277 : 1995
21278,1,IEC 61215 : 1 : 0 0
21278,2,IEC 61215 : 2 : 0 0
33676,1,IEC 61215 : 1 : 0 0
33676,2,IEC 61215 : 2 : 0 0
33677,1,IEC 61215 : 1 : 0 0
33677,2,IEC 61215 : 2 : 0 0
26047,1,IEC 61215 : 1 : 0 0
26047,2,IEC 61215 : 2 : 0 0
26049,1,IEC 61215 : 1 : 0 0
26049,2,IEC 61215 : 2 : 0 0
21245,1,IEC 61215 : 1 : 0 0
21245,2,IEC 61215 : 2 : 0 0
65732,1,IEC 60050 : 731 : 0 0
65732,2,IEC 60825 : 1 : 0 0
65732,3,IEC 62129 : 0 : 0 0
26579,1,IEC 60050 : 731 : 0 0
26579,2,IEC 60825 : 1 : 0 0
26579,3,IEC 62129 : 0 : 0 0
21175,1,IEC 60793 : -1 : 1
21175,2,IEC 60793 : 1 : 40
21175,3,IEC 60794 : 1 : 2
21175,4,IEC 61300 : 3 : 2
65978,1,IEC 60793 : -1 : 1
65978,2,IEC 60793 : 1 : 40
65978,3,IEC 60794 : 1 : 2
65978,4,IEC 61300 : 3 : 2
23252,1,IEC 60793 : 2 : 10
23252,2,IEC 60793 : 2 : 50
23252,3,IEC 61280 : 1 : 4
23252,4,IEC 61280 : 4 : 1
23252,5,IEC 61745 : 0 : 0 0
24854,1,IEC 60068 : 2 : 5
24854,2,IEC 60794 : 1 : 21
24854,3,IEC 60825 : 1 : 0 0
24854,4,IEC 61300 : 0 : 0 0
24854,5,IEC 61300 : 2 : 1
24854,6,IEC 61300 : 2 : 9
24854,7,IEC 61300 : 2 : 18
24854,8,IEC 61300 : 2 : 22
24854,9,IEC 61300 : 2 : 34
24854,10,IEC 61300 : 2 : 46
24854,11,IEC 61300 : 3 : 35
24854,12,IEC 62222 : 0 : 0 0
24854,13,IEC 62283 : 0 : 0 0
24854,14,IEC 62627 : 1 : 0 0
21246,1,IEC 60068 : 2 : 5
21246,2,IEC 60068 : 2 : 13
21246,3,IEC 60255 : 3 : 0 0
21246,4,IEC 60825 : 1 : 0 0
21246,5,IEC 61000 : 4 : 5
24635,1,IEC 60068 : 0 : 0 0
24635,2,IEC 60050 : 0 : 0 0
24635,3,IEC 60079 : 0 : 0 0
24635,4,IEC 60068 : 2 : 52 1996
24635,5,IEC 60068 : 2 : 68 1994
24635,6,IEC 60146 : 1 : 2
24635,7,IEC 61800 : 7 : 0 0
24635,8,IEC 61800 : 7 : 1
24699,1,IEC 61000 : 2 : 2 2002
24699,2,IEC 61000 : 2 : 4 2002
24699,3,IEC 61000 : 3 : 11 2000
24699,4,IEC 61000 : 3 : 12 2011
24699,5,IEC 0 : 1 : 2 2014
24699,6,IEC 0 : 1 : 4 2010
24798,1,IEC 60034 : 5 : 0 0
24798,2,IEC 60050 : 191 : 0 0
24798,3,IEC 60050 : 441 : 0 0
24798,4,IEC 60050 : 442 : 0 0
24798,5,IEC 60050 : 601 : 0 0
24798,6,IEC 60068 : 2 : 2 1974
24798,7,IEC 60068 : 2 : 6
24798,8,IEC 60068 : 2 : 78
24798,9,IEC 60204 : 11 : 0 0
24798,10,IEC 60309 : 0 : 0 0
24798,11,IEC 60364 : 1 : 0 0
24798,12,IEC 60364 : 4 : 41 2005
24798,13,IEC 60364 : 5 : 54 2002
24798,14,IEC 60417 : 0 : 0 0
24798,15,IEC 60617 : 0 : 0 0
24798,16,IEC 60695 : 2 : 10
24798,17,IEC 60695 : 2 : 13
24798,18,IEC 60695 : 11 : 20
24798,19,IEC 60755 : 0 : 0 0
24798,20,IEC 60947 : 7 : 1 2002
24798,21,IEC 60947 : 7 : 2 2002
24798,22,IEC 61800 : 2 : 0 0
24798,23,IEC 61800 : 4 : 0 0
24798,24,IEC 62040 : 0 : 0 0
24798,25,ISO 3864 : 0 : 0 0
24799,1,IEC 61400 : 2 : 4 2002
24799,2,IEC 61400 : 4 : 29 2000
24799,3,IEC 61000 : 6 : 7 2014
23897,1,IEC 60068 : 2 : 1 1990
23897,2,IEC 60068 : 2 : 2 1974
23897,3,IEC 60068 : 2 : 6 1995
23897,4,IEC 60068 : 2 : 7 1983
23897,5,IEC 60068 : 2 : 10 2005
23897,6,IEC 60068 : 2 : 11 1981
23897,7,IEC 60068 : 2 : 13 1983
23897,8,IEC 60068 : 2 : 14 1984
23897,9,IEC 60068 : 2 : 17 1994
23897,10,IEC 60068 : 2 : 20 1979
23897,11,IEC 60068 : 2 : 21 1999
23897,12,IEC 60068 : 2 : 27 1987
23897,13,IEC 60068 : 2 : 29 1987
23897,14,IEC 60068 : 2 : 30 2005
23897,15,IEC 60068 : 2 : 42 2003
23897,16,IEC 60068 : 2 : 43 2003
23897,17,IEC 60068 : 2 : 45 1980
23897,18,IEC 60068 : 2 : 58 2004
23897,19,IEC 60068 : 2 : 64 1993
23897,20,IEC 60068 : 2 : 68 1994
23897,21,IEC 60068 : 2 : 78 2001
23897,22,IEC 60512 : 7 : 1993
23897,23,IEC 60695 : 2 : 10 2000
23897,24,IEC 60695 : 2 : 11 2000
23897,25,IEC 60695 : 2 : 12 2000
23897,26,IEC 60695 : 2 : 13 2000
23897,27,IEC 60695 : 11 : 5 2004
23897,28,IEC 60999 : 1 : 1999
23897,29,IEC 61210 : 1993
23897,30,IEC 61180 : 1 : 1992
23897,31,IEC 61180 : 2 : 1994
23897,32,IEC 61672 : 1 : 2002
23897,33,IEC 61810 : 1 : 2004
66677,1,IEC 60050 : 444 : 2002
66677,2,IEC 60050 : 445 : 2010
66677,3,IEC 60068 : 2 : 2 2007
66677,4,IEC 60068 : 2 : 6 2007
66677,5,IEC 60068 : 2 : 27 2008
66677,6,IEC 60664 : 5 : 2007
66677,7,IEC 60695 : 10 : 2 2003
66677,8,IEC 60947 : 5 : 4 2002
66677,9,IEC 60999 : 1 : 1999
66677,10,IEC 61000 : 4 : 2 2008
66677,11,IEC 61000 : 4 : 3 2006
66677,12,IEC 61000 : 4 : 4 2004
66677,13,IEC 61000 : 4 : 5 2005
66677,14,IEC 61000 : 4 : 6 2008
66677,15,IEC 61000 : 4 : 8 2009
66677,16,IEC 61000 : 4 : 11 2004
66677,17,IEC 61210 : 2010
66677,18,IEC 61810 : 1 : 2008
66677,19,IEC 61984 : 2008
66677,20,IEC 60695 : 2 : 11 2000
66677,21,IEC 62314 : 2006
24224,1,IEC 60050 : 444 : 2002
24224,2,IEC 60050 : 445 : 2010
24224,3,IEC 60068 : 2 : 2 2007
24224,4,IEC 60068 : 2 : 6 2007
24224,5,IEC 60068 : 2 : 27 2008
24224,6,IEC 60664 : 5 : 2007
24224,7,IEC 60695 : 10 : 2 2003
24224,8,IEC 60947 : 5 : 4 2002
24224,9,IEC 60999 : 1 : 1999
24224,10,IEC 61000 : 4 : 2 2008
24224,11,IEC 61000 : 4 : 3 2006
24224,12,IEC 61000 : 4 : 4 2004
24224,13,IEC 61000 : 4 : 5 2005
24224,14,IEC 61000 : 4 : 6 2008
24224,15,IEC 61000 : 4 : 8 2009
24224,16,IEC 61000 : 4 : 11 2004
24224,17,IEC 61210 : 2010
24224,18,IEC 61810 : 1 : 2008
24224,19,IEC 61984 : 2008
24224,20,IEC 60695 : 2 : 11 2000
24224,21,IEC 62314 : 2006
62,1,ISO 209 : -1 : 0 0
62,2,ISO 7240 : 1 : 0 0
62,3,IEC 60068 : 1 : 0 0
62,4,IEC 60068 : 2 : 1
62,5,IEC 60068 : 2 : 2
62,6,IEC 60068 : 2 : 6
62,7,IEC 60068 : 2 : 27
62,8,IEC 60068 : 2 : 42
62,9,IEC 60068 : 2 : 78
21206,1,IEC 60891 : 0 : 0 0
21206,2,IEC 60904 : 1 : 0 0
21206,3,IEC 60904 : 2 : 0 0
21206,4,IEC 60904 : 3 : 0 0
24026,1,IEC 60500 : 1974
24026,2,IEC 61205 : 1993
22625,1,0 0 : 0 : 0 0
23161,1,IEC 81346 : 0 : 0 0
23161,2,IEC 60834 : 1 : 0 0
23161,3,IEC 60834 : 2 : 0 0
23161,4,IEC 61000 : 4 : 30
23161,5,IEC 61850 : 2 : 0 0
23161,6,IEC 61850 : 4 : 0 0
23161,7,IEC 61850 : 6 : 0 0
23161,8,IEC 61850 : 7 : 1
23161,9,IEC 61850 : 7 : 2
23161,10,IEC 61850 : 7 : 3
23161,11,IEC 61850 : 7 : 4
23161,12,IEC 61850 : 7 : 5
23161,13,IEC 61850 : 7 : 500
23161,14,IEC 61850 : 7 : 510
23161,15,IEC 61850 : 7 : 6
23161,16,IEC 61850 : 7 : 7
23161,17,IEC 61850 : 8 : 1
23161,18,IEC 61850 : 8 : 2
23161,19,IEC 61850 : 9 : 2
23161,20,IEC 61850 : 9 : 3
23161,21,IEC 61850 : 10 : 0 0
23161,22,IEC 61850 : 80 : 3
23161,23,IEC 61850 : 90 : 1
23161,24,IEC 61850 : 90 : 2
23161,25,IEC 61850 : 90 : 4
23161,26,IEC 61850 : 90 : 5
23161,27,IEC 61850 : 90 : 12
23161,28,IEC 81346 : 0 : 0 0
23161,29,IEC 62357 : 1 : 0 0
27862,1,0 0 : 0 : 0 0
22744,1,0 0 : 0 : 0 0
30700,1,IEC 81346 : 0 : 0 0
30700,2,IEC 60834 : 1 : 0 0
30700,3,IEC 60834 : 2 : 0 0
30700,4,IEC 61000 : 4 : 30
30700,5,IEC 61850 : 2 : 0 0
30700,6,IEC 61850 : 4 : 0 0
30700,7,IEC 61850 : 6 : 0 0
30700,8,IEC 61850 : 7 : 1
30700,9,IEC 61850 : 7 : 2
30700,10,IEC 61850 : 7 : 3
30700,11,IEC 61850 : 7 : 4
30700,12,IEC 61850 : 7 : 5
30700,13,IEC 61850 : 7 : 500
30700,14,IEC 61850 : 7 : 510
30700,15,IEC 61850 : 7 : 6
30700,16,IEC 61850 : 7 : 7
30700,17,IEC 61850 : 8 : 1
30700,18,IEC 61850 : 8 : 2
30700,19,IEC 61850 : 9 : 2
30700,20,IEC 61850 : 9 : 3
30700,21,IEC 61850 : 10 : 0 0
30700,22,IEC 61850 : 80 : 3
30700,23,IEC 61850 : 90 : 1
30700,24,IEC 61850 : 90 : 2
30700,25,IEC 61850 : 90 : 4
30700,26,IEC 61850 : 90 : 5
30700,27,IEC 61850 : 90 : 12
30700,28,IEC 81346 : 0 : 0 0
30700,29,IEC 62357 : 1 : 0 0
27976,1,0 0 : 0 : 0 0
24100,1,IEC 61217 : 1996
23301,1,ISO 2418 : 0 : 0 0
23301,2,ISO 2419 : 0 : 0 0
23301,3,ISO 3696 : 0 : 0 0
23301,4,EN 15987 : 0 : 0 0
29542,1,ISO 2418 : 0 : 0 0
29542,2,ISO 3696 : 1987
23147,1,ISO 2418 : 0 : 0 0
23147,2,ISO 2419 : 0 : 0 0
23147,3,ISO 3696 : 0 : 0 0
31143,1,ISO 2418 : 0 : 0 0
31143,2,ISO 2419 : 0 : 0 0
31143,3,ISO 3696 : 0 : 0 0
31144,1,ISO 2418 : 0 : 0 0
31144,2,ISO 2419 : 0 : 0 0
31144,3,ISO 3696 : 0 : 0 0
31144,4,EN 15987 : 0 : 0 0
66595,1,IEC 60060 : 0 : 0 0
27195,1,IEC 60060 : 0 : 0 0
24027,1,IEC 60601 : 1 : 2005
24027,2,IEC 61675 : 1 : 2013
24027,3,IEC 61223 : 2 : 6 2006
24027,4,IEC 61948 : 1 : 2016
28426,1,IEC 61968 : 5 : 0 0
28426,2,IEC 61968 : 11 : 0 0
28426,3,IEC 61968 : 13 : 0 0
28426,4,IEC 61968 : 100 : 0 0
22551,1,IEC 61968 : 5 : 0 0
22551,2,IEC 61968 : 11 : 0 0
22551,3,IEC 61968 : 13 : 0 0
22551,4,IEC 61968 : 100 : 0 0
22552,1,IEC 61968 : 11 : 0 0
22552,2,IEC 61968 : 13 : 0 0
22553,1,IEC 61968 : 100 : 0 0
22554,1,IEC 62055 : 31 : 0 0
22554,2,IEC 61968 : 11 : 0 0
22645,1,IEC 60050 : 300 : 0 0
22645,2,IEC 61968 : 11 : 0 0
22645,3,IEC 61968 : 100 : 2013
22645,4,IEC 0 : 1 : 0 0
22484,1,IEC 61968 : 11 : 2018
22484,2,IEC 61968 : 100 : 2013
22484,3,IEC 62361 : 100 : 2016
22484,4,IEC 62361 : 103 : 2018
22484,5,ISO 55000 : 2014
22484,6,ISO 55001 : 2014
22484,7,ISO 55002 : 2014
27863,1,IEC 61968 : 11 : 2018
27863,2,IEC 61968 : 100 : 2013
27863,3,IEC 62361 : 100 : 2016
27863,4,IEC 62361 : 103 : 2018
27863,5,ISO 55000 : 2014
27863,6,ISO 55001 : 2014
27863,7,ISO 55002 : 2014
27897,1,IEC 61968 : 100 : 0 0
23099,1,IEC 61968 : 11 : 0 0
23099,2,IEC 61970 : 300 : 0 0
23099,3,IEC 61970 : 501 : 2006
23099,4,IEC 61970 : 552 : 0 0
28484,1,IEC 61968 : 13 : 0 0
28484,2,IEC 61970 : 456 : 0 0
28484,3,IEC 61970 : 501 : 0 0
28484,4,IEC 61970 : 552 : 0 0
26724,1,IEC 61968 : 13 : 0 0
26724,2,IEC 61970 : 456 : 0 0
26724,3,IEC 61970 : 501 : 0 0
26724,4,IEC 61970 : 552 : 0 0
22742,1,IEC 61968 : 13 : 0 0
22742,2,IEC 61970 : 456 : 0 0
22742,3,IEC 61970 : 501 : 0 0
22742,4,IEC 61970 : 552 : 0 0
30701,1,IEC 61968 : 11 : 0 0
30701,2,IEC 61970 : 300 : 0 0
30701,3,IEC 61970 : 501 : 2006
30701,4,IEC 61970 : 552 : 0 0
28399,1,IEC 61850 : 7 : 4 2010
22783,1,IEC 61850 : 7 : 4 2010
26743,1,0 0 : 0 : 0 0
26764,1,IEC 62037 : 3 : 0 0
598,1,IEC 60050 : 714 : 1992
598,2,IEC 60050 : 716 : 1 1995
23913,1,IEC 62051 : 1 : 2004
23913,2,IEC 62056 : 5 : 3 2013
23913,3,IEC 62056 : 6 : 2 2013
23913,4,IEC 60050 : 300 : 2001
23913,5,IEC 62051 : 1999
23913,6,IEC 62056 : 9 : 7 2013
24193,1,IEC 62051 : 1 : 2004
24193,2,IEC 62056 : 6 : 2 2017
24193,3,IEC 61334 : 4 : 41 1996
24193,4,IEC 61334 : 6 : 2000
24193,5,IEC 62051 : 1999
24193,6,IEC 62056 : 8 : 3 2013
24193,7,ISO/IEC 8824 : 0 : 0 0
24193,8,ISO/IEC 8825 : 1 : 2015
24193,9,ISO/IEC 15953 : 1999
24193,10,ISO/IEC 15954 : 1999
24193,11,ISO 0 : 0 : 0 0
21659,1,IEC 62056 : 21 : 2002
21659,2,IEC 62056 : 42 : 2002
21659,3,IEC 62056 : 46 : 2007
21659,4,IEC 62056 : 47 : 2007
21659,5,IEC 62056 : 61 : 2006
21659,6,IEC 62056 : 62 : 2006
688,1,IEC 62056 : 42 : 2002
688,2,IEC 62056 : 53 : 2006
688,3,IEC 62056 : 46 : 2007
689,1,IEC 62056 : 21 : 2002
689,2,IEC 62056 : 62 : 2006
689,3,IEC 62056 : 61 : 2006
689,4,IEC 62056 : 53 : 2006
689,5,IEC 62056 : 46 : 2007
690,1,IEC 62056 : 53 : 2006
690,2,IEC 62056 : 62 : 2006
26357,1,IEC 62056 : 21 : 2002
26357,2,IEC 62056 : 46 : 2002
26357,3,IEC 62056 : 5 : 3 2017
26357,4,IEC 62056 : 6 : 1 2017
26357,5,ISO 4217 : 0 : 0 0
26357,6,IEC 61334 : 4 : 32 1996
26357,7,IEC 61334 : 4 : 41 1996
26357,8,IEC 61334 : 4 : 511 2000
26357,9,IEC 61334 : 4 : 512 2002
26357,10,IEC 61334 : 5 : 1 2001
26357,11,IEC 62055 : 21 : 2005
26357,12,IEC 62056 : 31 : 1999
26357,13,IEC 62056 : 3 : 1 2013
26357,14,IEC 62056 : 7 : 3 2017
26357,15,IEC 62056 : 8 : 3 2013
26357,16,IEC 62056 : 8 : 6 2017
26357,17,ISO/IEC 8802 : 2 : 1998
26357,18,ISO/IEC 12139 : 1 : 2009
26357,19,ISO 0 : 0 : 0 0
21636,1,IEC 62056 : 42 : 2002
21636,2,IEC 62056 : 53 : 2006
21636,3,IEC 62056 : 53 : 2006
21636,4,IEC 62056 : 62 : 2006
21637,1,IEC 62051 : 1 : 2004
21637,2,IEC 62056 : 21 : 2002
21637,3,IEC 62056 : 6 : 2 2017
21637,4,IEC 61000 : 2 : 8 2002
21637,5,IEC 62051 : 1999
21637,6,IEC 62053 : 23 : 2003
21614,1,IEC 62056 : 21 : 2002
21614,2,IEC 62056 : 46 : 2002
21614,3,IEC 62056 : 5 : 3 2017
21614,4,IEC 62056 : 6 : 1 2017
21614,5,ISO 4217 : 0 : 0 0
21614,6,IEC 61334 : 4 : 32 1996
21614,7,IEC 61334 : 4 : 41 1996
21614,8,IEC 61334 : 4 : 511 2000
21614,9,IEC 61334 : 4 : 512 2002
21614,10,IEC 61334 : 5 : 1 2001
21614,11,IEC 62055 : 21 : 2005
21614,12,IEC 62056 : 31 : 1999
21614,13,IEC 62056 : 3 : 1 2013
21614,14,IEC 62056 : 7 : 3 2017
21614,15,IEC 62056 : 8 : 3 2013
21614,16,IEC 62056 : 8 : 6 2017
21614,17,ISO/IEC 8802 : 2 : 1998
21614,18,ISO/IEC 12139 : 1 : 2009
21614,19,ISO 0 : 0 : 0 0
26311,1,IEC 61000 : 4 : 3
25928,1,IEC 62301 : 2011
66377,1,IEC 62087 : 2 : 2015
66377,2,IEC 62301 : 2011
25929,1,IEC 62087 : 2 : 2015
25929,2,IEC 62301 : 2011
13058,1,ISO 417 : 1977
13059,1,ISO 7213 : 2021
13060,1,ISO 638 : 2008
13060,2,ISO 1762 : 2015
13065,1,ISO 638 : 2008
13069,1,ISO 186 : 2002
13069,2,ISO 7213 : 1981
33081,1,ISO 7213 : 2021
27119,1,IEC 60191 : 6 : 2
27119,2,IEC 60191 : 6 : 5
27119,3,IEC 61190 : 1 : 3
27119,4,IEC 61249 : 2 : 7
27119,5,IEC 61249 : 2 : 8
27119,6,IEC 62137 : 3 : 0 0
26765,1,IEC 62153 : 4 : 1
31885,1,IEC 62153 : 4 : 1
26766,1,IEC 62153 : 4 : 1
26767,1,IEC 62153 : 4 : 1
26768,1,0 0 : 0 : 0 0
13079,1,ISO 8611 : 2 : 2021
13079,2,ISO 12777 : 1 : 1994
13079,3,EN 13183 : 2 : 2002
32190,1,ISO 8611 : 2 : 2021
32190,2,ISO 12777 : 1 : 1994
32190,3,EN 13183 : 2 : 2002
26237,1,IEC 62630 : 2010
26237,2,ISO/IEC 98 : 1 : 2009
26237,3,ISO/IEC 98 : 3 : 0 0
26237,4,IEC 62704 : 1 : 0 0
24826,1,IEC 60336 : 0 : 0 0
24826,2,ISO 60788 : 2004
24826,3,IEC 61267 : 2005
25681,1,0 0 : 0 : 0 0
23307,1,0 0 : 0 : 0 0
21485,1,IEC 60336 : 0 : 0 0
21485,2,ISO 60788 : 2004
21485,3,IEC 61267 : 2005
24134,1,IEC 61373 : 0 : 2010 0
13087,1,0 0 : 0 : 0 0
33467,1,0 0 : 0 : 0 0
20855,1,IEC 62264 : 1 : 0 0
20855,2,ISO 10303 : 1 : 0 0
20855,3,ISO 15704 : 0 : 0 0
17831,1,IEC 61512 : 1 : 0 0
17831,2,ISO/IEC 19501 : 1 : 0 0
17831,3,ISO 10303 : 1 : 0 0
17831,4,ISO 15531 : 1 : 0 0
17831,5,ISO 15704 : 0 : 0 0
29956,1,IEC 61810 : 7 : 2006
29956,2,IEC 60050 : 192 : 2015
29956,3,IEC 60050 : 581 : 2008
29956,4,IEC 60050 : 601 : 0 0
29956,5,IEC 60050 : 605 : 0 0
29956,6,IEC 60050 : 614 : 2016
29956,7,IEC 60050 : 811 : 0 0
29956,8,IEC 60050 : 826 : 2004
29956,9,IEC 60068 : 2 : 2 2007
29956,10,IEC 60068 : 2 : 30 2005
29956,11,IEC 60296 : 0 : 0 0
29956,12,IEC 61000 : 4 : 18
29956,13,IEC 61000 : 4 : 26
29956,14,IEC 61000 : 6 : 5
29956,15,IEC 62271 : 4 : 0 0
29956,16,IEC 18 : 2 : 0 0
561,1,IEC 60050 : 436 : 1990
561,2,IEC 60050 : 614 : 2016
561,3,IEC 60143 : 2 : 2012
561,4,IEC 62271 : 4 : 0 0
562,1,IEC 60050 : 442 : 1998
562,2,IEC 60050 : 601 : 1985
562,3,IEC 60050 : 614 : 2016
562,4,IEC 60059 : 0 : 0 0
29509,1,IEC 60265 : 1 : 1998
29509,2,IEC 60282 : 1 : 2002
29509,3,IEC 60694 : 1996
29509,4,IEC 60787 : 1983
29509,5,IEC 62271 : 100 : 2001
29509,6,IEC 62271 : 102 : 2001
29511,1,IEC 60071 : 0 : 0 0
29511,2,IEC 60071 : 1 : 0 0
29511,3,IEC 60270 : 0 : 0 0
29511,4,IEC 62271 : 1 : 2017
29511,5,IEC 62271 : 100 : 2020
29511,6,IEC 62271 : 101 : 0 0
29511,7,IEC 62271 : 102 : 2018
29511,8,IEC 60050 : 441 : 1984
29511,9,IEC 62271 : 110 : 2017
23381,1,IEC 60068 : 2 : 1 2007
23381,2,IEC 60068 : 2 : 2 2007
23381,3,IEC 60068 : 2 : 30 2005
23381,4,IEC 60076 : 2 : 0 0
23381,5,IEC 60076 : 11 : 2018
23381,6,IEC 60417 : 0 : 0 0
23381,7,IEC 60644 : 0 : 0 0
23381,8,IEC 61000 : 4 : 18 2019
23381,9,IEC 62271 : 110 : 2017
33879,1,IEC 62271 : 212 : 2016
33879,2,IEC 61180 : 1 : 1992
33879,3,IEC 10025 : 2 : 2019
33880,1,IEC 60068 : 2 : 47
33880,2,IEC 60068 : 2 : 57 2013
33880,3,IEC 60068 : 3 : 3 2019
601,1,IEC 61810 : 7 : 2006
601,2,IEC 60050 : 192 : 2015
601,3,IEC 60050 : 581 : 2008
601,4,IEC 60050 : 601 : 0 0
601,5,IEC 60050 : 605 : 0 0
601,6,IEC 60050 : 614 : 2016
601,7,IEC 60050 : 811 : 0 0
601,8,IEC 60050 : 826 : 2004
601,9,IEC 60068 : 2 : 2 2007
601,10,IEC 60068 : 2 : 30 2005
601,11,IEC 60296 : 0 : 0 0
601,12,IEC 61000 : 4 : 18
601,13,IEC 61000 : 4 : 26
601,14,IEC 61000 : 6 : 5
601,15,IEC 62271 : 4 : 0 0
601,16,IEC 18 : 2 : 0 0
20856,1,IEC 60061 : 1 : 1989
20856,2,IEC 60270 : 2000
20856,3,IEC 60529 : 2001
20856,4,IEC 62271 : 1 : 2007
20856,5,IEC 62271 : 100 : 2008
20856,6,IEC 62271 : 102 : 2003
20856,7,IEC 62271 : 103 : 2011
20856,8,IEC 62271 : 105 : 2002
20856,9,IEC 62271 : 109 : 2011
20856,10,ISO/IEC 51 : 2005
29821,1,IEC 62271 : 107 : 2019
29821,2,IEC 62271 : 213 : 2021
29821,3,IEC 62271 : 215 : 2021
29821,4,IEC 62271 : 37 : 13 2015
26242,1,0 0 : 0 : 0 0
17832,1,0 0 : 0 : 0 0
17833,1,IEC 60265 : 1 : 1998
17833,2,IEC 60282 : 1 : 2002
17833,3,IEC 60694 : 1996
17833,4,IEC 60787 : 1983
17833,5,IEC 62271 : 100 : 2001
17833,6,IEC 62271 : 102 : 2001
17834,1,IEC 62271 : 107 : 2019
17834,2,IEC 62271 : 213 : 2021
17834,3,IEC 62271 : 215 : 2021
17834,4,IEC 62271 : 37 : 13 2015
17835,1,IEC 60068 : 2 : 11
17835,2,IEC 60068 : 2 : 17
17835,3,IEC 60141 : 1 : 0 0
17835,4,IEC 60376 : 0 : 0 0
17835,5,IEC 60840 : 0 : 0 0
17835,6,IEC 62067 : 0 : 0 0
17835,7,IEC 62271 : 4 : 0 0
17835,8,IEC 62271 : 209 : 2019
17835,9,IEC 62271 : 211 : 2014
17835,10,ISO 22479 : 0 : 0 0
29631,1,IEC 60068 : 2 : 1 2007
29631,2,IEC 60068 : 2 : 2 2007
29631,3,IEC 60068 : 2 : 30 2005
29631,4,IEC 60076 : 2 : 0 0
29631,5,IEC 60076 : 11 : 2018
29631,6,IEC 60417 : 0 : 0 0
29631,7,IEC 60644 : 0 : 0 0
29631,8,IEC 61000 : 4 : 18 2019
29631,9,IEC 62271 : 110 : 2017
29896,1,IEC 62271 : 110 : 2017
21468,1,IEC 60068 : 2 : 47
21468,2,IEC 60068 : 2 : 57 2013
21468,3,IEC 60068 : 3 : 3 2019
29666,1,IEC 60050 : 442 : 1998
29666,2,IEC 60050 : 601 : 1985
29666,3,IEC 60050 : 614 : 2016
29666,4,IEC 60059 : 0 : 0 0
29667,1,IEC 61000 : 4 : 18
29667,2,IEC 62271 : 4 : 0 0
29924,1,IEC 60050 : 436 : 1990
29924,2,IEC 60050 : 614 : 2016
29924,3,IEC 60143 : 2 : 2012
29924,4,IEC 62271 : 4 : 0 0
22246,1,IEC 61000 : 4 : 18
22246,2,IEC 62271 : 4 : 0 0
22247,1,IEC 62271 : 212 : 2016
22247,2,IEC 61180 : 1 : 1992
22247,3,IEC 10025 : 2 : 2019
29678,1,IEC 60068 : 2 : 11
29678,2,IEC 60068 : 2 : 17
29678,3,IEC 60141 : 1 : 0 0
29678,4,IEC 60376 : 0 : 0 0
29678,5,IEC 60840 : 0 : 0 0
29678,6,IEC 62067 : 0 : 0 0
29678,7,IEC 62271 : 4 : 0 0
29678,8,IEC 62271 : 209 : 2019
29678,9,IEC 62271 : 211 : 2014
29678,10,ISO 22479 : 0 : 0 0
22256,1,IEC 62271 : 110 : 2017
22257,1,IEC 60071 : 0 : 0 0
22257,2,IEC 60071 : 1 : 0 0
22257,3,IEC 60270 : 0 : 0 0
22257,4,IEC 62271 : 1 : 2017
22257,5,IEC 62271 : 100 : 2020
22257,6,IEC 62271 : 101 : 0 0
22257,7,IEC 62271 : 102 : 2018
22257,8,IEC 60050 : 441 : 1984
22257,9,IEC 62271 : 110 : 2017
24846,1,IEC 60244 : 15 : 0 0
24194,1,ISO 4892 : 2 : 2013
24194,2,ISO 9227 : 2017
24194,3,IEC 60068 : 2 : 6 2007
24194,4,IEC 60695 : 11 : 5 2016
24194,5,IEC 60216 : 4 : 1 2006
27579,1,ISO 4892 : 2 : 2013
27579,2,ISO 9227 : 2017
27579,3,IEC 60068 : 2 : 6 2007
27579,4,IEC 60695 : 11 : 5 2016
27579,5,IEC 60216 : 4 : 1 2006
13091,1,0 0 : 0 : 0 0
33978,1,0 0 : 0 : 0 0
23760,1,IEC 60336 : 0 : 0 0
23760,2,ISO 60788 : 2004
23760,3,IEC 61267 : 2005
22074,1,IEC 61643 : 1 : 0 0
22074,2,IEC 61643 : 12 : 0 0
22074,3,IEC 62305 : 2 : 0 0
22074,4,IEC 62305 : 3 : 0 0
21970,1,IEC 62305 : 3 : 0 0
21970,2,IEC 62305 : 4 : 0 0
21973,1,IEC 62305 : 2 : 2010
21973,2,IEC 60305 : 3 : 2010
21973,3,IEC 60305 : 4 : 2010
21997,1,IEC 61643 : 11 : 0 0
21997,2,IEC 62305 : 2 : 0 0
21997,3,IEC 62305 : 4 : 0 0
23633,1,IEC 60038 : 1983
23633,2,IEC 60050 : 195 : 1998
23633,3,IEC 60050 : 444 : 2002
23633,4,IEC 60068 : 2 : 1 1990
23633,5,IEC 60068 : 2 : 2 1974
23633,6,IEC 60068 : 2 : 14 1984
23633,7,IEC 60068 : 2 : 20 1979
23633,8,IEC 60068 : 2 : 78 2001
23633,9,IEC 60695 : 2 : 10 2000
23633,10,IEC 60695 : 10 : 2 2003
23633,11,IEC 60695 : 11 : 10 2003
23633,12,IEC 60999 : 1 : 1999
23633,13,IEC 61210 : 1993
23633,14,IEC 61760 : 1 : 1998
66676,1,IEC 60038 : 1983
66676,2,IEC 60050 : 195 : 1998
66676,3,IEC 60050 : 444 : 2002
66676,4,IEC 60068 : 2 : 1 1990
66676,5,IEC 60068 : 2 : 2 1974
66676,6,IEC 60068 : 2 : 14 1984
66676,7,IEC 60068 : 2 : 20 1979
66676,8,IEC 60068 : 2 : 78 2001
66676,9,IEC 60695 : 2 : 10 2000
66676,10,IEC 60695 : 10 : 2 2003
66676,11,IEC 60695 : 11 : 10 2003
66676,12,IEC 60999 : 1 : 1999
66676,13,IEC 61210 : 1993
66676,14,IEC 61760 : 1 : 1998
22914,1,IEC 61182 : 1 : 1994
22914,2,IEC 61189 : 3 : 1997
22914,3,IEC 61249 : 2 : 4
22914,4,IEC 61249 : 2 : 7
22914,5,IEC 61249 : 2 : 12
22914,6,IEC 62326 : 0 : 0 0
22914,7,IEC 62324 : 4 : 0 0
22914,8,IEC 62326 : 4 : 1
22914,9,IEC 1005 : 0 : 0 0
22915,1,IEC 61189 : 3 : 1997
22915,2,IEC 61249 : 2 : 6
22915,3,IEC 61249 : 2 : 7
22915,4,IEC 62878 : 1 : 1
26146,1,IEC 62341 : 1 : 2
26146,2,IEC 62341 : 6 : 1 2017
26146,3,IEC 62341 : 6 : 2 2015
26146,4,ISO 9241 : 307 : 0 0
26146,5,ISO 11664 : 2 : 0 0
26146,6,CIE 15 : 2004
25768,1,IEC 60027 : 0 : 0 0
25768,2,IEC 60050 : 0 : 0 0
25768,3,IEC 80000 : 0 : 0 0
25769,1,0 0 : 0 : 0 0
25770,1,IEC 60050 : 0 : 0 0
25770,2,IEC 60068 : 2 : 78 2001
25770,3,IEC 61000 : 4 : 2
25770,4,IEC 61747 : 5 : 1998
25770,5,IEC 62341 : 1 : 2
25770,6,IEC 62341 : 6 : 1
25770,7,IEC 60068 : 1 : 1998
25770,8,IEC 60068 : 2 : 1 2007
25770,9,IEC 60068 : 2 : 2 2007
25770,10,IEC 60068 : 2 : 5
25770,11,IEC 60068 : 2 : 13
25770,12,IEC 60068 : 2 : 30
25771,1,IEC 60050 : 0 : 0 0
25771,2,IEC 62341 : 1 : 2
25771,3,IEC 61966 : 2 : 1
25771,4,CIE 15 : 2004
26039,1,IEC 60068 : 2 : 6
26039,2,IEC 60068 : 2 : 27 2008
26039,3,IEC 61747 : 1 : 1 2014
26039,4,IEC 61747 : 5 : 3 2009
26039,5,IEC 61747 : 10 : 1 2013
26039,6,IEC 62341 : 5 : 2009
26039,7,IEC 62341 : 6 : 1
26039,8,IEC 62341 : 6 : 2 2015
26039,9,ISO 2206 : 0 : 0 0
26039,10,ISO 2248 : 1985
26040,1,IEC 60050 : 845 : 0 0
26040,2,IEC 62341 : 1 : 2
26040,3,IEC 62341 : 6 : 1
26040,4,ISO 11664 : 1 : 0 0
26040,5,CIE 15 : 0 : 0 0
26041,1,IEC 60050 : 845 : 0 0
26041,2,IEC 62341 : 1 : 2
26041,3,IEC 62341 : 6 : 2
26041,4,IEC 61966 : 2 : 1
26041,5,CIE 15 : 2004
26041,6,CIE 0 : 1 : 0 0
26042,1,IEC 62341 : 1 : 2
4,1,IEC 62351 : 9 : 0 0
4,2,ISO/IEC 9584 : 8 : 0 0
4,3,ISO 0 : 0 : 0 0
5,1,IEC 62351 : 8 : 0 0
5,2,IEC 62351 : 9 : 0 0
5,3,ISO/IEC 8823 : 1 : 1994
5,4,ISO/IEC 8824 : 1 : 0 0
5,5,ISO/IEC 8825 : 1 : 0 0
5,6,ISO/IEC 8825 : 4 : 0 0
5,7,ISO 8601 : 2004
5,8,ISO/IEC 9594 : 8 : 2020
8,1,IEC 61850 : 8 : 1
8,2,IEC 61850 : 9 : 2
8,3,IEC 61850 : 6 : 0 0
9,1,IEC 62351 : 8 : 0 0
9,2,IEC 62351 : 9 : 0 0
26147,1,IEC 61850 : 7 : 2
26148,1,IEC 62351 : 14 : 2
26148,2,ISO/IEC 9594 : 11 : 0 0
26148,3,ISO/IEC 9834 : 1 : 0 0
26148,4,IETF 5272 : 0 : 0 0
26148,5,IETF 5755 : 0 : 0 0
26148,6,IETF 5934 : 0 : 0 0
26148,7,IETF 6407 : 0 : 0 0
26148,8,IETF 6960 : 0 : 0 0
26148,9,IETF 7030 : 0 : 0 0
26148,10,IETF 8052 : 0 : 0 0
26153,1,IEC 60870 : 5 : 6 2006
26153,2,IEC 60870 : 5 : 101 2003
26153,3,IEC 60870 : 5 : 104 2006
30769,1,IEC 62351 : 14 : 2
30769,2,ISO/IEC 9594 : 11 : 0 0
30769,3,ISO/IEC 9834 : 1 : 0 0
30769,4,IETF 5272 : 0 : 0 0
30769,5,IETF 5755 : 0 : 0 0
30769,6,IETF 5934 : 0 : 0 0
30769,7,IETF 6407 : 0 : 0 0
30769,8,IETF 6960 : 0 : 0 0
30769,9,IETF 7030 : 0 : 0 0
30769,10,IETF 8052 : 0 : 0 0
26703,1,IEC 61850 : 8 : 1
26703,2,IEC 61850 : 9 : 2
26703,3,IEC 61850 : 6 : 0 0
26704,1,IEC 62351 : 8 : 0 0
26704,2,IEC 62351 : 9 : 0 0
130,1,IEC 62351 : 8 : 0 0
130,2,IEC 62351 : 14 : 0 0
130,3,IETF 2104 : 0 : 0 0
130,4,IETF 3394 : 0 : 0 0
130,5,IETF 5116 : 0 : 0 0
130,6,IETF 5869 : 0 : 0 0
130,7,IETF 7693 : 0 : 0 0
130,8,IETF 7748 : 0 : 0 0
29579,1,ISO/IEC 9594 : 4 : 0 0
26770,1,IEC 62351 : 8 : 0 0
26770,2,IEC 62351 : 9 : 0 0
26770,3,ISO/IEC 8823 : 1 : 1994
26770,4,ISO/IEC 8824 : 1 : 0 0
26770,5,ISO/IEC 8825 : 1 : 0 0
26770,6,ISO/IEC 8825 : 4 : 0 0
26770,7,ISO 8601 : 2004
26770,8,ISO/IEC 9594 : 8 : 2020
30702,1,ISO/IEC 9594 : 4 : 0 0
30703,1,IEC 62351 : 8 : 0 0
30703,2,IEC 62351 : 14 : 0 0
30703,3,IETF 2104 : 0 : 0 0
30703,4,IETF 3394 : 0 : 0 0
30703,5,IETF 5116 : 0 : 0 0
30703,6,IETF 5869 : 0 : 0 0
30703,7,IETF 7693 : 0 : 0 0
30703,8,IETF 7748 : 0 : 0 0
26546,1,ISO 9594 : 8 : 0 0
13097,1,0 0 : 0 : 0 0
24524,1,IEC 62366 : 1 : 2015
33544,1,IEC 60068 : 2 : 11
33544,2,IEC 60083 : 0 : 0 0
33544,3,IEC 60086 : 4 : 0 0
33544,4,IEC 60086 : 5 : 0 0
33544,5,IEC 60112 : 0 : 0 0
33544,6,IEC 60127 : 0 : 0 0
33544,7,IEC 60127 : 8 : 0 0
33544,8,IEC 60243 : 1 : 0 0
33544,9,IEC 60309 : 0 : 0 0
33544,10,IEC 60317 : 0 : 0 0
33544,11,IEC 60317 : 0 : 7 2017
33544,12,IEC 60317 : 56 : 0 0
33544,13,IEC 60320 : 0 : 0 0
33544,14,IEC 60320 : 2 : 4
33544,15,IEC 60320 : 3 : 0 0
33544,16,IEC 60332 : 1 : 2
33544,17,IEC 60332 : 1 : 3
33544,18,IEC 60332 : 2 : 2
33544,19,IEC 60384 : 14 : 2013
33544,20,IEC 60417 : 0 : 0 0
33544,21,IEC 60529 : 1989
33544,22,IEC 60529 : 1989
33544,23,IEC 60695 : 10 : 3
33544,24,IEC 60695 : 11 : 20 2015
33544,25,IEC 60695 : 11 : 21
33544,26,IEC 60728 : 11 : 2016
33544,27,IEC 60730 : 0 : 0 0
33544,28,IEC 60730 : 1 : 2022
33544,29,IEC 60738 : 1 : 2022
33544,30,IEC 60747 : 5 : 5 2020
33544,31,IEC 60825 : 1 : 2014
33544,32,IEC 60825 : 2 : 0 0
33544,33,IEC 60825 : 12 : 0 0
33544,34,IEC 60896 : 11 : 0 0
33544,35,IEC 60896 : 21 : 2004
33544,36,IEC 60896 : 22 : 0 0
33544,37,IEC 60999 : 1 : 0 0
33544,38,IEC 60999 : 2 : 0 0
33544,39,IEC 61051 : 1 : 0 0
33544,40,IEC 61051 : 2 : 2021
33544,41,IEC 61293 : 0 : 0 0
33544,42,IEC 61427 : 0 : 0 0
33544,43,IEC 61430 : 0 : 0 0
33544,44,IEC 61434 : 0 : 0 0
33544,45,IEC 61558 : 1 : 2017
33544,46,IEC 61558 : 2 : 16
33544,47,IEC 61587 : 1 : 2022
33544,48,IEC 61643 : 331 : 2020
33544,49,IEC 61984 : 0 : 0 0
33544,50,IEC 62230 : 0 : 0 0
33544,51,IEC 62281 : 0 : 0 0
33544,52,IEC 62440 : 2008
33544,53,IEC 62471 : 5 : 2015
33544,54,IEC 62619 : 2022
33544,55,IEC 62821 : 1 : 0 0
33544,56,IEC 62821 : 2 : 0 0
33544,57,IEC 62821 : 3 : 0 0
33544,58,IEC 63010 : 1 : 0 0
33544,59,IEC 63010 : 2 : 0 0
33544,60,IEC 63294 : 2021
33544,61,ISO 179 : 1 : 0 0
33544,62,ISO 180 : 0 : 0 0
33544,63,ISO 306 : 0 : 0 0
33544,64,ISO 1798 : 0 : 0 0
33544,65,ISO 1817 : 2022
33544,66,ISO 3679 : 0 : 0 0
33544,67,ISO 9772 : 0 : 0 0
23305,1,IEC 60068 : 2 : 11
23305,2,IEC 60083 : 0 : 0 0
23305,3,IEC 60086 : 4 : 0 0
23305,4,IEC 60086 : 5 : 0 0
23305,5,IEC 60112 : 0 : 0 0
23305,6,IEC 60127 : 0 : 0 0
23305,7,IEC 60127 : 8 : 0 0
23305,8,IEC 60243 : 1 : 0 0
23305,9,IEC 60309 : 0 : 0 0
23305,10,IEC 60317 : 0 : 0 0
23305,11,IEC 60317 : 0 : 7 2017
23305,12,IEC 60317 : 56 : 0 0
23305,13,IEC 60320 : 0 : 0 0
23305,14,IEC 60320 : 2 : 4
23305,15,IEC 60320 : 3 : 0 0
23305,16,IEC 60332 : 1 : 2
23305,17,IEC 60332 : 1 : 3
23305,18,IEC 60332 : 2 : 2
23305,19,IEC 60384 : 14 : 2013
23305,20,IEC 60417 : 0 : 0 0
23305,21,IEC 60529 : 1989
23305,22,IEC 60529 : 1989
23305,23,IEC 60695 : 10 : 3
23305,24,IEC 60695 : 11 : 20 2015
23305,25,IEC 60695 : 11 : 21
23305,26,IEC 60728 : 11 : 2016
23305,27,IEC 60730 : 0 : 0 0
23305,28,IEC 60730 : 1 : 2022
23305,29,IEC 60738 : 1 : 2022
23305,30,IEC 60747 : 5 : 5 2020
23305,31,IEC 60825 : 1 : 2014
23305,32,IEC 60825 : 2 : 0 0
23305,33,IEC 60825 : 12 : 0 0
23305,34,IEC 60896 : 11 : 0 0
23305,35,IEC 60896 : 21 : 2004
23305,36,IEC 60896 : 22 : 0 0
23305,37,IEC 60999 : 1 : 0 0
23305,38,IEC 60999 : 2 : 0 0
23305,39,IEC 61051 : 1 : 0 0
23305,40,IEC 61051 : 2 : 2021
23305,41,IEC 61293 : 0 : 0 0
23305,42,IEC 61427 : 0 : 0 0
23305,43,IEC 61430 : 0 : 0 0
23305,44,IEC 61434 : 0 : 0 0
23305,45,IEC 61558 : 1 : 2017
23305,46,IEC 61558 : 2 : 16
23305,47,IEC 61587 : 1 : 2022
23305,48,IEC 61643 : 331 : 2020
23305,49,IEC 61984 : 0 : 0 0
23305,50,IEC 62230 : 0 : 0 0
23305,51,IEC 62281 : 0 : 0 0
23305,52,IEC 62440 : 2008
23305,53,IEC 62471 : 5 : 2015
23305,54,IEC 62619 : 2022
23305,55,IEC 62821 : 1 : 0 0
23305,56,IEC 62821 : 2 : 0 0
23305,57,IEC 62821 : 3 : 0 0
23305,58,IEC 63010 : 1 : 0 0
23305,59,IEC 63010 : 2 : 0 0
23305,60,IEC 63294 : 2021
23305,61,ISO 179 : 1 : 0 0
23305,62,ISO 180 : 0 : 0 0
23305,63,ISO 306 : 0 : 0 0
23305,64,ISO 1798 : 0 : 0 0
23305,65,ISO 1817 : 2022
23305,66,ISO 3679 : 0 : 0 0
23305,67,ISO 9772 : 0 : 0 0
13100,1,0 0 : 0 : 0 0
26963,1,0 0 : 0 : 0 0
22913,1,IEC 60068 : 2 : 58 2015
25422,1,0 0 : 0 : 0 0
25423,1,0 0 : 0 : 0 0
25424,1,0 0 : 0 : 0 0
25425,1,0 0 : 0 : 0 0
25426,1,0 0 : 0 : 0 0
13109,1,ISO 4210 : 5 : 2023
13109,2,ISO 6699 : 2016
33706,1,ISO 4210 : 5 : 2023
33706,2,ISO 6699 : 2016
22827,1,0 0 : 0 : 0 0
24875,1,IEC 60228 : 0 : 0 0
24875,2,IEC 60364 : 1 : 0 0
24875,3,IEC 60364 : 4 : 0 0
24875,4,IEC 60364 : 4 : 41
24875,5,IEC 60364 : 5 : 0 0
24875,6,IEC 60364 : 5 : 52
24875,7,IEC 60364 : 5 : 54
24875,8,IEC 60947 : 0 : 0 0
24875,9,IEC 61215 : 0 : 0 0
24875,10,IEC 61557 : 8 : 0 0
24875,11,IEC 61643 : 21 : 0 0
24875,12,IEC 61643 : 22 : 0 0
24875,13,IEC 62930 : 0 : 0 0
33678,1,IEC 60228 : 0 : 0 0
33678,2,IEC 60364 : 1 : 0 0
33678,3,IEC 60364 : 4 : 0 0
33678,4,IEC 60364 : 4 : 41
33678,5,IEC 60364 : 5 : 0 0
33678,6,IEC 60364 : 5 : 52
33678,7,IEC 60364 : 5 : 54
33678,8,IEC 60947 : 0 : 0 0
33678,9,IEC 61215 : 0 : 0 0
33678,10,IEC 61557 : 8 : 0 0
33678,11,IEC 61643 : 21 : 0 0
33678,12,IEC 61643 : 22 : 0 0
33678,13,IEC 62930 : 0 : 0 0
23242,1,IEC 60749 : 1 : 0 0
23303,1,ISO/IEC 98 : 3 : 2008
23303,2,EN 50413 : 0 : 0 0
13117,1,ISO 9001 : 2000
25130,1,0 0 : 0 : 0 0
66376,1,0 0 : 0 : 0 0
24593,1,IEC 62599 : 1 : 0 0
24593,2,IEC 62599 : 2 : 0 0
24594,1,EN 50131 : 6 : 2008
24594,2,IEC 62599 : 1 : 0 0
24594,3,IEC 62599 : 2 : 0 0
24594,4,SAE 62642 : 5 : 3
24594,5,IEC 60073 : 0 : 0 0
26962,1,IEC 60068 : 2 : 52
26962,2,IEC 62599 : 1 : 0 0
26962,3,IEC 62599 : 2 : 0 0
26962,4,IEC 62642 : 1 : 0 0
26962,5,EN 10130 : 1991
24911,1,IEC 60660 : 1 : 0 0
24911,2,IEC 60243 : 0 : 0 0
24911,3,IEC 60417 : 0 : 0 0
24911,4,IEC 60695 : 1 : 10
24911,5,IEC 60695 : 1 : 11
24911,6,IEC 60695 : 2 : 10
24911,7,IEC 60695 : 11 : 20
24911,8,IEC 61032 : 0 : 0 0
24911,9,IEC 61140 : 2016
24911,10,IEC 61508 : 0 : 0 0
24911,11,IEC 62670 : 1 : 0 0
24911,12,ISO 62790 : 0 : 0 0
24911,13,ISO 262 : 0 : 0 0
24911,14,ISO 527 : 0 : 0 0
24911,15,ISO/TR 834 : 3 : 0 0
24911,16,ISO 1456 : 0 : 0 0
24911,17,ISO 1461 : 0 : 0 0
24911,18,ISO 2081 : 0 : 0 0
24911,19,ISO 2093 : 0 : 0 0
24911,20,ISO 4892 : 2 : 0 0
24911,21,ISO 5657 : 0 : 0 0
24911,22,ASTM 162 : 13 : 0 0
24911,23,ASTM 3755 : 14 : 0 0
24911,24,ASTM 257 : 14 : 0 0
24911,25,ASTM 1002 : 10 : 0 0
30732,1,0 0 : 0 : 0 0
20042,1,0 0 : 0 : 0 0
26769,1,ISO 8601 : 0 : 0 0
13139,1,0 0 : 0 : 0 0
33149,1,0 0 : 0 : 0 0
24598,1,ISO 9050 : 0 : 0 0
13141,1,0 0 : 0 : 0 0
29879,1,0 0 : 0 : 0 0
25712,1,ISO 12103 : 1 : 0 0
24603,1,IEC 62262 : 0 : 0 0
24603,2,IEC 62599 : 1 : 0 0
24603,3,IEC 62599 : 2 : 0 0
24603,4,ISO 12233 : 2014
13143,1,0 0 : 0 : 0 0
13144,1,0 0 : 0 : 0 0
28601,1,0 0 : 0 : 0 0
28602,1,0 0 : 0 : 0 0
13151,1,IEC 60335 : 2 : 3 1977
13151,2,IEC 60311 : 1970
13154,1,ISO 2351 : 3 : 0 0
13154,2,ISO 4229 : 0 : 0 0
13154,3,ISO 6787 : 0 : 0 0
13154,4,ISO 8764 : 1 : 0 0
13154,5,ISO 8764 : 2 : 0 0
13154,6,ISO 10104 : 0 : 0 0
13154,7,ISO 10914 : 0 : 0 0
13154,8,ISO 11168 : 0 : 0 0
28258,1,ISO 2351 : 3 : 0 0
28258,2,ISO 4229 : 0 : 0 0
28258,3,ISO 6787 : 0 : 0 0
28258,4,ISO 8764 : 1 : 0 0
28258,5,ISO 8764 : 2 : 0 0
28258,6,ISO 10104 : 0 : 0 0
28258,7,ISO 10914 : 0 : 0 0
28258,8,ISO 11168 : 0 : 0 0
24601,1,IEC 62759 : 1 : 0 0
24601,2,IEC 62915 : 0 : 0 0
24601,3,ISO 98 : 3 : 0 0
13159,1,0 0 : 0 : 0 0
29110,1,0 0 : 0 : 0 0
24918,1,IEC 60050 : 845 : 0 0
24918,2,ISO 291 : 0 : 0 0
24918,3,ISO 10110 : 1 : 2006
24918,4,ISO 10110 : 7 : 0 0
24918,5,ISO 10110 : 8 : 2010
24918,6,ISO 10110 : 19 : 2015
24918,7,ISO 10303 : 21 : 0 0
24918,8,ISO 11664 : 1 : 0 0
24918,9,ISO 11664 : 2 : 0 0
24918,10,ISO 14782 : 0 : 0 0
24918,11,ISO 11664 : 4 : 0 0
13160,1,0 0 : 0 : 0 0
31107,1,0 0 : 0 : 0 0
24822,1,0 0 : 0 : 0 0
30006,1,IEC 60086 : 2 : 2015
13164,1,BSI 397 : 1976
13164,2,IEC 60086 : 1 : 1982
143,1,IEC 60086 : 2 : 2015
30194,1,IEC 60086 : 2 : 2015
24920,1,IEC 62759 : 1 : 0 0
24920,2,IEC 60364 : 0 : 0 0
24920,3,IEC 61215 : 0 : 0 0
24920,4,IEC 61730 : 0 : 0 0
24920,5,IEC 62109 : 0 : 0 0
24920,6,IEC 62446 : 2 : 0 0
27267,1,IEC 60401 : 1 : 0 0
27267,2,IEC 60424 : 1 : 0 0
27200,1,IEC 60401 : 1 : 0 0
27200,2,IEC 60424 : 1 : 0 0
21595,1,ISO 24342 : 2018
25940,1,ISO 6360 : 1 : 0 0
13224,1,IEC 60034 : 1 : 1983
13224,2,IEC 60034 : 3 : 1988
13224,3,IEC 60034 : 4 : 1985
13224,4,IEC 60034 : 5 : 1991
13224,5,IEC 60034 : 8 : 1972
13224,6,IEC 60034 : 9 : 1990
13224,7,IEC 60034 : 14 : 1982
13224,8,IEC 60034 : 15 : 1990
31108,1,0 0 : 0 : 0 0
13225,1,0 0 : 0 : 0 0
31890,1,0 0 : 0 : 0 0
13242,1,0 0 : 0 : 0 0
13253,1,IEC 60335 : 2 : 11 1984
13254,1,IEC 98 : 0 : 0 0
21913,1,ISO 2081 : 1 : 1986
21913,2,ISO 6165 : 0 : 0 0
30135,1,ISO 9556 : 0 : 0 0
30135,2,ISO 14594 : 0 : 0 0
30135,3,ISO 14707 : 0 : 0 0
30135,4,ISO 15349 : 2 : 0 0
13259,1,ISO 9556 : 0 : 0 0
13259,2,ISO 14594 : 0 : 0 0
13259,3,ISO 14707 : 0 : 0 0
13259,4,ISO 15349 : 2 : 0 0
13260,1,ISO 11484 : 0 : 0 0
29123,1,ISO 1839 : 0 : 0 0
13263,1,ISO 1839 : 0 : 0 0
22517,1,0 0 : 0 : 0 0
22518,1,0 0 : 0 : 0 0
33793,1,0 0 : 0 : 0 0
13270,1,0 0 : 0 : 0 0
13285,1,0 0 : 0 : 0 0
28668,1,0 0 : 0 : 0 0
29047,1,ISO 3744 : 2010
13287,1,ISO 3744 : 2010
66270,1,ISO 5593 : 1984
66270,2,ISO 15 : 1981
66795,1,ISO 5593 : 1984
66795,2,ISO 15 : 1981
13311,1,ISO 5593 : 1984
13311,2,ISO 15 : 1981
13312,1,ISO 15 : 1981
13312,2,ISO 5593 : 1984
66276,1,ISO 15 : 1981
66276,2,ISO 5593 : 1984
13313,1,ISO 5593 : 1984
13313,2,ISO 15 : 1981
66033,1,ISO 5593 : 1984
66033,2,ISO 15 : 1981
13314,1,ISO 3493 : 1984
13314,2,ISO 15 : 1981
66866,1,ISO 3493 : 1984
66866,2,ISO 15 : 1981
31689,1,ISO 3493 : 1984
31689,2,ISO 15 : 1981
13315,1,ISO 15 : 1981
13315,2,ISO 582 : 0 : 0 0
13315,3,ISO 5593 : 1989
66272,1,ISO 15 : 1981
66272,2,ISO 582 : 0 : 0 0
66272,3,ISO 5593 : 1989
13317,1,BSI 6100 : 9 : 2007
13318,1,BSI 6100 : 9 : 2007
13319,1,BSI 6100 : 9 : 2007
13320,1,BSI 6100 : 9 : 2007
13321,1,BSI 6100 : 9 : 2007
13322,1,BSI 6100 : 9 : 2007
13323,1,BSI 6100 : 9 : 2007
13324,1,BSI 6100 : 9 : 2007
20079,1,BSI 6100 : 9 : 2007
20080,1,BSI 6100 : 9 : 2007
20081,1,BSI 6100 : 9 : 2007
20082,1,BSI 6100 : 9 : 2007
32132,1,BSI 6100 : 9 : 2007
32134,1,BSI 6100 : 9 : 2007
32135,1,BSI 6100 : 9 : 2007
32136,1,BSI 6100 : 9 : 2007
32137,1,BSI 6100 : 9 : 2007
32138,1,BSI 6100 : 9 : 2007
32139,1,BSI 6100 : 9 : 2007
32140,1,BSI 6100 : 9 : 2007
32141,1,BSI 6100 : 9 : 2007
32142,1,BSI 6100 : 9 : 2007
32143,1,BSI 6100 : 9 : 2007
32133,1,BSI 6100 : 9 : 2007
13325,1,ISO 240 : 0 : 0 0
13325,2,ISO 523 : 0 : 0 0
13325,3,ISO 2780 : 0 : 0 0
13325,4,ISO 2940 : 1 : 0 0
13325,5,ISO 3965 : 1 : 0 0
13325,6,ISO 3965 : 2 : 0 0
22178,1,ISO 12677 : 0 : 0 0
22178,2,ISO 13383 : 1 : 0 0
22178,3,ISO 15732 : 0 : 0 0
22178,4,ISO 16428 : 0 : 0 0
22178,5,ISO 18756 : 0 : 0 0
22178,6,ISO 22214 : 0 : 0 0
22178,7,ISO 23146 : 0 : 0 0
22178,8,EN 623 : 2 : 0 0
22178,9,EN 623 : 3 : 0 0
22178,10,EN 725 : 1 : 0 0
22178,11,EN 843 : 1 : 0 0
22178,12,EN 843 : 2 : 0 0
22178,13,EN 843 : 4 : 0 0
22178,14,EN 843 : 5 : 0 0
22178,15,CEN 14425 : 5 : 0 0
22178,16,ASTM 1161 : 0 : 0 0
22178,17,ASTM 1198 : 0 : 0 0
22178,18,ASTM 1239 : 0 : 0 0
22178,19,ASTM 1259 : 0 : 0 0
22178,20,ASTM 1327 : 0 : 0 0
22178,21,ASTM 1331 : 0 : 0 0
22178,22,ASTM 1421 : 0 : 0 0
22178,23,ASTM 1499 : 0 : 0 0
22178,24,ASTM 112 : 0 : 0 0
23230,1,ISO 12677 : 0 : 0 0
23230,2,ISO 13383 : 1 : 0 0
23230,3,ISO 14242 : 1 : 0 0
23230,4,ISO 15732 : 0 : 0 0
23230,5,ISO 16428 : 0 : 0 0
23230,6,ISO 18756 : 0 : 0 0
23230,7,ISO 22214 : 0 : 0 0
23230,8,ISO 23146 : 0 : 0 0
23230,9,EN 623 : 2 : 0 0
23230,10,EN 623 : 3 : 0 0
23230,11,EN 725 : 1 : 0 0
23230,12,EN 843 : 1 : 0 0
23230,13,EN 843 : 2 : 0 0
23230,14,EN 843 : 4 : 0 0
23230,15,EN 843 : 5 : 0 0
23230,16,CEN 14425 : 5 : 0 0
23230,17,ASTM 1161 : 0 : 0 0
23230,18,ASTM 1198 : 0 : 0 0
23230,19,ASTM 1239 : 0 : 0 0
23230,20,ASTM 1259 : 0 : 0 0
23230,21,ASTM 1327 : 0 : 0 0
23230,22,ASTM 1331 : 0 : 0 0
23230,23,ASTM 1421 : 0 : 0 0
23230,24,ASTM 1499 : 0 : 0 0
13343,1,0 0 : 0 : 0 0
29247,1,0 0 : 0 : 0 0
13346,1,ISO 683 : 0 : 0 0
13352,1,ISO 139 : 1973
21430,1,ISO 139 : 2005
21430,2,ISO 10012 : 2003
21430,3,ISO 1974 : 1990
21431,1,ISO 10012 : 2003
21431,2,ISO 139 : 2005
21431,3,ISO 7500 : 1 : 0 0
21432,1,ISO 10012 : 2003
21432,2,ISO 139 : 2005
21432,3,ISO 7500 : 1 : 0 0
21462,1,ISO 139 : 2005
21462,2,ISO 10012 : 2003
21462,3,ISO 7500 : 1 : 0 0
13356,1,0 0 : 0 : 0 0
17625,1,ISO 15261 : 0 : 0 0
17626,1,ISO 662 : 0 : 0 0
17626,2,ISO 665 : 0 : 0 0
17626,3,ISO 771 : 0 : 0 0
17626,4,ISO 712 : 0 : 0 0
17626,5,ISO 6540 : 0 : 0 0
17626,6,ISO 6498 : 0 : 0 0
13375,1,0 0 : 0 : 0 0
13390,1,0 0 : 0 : 0 0
32621,1,0 0 : 0 : 0 0
13399,1,ISO 1341 : 1976
13406,1,0 0 : 0 : 0 0
30888,1,0 0 : 0 : 0 0
31067,1,0 0 : 0 : 0 0
13407,1,0 0 : 0 : 0 0
13408,1,BSI 3197 : 0 : 0 0
13408,2,BSI 876 : 0 : 0 0
17627,1,ISO 3320 : 1987
17627,2,ISO 5597 : 1987
17627,3,ISO 5598 : 1985
13410,1,ISO 1229 : 1984
13410,2,ISO 15 : 1981
13410,3,ISO 582 : 0 : 0 0
13410,4,ISO 5593 : 1989
30303,1,0 0 : 0 : 0 0
13421,1,0 0 : 0 : 0 0
13424,1,ISO 544 : 2011
13424,2,ISO 13916 : 1996
13424,3,ISO 14175 : 2008
13424,4,ISO 14344 : 2010
13424,5,ISO 15792 : 1 : 2000
13427,1,ISO 6346 : 1995
13427,2,ISO 830 : 1981
13427,3,ISO 1496 : 2 : 1988
13427,4,ISO 1496 : 1 : 1 1990
13427,5,ISO 1161 : 0 : 1 1984
13429,1,ISO 668 : 0 : 1 1995
13429,2,ISO 1496 : 1 : 1 1990
13429,3,ISO 1496 : 2 : 1 1996
13429,4,ISO 1496 : 3 : 1 1995
13429,5,ISO 1496 : 4 : 1 1995
13429,6,ISO 1496 : 5 : 1 1991
13429,7,ISO 3874 : 0 : 1 1997
13429,8,ISO 6346 : 1995
13429,9,ISO 9897 : 1997
13429,10,ISO 10374 : 1991
30243,1,ISO 1180 : 1983
13433,1,ISO 1180 : 1983
13434,1,ISO 1180 : 1983
13435,1,ISO 1180 : 1983
13436,1,ISO 1180 : 1983
13458,1,ISO 5492 : 1992
13465,1,ISO 3651 : 2 : 1998
30879,1,ISO 3651 : 2 : 1998
13480,1,0 0 : 0 : 0 0
21552,1,0 0 : 0 : 0 0
28254,1,0 0 : 0 : 0 0
21387,1,ISO 4287 : 0 : 0 0
21387,2,ISO 4288 : 0 : 0 0
21387,3,ISO 6621 : 1 : 0 0
21387,4,ISO 6624 : 1 : 0 0
21387,5,ISO 6624 : 2 : 0 0
21387,6,ISO 6624 : 3 : 0 0
21387,7,ISO 6624 : 4 : 0 0
27820,1,ISO 4287 : 0 : 0 0
27820,2,ISO 4288 : 0 : 0 0
27820,3,ISO 6621 : 1 : 0 0
27820,4,ISO 6624 : 1 : 0 0
27820,5,ISO 6624 : 2 : 0 0
27820,6,ISO 6624 : 3 : 0 0
27820,7,ISO 6624 : 4 : 0 0
13488,1,0 0 : 0 : 0 0
32906,1,ISO 8784 : 1 : 2014
13489,1,ISO 8784 : 1 : 2014
13505,1,BSI 234 : 1971
13505,2,3164 : 1959
13516,1,ISO 417 : 1965
13536,1,0 0 : 0 : 0 0
31000,1,ISO 10349 : 1 : 2002
31000,2,ISO 10349 : 3 : 1992
31000,3,ISO 10349 : 4 : 1992
31000,4,ISO 10349 : 5 : 1992
31000,5,ISO 10349 : 10 : 1992
31000,6,ISO 10349 : 11 : 1992
31000,7,ISO 10349 : 12 : 1992
13543,1,ISO 10349 : 1 : 2002
13543,2,ISO 10349 : 3 : 1992
13543,3,ISO 10349 : 4 : 1992
13543,4,ISO 10349 : 5 : 1992
13543,5,ISO 10349 : 10 : 1992
13543,6,ISO 10349 : 11 : 1992
13543,7,ISO 10349 : 12 : 1992
13547,1,ISO 1080 : 1975
24292,1,ISO 12117 : 1997
24292,2,SAE 0 : 1997
13553,1,ISO 2339 : 1986
13553,2,ISO 2081 : 1986
13553,3,ISO 3269 : 1988
13553,4,ISO 4520 : 1981
13554,1,ISO 8734 : 1 : 1997
13554,2,ISO 3506 : 1 : 1997
13554,3,ISO 4042 : 1999
13567,1,IEC 60061 : 1 : 1969
23040,1,ISO 6892 : 1 : 2016
23040,2,ISO 0 : 0 : 0 0
23040,3,ISO 6722 : 1 : 2011
23040,4,EN 573 : 1 : 2004
23040,5,EN 573 : 3 : 2009
13585,1,ISO 43 : 0 : 0 0
21364,1,ISO 1817 : 2015
21364,2,ISO 6931 : 1 : 2016
21364,3,IEC 60811 : 2 : 1 1998
21364,4,ASTM 0 : 0 : 0 0
21364,5,ASTM 0 : 2013
21364,6,ASTM 0 : 2013
21364,7,ASTM 0 : 2010
21364,8,ASTM 0 : 2012
21364,9,ASTM 0 : 2011
21364,10,EN 13602 : 2013
21364,11,ASTM 0 : 2013
21364,12,ASTM 0 : 2013
21364,13,ASTM 0 : 2010
21364,14,ASTM 0 : 2012
21364,15,ASTM 0 : 2011
21364,16,EN 13602 : 2013
21364,17,EN 13602 : 2013
25981,1,ISO 1817 : 2015
25981,2,ISO 6931 : 1 : 2016
25981,3,IEC 60811 : 2 : 1 1998
25981,4,ASTM 0 : 0 : 0 0
25981,5,ASTM 0 : 2013
25981,6,ASTM 0 : 2013
25981,7,ASTM 0 : 2010
25981,8,ASTM 0 : 2012
25981,9,ASTM 0 : 2011
25981,10,EN 13602 : 2013
25981,11,ASTM 0 : 2013
25981,12,ASTM 0 : 2013
25981,13,ASTM 0 : 2010
25981,14,ASTM 0 : 2012
25981,15,ASTM 0 : 2011
25981,16,EN 13602 : 2013
25981,17,EN 13602 : 2013
13586,1,ISO 268 : 1962
13587,1,0 0 : 0 : 0 0
31739,1,0 0 : 0 : 0 0
13601,1,0 0 : 0 : 0 0
31837,1,0 0 : 0 : 0 0
245,1,ISO 139 : 1973
245,2,ISO 3534 : 1977
245,3,ISO 5089 : 1977
245,4,ISO 6741 : 2 : 0 0
245,5,ISO 6741 : 3 : 1987
245,6,ISO 6741 : 4 : 1987
245,7,ISO 6348 : 1980
245,8,ISO 1130 : 1975
245,9,ISO 3074 : 1975
246,1,ISO 6741 : 1 : 0 0
246,2,ISO 6741 : 4 : 1987
246,3,ISO 6348 : 1980
247,1,ISO 675 : 197
247,2,ISO 6741 : 1 : 1989
247,3,ISO 6741 : 2 : 1987
247,4,ISO 6741 : 4 : 1987
247,5,ISO 4793 : 0 : 0 0
247,6,ISO 6348 : 0 : 0 0
247,7,ISO 1833 : 0 : 0 0
33308,1,ISO 9227 : 2022
33308,2,CIE 15 : 2004
33308,3,CIE 1931 : 0 : 0 0
21063,1,ISO 9227 : 2022
21063,2,CIE 15 : 2004
21063,3,CIE 1931 : 0 : 0 0
695,1,ISO 3450 : 0 : 0 0
17628,1,ISO 6014 : 0 : 0 0
17628,2,ISO 6405 : 1 : 0 0
17628,3,ISO 6405 : 1 : 0 0
28471,1,ISO 6157 : 3 : 0 0
13625,1,ISO 6157 : 3 : 0 0
13631,1,IEC 60217 : 0 : 0 0
13631,2,BSI 4205 : 0 : 0 0
17629,1,ISO 1703 : 1983
17629,2,ISO 1174 : 1 : 1996
28496,1,IEC 156 : 1963
13658,1,IEC 156 : 1963
13664,1,0 0 : 0 : 0 0
33764,1,0 0 : 0 : 0 0
17744,1,ISO 9001 : 2008
13669,1,ISO 5832 : 5 : 1993
13669,2,ISO 5835 : 1991
13669,3,ISO 6505 : 1986
13669,4,ISO 7153 : 1 : 1991
13670,1,ISO 683 : 13 : 0 0
13670,2,ISO 2380 : 0 : 0 0
13670,3,ISO 5832 : 5 : 0 0
13670,4,ISO 6508 : 0 : 0 0
13670,5,ISO 9268 : 0 : 0 0
13708,1,0 0 : 0 : 0 0
27809,1,0 0 : 0 : 0 0
13716,1,IEC 60095 : 1 : 1972
13716,2,IEC 60077 : 1968
13733,1,ISO 2340 : 1986
13733,2,ISO 1234 : 1971
13733,3,ISO 2081 : 1986
13733,4,ISO 3269 : 1988
13733,5,ISO 4520 : 1981
13734,1,ISO 2341 : 1986
13734,2,ISO 1234 : 1997
13734,3,ISO 2081 : 1986
13734,4,ISO 3269 : 1988
13734,5,ISO 4520 : 1981
17630,1,ISO 6498 : 0 : 0 0
17630,2,ISO 3696 : 0 : 0 0
17631,1,ISO 6497 : 0 : 0 0
17631,2,ISO 6498 : 0 : 0 0
30976,1,IEC 61000 : 4 : 20 2010
30976,2,IEC 61000 : 4 : 22 2010
21276,1,IEC 61000 : 4 : 20 2010
21276,2,IEC 61000 : 4 : 22 2010
31283,1,IEC 61000 : 4 : 20 2010
31283,2,IEC 61000 : 4 : 22 2010
31283,3,IEC 16 : 1 : 2 2014
31283,4,IEC 16 : 2 : 2 2010
31283,5,IEC 16 : 2 : 3 2016
31283,6,IEC 16 : 4 : 2 2018
26208,1,IEC 61000 : 4 : 20 2010
26208,2,IEC 61000 : 4 : 22 2010
26208,3,IEC 16 : 1 : 2 2014
26208,4,IEC 16 : 2 : 2 2010
26208,5,IEC 16 : 2 : 3 2016
26208,6,IEC 16 : 4 : 2 2018
13744,1,IEC 60335 : 2 : 76
13745,1,IEC 16 : 1 : 2 2014
13745,2,IEC 16 : 2 : 3 2014
13745,3,IEC 16 : 4 : 2 2014
13745,4,IEC 61307 : 2011
13746,1,IEC 60038 : 0 : 0 0
13746,2,IEC 60061 : 1 : 0 0
13746,3,IEC 60081 : 0 : 0 0
13746,4,IEC 61000 : 4 : 20 2010
13746,5,IEC 61195 : 0 : 0 0
13746,6,IEC 0 : 0 : 0 0
13747,1,IEC 60083 : 0 : 0 0
13747,2,IEC 61000 : 4 : 6
26054,1,IEC 16 : 1 : 2 2014
26054,2,IEC 16 : 2 : 3 2014
26054,3,IEC 16 : 4 : 2 2014
26054,4,IEC 61307 : 2011
21499,1,IEC 61000 : 4 : 20 2010
21499,2,IEC 61000 : 4 : 22 2010
21499,3,IEC 16 : 1 : 2 2014
21499,4,IEC 16 : 2 : 2 2010
21499,5,IEC 16 : 2 : 3 2016
21499,6,IEC 16 : 4 : 2 2018
13749,1,ISO 683 : 1 : 2016
21489,1,ISO 3665 : 0 : 0 0
21489,2,ISO 3696 : 0 : 0 0
13750,1,ISO 1942 : 2009
13750,2,ISO 7491 : 2000
13750,3,ISO 463 : 2006
13750,4,ISO 3696 : 1987
13750,5,ISO 8601 : 2016
13750,6,ISO 22112 : 2005
21356,1,ISO 4545 : 2 : 2005
21356,2,ISO 4545 : 3 : 2005
21357,1,ISO 376 : 2004
21357,2,ISO 4545 : 1 : 2005
21357,3,ISO 4545 : 3 : 2005
65754,1,ISO 4545 : 2 : 2005
65754,2,ISO 4545 : 3 : 2005
25943,1,ISO 1942 : 2009
25943,2,ISO 7491 : 2000
25943,3,ISO 3696 : 1987
25943,4,ISO 8601 : 2016
25943,5,ISO 20795 : 1 : 2008
13760,1,ISO 1942 : 2009
13760,2,ISO 7491 : 2000
13760,3,ISO 3696 : 1987
13760,4,ISO 8601 : 2016
13760,5,ISO 20795 : 1 : 2008
21598,1,ISO 9564 : 1 : 2002
21598,2,ISO 9564 : 2 : 2005
21598,3,ISO 11568 : 1 : 2005
21598,4,ISO 11568 : 2 : 2005
21598,5,ISO 11568 : 4 : 1998
21598,6,ISO 16609 : 2004
21598,7,ISO 21188 : 2006
21598,8,ISO/IEC 18033 : 0 : 0 0
21598,9,ISO/IEC 17799 : 0 : 0 0
21598,10,ISO/IEC 18028 : 0 : 0 0
21598,11,ISO/IEC 15782 : 0 : 0 0
21598,12,ISO/IEC 11770 : 0 : 0 0
25497,1,ISO/TR 7470 : 1988
25497,2,ISO 5145 : 2014
25497,3,ISO 5171 : 2009
25497,4,ISO 9090 : 1989
25497,5,ISO 9539 : 2010
25497,6,ISO 15296 : 2004
25497,7,ISO 554 : 2011
13785,1,ISO/TR 7470 : 1988
13785,2,ISO 5145 : 2014
13785,3,ISO 5171 : 2009
13785,4,ISO 9090 : 1989
13785,5,ISO 9539 : 2010
13785,6,ISO 15296 : 2004
13785,7,ISO 554 : 2011
17836,1,IEC 60065 : 1985
17836,2,IEC 60068 : 2 : 0 0
17836,3,IEC 60068 : 2 : 0 0
17836,4,IEC 60112 : 0 : 0 0
17836,5,IEC 60260 : 1968
17836,6,IEC 60260 : 1968
13802,1,ISO 1107 : 0 : 0 0
13809,1,ISO 1496 : 1 : 1 1990
13809,2,ISO 1496 : 2 : 1 1988
13809,3,ISO 1496 : 3 : 1 1995
13809,4,ISO 1496 : 4 : 1 1991
13809,5,ISO 1496 : 5 : 1 1991
13809,6,ISO 8323 : 1985
13809,7,ISO 10374 : 1991
13809,8,ISO 668 : 1988
13855,1,ISO/IEC 0 : 98 : 3
13855,2,ISO/IEC 0 : 98 : 4 2012
26641,1,ISO 4649 : 0 : 0 0
26641,2,ISO 5084 : 0 : 0 0
26641,3,ISO 5725 : 0 : 0 0
26641,4,ISO 7500 : 0 : 0 0
26641,5,ISO 12947 : 0 : 0 0
26641,6,ISO 13934 : 0 : 0 0
26641,7,ISO 21420 : 0 : 0 0
26641,8,EN 12127 : 0 : 0 0
26642,1,ISO/TS 16190 : 0 : 0 0
26642,2,EN 1811 : 2015
26642,3,EN 16350 : 0 : 0 0
26642,4,EN 16778 : 0 : 0 0
26642,5,IEC 60417 : 2002
26643,1,ISO 19918 : 0 : 0 0
26645,1,ISO 13998 : 0 : 0 0
26646,1,ISO 3175 : 0 : 0 0
26646,2,ISO 13997 : 0 : 0 0
26647,1,EN 388 : 1994
26648,1,ISO 11393 : 2018
26648,2,EN 420 : 2009
13885,1,0 0 : 0 : 0 0
32104,1,0 0 : 0 : 0 0
26384,1,0 0 : 0 : 0 0
13886,1,0 0 : 0 : 0 0
13891,1,ISO 10683 : 0 : 0 0
28431,1,ISO 2904 : 1977
28431,2,ISO 2901 : 1977
28431,3,ISO 2902 : 1977
25881,1,ISO 2902 : 1971
25881,2,ISO 2901 : 1977
25882,1,ISO 2903 : 1993
25882,2,ISO 2901 : 1977
25882,3,ISO 2902 : 1977
25882,4,ISO 5408 : 1983
26430,1,ISO 2901 : 1993
26430,2,ISO 2903 : 1993
13897,1,ISO 2901 : 1993
13897,2,ISO 2903 : 1993
13898,1,ISO 2902 : 1971
13898,2,ISO 2901 : 1977
13899,1,ISO 2904 : 1977
13899,2,ISO 2901 : 1977
13899,3,ISO 2902 : 1977
13900,1,ISO 2903 : 1993
13900,2,ISO 2901 : 1977
13900,3,ISO 2902 : 1977
13900,4,ISO 5408 : 1983
23320,1,ISO 2231 : 1989
32062,1,ISO 2231 : 1989
24139,1,ISO 2231 : 0 : 0 0
24139,2,ISO 6507 : 1 : 0 0
24139,3,ISO 2286 : 2 : 0 0
24139,4,ISO 2286 : 3 : 0 0
22604,1,ISO 2231 : 0 : 0 0
13907,1,ISO 2231 : 0 : 0 0
13908,1,ISO 2231 : 0 : 0 0
13910,1,ISO 5473 : 1997
13910,2,ISO 2231 : 1989
13910,3,ISO 2286 : 1 : 1986
13911,1,ISO 2231 : 1989
28759,1,ISO 2231 : 1989
13912,1,ISO 2231 : 1989
13914,1,ISO 7854 : 1995
13914,2,ISO 132 : 1983
13914,3,ISO 1420 : 1987
13914,4,ISO 2231 : 1989
13914,5,ISO 2286 : 1986
13915,1,ISO 2231 : 1989
13915,2,ISO 5893 : 0 : 0 0
13917,1,ISO 2231 : 1989
13918,1,ISO 2231 : 0 : 0 0
13919,1,ISO 5978 : 1990
13919,2,ISO 2231 : 1989
28282,1,ISO 2231 : 1989
28042,1,ISO 2231 : 0 : 0 0
24227,1,ISO 2231 : 1989
24228,1,ISO 2231 : 1989
22693,1,ISO 2231 : 1989
22693,2,ISO 2602 : 0 : 0 0
28337,1,ISO 2231 : 0 : 0 0
28338,1,ISO 2231 : 0 : 0 0
28346,1,ISO 2231 : 0 : 0 0
27599,1,ISO 2231 : 1989
27877,1,ISO 2231 : 1989
27623,1,ISO 2231 : 1989
27623,2,ISO 2602 : 0 : 0 0
27624,1,ISO 2231 : 1989
22264,1,ISO 2231 : 1989
22265,1,ISO 2231 : 1989
13928,1,0 0 : 0 : 0 0
23198,1,0 0 : 0 : 0 0
31949,1,0 0 : 0 : 0 0
31950,1,0 0 : 0 : 0 0
20180,1,0 0 : 0 : 0 0
13951,1,BSI 876 : 1981
13971,1,0 0 : 0 : 0 0
32688,1,0 0 : 0 : 0 0
13973,1,ISO 186 : 2002
13973,2,ISO 187 : 1990
13973,3,ISO 13820 : 0 : 0 0
13979,1,IEC 801 : 1 : 0 0
13979,2,IEC 801 : 2 : 0 0
13979,3,IEC 804 : 0 : 0 0
23157,1,ISO 2631 : 1 : 0 0
23157,2,ISO 13090 : 1 : 0 0
14029,1,ISO 3651 : 2 : 0 0
14029,2,5832 : 1 : 0 0
14029,3,5832 : 5 : 0 0
28732,1,IEC 60050 : 721 : 199
14037,1,IEC 60050 : 721 : 199
17633,1,ISO 3450 : 0 : 0 0
17633,2,ISO 5010 : 0 : 0 0
17633,3,ISO 5010 : 0 : 0 0
14052,1,IEC 60034 : 1 : 1969
14052,2,IEC 60034 : 4 : 1967
21596,1,ISO 5010 : 2007
21596,2,ISO 6485 : 1980
21596,3,ISO 7457 : 1997
24049,1,ISO 5832 : 2 : 2018
24049,2,ISO 5832 : 3 : 2016
24049,3,ISO 6507 : 1 : 2005
24049,4,ISO 6508 : 1 : 2016
24049,5,ASTM 265 : 2010
24049,6,ASTM 348 : 2013
24049,7,EN 10088 : 1 : 2014
14096,1,ISO 3506 : 4 : 0 0
14096,2,ISO 10683 : 0 : 0 0
14096,3,ISO 16048 : 0 : 0 0
14098,1,ISO 3506 : 4 : 0 0
14098,2,ISO 10683 : 0 : 0 0
14098,3,ISO 16048 : 0 : 0 0
14101,1,ISO 3506 : 4 : 0 0
14101,2,ISO 10683 : 0 : 0 0
14101,3,ISO 16084 : 0 : 0 0
14106,1,ISO 2702 : 1992
14106,2,ISO 1478 : 1983
14106,3,ISO 6507 : 1 : 1982
14106,4,ISO 6507 : 1 : 1982
14106,5,ISO 6502 : 2 : 1983
17815,1,ISO 579 : 2013
17815,2,ISO 728 : 2021
17815,3,ISO 18283 : 2022
17816,1,0 0 : 0 : 0 0
27075,1,0 0 : 0 : 0 0
30692,1,ISO 579 : 2013
30692,2,ISO 728 : 2021
30692,3,ISO 18283 : 2022
14121,1,ISO 7029 : 0 : 0 0
14121,2,ISO 9612 : 0 : 0 0
14121,3,ISO 25417 : 0 : 0 0
21177,1,ISO 10993 : 1 : 0 0
24326,1,ISO/TR 10993 : 33 : 2015
24326,2,ISO 14160 : 2011
24326,3,ISO 14630 : 2012
24326,4,ISO 14937 : 2009
24326,5,ISO 17665 : 1 : 2006
24326,6,ISO/TS 17665 : 2 : 2009
24326,7,ISO/TS 17665 : 3 : 2013
14133,1,IEC 60478 : 2 : 1975
14134,1,IEC 60478 : 3 : 1976
14135,1,IEC 60478 : 4 : 1976
24857,1,ISO 1086 : 1991
14163,1,0 0 : 0 : 0 0
33765,1,0 0 : 0 : 0 0
25397,1,ISO 7240 : 1 : 2014
25397,2,IEC 62599 : 1 : 2010
25397,3,IEC 62599 : 2 : 2010
63,1,ISO 3098 : 0 : 0 0
63,2,IEC 60068 : 2 : 78
63,3,IEC 60068 : 1 : 0 0
63,4,IEC 60068 : 2 : 1
63,5,IEC 60068 : 2 : 2
63,6,IEC 60068 : 2 : 5
63,7,IEC 60068 : 2 : 6
63,8,IEC 60068 : 2 : 27
63,9,IEC 60068 : 2 : 30
63,10,IEC 60068 : 2 : 42
63,11,IEC 60068 : 2 : 18
63,12,ISO 209 : 0 : 0 0
63,13,ISO 3864 : 1 : 0 0
63,14,ISO 7240 : 1 : 0 0
63,15,ISO 7240 : 2 : 0 0
63,16,other 894 : 3 : 0 0
63,17,other 50130 : 4 : 0 0
64,1,ISO 7240 : 1 : 2014
64,2,EN 50130 : 4 : 2011
65,1,ISO 7240 : 1 : 2014
65,2,IEC 62599 : 2 : 2010
66,1,ISO 7240 : 1 : 2014
66,2,IEC 62599 : 2 : 2010
25185,1,ISO 209 : 0 : 0 0
25185,2,ISO 7240 : 1 : 0 0
25185,3,IEC 62599 : 2 : 0 0
25186,1,ISO 7240 : 1 : 0 0
25186,2,IEC 62599 : 2 : 0 0
31635,1,ISO 7240 : 1 : 2014
31635,2,IEC 62599 : 2 : 2010
31637,1,ISO 7240 : 1 : 2014
31637,2,IEC 60695 : 11 : 20 2015
31637,3,IEC 62599 : 2 : 2010
31638,1,ISO 7240 : 1 : 2014
31638,2,IEC 62599 : 2 : 2010
22936,1,0 0 : 0 : 0 0
31640,1,ISO 7240 : 1 : 2014
31640,2,IEC 62599 : 2 : 2010
22937,1,0 0 : 0 : 0 0
31641,1,ISO 7240 : 1 : 2014
31641,2,IEC 60081 : 1997
31641,3,IEC 62599 : 2 : 2010
22938,1,ISO 7240 : 1 : 2014
22938,2,IEC 60695 : 11 : 20 2015
22938,3,IEC 62599 : 2 : 2010
22939,1,ISO 7240 : 1 : 2014
22939,2,IEC 62599 : 2 : 2010
22940,1,ISO 7240 : 1 : 2014
22940,2,IEC 62599 : 2 : 2010
22941,1,0 0 : 0 : 0 0
31666,1,ISO 7240 : 1 : 2014
31666,2,EN 50130 : 4 : 2011
31668,1,ISO 7240 : 1 : 2014
31668,2,IEC 62599 : 1 : 2010
31668,3,IEC 62599 : 2 : 2010
22982,1,ISO 7240 : 1 : 2014
22982,2,IEC 60081 : 1997
22982,3,IEC 62599 : 2 : 2010
22986,1,0 0 : 0 : 0 0
22987,1,ISO 7240 : 1 : 2014
22987,2,IEC 62599 : 2 : 2010
14167,1,ASME 16 : 2020
31839,1,ASME 16 : 2020
14178,1,ISO 7984 : 0 : 0 0
32524,1,0 0 : 0 : 0 0
14180,1,0 0 : 0 : 0 0
14184,1,ISO 230 : 0 : 0 0
14189,1,0 0 : 0 : 0 0
31386,1,0 0 : 0 : 0 0
14190,1,0 0 : 0 : 0 0
31740,1,0 0 : 0 : 0 0
14192,1,ISO 230 : 0 : 0 0
14192,2,ISO 230 : 0 : 0 0
14193,1,ISO 230 : 1 : 0 0
14193,2,ISO 7984 : 0 : 0 0
25439,1,ISO 509 : 0 : 0 0
14197,1,ISO 509 : 0 : 0 0
14199,1,ISO 230 : 0 : 0 0
14206,1,ISO 230 : 0 : 0 0
14208,1,ISO 23011 : 7 : 0 0
14208,2,ISO 7904 : 0 : 0 0
14213,1,ISO 230 : 0 : 0 0
14215,1,ISO 7570 : 1986
14226,1,IEC 60068 : 2 : 54 2006
14226,2,IEC 600628 : 2 : 58 2015
14226,3,IEC 60068 : 2 : 67 1995
14226,4,IEC 60068 : 2 : 69 2007
14226,5,IEC 60068 : 2 : 82 2007
14226,6,IEC 60617 : 0 : 0 0
14226,7,IEC 60717 : 0 : 0 0
14226,8,IEC 61193 : 2 : 0 0
14226,9,IEC 61249 : 2 : 7 2002
14227,1,IEC 60034 : 4 : 1967
14230,1,ISO 5053 : 1987
14230,2,ISO 22915 : 1 : 2016
14231,1,BSI 137 : 1 : 1970
14231,2,IEC 60274 : 0 : 0 0
24320,1,0 0 : 0 : 0 0
24321,1,0 0 : 0 : 0 0
24322,1,0 0 : 0 : 0 0
24323,1,0 0 : 0 : 0 0
20259,1,0 0 : 0 : 0 0
29728,1,0 0 : 0 : 0 0
14234,1,0 0 : 0 : 0 0
14237,1,0 0 : 0 : 0 0
14239,1,IEC 0 : 0 : 0 0
14239,2,IEC 60050 : 195 : 1998
14239,3,IEC 60050 : 826 : 2004
14239,4,IEC 60073 : 1996
14239,5,IEC 60245 : 3 : 2003
14239,6,IEC 60255 : 22 : 1 1988
14239,7,IEC 60269 : 3 : 2010
14239,8,IEC 60287 : 1 : 1 2006
14239,9,IEC 60287 : 1 : 2 1993
14239,10,IEC 60331 : 11 : 1999
14239,11,IEC 60331 : 21 : 1999
14239,12,IEC 60332 : 1 : 1 2004
14239,13,IEC 60332 : 1 : 2 2004
14239,14,IEC 60364 : 1 : 2005
14239,15,IEC 60364 : 4 : 41 2005
14239,16,IEC 60364 : 4 : 42 2010
14239,17,IEC 60364 : 4 : 43 2008
14239,18,IEC 60364 : 5 : 51 2005
14239,19,IEC 60364 : 5 : 52 2009
14239,20,IEC 60364 : 5 : 53 2001
14239,21,IEC 60364 : 5 : 54 2011
14239,22,IEC 60364 : 6 : 61 2001
14239,23,IEC 60364 : 7 : 705 2006
14239,24,IEC 60364 : 7 : 712 2002
14239,25,IEC 60364 : 7 : 717 2009
14239,26,IEC 60445 : 2010
14239,27,IEC 60446 : 2007
14239,28,IEC 60447 : 2004
14239,29,IEC 60449 : 1997
14239,30,IEC 60502 : 1 : 2004
14239,31,IEC 60502 : 2 : 1997
14239,32,IEC 60570 : 2003
14239,33,IEC 60598 : 2 : 13 2006
14239,34,IEC 60598 : 2 : 22 2014
14239,35,IEC 60598 : 2 : 24 2013
14239,36,IEC 60670 : 21 : 2004
14239,37,IEC 60702 : 1 : 2002
14239,38,IEC 60702 : 2 : 2002
14239,39,IEC 60724 : 2000
14239,40,IEC 60947 : 6 : 2 2002
14239,41,IEC 60947 : 7 : 1 2009
14239,42,IEC 60949 : 1988
14239,43,IEC 60998 : 1 : 1990
14239,44,IEC 61000 : 2 : 2 2002
14239,45,IEC 61000 : 2 : 5 2011
14239,46,IEC 61000 : 6 : 4 2006
14239,47,IEC 61009 : 1 : 2010
14239,48,IEC 61024 : 1 : 1990
14239,49,IEC 61082 : 1 : 2014
14239,50,IEC 61082 : 2 : 1993
14239,51,IEC 61082 : 3 : 1993
14239,52,IEC 61082 : 4 : 1996
14239,53,IEC 61140 : 2001
14239,54,IEC 61312 : 1 : 1995
14239,55,IEC 61312 : 2 : 1999
14239,56,IEC 61312 : 3 : 2000
14239,57,IEC 61346 : 1 : 1996
14239,58,IEC 61439 : 1 : 2011
14239,59,IEC 61439 : 2 : 2011
14239,60,IEC 61534 : 1 : 2011
14239,61,IEC 61535 : 2009
14239,62,IEC 61537 : 2006
14239,63,IEC 61558 : 2 : 1 2007
14239,64,IEC 61558 : 2 : 4 2009
14239,65,IEC 61558 : 2 : 15 2011
14239,66,IEC 61557 : 6 : 2007
14239,67,IEC 61643 : 1 : 2005
14239,68,IEC 61936 : 1 : 2010
14239,69,IEC 61995 : 1 : 2005
14239,70,IEC 104 : 2010
67117,1,ISO 2528 : 2017
67117,2,ISO 15105 : 2 : 2003
67117,3,ISO 17855 : 1 : 2014
67117,4,ISO 18553 : 2002
67117,5,ASTM 0 : 2013
67117,6,ASTM 0 : 2013
67117,7,ASTM 0 : 1982
67117,8,ASTM 0 : 2018
67117,9,ASTM 0 : 2016
67117,10,ASTM 0 : 2015
14249,1,ISO 2528 : 2017
14249,2,ISO 15105 : 2 : 2003
14249,3,ISO 17855 : 1 : 2014
14249,4,ISO 18553 : 2002
14249,5,ASTM 0 : 2013
14249,6,ASTM 0 : 2013
14249,7,ASTM 0 : 1982
14249,8,ASTM 0 : 2018
14249,9,ASTM 0 : 2016
14249,10,ASTM 0 : 2015
14261,1,0 0 : 0 : 0 0
14302,1,ISO 3269 : 1988
14302,2,ISO 3506 : 1 : 0 0
14302,3,ISO 4042 : 1989
28355,1,0 0 : 0 : 0 0
14310,1,0 0 : 0 : 0 0
14317,1,ISO 3269 : 1988
14317,2,ISO 3506 : 1 : 1997
14317,3,ISO 4042 : 1989
67171,1,ISO 3269 : 1988
67171,2,ISO 8745 : 1997
67171,3,ISO 3506 : 1 : 1997
67171,4,ISO 4042 : 1989
14318,1,ISO 3269 : 1988
14318,2,ISO 8745 : 1997
14318,3,ISO 3506 : 1 : 1997
14318,4,ISO 4042 : 1989
14319,1,ISO 3269 : 1983
14319,2,ISO 3506 : 1 : 1997
14319,3,ISO 4042 : 0 : 0 0
14319,4,ISO 8749 : 1986
14319,5,ISO 9717 : 1990
388,1,ISO 2768 : 1 : 1989
388,2,ISO 2768 : 2 : 1989
388,3,ISO 8015 : 1985
389,1,ISO 2768 : 1 : 1989
389,2,ISO 2768 : 2 : 1989
389,3,ISO 8015 : 1985
390,1,ISO 2768 : 1 : 1989
390,2,ISO 2768 : 2 : 1989
390,3,ISO 8015 : 1985
21048,1,ISO 3746 : 2010
21048,2,ISO 5359 : 2014
21048,3,ISO 14644 : 1 : 1999
21048,4,ISO 17672 : 2010
21048,5,ISO 21969 : 2009
21048,6,ISO 29463 : 1 : 2011
21048,7,EN 286 : 1 : 1998
21048,8,EN 1041 : 2008
21048,9,EN 1254 : 1 : 1998
21048,10,EN 1254 : 4 : 1998
21048,11,EN 13348 : 2008
17634,1,ISO 6887 : 0 : 0 0
17634,2,ISO 7218 : 0 : 0 0
23526,1,ISO 14971 : 0 : 0 0
14351,1,ISO 5356 : 0 : 0 0
14351,2,ISO 5346 : 2 : 0 0
14351,3,ISO 4135 : 0 : 0 0
14351,4,ISO 5367 : 0 : 0 0
14351,5,ISO 5356 : 1 : 0 0
14351,6,ISO 4135 : 0 : 0 0
14351,7,ISO 5367 : 0 : 0 0
14351,8,IEC 60601 : 1 : 0 0
14351,9,ISO 3040 : 0 : 0 0
14351,10,IEC 601 : 1 : 0 0
14352,1,ISO 5356 : 2 : 0 0
14352,2,ISO 5336 : 1 : 0 0
14352,3,ISO 5356 : 2 : 0 0
14352,4,ISO 5356 : 1 : 0 0
14352,5,ISO 4135 : 0 : 0 0
14352,6,ISO 5356 : 0 : 0 0
14352,7,ISO 965 : 2 : 0 0
14352,8,ISO 262 : 0 : 0 0
14373,1,ISO 710 : 1 : 1974
14373,2,ISO 710 : 2 : 1974
14373,3,ISO 710 : 3 : 1974
14373,4,ISO 710 : 4 : 1982
14373,5,ISO 710 : 5 : 1989
14375,1,ISO 710 : 1989
33917,1,ISO 710 : 1 : 1974
33917,2,ISO 710 : 2 : 1974
33917,3,ISO 710 : 3 : 1974
33917,4,ISO 710 : 4 : 1982
33917,5,ISO 710 : 5 : 1989
32658,1,ISO 710 : 1989
14378,1,ISO 2148 : 1974
27866,1,ISO 2148 : 1974
14380,1,ISO 286 : 2 : 1988
14380,2,ISO 3320 : 1987
14380,3,ISO 5598 : 1985
30369,1,ISO 286 : 2 : 1988
30369,2,ISO 3320 : 1987
30369,3,ISO 5598 : 1985
17635,1,ISO 286 : 2 : 1988
17635,2,ISO 3320 : 1987
17635,3,ISO 5598 : 1985
17636,1,ISO 286 : 2 : 1988
17636,2,ISO 3320 : 1987
17636,3,ISO 5598 : 1985
14390,1,0 0 : 0 : 0 0
14392,1,0 0 : 0 : 0 0
27221,1,0 0 : 0 : 0 0
21558,1,ISO 15223 : 1 : 2021
21558,2,ASTM 3078 : 0 : 0 0
21558,3,ASTM 1929 : 0 : 0 0
20288,1,ISO 7000 : 1989
20288,2,IEC 417 : 1973
14407,1,0 0 : 0 : 0 0
17637,1,ISO 4950 : 2 : 0 0
17637,2,ISO 4950 : 2 : 0 0
17637,3,ISO 4995 : 0 : 0 0
17637,4,ISO 4996 : 0 : 0 0
17637,5,ISO 5951 : 0 : 0 0
17637,6,ISO 5952 : 0 : 0 0
14412,1,ISO 722 : 1991
34010,1,ISO 722 : 1991
14416,1,ISO 492 : 1986
23911,1,ISO 15241 : 0 : 0 0
30940,1,ISO 15241 : 0 : 0 0
14422,1,ISO 19050 : 2021
14422,2,EN 16143 : 2013
28597,1,ISO 19050 : 2021
28597,2,EN 16143 : 2013
17638,1,ISO 2806 : 0 : 0 0
17638,2,ISO 4849 : 0 : 0 0
14440,1,ISO 10683 : 0 : 0 0
14440,2,ISO 8839 : 0 : 0 0
14440,3,ISO 16048 : 0 : 0 0
14442,1,ISO 7046 : 1 : 1999
14442,2,ISO 225 : 1983
14442,3,ISO 261 : 1997
14442,4,ISO 888 : 1976
14442,5,ISO 898 : 1988
14442,6,ISO 965 : 2
14443,1,ISO 7721 : 2 : 0 0
14443,2,ISO 8839 : 0 : 0 0
14443,3,ISO 10683 : 0 : 0 0
14443,4,ISO 16048 : 0 : 0 0
14444,1,ISO 8839 : 0 : 0 0
14444,2,ISO 10683 : 0 : 0 0
14444,3,ISO 16048 : 0 : 0 0
29774,1,ISO 9924 : 1 : 2023
29774,2,EN 16143 : 2013
14447,1,ISO 9924 : 1 : 2023
14447,2,EN 16143 : 2013
17639,1,ISO 1942 : 3 : 0 0
17639,2,ISO 6507 : 1 : 0 0
17639,3,ISO 7153 : 1 : 0 0
17639,4,ISO 13402 : 0 : 0 0
32532,1,0 0 : 0 : 0 0
14453,1,0 0 : 0 : 0 0
14455,1,ISO 1304 : 1974
14455,2,ISO 1306 : 1970
14455,3,ISO 1437 : 1970
14455,4,ISO 1125 : 1969
14455,5,ISO 1435 : 1970
14455,6,ISO 1138 : 1969
28273,1,ISO 248 : 1 : 0 0
28273,2,ISO 1795 : 0 : 0 0
28273,3,ISO 2000 : 0 : 0 0
28273,4,ISO 2393 : 0 : 0 0
28273,5,ISO 6502 : 2 : 0 0
28273,6,ISO 6502 : 3 : 0 0
14456,1,ISO 248 : 1 : 0 0
14456,2,ISO 1795 : 0 : 0 0
14456,3,ISO 2000 : 0 : 0 0
14456,4,ISO 2393 : 0 : 0 0
14456,5,ISO 6502 : 2 : 0 0
14456,6,ISO 6502 : 3 : 0 0
23419,1,0 0 : 0 : 0 0
33729,1,0 0 : 0 : 0 0
23615,1,ISO 4629 : 2001
23616,1,ISO 7507 : 3 : 2006
23616,2,ISO 0 : 0 : 0 0
23617,1,ISO 7507 : 3 : 2010
23617,2,IEC 60825 : 1 : 1998
23618,1,ISO 4512 : 2000
23618,2,ISO 7507 : 5 : 2000
23618,3,IEC 60825 : 1 : 1998
66999,1,ISO 4629 : 2001
14486,1,0 0 : 0 : 0 0
14486,2,ISO 4397 : 0 : 0 0
24478,1,ISO 128 : 15 : 0 0
24478,2,ISO 128 : 22 : 0 0
24478,3,ISO 128 : 24 : 0 0
24478,4,ISO 128 : 50 : 0 0
24478,5,ISO 0 : 0 : 0 0
24478,6,ISO 128 : 71 : 0 0
24478,7,ISO 3098 : 5 : 0 0
24478,8,ISO 14617 : 1 : 0 0
24478,9,ISO 14617 : 2 : 0 0
24478,10,ISO 14617 : 3 : 0 0
24478,11,ISO 14617 : 4 : 0 0
24478,12,ISO 14617 : 5 : 0 0
24478,13,ISO 14617 : 6 : 0 0
24478,14,ISO 14617 : 7 : 0 0
24478,15,ISO 14617 : 8 : 0 0
24478,16,ISO 14617 : 9 : 0 0
24478,17,ISO 14617 : 10 : 0 0
24478,18,ISO 14617 : 11 : 0 0
24478,19,ISO 14617 : 12 : 0 0
24478,20,ISO 14617 : 13 : 0 0
24478,21,ISO 14617 : 14 : 0 0
24478,22,ISO 14617 : 15 : 0 0
24478,23,IEC 81714 : 2 : 0 0
14490,1,ISO 1947 : 1973
14496,1,ISO 4007 : 0 : 0 0
14496,2,ISO/IEC 98 : 0 : 0 0
14496,3,ISO 18526 : 0 : 0 0
14497,1,ISO 4007 : 0 : 0 0
14497,2,ISO 11664 : 0 : 0 0
14497,3,ISO 11664 : 0 : 0 0
14497,4,CIE 15 : 2019
14497,5,CIE 0 : 0 : 0 0
26075,1,ISO 4007 : 0 : 0 0
26075,2,ISO/IEC 98 : 0 : 0 0
26075,3,ISO 18526 : 0 : 0 0
26076,1,ISO 4007 : 0 : 0 0
26076,2,ISO 11664 : 0 : 0 0
26076,3,ISO 11664 : 0 : 0 0
26076,4,CIE 15 : 2019
26076,5,CIE 0 : 0 : 0 0
26077,1,ISO 4007 : 0 : 0 0
26077,2,ISO 18527 : 0 : 0 0
26077,3,ISO 48 : 2 : 0 0
26078,1,ISO 4007 : 0 : 0 0
26078,2,ISO 0 : 2014
26078,3,OMA 0 : 0 : 0 0
25499,1,0 0 : 0 : 0 0
14506,1,0 0 : 0 : 0 0
14511,1,other 505 : 1971
31387,1,ISO 3691 : 1 : 2011
31387,2,ISO 5053 : 1 : 2020
14523,1,ISO 3691 : 1 : 2011
14523,2,ISO 5053 : 1 : 2020
32024,1,0 0 : 0 : 0 0
14545,1,0 0 : 0 : 0 0
17640,1,ISO 30 : 1 : 1986
17640,2,ISO 3070 : 1982
17640,3,ISO 3070 : 2 : 1978
25222,1,0 0 : 0 : 0 0
14549,1,0 0 : 0 : 0 0
31978,1,0 0 : 0 : 0 0
14576,1,0 0 : 0 : 0 0
14589,1,BSI 1790 : 1961
14589,2,BSI 1044 : 1992
14604,1,0 0 : 0 : 0 0
26790,1,0 0 : 0 : 0 0
14611,1,ISO 5353 : 1995
14620,1,ISO 5053 : 1 : 2020
31388,1,ISO 5053 : 1 : 2020
14640,1,0 0 : 0 : 0 0
33146,1,0 0 : 0 : 0 0
14647,1,0 0 : 0 : 0 0
31378,1,0 0 : 0 : 0 0
31379,1,0 0 : 0 : 0 0
31380,1,0 0 : 0 : 0 0
14672,1,ISO 2901 : 1993
14672,2,ISO 2904 : 1977
14672,3,ISO 2903 : 1993
14673,1,ISO 2901 : 1993
14673,2,ISO 2904 : 1977
14673,3,ISO 2902 : 1977
33804,1,0 0 : 0 : 0 0
14680,1,0 0 : 0 : 0 0
14681,1,0 0 : 0 : 0 0
32701,1,0 0 : 0 : 0 0
25606,1,ISO 688 : 0 : 1 1988
25606,2,ISO 1496 : 1 : 1 1990
14683,1,ISO 688 : 0 : 1 1988
14683,2,ISO 1496 : 1 : 1 1990
501,1,ISO 7404 : 5 : 1994
30825,1,IEC 654 : 2 : 1979
30825,2,ISO 1000 : 1981
14721,1,IEC 654 : 2 : 1979
14721,2,ISO 1000 : 1981
516,1,0 0 : 0 : 0 0
27486,1,0 0 : 0 : 0 0
26673,1,0 0 : 0 : 0 0
14729,1,0 0 : 0 : 0 0
24050,1,ISO 6507 : 1 : 2005
24050,2,ISO 683 : 13 : 1986
24050,3,ISO 4957 : 2018
24050,4,ISO 7153 : 1 : 2016
14749,1,ISO 3415 : 1998
14749,2,ISO 3703 : 2004
31301,1,0 0 : 0 : 0 0
31088,1,0 0 : 0 : 0 0
32147,1,0 0 : 0 : 0 0
14759,1,0 0 : 0 : 0 0
28593,1,0 0 : 0 : 0 0
248,1,ISO 3175 : 1 : 2010
248,2,ISO 3175 : 2 : 2010
248,3,ISO 3175 : 3 : 2010
248,4,ISO 3175 : 4 : 2010
248,5,ISO 105 : 3 : 1993
248,6,ISO 139 : 0 : 0 0
248,7,ISO 6330 : 2000
249,1,ISO 3175 : 1 : 2010
249,2,ISO 3175 : 2 : 2010
249,3,ISO 3175 : 3 : 2003
249,4,ISO 3175 : 4 : 2003
249,5,ISO 105 : 3 : 1993
249,6,ISO 139 : 0 : 0 0
249,7,ISO 6330 : 2000
250,1,ISO 105 : 3 : 1993
250,2,ISO 3175 : 1 : 2010
250,3,ISO 3175 : 2 : 2010
250,4,ISO 3175 : 3 : 2003
250,5,ISO 3175 : 4 : 2003
250,6,ISO 139 : 0 : 0 0
14816,1,IEC 60411 : 1973
14817,1,ISO 4064 : 1 : 1977
29775,1,0 0 : 0 : 0 0
14820,1,0 0 : 0 : 0 0
14853,1,0 0 : 0 : 0 0
32376,1,0 0 : 0 : 0 0
14854,1,0 0 : 0 : 0 0
32377,1,0 0 : 0 : 0 0
14859,1,ASTM 1171 : 0 : 0 0
14876,1,ISO 15213 : 2003
27961,1,ISO 15213 : 2003
27527,1,ISO 21446 : 2019
27527,2,ISO 16958 : 2015
27527,3,ISO 188572 : 2009
27527,4,ISO 20649 : 2015
27527,5,ISO 21424 : 2018
27527,6,ISO 22964 : 2017
27527,7,ISO 15213 : 2003
27527,8,ISO 15151 : 2018
27527,9,EN 13130 : 2005
28096,1,ISO 15213 : 2003
14894,1,ISO 1540 : 0 : 0 0
14894,2,ISO 7137 : 0 : 0 0
14894,3,ISO 12384 : 0 : 0 0
14894,4,IEC 61140 : 0 : 0 0
30458,1,ISO 1540 : 0 : 0 0
30458,2,ISO 7137 : 0 : 0 0
30458,3,ISO 12384 : 0 : 0 0
30458,4,IEC 61140 : 0 : 0 0
14895,1,0 0 : 0 : 0 0
31742,1,0 0 : 0 : 0 0
14900,1,0 0 : 0 : 0 0
31743,1,0 0 : 0 : 0 0
14905,1,BSI 2593 : 1964
14910,1,ISO 5149 : 2 : 2014
14914,1,0 0 : 0 : 0 0
14916,1,0 0 : 0 : 0 0
14917,1,0 0 : 0 : 0 0
14918,1,0 0 : 0 : 0 0
14919,1,0 0 : 0 : 0 0
14920,1,0 0 : 0 : 0 0
20379,1,0 0 : 0 : 0 0
20380,1,0 0 : 0 : 0 0
20381,1,0 0 : 0 : 0 0
33707,1,0 0 : 0 : 0 0
33709,1,0 0 : 0 : 0 0
33982,1,0 0 : 0 : 0 0
33983,1,0 0 : 0 : 0 0
33992,1,0 0 : 0 : 0 0
33494,1,0 0 : 0 : 0 0
33495,1,0 0 : 0 : 0 0
33496,1,0 0 : 0 : 0 0
14924,1,0 0 : 0 : 0 0
27893,1,0 0 : 0 : 0 0
14932,1,0 0 : 0 : 0 0
30191,1,0 0 : 0 : 0 0
14933,1,ISO 24153 : 2009
17641,1,ISO 5011 : 0 : 0 0
30258,1,0 0 : 0 : 0 0
14934,1,0 0 : 0 : 0 0
29238,1,0 0 : 0 : 0 0
14945,1,0 0 : 0 : 0 0
14946,1,ISO 31 : 1992
14946,2,ISO 31 : 1 : 1992
14946,3,ISO 646 : 1991
14946,4,ISO 19018 : 2004
14946,5,ISO 60050 : 713 : 1998
14961,1,0 0 : 0 : 0 0
33767,1,0 0 : 0 : 0 0
14967,1,IEC 60428 : 1973
14970,1,ISO 668 : 0 : 1 1988
14970,2,ISO 1496 : 1 : 1 1990
14970,3,ISO 6346 : 1995
20896,1,ISO 10817 : -1 : 0 0
20896,2,IEC 60994 : 0 : 0 0
14974,1,ISO 3534 : 1 : 0 0
14974,2,ISO 9000 : 2005
14978,1,ISO 1081 : 1980
14992,1,ISO 1704 : 1991
14992,2,ISO 3730 : 1988
14992,3,ISO 3838 : 1984
14992,4,ISO 4413 : 1979
14992,5,ISO 7825 : 1985
31103,1,0 0 : 0 : 0 0
15011,1,0 0 : 0 : 0 0
15026,1,ISO 1174 : 1 : 2011
15026,2,ISO 0 : 0 : 0 0
15040,1,ISO 3316 : 1975
15040,2,ISO 3316 : 1975
15044,1,ISO 1180 : 1980
21365,1,ISO 3 : 0 : 0 0
31271,1,ISO 14405 : 1 : 2010
31271,2,ISO 14660 : 2 : 1999
31271,3,ISO 17450 : 1 : 2011
28774,1,ISO 16792 : 0 : 0 0
28774,2,ISO 22432 : 0 : 0 0
15052,1,ISO 16610 : 0 : 0 0
15052,2,ISO 17540 : 1 : 2011
15052,3,ISO 17450 : 2 : 0 0
15052,4,ISO 17450 : 3 : 0 0
15052,5,ISO 22432 : 0 : 0 0
15052,6,ISO 25378 : 2011
15053,1,ISO 14405 : 1 : 2010
15053,2,ISO 14660 : 2 : 1999
15053,3,ISO 17450 : 1 : 2011
15054,1,ISO 16792 : 0 : 0 0
15054,2,ISO 22432 : 0 : 0 0
15055,1,BSI 308 : 0 : 0 0
26658,1,ISO 8601 : 2004
26659,1,0 0 : 0 : 0 0
26660,1,0 0 : 0 : 0 0
26661,1,0 0 : 0 : 0 0
28809,1,ISO/IEC 99 : 2007
21730,1,ISO/IEC 99 : 2007
21731,1,ISO 8601 : 2004
21732,1,0 0 : 0 : 0 0
21757,1,0 0 : 0 : 0 0
21758,1,0 0 : 0 : 0 0
21792,1,0 0 : 0 : 0 0
26959,1,0 0 : 0 : 0 0
21794,1,0 0 : 0 : 0 0
26664,1,0 0 : 0 : 0 0
21795,1,0 0 : 0 : 0 0
26665,1,0 0 : 0 : 0 0
21797,1,0 0 : 0 : 0 0
28810,1,0 0 : 0 : 0 0
21796,1,0 0 : 0 : 0 0
26662,1,0 0 : 0 : 0 0
21793,1,0 0 : 0 : 0 0
26663,1,0 0 : 0 : 0 0
21790,1,0 0 : 0 : 0 0
28811,1,0 0 : 0 : 0 0
23358,1,IEC 80001 : 1 : 2010
24525,1,0 0 : 0 : 0 0
32085,1,0 0 : 0 : 0 0
15059,1,0 0 : 0 : 0 0
32316,1,ISO 337 : 1981
15061,1,ISO 337 : 1981
25003,1,IEC 60079 : 0 : 0 0
25003,2,IEC 60079 : 1 : 0 0
25003,3,IEC 60079 : 2 : 0 0
25003,4,IEC 60079 : 28 : 0 0
25003,5,IEC 60079 : 31 : 0 0
25003,6,ISO/IEC 80079 : 37 : 0 0
25003,7,ISO/IEC 80079 : 38 : 0 0
25004,1,IEC 60079 : 0 : 0 0
25004,2,IEC 0 : 32 : 1
25004,3,IEC 60529 : 0 : 0 0
25004,4,ISO 281 : 0 : 0 0
25004,5,ISO 1813 : 0 : 0 0
25004,6,ISO 9563 : 0 : 0 0
25004,7,ISO 4413 : 0 : 0 0
25004,8,ISO 4414 : 0 : 0 0
25004,9,ISO 19353 : 0 : 0 0
25004,10,ISO/IEC 80079 : 36 : 2016
25004,11,EN 13237 : 0 : 0 0
25004,12,EN 13501 : 1 : 1
25005,1,IEC 60079 : 0 : 0 0
25005,2,IEC 60079 : 25 : 0 0
25005,3,IEC 60204 : 1 : 0 0
25005,4,IEC 60204 : 11 : 0 0
25005,5,IEC 60332 : 1 : 0 0
25005,6,IEC 60529 : 0 : 0 0
25005,7,IEC 62061 : 0 : 0 0
25005,8,ISO 340 : 0 : 0 0
25005,9,ISO 630 : 5 : 0 0
25005,10,ISO 1940 : 1 : 0 0
25005,11,ISO 7010 : 0 : 0 0
25005,12,ISO 13849 : 1 : 0 0
25005,13,ISO 14916 : 0 : 0 0
25005,14,ISO 14935 : 0 : 0 0
25005,15,ISO 15029 : 1 : 0 0
25005,16,ISO/TS 15029 : 2 : 0 0
25005,17,ISO/IEC 80079 : 36 : 2016
25005,18,ISO/IEC 80079 : 37 : 2016
24278,1,ISO 9000 : 0 : 0 0
24278,2,ISO 9001 : 2015
24278,3,IEC 60050 : 426 : 0 0
24278,4,IEC 60079 : 0 : 0 0
27505,1,0 0 : 0 : 0 0
21062,1,ISO 188 : 0 : 0 0
21062,2,ISO 463 : 0 : 0 0
21062,3,ISO 2859 : 1 : 1999
29472,1,0 0 : 0 : 0 0
15077,1,0 0 : 0 : 0 0
15079,1,0 0 : 0 : 0 0
25886,1,IETF 6225 : 0 : 0 0
25886,2,FIPS 197 : 0 : 0 0
25623,1,ISO 16012 : 0 : 0 0
15096,1,IEC 60162 : 1972
15096,2,BSI 3541 : 1962
24485,1,ISO 80369 : 6 : 2016
24485,2,ISO 14971 : 2007
24485,3,ISO 80369 : 1 : 2010
24485,4,ISO 80369 : 20 : 2015
24485,5,ASTM 0 : 10 : 0 0
24485,6,ASTM 0 : 10 : 0 0
26313,1,ASTM 0 : 10 : 0 0
26313,2,ASTM 0 : 10 : 0 0
26313,3,ISO 3040 : 2009
26313,4,ISO 80369 : 3 : 0 0
26313,5,EN 13544 : 2 : 2002
26316,1,ISO 8185 : 2007
26316,2,EN 13544 : 2 : 2002
26316,3,ASTM 0 : 14 : 0 0
24528,1,ISO 80369 : 3 : 2016
24528,2,ISO 80369 : 5 : 2016
24528,3,ISO 80369 : 6 : 2016
24528,4,IEC 62366 : 1 : 2015
17642,1,ISO 2631 : -4 : 0 0
24830,1,ISO 2631 : 1 : 0 0
24830,2,ISO 2631 : 4 : 2001
24830,3,ISO 5347 : 0 : 0 0
24830,4,ISO 16063 : 0 : 0 0
24830,5,ISO/IEC 98 : 3 : 0 0
15119,1,ISO 4967 : 1998
24066,1,ISO 32 : 1977
24066,2,ISO 549 : 1 : 1986
24066,3,ISO 549 : 2 : 1998
24066,4,ISO 4135 : 2001
24066,5,ISO 5356 : 1 : 2004
24066,6,ISO 5367 : 2014
24066,7,ISO 7396 : 1 : 2007
24066,8,ISO 10079 : 3 : 2014
24066,9,ISO 10524 : 1 : 2006
24066,10,ISO 15223 : 1 : 2007
24066,11,IEC 60068 : 2 : 31 2008
24066,12,IEC 60601 : 1 : 2005
24066,13,IEC 60601 : 1 : 2 2007
24066,14,IEC 60601 : 2 : 2 2009
24066,15,ISO 3744 : 2010
24066,16,ISO 4871 : 1996
24066,17,ISO 5359 : 2008
24066,18,ISO 7000 : 2004
24066,19,ISO 7010 : 2011
24066,20,ISO 8085 : 2007
24066,21,ISO 8836 : 2007
24066,22,ISO 9360 : 1 : 2000
24066,23,ISO 9360 : 2 : 2001
24066,24,ISO 10079 : 1 : 1999
24066,25,ISO 11195 : 1995
24066,26,ISO 14937 : 2009
24066,27,ISO 17664 : 2004
24066,28,ISO 23328 : 1 : 2003
24066,29,ISO 23328 : 2 : 2002
24066,30,ISO 60529 : 1989
24066,31,ISO 80601 : 2 : 13 2011
24066,32,ISO 80601 : 2 : 55 2011
24066,33,IEC 60068 : 2 : 27 2008
24066,34,IEC 60068 : 2 : 64 2008
24066,35,IEC 60601 : 1 : 6 2010
24066,36,IEC 60601 : 1 : 8 2006
24066,37,IEC 60601 : 1 : 11 2010
24066,38,IEC 61672 : 1 : 2010
24066,39,IEC 60304 : 2006
24066,40,IEC 62336 : 2007
26375,1,ISO 17664 : 0 : 0 0
26397,1,IEC 60601 : 1 : 12 2014
21847,1,ISO 3744 : 2010
21847,2,ISO 14117 : 2019
21847,3,ISO 14937 : 2009
21847,4,IEC 60068 : 2 : 31 2008
21847,5,IEC 60068 : 2 : 64 2008
21847,6,IEC 60601 : 1 : 11 2015
21847,7,IEC 60601 : 1 : 12 2014
24710,1,IEC 60601 : 1 : 2015
26779,1,ISO 3744 : 2010
26779,2,ISO 14117 : 2019
26779,3,ISO 14937 : 2009
26779,4,IEC 60068 : 2 : 31 2008
26779,5,IEC 60068 : 2 : 64 2008
26779,6,IEC 60601 : 1 : 11 2015
26779,7,IEC 60601 : 1 : 12 2014
23722,1,ISO 60601 : 1 : 2005
23722,2,ISO 60601 : 1 : 2 2014
23722,3,ISO 80369 : 1 : 0 0
23722,4,ISO 81060 : 2 : 2013
23722,5,IEC 60601 : 1 : 6 2010
23722,6,IEC 60068 : 2 : 27 2008
23722,7,IEC 60068 : 2 : 64 2008
23722,8,IEC 60601 : 1 : 10 2007
23722,9,IEC 60601 : 1 : 11 2015
23722,10,IEC 60601 : 1 : 12 2014
23722,11,IEC 60601 : 2 : 2 2017
23722,12,IEC 62366 : 1 : 2015
23722,13,IEC 80369 : 5 : 2016
24033,1,ISO 14155 : 2011
24033,2,ISO 15223 : 1 : 2016
24033,3,IEC 60601 : 1 : 2005
24033,4,IEC 60601 : 1 : 2 2014
24033,5,IEC 60601 : 1 : 8 2006
24033,6,ISO 14937 : 2009
24033,7,ISO 17664 : 2004
24033,8,IEC 60601 : 1 : 6 2010
24033,9,IEC 60601 : 1 : 11 2015
24033,10,IEC 60601 : 1 : 12 2014
24033,11,IEC 62366 : 1 : 2015
23551,1,ISO 80369 : 7 : 2016
23551,2,ISO 4135 : 2001
23551,3,ISO 5356 : 1 : 2004
23551,4,ISO 5356 : 2 : 2006
23551,5,ISO 5362 : 2006
23551,6,ISO 5367 : 2014
23551,7,ISO 7396 : 1 : 2016
23551,8,ISO 7396 : 2 : 2007
23551,9,ISO 9170 : 1 : 2008
23551,10,ISO 9170 : 2 : 2008
23551,11,ISO 10079 : 1 : 2015
23551,12,ISO 10079 : 3 : 2014
23551,13,ISO 10524 : 1 : 2006
23551,14,ISO 15223 : 1 : 2012
23551,15,IEC 60601 : 1 : 2005
23551,16,IEC 60601 : 1 : 2 2007
23551,17,IEC 60601 : 1 : 8 2006
23551,18,IEC 60079 : 11 : 2006
23551,19,IEC 60079 : 20 : 1 2010
23551,20,ISO 407 : 2004
23551,21,ISO 2878 : 2005
23551,22,ISO 5145 : 2004
23551,23,ISO 5359 : 2008
23551,24,ISO 5360 : 2006
23551,25,ISO 8836 : 0 : 0 0
23551,26,IEC 60601 : 1 : 6 2010
23551,27,IEC 60601 : 1 : 9 2007
23551,28,IEC 60601 : 1 : 10 2007
23551,29,IEC 62304 : 2006
25991,1,ISO 471 : 1995
25991,2,SAE 0 : 1998
25991,3,SAE 0 : 1999
25991,4,SAE 0 : 1998
25991,5,SAE 0 : 1999
25991,6,SAE 51 : 1998
25991,7,SAE 2064 : 1999
25992,1,ISO 23529 : 2016
25992,2,ISO/TR 11340 : 0 : 0 0
15139,1,ISO 24153 : 2009
26524,1,ISO 24153 : 2009
15148,1,0 0 : 0 : 0 0
33137,1,0 0 : 0 : 0 0
24604,1,0 0 : 0 : 0 0
24605,1,ISO 18454 : 0 : 0 0
24606,1,ISO 3696 : 0 : 0 0
24606,2,ISO 7500 : 1 : 0 0
24606,3,ISO 17709 : 0 : 0 0
24606,4,ISO 18454 : 0 : 0 0
24606,5,ISO 20870 : 0 : 0 0
25804,1,ISO 18454 : 0 : 0 0
25805,1,ISO 18454 : 0 : 0 0
25806,1,ISO 18454 : 0 : 0 0
17546,1,IEC 27 : 1 : 0 0
17546,2,IEC 68 : 1 : 0 0
17546,3,IEC 68 : 2 : 1
17546,4,IEC 68 : 2 : 2
17546,5,IEC 68 : 2 : 3
17546,6,IEC 68 : 2 : 5
17546,7,IEC 68 : 2 : 6
17546,8,IEC 68 : 2 : 7
17546,9,IEC 68 : 2 : 9
17546,10,IEC 68 : 2 : 10
17546,11,IEC 68 : 2 : 11
17546,12,IEC 68 : 2 : 13
17546,13,IEC 68 : 2 : 14
17546,14,IEC 68 : 2 : 17
17546,15,IEC 68 : 2 : 27
17546,16,IEC 68 : 2 : 29
17546,17,IEC 68 : 2 : 30
17546,18,IEC 68 : 2 : 38
17546,19,IEC 68 : 2 : 42
17546,20,IEC 68 : 2 : 47
17546,21,IEC 68 : 3 : 0 0
17546,22,IEC 410 : 0 : 0 0
17546,23,IEC 419 : 0 : 0 0
17546,24,IEC 793 : 1 : 0 0
17546,25,IEC 794 : 1 : 0 0
17546,26,IEC 874 : 1 : 0 0
17546,27,ISO 129 : 0 : 0 0
17546,28,ISO 286 : 1 : 0 0
17546,29,ISO 286 : 2 : 0 0
17546,30,ISO 370 : 0 : 0 0
17546,31,ISO 1000 : 0 : 0 0
17546,32,ISO 1101 : 0 : 0 0
17546,33,ISO 8601 : 0 : 0 0
32818,1,0 0 : 0 : 0 0
15171,1,0 0 : 0 : 0 0
15172,1,ISO 2825 : 1981
15172,2,ISO 3696 : 1987
15172,3,ISO 3972 : 1991
15172,4,ISO 6658 : 1985
15172,5,ISO 8586 : 1993
23723,1,ISO 594 : 1 : 0 0
23723,2,ISO 594 : 2 : 0 0
23723,3,ISO 10993 : 1 : 0 0
23723,4,ISO 15223 : 1 : 2007
23723,5,IEC 60601 : 1 : 0 0
23723,6,ISO 7010 : 2003
23723,7,ISO 14937 : 0 : 0 0
26345,1,IEC 60601 : 1 : 11 2015
15175,1,ISO 230 : 1 : 0 0
15175,2,ISO 7984 : 0 : 0 0
17644,1,ISO 7839 : 1984
17645,1,ISO 7839 : 1984
17646,1,ISO 7839 : 1984
15190,1,0 0 : 0 : 0 0
31959,1,0 0 : 0 : 0 0
31960,1,0 0 : 0 : 0 0
31961,1,0 0 : 0 : 0 0
31962,1,0 0 : 0 : 0 0
26129,1,ISO/TR 25901 : 2007
66584,1,0 0 : 0 : 0 0
66855,1,ISO/TR 25901 : 2007
23440,1,0 0 : 0 : 0 0
29765,1,0 0 : 0 : 0 0
15205,1,0 0 : 0 : 0 0
26385,1,ISO 11783 : 6 : 2018
15206,1,ISO 11783 : 6 : 2018
15221,1,ISO 13253 : 2017
15221,2,ISO 16358 : 1 : 2013
15224,1,0 0 : 0 : 0 0
31904,1,0 0 : 0 : 0 0
15225,1,IEC 386 : 0 : 0 0
66176,1,IEC 386 : 0 : 0 0
30260,1,0 0 : 0 : 0 0
15234,1,0 0 : 0 : 0 0
15236,1,IEC 50 : 0 : 0 0
15236,2,IEC 605 : 1 : 0 0
15236,3,IEC 721 : 1 : 0 0
15236,4,IEC 721 : 2 : 0 0
15236,5,IEC 721 : 3 : 0 0
15239,1,IEC 60050 : 191 : 0 0
15239,2,ISO 3534 : 1 : 0 0
15239,3,ISO 3534 : 2 : 0 0
15242,1,IEC 60030 : 3 : 5
15242,2,IEC 61123 : 0 : 0 0
15243,1,ISO 2170 : 0 : 0 0
28476,1,ISO 19050 : 2015
28476,2,EN 16143 : 0 : 0 0
15245,1,ISO 19050 : 2015
15245,2,EN 16143 : 0 : 0 0
15246,1,ISO 5734 : 1986
15246,2,ISO 230 : 1 : 1996
15250,1,ISO 7166 : 1985
15250,2,ISO 8097 : 2001
15250,3,ISO/TR 8647 : 1990
15250,4,ISO 10327 : 1995
15250,5,ISO 11242 : 1996
15250,6,ISO 21100 : 2020
15250,7,ISO 10046 : 1996
33708,1,ISO 7166 : 1985
33708,2,ISO 8097 : 2001
33708,3,ISO/TR 8647 : 1990
33708,4,ISO 10327 : 1995
33708,5,ISO 11242 : 1996
33708,6,ISO 21100 : 2020
33708,7,ISO 10046 : 1996
32302,1,0 0 : 0 : 0 0
15255,1,0 0 : 0 : 0 0
22300,1,ISO 10054 : 0 : 0 0
28456,1,ISO 5725 : 2 : 0 0
28456,2,ISO 8178 : 4 : 2020
28457,1,ISO 8178 : 1 : 2020
28457,2,ISO 8178 : 5 : 0 0
28457,3,ASTM 0 : 0 : 0 0
26711,1,ISO 10054 : 0 : 0 0
21366,1,ISO 8178 : 1 : 2020
21366,2,ISO 8178 : 5 : 0 0
21366,3,ASTM 0 : 0 : 0 0
26559,1,ISO 8178 : 1 : 0 0
26559,2,ISO 8178 : 2 : 0 0
26559,3,ISO 8178 : 4 : 0 0
26559,4,ISO 8178 : 7 : 0 0
26559,5,ISO 8178 : 8 : 0 0
26559,6,ISO 8528 : 1 : 0 0
26559,7,ISO 11614 : 1999
23804,1,ISO 5725 : 2 : 0 0
23804,2,ISO 8178 : 4 : 2020
23037,1,ISO 8178 : 1 : 0 0
23037,2,ISO 8178 : 2 : 0 0
23037,3,ISO 8178 : 4 : 0 0
23037,4,ISO 8178 : 7 : 0 0
23037,5,ISO 8178 : 8 : 0 0
23037,6,ISO 8528 : 1 : 0 0
23037,7,ISO 11614 : 1999
15263,1,0 0 : 0 : 0 0
15269,1,IEC 60757 : 0 : 0 0
15272,1,ISO 228 : 0 : 0 0
15272,2,ISO 3592 : 1 : 0 0
15272,3,ISO 15614 : 1 : 0 0
15272,4,ISO 7005 : 1 : 0 0
15272,5,ISO 2063 : 0 : 0 0
15272,6,ISO 1460 : 0 : 0 0
15272,7,ISO 1461 : 0 : 0 0
28404,1,ISO 228 : 0 : 0 0
28404,2,ISO 3592 : 1 : 0 0
28404,3,ISO 15614 : 1 : 0 0
28404,4,ISO 7005 : 1 : 0 0
28404,5,ISO 2063 : 0 : 0 0
28404,6,ISO 1460 : 0 : 0 0
28404,7,ISO 1461 : 0 : 0 0
15283,1,IEC 60117 : 1 : 1960
15283,2,IEC 60445 : 1973
15283,3,ISO 2955 : 1974
15295,1,IEC 60131 : 1 : 1962
15297,1,ISO 278 : 1982
15297,2,ISO 2730 : 1973
15299,1,ISO 3320 : 1987
15299,2,ISO 5598 : 1985
15318,1,ISO 266 : 0 : 0 0
15318,2,ISO 9613 : 1 : 0 0
24220,1,IEC 62304 : 2006
24220,2,ISO 0 : 0 : 0 0
27681,1,0 0 : 0 : 0 0
15335,1,0 0 : 0 : 0 0
15362,1,ISO 5832 : 1 : 0 0
15362,2,ISO 5832 : 2 : 0 0
15362,3,ISO 5832 : 3 : 0 0
15362,4,ISO 5832 : 5 : 0 0
15362,5,ISO 5832 : 6 : 0 0
15362,6,ISO 5832 : 7 : 0 0
15362,7,ISO 5832 : 8 : 0 0
15362,8,ISO 5832 : 11 : 0 0
15362,9,ISO 6892 : 0 : 0 0
15365,1,IEC 61952 : 2008
15365,2,IEC 62231 : 2006
32081,1,IEC 61952 : 2008
32081,2,IEC 62231 : 2006
15370,1,IEC 60506 : 1975
15372,1,IEC 60027 : 2 : 2019
15372,2,IEC 60027 : 3 : 2002
15372,3,IEC 60027 : 4 : 2006
15372,4,IEC 60027 : 6 : 2006
15372,5,IEC 60027 : 7 : 2010
15372,6,IEC 60375 : 2018
15372,7,IEC 60757 : 2021
15372,8,IEC 63064 : 2018
15372,9,IEC 60848 : 2013
15372,10,IEC 61175 : 1 : 2015
15372,11,IEC 61293 : 2019
15372,12,IEC 61355 : 1 : 2008
15372,13,IEC 61666 : 2010
15372,14,IEC 62023 : 2011
15372,15,IEC 62027 : 2011
15372,16,IEC 62491 : 2008
15372,17,IEC 81346 : 1 : 2022
15372,18,IEC 81714 : 2 : 2006
15372,19,IEC 82045 : 2 : 2004
15372,20,IEC 128 : 22 : 1999
15373,1,0 0 : 0 : 0 0
28733,1,IEC 60027 : 2 : 2019
28733,2,IEC 60027 : 3 : 2002
28733,3,IEC 60027 : 4 : 2006
28733,4,IEC 60027 : 6 : 2006
28733,5,IEC 60027 : 7 : 2010
28733,6,IEC 60375 : 2018
28733,7,IEC 60757 : 2021
28733,8,IEC 63064 : 2018
28733,9,IEC 60848 : 2013
28733,10,IEC 61175 : 1 : 2015
28733,11,IEC 61293 : 2019
28733,12,IEC 61355 : 1 : 2008
28733,13,IEC 61666 : 2010
28733,14,IEC 62023 : 2011
28733,15,IEC 62027 : 2011
28733,16,IEC 62491 : 2008
28733,17,IEC 81346 : 1 : 2022
28733,18,IEC 81714 : 2 : 2006
28733,19,IEC 82045 : 2 : 2004
28733,20,IEC 128 : 22 : 1999
28754,1,0 0 : 0 : 0 0
15439,1,0 0 : 0 : 0 0
32949,1,0 0 : 0 : 0 0
15442,1,0 0 : 0 : 0 0
28325,1,0 0 : 0 : 0 0
27655,1,ISO/TS 3567 : 2005
27655,2,ISO/TS 3567 : 2005
15443,1,ISO/TS 3567 : 2005
15443,2,ISO/TS 3567 : 2005
15474,1,ISO 3166 : 1 : 2013
15474,2,ISO 8601 : 2004
26414,1,ISO 139 : 2005
26414,2,ISO 2 : 1973
26414,3,ISO 8091 : 1983
24740,1,0 0 : 0 : 0 0
21463,1,ISO 139 : 2005
21463,2,ISO 2 : 1973
21463,3,ISO 8091 : 1983
21464,1,ISO 139 : 1973
21464,2,ISO 2060 : 1994
21464,3,ISO 2 : 1973
15493,1,ISO 12858 : 2 : 1999
15499,1,BSI 4579 : 1 : 1970
22342,1,ISO/TR 12470 : 0 : 0 0
21910,1,IEC 60584 : 1 : 0 0
21911,1,ISO/TR 834 : 3 : 0 0
21911,2,ISO/TR 12470 : 0 : 0 0
21912,1,ISO/TR 12470 : 0 : 0 0
22453,1,ISO/TR 12470 : 0 : 0 0
15509,1,ISO 1942 : 1 : 1989
15509,2,ISO 8191 : 1 : 1987
15509,3,ISO 9687 : 1993
15509,4,ISO/IEC 601 : 1 : 1988
31631,1,ISO 7933 : 2023
31631,2,ISO 16972 : 2020
31631,3,ISO 11079 : 2007
31631,4,ISO 17420 : 3 : 2012
15510,1,ISO 7933 : 2023
15510,2,ISO 16972 : 2020
15510,3,ISO 11079 : 2007
15510,4,ISO 17420 : 3 : 2012
21287,1,ISO 384 : 1978
21287,2,ISO 719 : 0 : 0 0
21287,3,ISO 1769 : 0 : 0 0
21287,4,ISO 3696 : 0 : 0 0
27506,1,0 0 : 0 : 0 0
21419,1,ISO 719 : 0 : 0 0
21419,2,720 : 0 : 0 0
21419,3,ISO 1101 : 0 : 0 0
21419,4,ISO 4802 : 1 : 0 0
21419,5,ISO 4802 : 2 : 0 0
15546,1,ISO 2503 : 0 : 0 0
28797,1,ISO 304 : 0 : 0 0
15547,1,ISO 304 : 0 : 0 0
171,1,ISO 2941 : 0 : 2009 0
171,2,ISO 2993 : 1998
171,3,ISO 1219 : 1 : 2006
171,4,ISO 2942 : 1994
171,5,ISO 12103 : 1 : 1997
15548,1,ISO 2943 : 1998
15548,2,ISO 2941 : 1974
15548,3,ISO 2942 : 1994
15548,4,ISO 2942 : 1994
15548,5,ISO 5598 : 1985
15578,1,0 0 : 0 : 0 0
32988,1,0 0 : 0 : 0 0
32723,1,0 0 : 0 : 0 0
15584,1,0 0 : 0 : 0 0
15609,1,IEC 60479 : 1 : 1984
15610,1,IEC 60479 : 2 : 1987
21154,1,ISO 2380 : 1972
15627,1,ISO 830 : 1980
15627,2,ISO 1035 : 2 : 1980
15627,3,ISO 2768 : 1 : 1989
23014,1,IEC 60076 : 21 : 2011
23014,2,IEC 60137 : 2008
23014,3,IEC 60214 : 2 : 2004
15652,1,ISO 3356 : 2009
15654,1,0 0 : 0 : 0 0
28605,1,0 0 : 0 : 0 0
15665,1,0 0 : 0 : 0 0
32708,1,0 0 : 0 : 0 0
34072,1,ASTM 0 : 2015
34072,2,ASTM 0 : 2016
34072,3,ASTM 0 : 2011
34072,4,ASTM 0 : 2017
34072,5,ASTM 0 : 2010
15672,1,ASTM 0 : 2015
15672,2,ASTM 0 : 2016
15672,3,ASTM 0 : 2011
15672,4,ASTM 0 : 2017
15672,5,ASTM 0 : 2010
23862,1,IEC 60085 : 2007
23862,2,IEC 60216 : 1 : 2001
23862,3,IEC 60216 : 2 : 2005
23862,4,IEC 60216 : 3 : 2006
23862,5,IEC 60216 : 4 : 1 2006
23862,6,IEC 60216 : 5 : 2008
15697,1,ISO 4007 : 0 : 0 0
29103,1,ISO 4007 : 0 : 0 0
15698,1,ISO 4007 : 0 : 0 0
15698,2,ISO 11664 : 1 : 2007
15698,3,ISO 11664 : 2 : 2007
15698,4,ISO 12312 : 1 : 2013
15698,5,ISO 16034 : 2002
15698,6,ISO 16321 : 2 : 2021
15698,7,ISO 21987 : 2017
15698,8,ISO 80079 : 36 : 2016
15699,1,ISO 4007 : 0 : 0 0
27222,1,ISO 4007 : 0 : 0 0
27741,1,ISO 4007 : 0 : 0 0
27741,2,ISO 11664 : 1 : 2007
27741,3,ISO 11664 : 2 : 2007
27741,4,ISO 12312 : 1 : 2013
27741,5,ISO 16034 : 2002
27741,6,ISO 16321 : 2 : 2021
27741,7,ISO 21987 : 2017
27741,8,ISO 80079 : 36 : 2016
27876,1,ISO 4007 : 0 : 0 0
27876,2,ISO 11664 : 1 : 2007
27876,3,ISO 11664 : 2 : 2007
27876,4,ISO 12312 : 1 : 2013
27876,5,ISO 16034 : 2002
27876,6,ISO 16321 : 2 : 2021
27876,7,ISO 21987 : 2017
27876,8,ISO 80079 : 36 : 2016
23055,1,ISO 230 : 5 : 2000
23055,2,ISO 3744 : 2010
23055,3,ISO 4871 : 1996
32026,1,ISO 3046 : 5 : 2001
32319,1,IEC 60896 : 11 : 2002
32319,2,IEC 60896 : 21 : 2004
32319,3,IEC 60623 : 2017
32319,4,IEC 60364 : 7 : 710 2021
602,1,ISO 3046 : 1 : 2002
603,1,ISO 3046 : 1 : 0 0
603,2,ISO 8528 : 1 : 2018
603,3,ISO 8528 : 5 : 0 0
604,1,ISO 281 : 0 : 0 0
604,2,ISO 8528 : 1 : 2018
604,3,IEC 60034 : 1 : 2017
604,4,IEC 60034 : 5 : 0 0
604,5,IEC 60034 : 6 : 0 0
604,6,IEC 60034 : 7 : 0 0
605,1,ISO 6826 : 0 : 0 0
605,2,ISO 8528 : 1 : 2005
605,3,ISO 8528 : 5 : 2005
605,4,IEC 60034 : 1 : 2004
605,5,IEC 60439 : 1 : 1985
605,6,IEC 62271 : 200 : 0 0
605,7,IEC 60947 : 1 : 2004
606,1,ISO 3046 : 5 : 2001
622,1,IEC 60896 : 11 : 2002
622,2,IEC 60896 : 21 : 2004
622,3,IEC 60623 : 2017
622,4,IEC 60364 : 7 : 710 2021
623,1,ISO 3046 : 1 : 0 0
623,2,ISO 3046 : 3 : 0 0
623,3,ISO 8528 : 1 : 2005
623,4,ISO 8528 : 5 : 2005
623,5,IEC 60034 : 2 : 2000
623,6,IEC 60034 : 5 : 2000
624,1,ISO 8178 : 3 : 2019
624,2,ISO 8528 : 1 : 2005
624,3,ISO 8528 : 2 : 2005
624,4,ISO 8528 : 3 : 2005
624,5,ISO 8528 : 4 : 2005
624,6,ISO 8528 : 5 : 2013
624,7,ISO 8528 : 6 : 2005
624,8,IEC 60034 : 5 : 2000
624,9,IEC 60034 : 6 : 1991
624,10,IEC 60034 : 7 : 1992
624,11,IEC 60034 : 2 : 1 2014
624,12,IEC 60364 : 4 : 41 2005
625,1,ISO 3046 : 1 : 2002
625,2,ISO 8528 : 1 : 2005
625,3,ISO 8528 : 5 : 2013
625,4,IEC 60034 : 1 : 2010
625,5,ISO 8178 : 13 : 2016
625,6,ISO 15500 : 2002
625,7,IEC 60083 : 2015
626,1,ISO 2041 : 2018
626,2,ISO 8528 : 5 : 2013
26253,1,ISO 3046 : 1 : 0 0
26253,2,ISO 8528 : 1 : 2018
26253,3,ISO 8528 : 5 : 0 0
28396,1,ISO 281 : 0 : 0 0
28396,2,ISO 8528 : 1 : 2018
28396,3,IEC 60034 : 1 : 2017
28396,4,IEC 60034 : 5 : 0 0
28396,5,IEC 60034 : 6 : 0 0
28396,6,IEC 60034 : 7 : 0 0
118,1,ISO 3724 : 2007
118,2,ISO 1219 : 2 : 1995
118,3,ISO 5598 : 1985
118,4,ISO 2941 : 2009
118,5,ISO 2943 : 1998
15715,1,0 0 : 0 : 0 0
26388,1,ISO 8536 : 13 : 0 0
26388,2,ISO 8536 : 14 : 0 0
26388,3,ISO 14644 : 1 : 0 0
25883,1,ISO 225 : 1983
25883,2,ISO 2508 : 0 : 0 0
25883,3,ISO 261 : 0 : 0 0
25883,4,ISO 262 : 0 : 0 0
25883,5,ISO 4753 : 0 : 0 0
26712,1,ISO 4802 : 1 : 0 0
26712,2,ISO 4802 : 2 : 0 0
15716,1,ISO 225 : 1983
15716,2,ISO 2508 : 0 : 0 0
15716,3,ISO 261 : 0 : 0 0
15716,4,ISO 262 : 0 : 0 0
15716,5,ISO 4753 : 0 : 0 0
15717,1,0 0 : 0 : 0 0
30571,1,0 0 : 0 : 0 0
30513,1,0 0 : 0 : 0 0
15718,1,0 0 : 0 : 0 0
15730,1,ISO 7583 : 2013
31110,1,ISO 7583 : 2013
24222,1,0 0 : 0 : 0 0
25855,1,0 0 : 0 : 0 0
15743,1,ISO 1809 : 0 : 0 0
15743,2,ISO 5238 : 1 : 0 0
15743,3,ISO 5239 : 0 : 0 0
15744,1,ISO 1809 : 0 : 0 0
15744,2,ISO 5238 : 1 : 0 0
15744,3,ISO 5239 : 0 : 0 0
26649,1,ISO 8573 : 1 : 0 0
26649,2,ISO 3857 : 4 : 0 0
26649,3,ISO 21501 : 1 : 0 0
26649,4,ISO 21501 : 4 : 0 0
21914,1,ISO 8573 : 1 : 0 0
21914,2,ISO 3857 : 4 : 0 0
21914,3,ISO 21501 : 1 : 0 0
21914,4,ISO 21501 : 4 : 0 0
20898,1,ISO 7183 : 0 : 0 0
20898,2,ISO 8573 : 3 : 0 0
20898,3,ISO 8573 : 4 : 0 0
20898,4,ISO 8573 : 5 : 0 0
22476,1,ISO 8573 : 1 : 2010
22476,2,ISO 8573 : 5 : 2001
22476,3,ISO 3857 : 4 : 0 0
22476,4,ISO 12500 : 1 : 0 0
22476,5,ISO 0 : 0 : 0 0
22046,1,ISO 8573 : 6 : 1999
15765,1,ISO 4117 : 1993
15765,2,ISO 4171 : 1993
15765,3,ISO 7166 : 1885
15765,4,ISO 8097 : 1993
15765,5,ISO/TR 8647 : 1990
15765,6,ISO 10046 : 0 : 0 0
15774,1,0 0 : 0 : 0 0
30459,1,0 0 : 0 : 0 0
25634,1,0 0 : 0 : 0 0
21854,1,0 0 : 0 : 0 0
21940,1,ISO 7944 : 0 : 0 0
21940,2,ISO 8429 : 1986
21940,3,ISO 9342 : 0 : 0 0
23490,1,ISO 8429 : 0 : 0 0
23490,2,ISO 7944 : 0 : 0 0
23490,3,ISO 9342 : 1 : 0 0
27001,1,0 0 : 0 : 0 0
15780,1,0 0 : 0 : 0 0
27500,1,ISO 8601 : 1 : 0 0
26318,1,0 0 : 0 : 0 0
15782,1,ISO 3892 : 2000
15782,2,ISO 4520 : 1981
15782,3,IEC 60068 : 2 : 30 2005
32506,1,ISO 3892 : 2000
32506,2,ISO 4520 : 1981
32506,3,IEC 60068 : 2 : 30 2005
21866,1,ISO 15004 : 1 : 0 0
21866,2,IEC 60601 : 1 : 2005
379,1,ISO 297 : 1988
379,2,ISO 2768 : 1 : 1989
15791,1,ISO 839 : 1 : 2006
15791,2,ISO 839 : 2 : 0 0
15791,3,ISO 2768 : 1 : 1989
15800,1,IEC 60073 : 0 : 0 0
15800,2,IEC 60146 : 2 : 0 0
15800,3,IEC 60158 : 2 : 0 0
15800,4,IEC 60292 : 1 : 0 0
15800,5,IEC 60364 : 3 : 0 0
15800,6,IEC 60364 : 4 : 41
15800,7,IEC 60364 : 5 : 53
15800,8,IEC 60364 : 5 : 54
15800,9,IEC 60408 : 0 : 0 0
15800,10,IEC 60417 : 0 : 0 0
15800,11,IEC 60445 : 0 : 0 0
15800,12,IEC 60446 : 0 : 0 0
15800,13,IEC 60447 : 0 : 0 0
15800,14,IEC 60529 : 0 : 0 0
15800,15,IEC 60536 : 0 : 0 0
15800,16,IEC 60664 : 0 : 0 0
15801,1,IEC 60430 : 1 : 1985
15802,1,IEC 60269 : 3 : 1987
15802,2,IEC 60529 : 1989
15802,3,IEC 60695 : 2 : 1 1980
28592,1,0 0 : 0 : 0 0
15811,1,0 0 : 0 : 0 0
15812,1,ISO 11204 : 2010
30460,1,ISO 11204 : 2010
23232,1,ISO 230 : 1 : 1996
23232,2,ISO 230 : 2 : 2006
23232,3,ISO 0 : 7 : 2006
17648,1,ISO 230 : 1 : 1996
17648,2,ISO 230 : 2 : 1997
21555,1,ISO 594 : 2 : 0 0
21555,2,ISO 8638 : 0 : 0 0
21555,3,ISO 10993 : 1 : 0 0
21555,4,ISO 10993 : 4 : 0 0
21555,5,ISO 10993 : 7 : 0 0
21555,6,ISO 10993 : 11 : 0 0
21556,1,ISO 594 : 2 : 0 0
21556,2,ISO 7864 : 0 : 0 0
21556,3,ISO 10993 : 1 : 0 0
21556,4,ISO 10993 : 4 : 0 0
21556,5,ISO 10993 : 7 : 0 0
21556,6,ISO 10993 : 11 : 0 0
15815,1,ISO 449 : 1979
15815,2,ISO 1069 : 1973
17649,1,0 0 : 0 : 0 0
17650,1,0 0 : 0 : 0 0
21439,1,0 0 : 0 : 0 0
29066,1,0 0 : 0 : 0 0
15825,1,0 0 : 0 : 0 0
25509,1,ASTM 0 : 0 : 0 0
15831,1,ASTM 0 : 0 : 0 0
15833,1,ISO 113 : 1969
15845,1,ISO 2352 : 1982
24327,1,0 0 : 0 : 0 0
15846,1,ISO 1173 : 0 : 0 0
167,1,ISO 1968 : 0 : 0 0
167,2,ISO 2307 : 0 : 0 0
167,3,ISO 9554 : 2010
15861,1,0 0 : 0 : 0 0
29183,1,0 0 : 0 : 0 0
15862,1,IEC 60061 : 1 : 1969
15862,2,IEC 60434 : 1973
23428,1,ISO 17021 : 1 : 0 0
23428,2,ISO 17021 : 2 : 0 0
23428,3,ISO 11662 : 2 : 0 0
25817,1,ISO 17021 : 1 : 0 0
25817,2,ISO 17021 : 2 : 0 0
25817,3,ISO 11662 : 2 : 0 0
17651,1,ISO 20332 : 0 : 0 0
17652,1,ISO 4306 : 5 : 2005
17652,2,ISO 12488 : 1 : 2012
23549,1,ISO 12488 : 1 : 0 0
15865,1,0 0 : 0 : 0 0
15868,1,ASTM 3401 : 1997
15868,2,ASTM 4052 : 2018
15868,3,ASTM 6806 : 2002
20533,1,ISO 866 : 1975
20533,2,ISO 2540 : 1973
20533,3,ISO 228 : 7 : 1 1994
31702,1,ISO 2768 : 1 : 1989
217,1,ISO 2768 : 1 : 1989
15881,1,IEC 60060 : 1 : 1973
15881,2,IEC 60060 : 2 : 1973
15881,3,IEC 60071 : 1976
15908,1,ISO/IEC 99 : 0 : 0 0
15910,1,0 0 : 0 : 0 0
29130,1,0 0 : 0 : 0 0
15912,1,ISO 53 : 0 : 0 0
15912,2,ISO 54 : 0 : 0 0
15912,3,ISO 240 : 1994
15912,4,ISO 2780 : 1986
15925,1,other 5954 : 0 : 0 0
32379,1,other 5954 : 0 : 0 0
15927,1,ISO 1531 : 0 : 0 0
33322,1,0 0 : 0 : 0 0
15928,1,0 0 : 0 : 0 0
15932,1,ISO 2633 : 1974
15934,1,ISO 4355 : 1981
26849,1,ISO 4355 : 1981
15943,1,0 0 : 0 : 0 0
26560,1,0 0 : 0 : 0 0
15944,1,0 0 : 0 : 0 0
32166,1,0 0 : 0 : 0 0
15964,1,ISO 3410 : 1989
15964,2,ISO 3 : 1973
15964,3,ISO 1081 : 1980
15964,4,ISO 9608 : 1988
15964,5,ISO 286 : 2 : 1988
15966,1,ISO 384 : 0 : 0 0
15966,2,ISO 719 : 0 : 0 0
15966,3,ISO 4787 : 0 : 0 0
15977,1,0 0 : 0 : 0 0
67022,1,0 0 : 0 : 0 0
25633,1,ISO 16012 : 0 : 0 0
25633,2,ISO 639 : 0 : 0 0
25633,3,ISO 14962 : 1997
25633,4,ISO 3166 : 1 : 0 0
25633,5,ISO 3166 : 2 : 0 0
25633,6,ISO/IEC 7498 : 1 : 1994
25633,7,ISO/IEC 8802 : 2 : 1998
25633,8,ISO 4217 : 0 : 0 0
25633,9,ISO/IEC 8824 : 1 : 1995
25633,10,ISO/IEC 8824 : 2 : 1995
25633,11,ISO/IEC 8824 : 3 : 1995
25633,12,ISO/IEC 8824 : 4 : 1995
25633,13,ISO/IEC 11802 : 5 : 1997
25633,14,ISO/IEC 15802 : 3 : 0 0
23987,1,0 0 : 0 : 0 0
16009,1,ISO 1942 : 2009
16013,1,0 0 : 0 : 0 0
31979,1,0 0 : 0 : 0 0
16025,1,ISO 9083 : 2001
16025,2,ISO 53 : 1998
16025,3,ISO 54 : 1996
16025,4,ISO 701 : 1998
16025,5,ISO 1122 : 1 : 1998
16025,6,ISO 636 : 1 : 1996
16025,7,ISO 6336 : 1 : 1996
16025,8,ISO 6336 : 1 : 1996
16025,9,ISO 6336 : 4 : 1996
16025,10,ISO 6336 : 4 : 1996
16027,1,ISO 2292 : 0 : 0 0
30839,1,0 0 : 0 : 0 0
16040,1,0 0 : 0 : 0 0
33640,1,0 0 : 0 : 0 0
16041,1,0 0 : 0 : 0 0
16057,1,0 0 : 0 : 0 0
16061,1,BSI 1494 : 1 : 1964
16064,1,0 0 : 0 : 0 0
20590,1,IEC 60068 : 2 : 58
20590,2,IEC 60410 : 0 : 0 0
20590,3,IEC 60617 : 0 : 0 0
20590,4,IEC 61249 : 2 : 7
25150,1,0 0 : 0 : 0 0
27290,1,ISO 31 : 1981
27290,2,ISO 377 : 1 : 1989
27290,3,ISO 377 : 2 : 1989
27290,4,ISO 6929 : 1987
27290,5,ISO 9769 : 1991
27290,6,ISO 10474 : 1991
16119,1,ISO 31 : 1981
16119,2,ISO 377 : 1 : 1989
16119,3,ISO 377 : 2 : 1989
16119,4,ISO 6929 : 1987
16119,5,ISO 9769 : 1991
16119,6,ISO 10474 : 1991
16120,1,ISO 8839 : 0 : 0 0
16120,2,ISO 10683 : 0 : 0 0
16120,3,ISO 16048 : 0 : 0 0
33882,1,IEC 60432 : 0 : 0 0
16122,1,IEC 60432 : 0 : 0 0
16128,1,ISO 296 : 0 : 0 0
16128,2,ISO 2901 : 0 : 0 0
16128,3,ISO 2903 : 0 : 0 0
16133,1,IEC 60417 : 1975
16141,1,ISO 10209 : 1 : 1992
16142,1,ISO 10209 : 1 : 1992
16142,2,ISO 10209 : 2 : 1992
16143,1,ISO 10209 : 1 : 1992
16143,2,ISO 10209 : 2 : 1993
16143,3,ISO 5127 : 1 : 1983
16155,1,IEC 321 : 0 : 0 0
16155,2,IEC 286 : 0 : 0 0
16183,1,IEC 60061 : 1 : 1969
16187,1,other 6789 : 0 : 0 0
772,1,0 0 : 0 : 0 0
25635,1,0 0 : 0 : 0 0
16192,1,ISO 2635 : 2003
16192,2,ISO 530 : 1975
16192,3,ISO 1540 : 2006
16192,4,ISO 7137 : 1995
33977,1,ISO 2635 : 2003
33977,2,ISO 530 : 1975
33977,3,ISO 1540 : 2006
33977,4,ISO 7137 : 1995
23491,1,ISO 11664 : 1 : 0 0
23491,2,ISO 11664 : 2 : 0 0
23491,3,ISO 14889 : 0 : 0 0
23492,1,ISO 48 : 0 : 0 0
23492,2,ISO 8980 : 1 : 0 0
23492,3,ISO 8980 : 3 : 0 0
23492,4,ISO 8980 : 2 : 0 0
23492,5,ISO 13666 : 0 : 0 0
23492,6,ISO 14889 : 0 : 0 0
23495,1,ISO 48 : 0 : 0 0
23495,2,ISO 8980 : 4 : 0 0
23495,3,ISO 13666 : 0 : 0 0
32737,1,ISO 11664 : 1 : 0 0
32737,2,ISO 11664 : 2 : 0 0
32737,3,ISO 14889 : 0 : 0 0
27384,1,ISO 7944 : 0 : 0 0
27384,2,ISO 13666 : 0 : 0 0
27384,3,ISO 14889 : 0 : 0 0
27384,4,ISO 21987 : 0 : 0 0
16198,1,0 0 : 0 : 0 0
27346,1,0 0 : 0 : 0 0
16202,1,ISO 16050 : 2003
27606,1,ISO 16050 : 2003
16205,1,IEC 60396 : 1972
16207,1,ISO 2408 : 2004
16207,2,ISO 3828 : 2008
16207,3,ISO 60092 : 401 : 1980
16207,4,ISO 5488 : 2015
25993,1,ISO 2408 : 2004
25993,2,ISO 3828 : 2008
25993,3,ISO 60092 : 401 : 1980
25993,4,ISO 5488 : 2015
16212,1,ISO 7 : 2 : 2000
16212,2,ISO 7 : 1 : 1994
16213,1,0 0 : 0 : 0 0
23853,1,IEC 104 : 1997
23853,2,ISO 48 : 2007
23853,3,ISO 4180 : 2 : 1980
16231,1,0 0 : 0 : 0 0
16233,1,IEC 60068 : 2 : 47 2005
16233,2,IEC 104 : 1997
16235,1,ISO 60068 : 1 : 0 0
16235,2,IEC 0 : 0 : 0 0
16235,3,IEC 0 : 0 : 0 0
16235,4,ISO 1052 : 0 : 0 0
16235,5,ISO 2039 : 2 : 0 0
17654,1,ISO 9000 : 2005
17655,1,ISO 9000 : 0 : 0 0
27998,1,IEC 60027 : 1 : 0 0
27998,2,IEC 61000 : 4 : 1
27998,3,IEC 60469 : 0 : 0 0
27998,4,ISO 80000 : 1 : 0 0
27998,5,IEC 60050 : 561 : 0 0
16281,1,IEC 60027 : 1 : 0 0
16281,2,IEC 61000 : 4 : 1
16281,3,IEC 60469 : 0 : 0 0
16281,4,ISO 80000 : 1 : 0 0
16281,5,IEC 60050 : 561 : 0 0
25249,1,ISO 12619 : 1 : 0 0
25249,2,ISO 12619 : 2 : 0 0
16285,1,IEC 60398 : 1972
16291,1,IEC 60397 : 1972
16315,1,IEC 60239 : 1967
30261,1,BSI 280 : 1957
16316,1,BSI 280 : 1957
31504,1,0 0 : 0 : 0 0
16330,1,0 0 : 0 : 0 0
16331,1,ISO 2944 : 2000
16331,2,ISO 3828 : 1984
16331,3,ISO 4413 : 1979
16331,4,ISO 4414 : 1998
16334,1,ISO 3433 : 0 : 0 0
24380,1,ISO/IEC 9075 : 2 : 2016
24380,2,ISO/IEC 9075 : 3 : 2016
24380,3,ISO/IEC 9075 : 4 : 2016
24380,4,ISO/IEC 9075 : 9 : 2016
24380,5,ISO/IEC 9075 : 10 : 2016
24380,6,ISO/IEC 9075 : 11 : 2016
24380,7,ISO/IEC 10646 : 0 : 0 0
24380,8,ISO/IEC 14651 : 0 : 0 0
33653,1,ISO/IEC 9075 : 2 : 0 0
33653,2,ISO/IEC 9075 : 10 : 0 0
33653,3,ISO/IEC 9075 : 11 : 0 0
33665,1,ISO/IEC 9075 : 2 : 0 0
33665,2,ISO/IEC 9075 : 3 : 0 0
33665,3,ISO/IEC 9075 : 4 : 0 0
33665,4,ISO/IEC 9075 : 11 : 0 0
24294,1,ISO/IEC 9075 : 2 : 0 0
24294,2,ISO/IEC 9075 : 10 : 0 0
24294,3,ISO/IEC 9075 : 11 : 0 0
24295,1,ISO/IEC 9075 : 2 : 0 0
24295,2,ISO/IEC 9075 : 3 : 0 0
24295,3,ISO/IEC 9075 : 4 : 0 0
24295,4,ISO/IEC 9075 : 11 : 0 0
16345,1,IEC 60519 : 2 : 1975
16346,1,IEC 60519 : 2 : 1975
16347,1,IEC 60519 : 2 : 1975
16348,1,IEC 60519 : 2 : 1975
16349,1,IEC 60519 : 4 : 1977
32117,1,ISO 14960 : 1 : 2014
16350,1,ISO 14960 : 1 : 2014
16367,1,IEC 177 : 0 : 0 0
16367,2,IEC 178 : 0 : 0 0
16367,3,IEC 29 : 0 : 0 0
16367,4,0 : 6 : 0 0
32320,1,0 0 : 0 : 0 0
32321,1,0 0 : 0 : 0 0
20658,1,0 0 : 0 : 0 0
16368,1,0 0 : 0 : 0 0
16376,1,ISO 1438 : 2017
16394,1,0 0 : 0 : 0 0
16395,1,ISO 7404 : 2 : 2009
16395,2,ISO 3310 : 1 : 0 0
16395,3,ISO 7404 : 1 : 0 0
16395,4,ISO 18283 : 0 : 0 0
16396,1,ISO 7404 : 3 : 1994
16396,2,ISO 7404 : 1 : 1994
16396,3,ISO 7404 : 2 : 1985
16396,4,ISO 7404 : 4 : 1988
16396,5,ISO 7404 : 5 : 1994
16397,1,ISO 7404 : 1 : 2016
16397,2,ISO 7404 : 2 : 2009
16398,1,ISO 7404 : 5 : 1994
16398,2,ISO 7404 : 1 : 1994
16398,3,ISO 7404 : 2 : 1985
27257,1,ISO 7404 : 1 : 2016
27257,2,ISO 7404 : 2 : 2009
27076,1,0 0 : 0 : 0 0
16405,1,IEC 60056 : 4 : 1972
16405,2,IEC 60267 : 1968
16415,1,BSI 2562 : 2 : 1959
16418,1,ISO 383 : 1976
16418,2,ISO 719 : 1985
16418,3,ISO 4787 : 1984
16422,1,0 0 : 0 : 0 0
30033,1,0 0 : 0 : 0 0
16423,1,ISO 719 : 1985
16423,2,ISO 720 : 1985
16423,3,ISO 3696 : 1987
16423,4,ISO 3819 : 2015
16423,5,ISO 4799 : 1978
16423,6,ISO 683 : 13 : 0 0
21519,1,ISO 6506 : 1 : 2005
21519,2,ISO 7396 : 2 : 2007
21519,3,ISO 7396 : 2 : 2007
21519,4,ISO 15001 : 2003
21519,5,ISO 8835 : 3 : 2007
21519,6,ISO 14971 : 2007
21367,1,ISO 32 : 1977
21367,2,ISO 6506 : 1 : 2005
21367,3,ISO 7396 : 1 : 2007
21367,4,ISO 15001 : 2003
21367,5,ISO 5359 : 2008
21367,6,ISO 14971 : 2007
32533,1,0 0 : 0 : 0 0
16442,1,0 0 : 0 : 0 0
16478,1,ISO/IEC 98 : 3 : 2008
16478,2,IEC 60050 : 300 : 2001
17656,1,ISO 9175 : 1988
28529,1,ISO 128 : 1982
28529,2,ISO 9177 : 2 : 1989
28530,1,ISO 128 : 2 : 0 0
28531,1,0 0 : 0 : 0 0
17657,1,ISO 128 : 1982
17657,2,ISO 9177 : 2 : 1989
17658,1,ISO 128 : 2 : 0 0
17659,1,0 0 : 0 : 0 0
16481,1,other 0 : 0 : 6 0
17660,1,ISO 3098 : 1 : 1974
17660,2,ISO 9175 : 1 : 1988
17660,3,ISO 9178 : 2 : 1988
17660,4,ISO 9178 : 3 : 1989
17661,1,ISO 9177 : 1 : 1989
17661,2,ISO 9178 : 1 : 1988
17662,1,ISO 128 : 1982
17662,2,ISO 3098 : 1 : 1974
17662,3,ISO 3098 : 2 : 1989
17662,4,ISO 3098 : 3 : 1987
17662,5,ISO 3048 : 1 : 1989
17662,6,ISO 9175 : 1 : 1988
17662,7,ISO 9178 : 1 : 1988
16502,1,ISO 14405 : 1 : 2010
16502,2,ISO 14660 : 1 : 1999
16502,3,ISO 14660 : 2 : 1999
16502,4,ISO 286 : 0 : 0 0
16503,1,ISO 286 : 2 : 2010
16503,2,ISO 286 : 1 : 2010
16519,1,IEC 60068 : 2 : 2
16519,2,IEC 60068 : 2 : 11
16519,3,IEC 60068 : 2 : 45 1980
16519,4,IEC 60068 : 2 : 52
16519,5,IEC 61193 : 2 : 0 0
16519,6,IEC 60717 : 0 : 0 0
16519,7,IEC 61249 : 2 : 7
16519,8,IEC 60062 : 0 : 0 0
16519,9,IEC 60068 : 1 : 2013
16519,10,IEC 60068 : 2 : 1
16519,11,IEC 60068 : 2 : 6
16519,12,IEC 60068 : 2 : 17
16519,13,IEC 60068 : 2 : 21
16519,14,IEC 60068 : 2 : 27
16519,15,IEC 60068 : 2 : 31
16519,16,IEC 60068 : 2 : 58
16519,17,IEC 60068 : 2 : 69
16519,18,IEC 60068 : 2 : 78
16519,19,IEC 60294 : 0 : 0 0
16519,20,IEC 60068 : 2 : 38
16519,21,IEC 60068 : 2 : 20
16519,22,IEC 60068 : 2 : 14
28143,1,IEC 60068 : 2 : 2
28143,2,IEC 60068 : 2 : 11
28143,3,IEC 60068 : 2 : 45 1980
28143,4,IEC 60068 : 2 : 52
28143,5,IEC 61193 : 2 : 0 0
28143,6,IEC 60717 : 0 : 0 0
28143,7,IEC 61249 : 2 : 7
28143,8,IEC 60062 : 0 : 0 0
28143,9,IEC 60068 : 1 : 2013
28143,10,IEC 60068 : 2 : 1
28143,11,IEC 60068 : 2 : 6
28143,12,IEC 60068 : 2 : 17
28143,13,IEC 60068 : 2 : 21
28143,14,IEC 60068 : 2 : 27
28143,15,IEC 60068 : 2 : 31
28143,16,IEC 60068 : 2 : 58
28143,17,IEC 60068 : 2 : 69
28143,18,IEC 60068 : 2 : 78
28143,19,IEC 60294 : 0 : 0 0
28143,20,IEC 60068 : 2 : 38
28143,21,IEC 60068 : 2 : 20
28143,22,IEC 60068 : 2 : 14
16520,1,IEC 60061 : 1 : 1972
23711,1,0 0 : 0 : 0 0
16557,1,ISO 764 : 1984
16558,1,ISO 1403 : 0 : 0 0
16558,2,ISO 1413 : 1984
16559,1,ISO 2281 : 0 : 0 0
30773,1,0 0 : 0 : 0 0
16560,1,0 0 : 0 : 0 0
22922,1,ISO 14396 : 2002
22922,2,ISO 15550 : 2002
16565,1,IEC 60414 : 1973
16566,1,IEC 60414 : 1973
16569,1,IEC 60110 : 1973
16569,2,BSI 1650 : 1971
16573,1,IEC 62293 : 2 : 2007
16580,1,ISO 3158 : 0 : 0 0
16582,1,ISO 1112 : 0 : 0 0
16583,1,other 8261 : 0 : 0 0
16583,2,ISO 9263 : 1 : 0 0
28775,1,ISO 6415 : 0 : 0 0
16587,1,ISO 6415 : 0 : 0 0
16594,1,ISO 3157 : 0 : 0 0
16615,1,ISO 1117 : 1975
16641,1,0 0 : 0 : 0 0
26676,1,0 0 : 0 : 0 0
519,1,0 0 : 0 : 0 0
27444,1,0 0 : 0 : 0 0
16645,1,0 0 : 0 : 0 0
27347,1,0 0 : 0 : 0 0
16646,1,0 0 : 0 : 0 0
26614,1,0 0 : 0 : 0 0
16648,1,ISO 2451 : 2017
16649,1,ISO 5355 : 2019
16649,2,ISO 9838 : 2023
16649,3,ISO 11087 : 2015
16649,4,ISO 23223 : 2021
31190,1,ISO 5355 : 2019
31190,2,ISO 9838 : 2023
31190,3,ISO 11087 : 2015
31190,4,ISO 23223 : 2021
16650,1,ISO 124 : 0 : 0 0
16650,2,ISO 1652 : 0 : 0 0
16656,1,ISO 1795 : 0 : 0 0
16656,2,ISO 1796 : 0 : 0 0
16656,3,ISO 124 : 0 : 0 0
28,1,ISO 123 : 2001
28,2,ISO 124 : 2008
28,3,ISO 706 : 2004
28,4,ISO 3310 : 1 : 2000
28,5,ISO 15528 : 2000
28264,1,ISO 124 : 0 : 0 0
28264,2,ISO 1652 : 0 : 0 0
28316,1,ISO 1795 : 0 : 0 0
28316,2,ISO 1796 : 0 : 0 0
28316,3,ISO 124 : 0 : 0 0
16658,1,0 0 : 0 : 0 0
27689,1,0 0 : 0 : 0 0
16675,1,0 0 : 0 : 0 0
16676,1,IEC 62631 : 2 : 1 2018
16676,2,IEC 60296 : 2020
16676,3,IEC 60450 : 2004
16676,4,ISO 287 : 2017
16676,5,ISO 1924 : 1 : 1992
16676,6,ISO 9964 : 3 : 1993
16678,1,IEC 554 : 3 : 2
16679,1,IEC 554 : 3 : 3
16680,1,IEC 554 : 3 : 4
30826,1,0 0 : 0 : 0 0
30827,1,IEC 62631 : 2 : 1 2018
30827,2,IEC 60296 : 2020
30827,3,IEC 60450 : 2004
30827,4,ISO 287 : 2017
30827,5,ISO 1924 : 1 : 1992
30827,6,ISO 9964 : 3 : 1993
22486,1,ISO 9334 : 2012
22486,2,ISO 9335 : 1995
16690,1,ISO 3299 : 1976
16721,1,ISO 3696 : 1987
28615,1,ISO 3696 : 1987
16725,1,IEC 60787 : 0 : 0 0
16726,1,IEC 61109 : 0 : 0 0
16727,1,IEC 60282 : 1 : 1974
16727,2,IEC 60282 : 2 : 1970
16727,3,IEC 60282 : 2 : 1970
16728,1,IEC 60282 : 3 : 1976
16728,2,IEC 60283 : 3 : 1976
16729,1,IEC 60282 : 1 : 1978
32091,1,IEC 60787 : 0 : 0 0
16744,1,ISO 11949 : 1985
16744,2,ISO 11949 : 1985
16745,1,ISO 6004 : 2023
16745,2,ISO 10045 : 2017
31191,1,ISO 6004 : 2023
31191,2,ISO 10045 : 2017
27291,1,0 0 : 0 : 0 0
21170,1,0 0 : 0 : 0 0
16766,1,IEC 60549 : 1976
31990,1,IEC 60549 : 1976
31047,1,ISO 283 : 2023
16769,1,ISO 283 : 2023
33837,1,ISO 9277 : 2022
16771,1,ISO 9277 : 2022
28748,1,IEC 60068 : 0 : 0 0
28748,2,IEC 60364 : 5 : 54 2011
28748,3,IEC 60417 : 0 : 0 0
28748,4,IEC 60445 : 0 : 0 0
28748,5,IEC 60664 : 0 : 0 0
28748,6,IEC 60721 : 0 : 0 0
28748,7,IEC 61201 : 0 : 0 0
16773,1,IEC 60068 : 0 : 0 0
16773,2,IEC 60364 : 5 : 54 2011
16773,3,IEC 60417 : 0 : 0 0
16773,4,IEC 60445 : 0 : 0 0
16773,5,IEC 60664 : 0 : 0 0
16773,6,IEC 60721 : 0 : 0 0
16773,7,IEC 61201 : 0 : 0 0
33399,1,0 0 : 0 : 0 0
16796,1,0 0 : 0 : 0 0
31284,1,IEC 60932 : 0 : 0 0
31284,2,ISO 9000 : 1 : 0 0
16801,1,IEC 60932 : 0 : 0 0
16801,2,ISO 9000 : 1 : 0 0
16804,1,IEC 60599 : 0 : 0 0
16804,2,IEC 60599 : 0 : 0 0
16804,3,ISO 5725 : 0 : 0 0
16804,4,IEC 60296 : 1982
16804,5,ASTM 0 : 0 : 0 0
27160,1,0 0 : 0 : 0 0
16812,1,0 0 : 0 : 0 0
30105,1,0 0 : 0 : 0 0
16820,1,0 0 : 0 : 0 0
28275,1,0 0 : 0 : 0 0
16821,1,0 0 : 0 : 0 0
16838,1,0 0 : 0 : 0 0
16862,1,ISO 1421 : 2016
16862,2,ISO 3303 : 2 : 2012
16862,3,ISO 15105 : 1 : 2007
28400,1,ISO 1421 : 2016
28400,2,ISO 3303 : 2 : 2012
28400,3,ISO 15105 : 1 : 2007
16868,1,ISO 3611 : 1978
29073,1,0 0 : 0 : 0 0
21420,1,0 0 : 0 : 0 0
30545,1,0 0 : 0 : 0 0
16874,1,0 0 : 0 : 0 0
16889,1,IEC 147 : 2 : 0 0
16906,1,ISO 272 : 1982
20740,1,IEC 614 : 2 : 6 1992
16930,1,IEC 614 : 2 : 2 1980
16933,1,IEC 614 : 2 : 7 1995
21806,1,ISO 7378 : 1983
21720,1,ISO 7378 : 1983
21720,2,ISO 4759 : 1 : 2000
16946,1,29 : 0 : 0 0
21886,1,ISO 1968 : 0 : 0 0
21886,2,ISO 2307 : 0 : 0 0
25994,1,ISO 1968 : 0 : 0 0
25994,2,ISO 2307 : 0 : 0 0
34098,1,0 0 : 0 : 0 0
16968,1,0 0 : 0 : 0 0
27938,1,0 0 : 0 : 0 0
16970,1,0 0 : 0 : 0 0
16973,1,ISO 8033 : 2006
24296,1,ISO/IEC 8824 : 1 : 1995
24296,2,ISO/IEC 8825 : 2 : 1996
24296,3,ISO/IEC 9075 : 1992
24296,4,ISO/IEC 9075 : 3 : 1995
24296,5,ISO/IEC 9075 : 4 : 1996
24296,6,ISO/IEC 9594 : 8 : 1995
24296,7,ISO/IEC 10032 : 1995
24296,8,ISO/IEC 10646 : 1 : 1993
24296,9,ISO/IEC 8825 : 1 : 1995
25153,1,ISO 3059 : 1974
16984,1,IEC 60598 : 2 : 22 1980
25154,1,ISO 1027 : 1983
25154,2,ISO 5579 : 1985
25154,3,ISO 5580 : 1985
16999,1,BSI 3795 : 1964
16999,2,other 0 : 0 : 0 0
17547,1,IEC 100 : 1988
30508,1,ISO 3098 : 1 : 1974
30508,2,ISO 3098 : 2 : 1984
30508,3,ISO 3098 : 3 : 1987
30508,4,ISO 3098 : 4 : 1997
30508,5,ISO 128 : 20 : 1996
17010,1,ISO 3098 : 1 : 1974
17010,2,ISO 3098 : 2 : 1984
17010,3,ISO 3098 : 3 : 1987
17010,4,ISO 3098 : 4 : 1997
17010,5,ISO 128 : 20 : 1996
17011,1,ISO 3098 : 2 : 2000
17011,2,ISO 3098 : 0 : 0 0
17012,1,ISO 3098 : 2 : 2000
17012,2,ISO 3098 : 1997
17013,1,ISO 3098 : 2 : 2000
17013,2,ISO 3098 : 0 : 0 0
17014,1,ISO 3098 : 6 : 2000
17014,2,ISO 3098 : 1997
17015,1,ISO 3098 : 1 : 1994
30744,1,0 0 : 0 : 0 0
17028,1,0 0 : 0 : 0 0
17668,1,ISO 1950 : 1974
17668,2,ISO 6966 : 1982
17078,1,ISO 3764 : 1976
17669,1,ISO 450 : 1976
17086,1,BSI 246 : 1976
17086,2,BSI 311 : 1976
28467,1,0 0 : 0 : 0 0
17113,1,0 0 : 0 : 0 0
17121,1,ISO 3691 : 1 : 2011
17121,2,ISO 0 : 0 : 0 0
17141,1,ISO 2562 : 1973
17148,1,IEC 94 : 0 : 0 0
17152,1,ISO 21067 : 1 : 2016
17152,2,ISO 60068 : 1 : 2013
32027,1,ISO 21067 : 1 : 2016
32027,2,ISO 60068 : 1 : 2013
17155,1,0 0 : 0 : 0 0
32053,1,0 0 : 0 : 0 0
17183,1,ISO 6525 : 1983
17184,1,ISO 6525 : 1982
17184,2,ISO 6526 : 1983
27744,1,ISO 6525 : 1982
27744,2,ISO 6526 : 1983
27637,1,ISO 6525 : 1983
26677,1,0 0 : 0 : 0 0
28189,1,0 0 : 0 : 0 0
17196,1,0 0 : 0 : 0 0
28190,1,0 0 : 0 : 0 0
17197,1,0 0 : 0 : 0 0
20780,1,IEC 597 : 0 : 0 0
20780,2,IEC 597 : 2 : 0 0
20780,3,IEC 597 : 3 : 0 0
17214,1,0 0 : 0 : 0 0
30049,1,0 0 : 0 : 0 0
21421,1,ISO/IEC 10118 : 0 : 0 0
21192,1,ISO/IEC 15946 : 1 : 2002
21192,2,ISO/IEC 10118 : 2 : 0 0
21192,3,ISO/IEC 10118 : 3 : 0 0
21192,4,ISO/IEC 10118 : 1 : 0 0
21867,1,ISO 7944 : 0 : 0 0
21867,2,ISO 13666 : 0 : 0 0
21867,3,ISO 15004 : 1 : 2006
17223,1,ISO 5296 : 1 : 1989
17223,2,ISO 2596 : 2 : 1989
21213,1,ISO 5296 : 2 : 1989
21213,2,ISO 5296 : 1 : 1989
17254,1,ISO 6018 : 1987
17254,2,ISO 6018 : 1987
17254,3,ISO 6475 : 1989
17255,1,ISO 6018 : 1987
17262,1,IEC 60143 : 1972
27446,1,0 0 : 0 : 0 0
17270,1,0 0 : 0 : 0 0
28213,1,0 0 : 0 : 0 0
17287,1,0 0 : 0 : 0 0
33120,1,0 0 : 0 : 0 0
17296,1,0 0 : 0 : 0 0
25362,1,ISO 3696 : 0 : 0 0
26175,1,ISO 2758 : 0 : 0 0
25429,1,ISO 3696 : 0 : 0 0
65635,1,ISO 4287 : 0 : 0 0
65635,2,ISO 6508 : 1 : 0 0
65635,3,IEC 61672 : 1 : 0 0
65635,4,ISO 11201 : 0 : 0 0
65635,5,ISO 11202 : 0 : 0 0
65635,6,ISO 11204 : 0 : 0 0
65636,1,ISO 2431 : 2011
65636,2,ISO 6941 : 2003
65636,3,ISO 8124 : 1 : 2014
65637,1,ISO 2758 : 0 : 0 0
22629,1,ISO 2758 : 0 : 0 0
17302,1,ISO 4287 : 0 : 0 0
17302,2,ISO 6508 : 1 : 0 0
17302,3,IEC 61672 : 1 : 0 0
17302,4,ISO 11201 : 0 : 0 0
17302,5,ISO 11202 : 0 : 0 0
17302,6,ISO 11204 : 0 : 0 0
17303,1,ISO 2431 : 2011
17303,2,ISO 6941 : 2003
17303,3,ISO 8124 : 1 : 2014
17304,1,ISO 3696 : 0 : 0 0
66243,1,0 0 : 0 : 0 0
23796,1,0 0 : 0 : 0 0
30600,1,0 0 : 0 : 0 0
17315,1,0 0 : 0 : 0 0
17317,1,IEC 543 : 0 : 0 0
17318,1,ISO 2804 : 1973
17328,1,ISO 1185 : 0 : 0 0
17328,2,ISO 1724 : 0 : 0 0
17328,3,ISO 1817 : 0 : 0 0
17328,4,ISO 3731 : 0 : 0 0
17328,5,ISO 3732 : 0 : 0 0
17328,6,ISO 7638 : 1 : 0 0
17328,7,ISO 7638 : 2 : 0 0
17328,8,ISO 9227 : 0 : 0 0
17328,9,ISO 11446 : 0 : 0 0
17328,10,ISO 12098 : 0 : 0 0
17328,11,IEC 60529 : 0 : 0 0
119,1,ISO 513 : 0 : 0 0
119,2,ISO 3002 : 1 : 1982
119,3,ISO 3002 : 1 : 1992
119,4,ISO 16462 : 0 : 0 0
119,5,ISO 16463 : 0 : 0 0
32633,1,ISO 513 : 0 : 0 0
32633,2,ISO 3002 : 1 : 1982
32633,3,ISO 3002 : 1 : 1992
32633,4,ISO 16462 : 0 : 0 0
32633,5,ISO 16463 : 0 : 0 0
24381,1,IEC 60559 : 1989
24381,2,ISO/IEC 10646 : 0 : 0 0
17333,1,IEC 60188 : 1974
17335,1,IEC 60061 : 1 : 1972
17336,1,IEC 60061 : 3 : 1969
33121,1,0 0 : 0 : 0 0
17355,1,0 0 : 0 : 0 0
20910,1,ISO 2590 : 0 : 0 0
20910,2,ISO 3665 : 1996
20910,3,ISO 3696 : 1987
20910,4,ISO 7491 : 0 : 0 0
20911,1,ISO 7491 : 2000
20911,2,ISO 1942 : 2009
20911,3,ISO 3665 : 1996
20911,4,ISO 3696 : 1987
20911,5,ISO 8601 : 2004
20911,6,ISO 6344 : 1 : 1998
17368,1,IEC 60265 : 1968
17368,2,IEC 265 : 1 : 1969
17368,3,IEC 60265 : 2 : 1969
17368,4,IEC 60265 : 3 : 1970
17369,1,IEC 60265 : 1968
17369,2,IEC 60265 : 1 : 1968
17369,3,IEC 60265 : 2 : 1969
17369,4,IEC 60265 : 3 : 1970
20799,1,IEC 60129 : 1975
17370,1,IEC 60129 : 1975
17371,1,IEC 60129 : 1975
17372,1,IEC 60129 : 1975
17373,1,IEC 60129 : 1975
33581,1,0 0 : 0 : 0 0
17389,1,0 0 : 0 : 0 0
21368,1,ISO 31 : 4 : 1992
21368,2,ISO 3258 : 0 : 0 0
17399,1,IEC 60587 : 2007
17413,1,ASTM 0 : 1963
17671,1,ISO 554 : 1976
17671,2,ISO 3098 : 1 : 1974
17672,1,ISO 9962 : 1 : 1992
17672,2,ISO 5457 : 1980
17672,3,ISO 5457 : 1980
17673,1,ISO 9962 : 1 : 1992
17673,2,ISO 9962 : 3 : 1994
17674,1,ISO 9960 : 1 : 1992
17674,2,ISO 9960 : 2 : 1992
17674,3,ISO 128 : 1982
17674,4,ISO 3 : 1973
17421,1,ISO 14673 : 2004
17421,2,ISO 565 : 1990
17422,1,ISO 648 : 1977
17422,2,ISO 1042 : 1998
17428,1,0 0 : 0 : 0 0
33769,1,0 0 : 0 : 0 0
17432,1,IEC 60662 : 1980
17438,1,ISO 24153 : 2009
26975,1,ISO 24153 : 2009
17444,1,0 0 : 0 : 0 0
27512,1,ISO 7941 : 1988
22683,1,ISO 7941 : 1988
20368,1,ISO 31 : 1 : 1965
20368,2,ISO 31 : 3 : 1960
17684,1,ISO 2 : 1980
17684,2,ISO/IEC 2 : 1980
17685,1,ISO/IEC 17000 : 2004
17685,2,ISO/IEC 65 : 1996
17687,1,ISO 9000 : 0 : 0 0
17687,2,ISO/IEC 17000 : 2004
17688,1,ISO 8402 : 1994
17688,2,ISO 10011 : 1 : 0 0
17688,3,ISO/IEC 2 : 1996
17688,4,ISO/IEC 7 : 1994
17688,5,ISO/IEC 23 : 1982
17688,6,ISO/IEC 25 : 1995
17688,7,ISO/IEC 27 : 1983
17688,8,ISO/IEC 28 : 1982
17688,9,ISO/IEC 39 : 1988
17688,10,ISO/IEC 53 : 1988
17688,11,ISO/IEC 62 : 1996
17689,1,ISO/IEC 17000 : 2004
27540,1,0 0 : 0 : 0 0
20914,1,ISO 3534 : 1 : 0 0
20914,2,ISO 5725 : 1 : 0 0
20914,3,ISO 5725 : 2 : 0 0
20914,4,ISO 5725 : 4 : 0 0
20914,5,ISO 9000 : 0 : 0 0
20914,6,ISO/IEC 2 : 0 : 0 0
20914,7,ISO/IEC 25 : 0 : 0 0
20914,8,ISO/IEC 43 : 2 : 0 0
20915,1,ISO/IEC 25 : 1990
20915,2,ISO/IEC 43 : 1 : 1997
28086,1,0 0 : 0 : 0 0
22997,1,ISO/IEC 17000 : 2004
20960,1,0 0 : 0 : 0 0
20962,1,ISO 3864 : 1 : 0 0
20962,2,ISO 17724 : 0 : 0 0
28137,1,0 0 : 0 : 0 0
28138,1,0 0 : 0 : 0 0
20972,1,0 0 : 0 : 0 0
23533,1,0 0 : 0 : 0 0
23534,1,ISO/IEC 0 : 1996
24302,1,0 0 : 0 : 0 0
24304,1,ISO/IEC 0 : 3 : 0 0
24304,2,ISO/IEC 0 : 2007
20977,1,0 0 : 0 : 0 0
24305,1,ISO/IEC 0 : 0 : 0 0
20980,1,0 0 : 0 : 0 0
30599,1,0 0 : 0 : 0 0
22781,1,0 0 : 0 : 0 0
23830,1,0 0 : 0 : 0 0
23604,1,ISO/IEC 98 : 1 : 1 1
23604,2,ISO 0 : 0 : 0 0
24912,1,EN 50539 : 11 : 0 0
24912,2,IEC 61936 : 1 : 0 0
24912,3,IEC 61850 : 0 : 0 0
24912,4,IEC 61643 : 32 : 0 0
24912,5,IEC 61427 : 2 : 0 0
24912,6,IEC 61238 : 1 : 0 0
24912,7,IEC 60890 : 0 : 0 0
24912,8,IEC 60870 : 5 : 104
24912,9,IEC 60853 : 0 : 0 0
24912,10,IEC 60502 : 1 : 0 0
24912,11,IEC 60502 : 2 : 0 0
24912,12,IEC 60364 : 5 : 52
24912,13,IEC 60364 : 5 : 54
24912,14,IEC 60296 : 0 : 0 0
24912,15,IEC 60228 : 0 : 0 0
24912,16,IEC 60183 : 0 : 0 0
24912,17,IEC 62446 : 2 : 0 0
24912,18,IEC 62271 : 2 : 210
24913,1,IEC 60904 : 12 : 0 0
24914,1,IEC 62787 : 0 : 0 0
23977,1,IEC 60060 : 1 : 0 0
23977,2,IEC 60060 : 2 : 0 0
